{"meta": {"speaker": "spk23", "room": "room2"}, "data": {"spk22": {"room0": 0.426744401}, "spk10": {"room4": 1.15487361, "room12": 2.3334197999999997}, "spk18": {"room5": -0.915185273, "room0": -1.049417973, "room2": -1.184461236}, "spk29": {"room10": 1.4287694690000001}, "spk5": {"room3": 1.0789437290000001, "room5": 0.37135058600000004, "room0": 1.4753772019999998}, "spk9": {"room4": -0.305866092, "room7": 0.610829711, "room10": -0.5602911110000001, "room12": -0.028146291, "room9": 0.0064913340000000005}, "spk2": {"room5": 2.010607481, "room0": 1.741603374}, "spk23": {"room4": 4.589682579, "room7": 3.5099458689999996, "room2": 5.828009129, "room10": 3.892294645, "room12": 3.722797155, "room9": 3.7933633330000003}, "spk15": {"room10": 0.023166092000000003}, "spk28": {"room10": -1.077111483}, "spk24": {"room1": 0.6852409840000001}, "spk12": {"room10": -0.517195702}, "spk8": {"room10": 1.2267649170000001}, "spk17": {"room5": 2.030532837, "room0": 1.644478559}, "spk11": {"room3": 0.624597847, "room4": -0.099572591, "room7": -1.2625111340000001, "room2": -0.595373988, "room12": -0.163354248, "room9": -0.41332465399999996}, "spk19": {"room4": -0.820547879, "room7": -0.758724689, "room12": -0.9078570009999999}, "spk13": {"room4": 1.119936943, "room12": 0.6252013439999999}, "spk31": {"room10": -0.5457557439999999}, "spk6": {"room10": 2.699219942}, "spk3": {"room3": -0.113410875, "room5": 1.517021775, "room7": 0.043444194000000005, "room0": 0.9298042059999999, "room2": 0.265847355, "room9": 0.23787309199999998}, "spk0": {"room3": 1.5864911080000001}, "spk20": {"room10": 0.37370687700000005}, "spk26": {"room2": 2.312124968}, "spk16": {"room3": 0.9795282479999999, "room4": -0.48765671299999996, "room7": -0.452908546, "room12": -0.603229105, "room9": -0.165053651}, "spk27": {"room5": 1.592876196, "room0": 0.919318795}, "spk25": {"room1": 1.150272965}, "spk21": {"room3": 1.738162398, "room4": 0.6165756579999999, "room2": 0.806079388, "room12": 0.08089415700000001}, "spk30": {"room4": -0.761817217, "room2": -2.0112636090000002, "room12": -0.687712491}, "spk4": {"room6": 1.4194353819999999}, "spk14": {"room10": 1.530732393}, "spk7": {"room12": 1.722583055}, "spk1": {"room5": 0.172313422, "room0": 0.266462386}}}