{"meta": {"speaker": "spk23", "room": "room7"}, "data": {"spk22": {"room0": 0.929758251}, "spk10": {"room4": 1.140755415, "room12": 1.266738057}, "spk18": {"room5": -2.148727655, "room0": -1.7797194719999998, "room2": -1.882858872}, "spk29": {"room10": 1.625110984}, "spk5": {"room3": 0.890234649, "room5": 0.9720972179999999, "room0": 1.27120173}, "spk9": {"room4": 0.5012883539999999, "room7": 0.766319036, "room10": 0.075840726, "room12": 0.516534507, "room9": 0.43220534899999996}, "spk2": {"room5": 0.855718732, "room0": 0.959764779}, "spk23": {"room4": 5.536556244, "room7": 5.186648368999999, "room2": 5.340990543, "room10": 5.450171947, "room12": 5.816613197000001, "room9": 6.014836787999999}, "spk15": {"room10": -0.347944409}, "spk28": {"room10": -1.363047361}, "spk24": {"room1": 1.17713213}, "spk12": {"room10": -0.542624176}, "spk8": {"room10": -0.23756896}, "spk17": {"room5": 2.8852899069999998, "room0": 3.21878767}, "spk11": {"room3": -0.8388591999999999, "room4": -0.589848578, "room7": -1.086931705, "room2": -0.806855083, "room12": -0.20087786, "room9": -0.7367233040000001}, "spk19": {"room4": -1.08701551, "room7": -1.020372391, "room12": -1.090389132}, "spk13": {"room4": 2.035390615, "room12": 1.47313416}, "spk31": {"room10": -1.5385018590000001}, "spk6": {"room10": 1.3973200319999999}, "spk3": {"room3": 0.18561729800000001, "room5": 0.108991727, "room7": 0.399763793, "room0": 1.037892818, "room2": -0.63105005, "room9": 0.324964464}, "spk0": {"room3": 2.143602133}, "spk20": {"room10": -0.606003702}, "spk26": {"room2": 2.3048124309999998}, "spk16": {"room3": 0.140901774, "room4": -0.709635735, "room7": -1.194834709, "room12": -1.215359688, "room9": -0.43607941299999997}, "spk27": {"room5": 1.67156446, "room0": 1.137761593}, "spk25": {"room1": 0.8151075240000001}, "spk21": {"room3": 1.204874873, "room4": 1.778911471, "room2": 2.710289001, "room12": 1.655913115}, "spk30": {"room4": -1.098510981, "room2": -1.858371854, "room12": -1.38034451}, "spk4": {"room6": 2.863338232}, "spk14": {"room10": 1.557858586}, "spk7": {"room12": 1.9273411040000001}, "spk1": {"room5": 1.310443401, "room0": 1.09762466}}}