{"meta": {"speaker": "spk23", "room": "room8"}, "data": {"spk22": {"room0": 1.597003937}, "spk10": {"room4": 0.656077683, "room12": 0.392664164}, "spk18": {"room5": -1.088647842, "room0": -0.846153259, "room2": -0.672087908}, "spk29": {"room10": 1.586492181}, "spk5": {"room3": 0.24503247399999997, "room5": 0.52216512, "room0": 0.667656183}, "spk9": {"room4": 0.53413403, "room7": 1.149638414, "room10": 0.993751585, "room12": 1.177587271, "room9": 1.3564244509999999}, "spk2": {"room5": 1.212547064, "room0": 1.273855448}, "spk23": {"room4": 3.8702459339999997, "room7": 3.753205538, "room2": 3.399473667, "room10": 4.49631834, "room12": 3.663535833, "room9": 3.426826477}, "spk15": {"room10": -1.083201528}, "spk28": {"room10": -0.633086205}, "spk24": {"room1": 1.008550525}, "spk12": {"room10": -0.37523573600000004}, "spk8": {"room10": 0.7504841090000001}, "spk17": {"room5": 2.601742268, "room0": 3.459678888}, "spk11": {"room3": -0.37746605299999997, "room4": -0.523461163, "room7": -1.2509266140000002, "room2": -0.808736742, "room12": -1.1860022540000001, "room9": -1.490742564}, "spk19": {"room4": -0.83473742, "room7": -1.031011581, "room12": -0.9763969779999999}, "spk13": {"room4": 1.486906052, "room12": 0.793182015}, "spk31": {"room10": -1.001884937}, "spk6": {"room10": 1.364828467}, "spk3": {"room3": -0.38587403299999995, "room5": 1.033329844, "room7": -0.354255915, "room0": 0.694053829, "room2": 0.30591017, "room9": 0.34626784899999996}, "spk0": {"room3": 0.412537783}, "spk20": {"room10": -0.632781386}, "spk26": {"room2": 1.050544143}, "spk16": {"room3": 0.454752535, "room4": -0.40195667700000004, "room7": -1.20054841, "room12": -0.8898484109999999, "room9": 0.86456269}, "spk27": {"room5": 2.692202806, "room0": 2.941857338}, "spk25": {"room1": 0.842403173}, "spk21": {"room3": 1.127184272, "room4": 0.631229579, "room2": 0.966971695, "room12": 1.005351663}, "spk30": {"room4": -0.922942996, "room2": -1.2581664320000001, "room12": -1.060459018}, "spk4": {"room6": 0.296825409}, "spk14": {"room10": 0.997321427}, "spk7": {"room12": 0.920784831}, "spk1": {"room5": -0.009591883, "room0": 0.37374541200000005}}}