{"meta": {"speaker": "spk23", "room": "room12"}, "data": {"spk22": {"room0": 1.316870093}, "spk10": {"room4": 1.174598098, "room12": 1.117073655}, "spk18": {"room5": -1.075012565, "room0": -0.94030863, "room2": -0.656099439}, "spk29": {"room10": 1.4964709280000001}, "spk5": {"room3": 1.262018442, "room5": 1.079893708, "room0": 1.036864161}, "spk9": {"room4": 1.660824895, "room7": 1.9525735380000002, "room10": 1.223682046, "room12": 1.918268681, "room9": 2.036842585}, "spk2": {"room5": 2.040683031, "room0": 1.1836930509999999}, "spk23": {"room4": 5.068728924, "room7": 4.108020306, "room2": 3.8051867489999998, "room10": 4.780426502, "room12": 4.883238316, "room9": 4.446966171000001}, "spk15": {"room10": -0.332510144}, "spk28": {"room10": -0.463038355}, "spk24": {"room1": 0.81757468}, "spk12": {"room10": 0.073128402}, "spk8": {"room10": 0.9010277390000001}, "spk17": {"room5": 3.333652735, "room0": 2.507390261}, "spk11": {"room3": -0.165872574, "room4": 0.299925447, "room7": -0.20441304100000002, "room2": -0.043460939000000004, "room12": -0.13177578199999998, "room9": 0.357568473}, "spk19": {"room4": -0.325817943, "room7": -0.26262185, "room12": -0.86626488}, "spk13": {"room4": 2.1306319240000002, "room12": 1.6174848080000002}, "spk31": {"room10": -0.740624249}, "spk6": {"room10": 0.796038806}, "spk3": {"room3": 0.8382436040000001, "room5": 1.4855751990000001, "room7": 1.0014125109999998, "room0": 0.9098681209999999, "room2": 0.7662131190000001, "room9": 1.10508728}, "spk0": {"room3": 1.361195564}, "spk20": {"room10": -0.036091175}, "spk26": {"room2": 0.868952394}, "spk16": {"room3": 1.092976213, "room4": 0.47641331, "room7": -0.47757300700000005, "room12": -0.5616357329999999, "room9": 1.223878384}, "spk27": {"room5": 2.075237274, "room0": 2.046127081}, "spk25": {"room1": 2.0437886709999997}, "spk21": {"room3": 1.930048585, "room4": 1.26271522, "room2": 1.659134388, "room12": 1.138496161}, "spk30": {"room4": -0.385879308, "room2": -1.073289275, "room12": -0.8679051999999999}, "spk4": {"room6": 1.909910321}, "spk14": {"room10": 0.924987972}, "spk7": {"room12": 0.932347655}, "spk1": {"room5": 0.78448683, "room0": 0.9305587409999999}}}