{"meta": {"speaker": "spk23", "room": "room8"}, "data": {"spk22": {"room0": 1.319875717}, "spk10": {"room4": 0.02724148, "room12": 0.169400498}, "spk18": {"room5": -1.40997231, "room0": -1.284225702, "room2": -1.26582098}, "spk29": {"room10": 1.793184757}, "spk5": {"room3": 0.0147701, "room5": 0.073501691, "room0": -0.135740057}, "spk9": {"room4": 1.6827741859999998, "room7": 1.66363883, "room10": 1.779818177, "room12": 1.83430922, "room9": 2.0920445919999997}, "spk2": {"room5": 1.4163843390000002, "room0": 1.843341708}, "spk23": {"room4": 3.35881424, "room7": 3.46710372, "room2": 3.1506204610000004, "room10": 3.3402788639999996, "room12": 3.9747536180000003, "room9": 3.5090055469999997}, "spk15": {"room10": -1.4270305630000002}, "spk28": {"room10": -1.023569226}, "spk24": {"room1": 1.767790675}, "spk12": {"room10": -1.246119976}, "spk8": {"room10": 0.095886283}, "spk17": {"room5": 1.5082329509999999, "room0": 2.547259569}, "spk11": {"room3": 0.240010858, "room4": 0.046319596, "room7": 0.046192385, "room2": -0.34454566200000003, "room12": -0.129831314, "room9": -0.007216605}, "spk19": {"room4": -1.29231751, "room7": -1.085371375, "room12": -1.158272028}, "spk13": {"room4": 2.449390411, "room12": 1.283580184}, "spk31": {"room10": -1.6017731430000002}, "spk6": {"room10": 0.106000513}, "spk3": {"room3": -0.14080357599999999, "room5": 1.231139779, "room7": 1.054312944, "room0": 0.998301685, "room2": 1.713483214, "room9": 1.619683385}, "spk0": {"room3": 1.2823354009999999}, "spk20": {"room10": -1.258327603}, "spk26": {"room2": 1.79765749}, "spk16": {"room3": 1.512147069, "room4": 0.427536607, "room7": 0.11359372, "room12": 0.157333538, "room9": 1.422244668}, "spk27": {"room5": 1.73677063, "room0": 2.051711798}, "spk25": {"room1": 1.118347406}, "spk21": {"room3": 0.85631299, "room4": 1.200605869, "room2": 0.476801097, "room12": 1.3999290469999999}, "spk30": {"room4": -1.169937015, "room2": -1.7165887359999998, "room12": -1.4132002590000001}, "spk4": {"room6": -0.73417902}, "spk14": {"room10": 1.0700610879999999}, "spk7": {"room12": 1.612576604}, "spk1": {"room5": 0.7833589320000001, "room0": 1.222652912}}}