{"meta": {"speaker": "spk23", "room": "room7"}, "data": {"spk22": {"room0": 0.294167578}, "spk10": {"room4": 1.336438775, "room12": 0.7867813109999999}, "spk18": {"room5": -2.036275148, "room0": -1.7159560919999999, "room2": -1.647265077}, "spk29": {"room10": 2.012881517}, "spk5": {"room3": 1.214177608, "room5": 1.050330877, "room0": 1.255855441}, "spk9": {"room4": -0.05098122, "room7": 0.260824263, "room10": -0.091577746, "room12": 0.23080737899999998, "room9": 0.122929148}, "spk2": {"room5": -0.192862585, "room0": -0.043133654}, "spk23": {"room4": 2.922150135, "room7": 3.5767567160000002, "room2": 2.285312176, "room10": 2.2406244280000003, "room12": 2.406261444, "room9": 3.3108847139999997}, "spk15": {"room10": -0.631668687}, "spk28": {"room10": -1.294165015}, "spk24": {"room1": 0.162065491}, "spk12": {"room10": -0.9851960540000001}, "spk8": {"room10": -0.223241553}, "spk17": {"room5": 0.92611897, "room0": 1.29001224}, "spk11": {"room3": -0.0010255610000000001, "room4": 0.145823717, "room7": -0.5964857339999999, "room2": -0.8214196559999999, "room12": -0.462379634, "room9": -0.42675933200000005}, "spk19": {"room4": -1.085222125, "room7": -0.997614205, "room12": -1.701048851}, "spk13": {"room4": 0.74555856, "room12": 0.008652992}, "spk31": {"room10": -1.576364875}, "spk6": {"room10": 0.31116733}, "spk3": {"room3": 0.870107353, "room5": 0.20778255199999998, "room7": 0.6750503179999999, "room0": 0.6255401970000001, "room2": 0.352700055, "room9": 0.672379255}, "spk0": {"room3": -0.0455289}, "spk20": {"room10": -0.73951143}, "spk26": {"room2": 0.332825899}, "spk16": {"room3": 0.996534288, "room4": -1.028462768, "room7": -0.839605451, "room12": -1.329188466, "room9": -0.18495863699999998}, "spk27": {"room5": 0.142776236, "room0": 0.498556286}, "spk25": {"room1": 0.6616281270000001}, "spk21": {"room3": 0.686926365, "room4": 0.39158871799999995, "room2": 0.7354880570000001, "room12": 0.721055806}, "spk30": {"room4": -1.106874585, "room2": -1.645376682, "room12": -1.4845879080000002}, "spk4": {"room6": 1.583066225}, "spk14": {"room10": 0.063518815}, "spk7": {"room12": 1.147805572}, "spk1": {"room5": 0.40949779700000005, "room0": 0.627428949}}}