{"meta": {"speaker": "spk23", "room": "room4"}, "data": {"spk22": {"room0": 1.9708848}, "spk10": {"room4": 1.212394595, "room12": 0.935970247}, "spk18": {"room5": -1.094325304, "room0": -1.255010247, "room2": -1.250374436}, "spk29": {"room10": 1.1459550859999998}, "spk5": {"room3": 1.5582917930000002, "room5": 0.999712348, "room0": 1.4763323069999998}, "spk9": {"room4": 1.307193756, "room7": 1.619050264, "room10": 1.608257174, "room12": 1.972337961, "room9": 1.542557716}, "spk2": {"room5": 2.191835642, "room0": 2.317063332}, "spk23": {"room4": 4.926570415, "room7": 4.828751564, "room2": 3.8007030489999996, "room10": 4.811603546000001, "room12": 5.188474655, "room9": 4.192919731}, "spk15": {"room10": -0.666491687}, "spk28": {"room10": -0.875618815}, "spk24": {"room1": 1.7125487330000002}, "spk12": {"room10": -0.48331087799999994}, "spk8": {"room10": 0.267155558}, "spk17": {"room5": 2.577573299, "room0": 2.138258219}, "spk11": {"room3": 1.036290765, "room4": 1.121059537, "room7": 0.10853776300000001, "room2": 0.83782047, "room12": 0.48602071399999996, "room9": 0.7975731490000001}, "spk19": {"room4": -0.832598209, "room7": -0.7499511240000001, "room12": -0.973025501}, "spk13": {"room4": 2.340493679, "room12": 2.061411142}, "spk31": {"room10": -1.294096112}, "spk6": {"room10": 0.513940275}, "spk3": {"room3": 0.7310525179999999, "room5": 1.2463935609999999, "room7": 1.7947714330000002, "room0": 1.117824435, "room2": 1.2473310229999999, "room9": 0.659506261}, "spk0": {"room3": 0.5539399979999999}, "spk20": {"room10": -0.490386635}, "spk26": {"room2": 1.5223261119999998}, "spk16": {"room3": 1.57592988, "room4": 0.599825621, "room7": -0.018457647, "room12": -0.050725497, "room9": 0.757431686}, "spk27": {"room5": 1.056457758, "room0": 0.737067342}, "spk25": {"room1": 1.599593401}, "spk21": {"room3": 0.996311843, "room4": 0.573345244, "room2": 0.855942905, "room12": 0.057985224}, "spk30": {"room4": -0.686438143, "room2": -1.2520564790000002, "room12": -0.854253113}, "spk4": {"room6": 2.00742197}, "spk14": {"room10": 1.620982289}, "spk7": {"room12": 1.279658914}, "spk1": {"room5": 0.345343888, "room0": 0.864847362}}}