{"meta": {"speaker": "spk23", "room": "room12"}, "data": {"spk22": {"room0": 0.8757750990000001}, "spk10": {"room4": 0.6990434529999999, "room12": 1.19212544}, "spk18": {"room5": -1.3786667590000001, "room0": -1.287912607, "room2": -1.2809810640000001}, "spk29": {"room10": 1.8187217709999999}, "spk5": {"room3": 1.311519146, "room5": 1.13688612, "room0": 1.3603950740000001}, "spk9": {"room4": 0.44366958700000003, "room7": 0.6998505, "room10": 0.295512617, "room12": 0.953386605, "room9": 0.7620221970000001}, "spk2": {"room5": 1.617405891, "room0": 1.001785517}, "spk23": {"room4": 4.514551163, "room7": 4.38741827, "room2": 3.7065911289999995, "room10": 5.117840767, "room12": 3.898469687, "room9": 5.218699455}, "spk15": {"room10": -1.056943774}, "spk28": {"room10": -1.292310476}, "spk24": {"room1": 1.433367014}, "spk12": {"room10": -0.765469372}, "spk8": {"room10": 0.684790552}, "spk17": {"room5": 3.361506462, "room0": 2.565717459}, "spk11": {"room3": 0.128293216, "room4": 0.315957367, "room7": -0.719315708, "room2": -0.515094399, "room12": 0.002094314, "room9": -0.210650682}, "spk19": {"room4": -0.996541977, "room7": -0.5114583970000001, "room12": -1.205561042}, "spk13": {"room4": 0.9612932209999999, "room12": 0.432420969}, "spk31": {"room10": -0.9780336620000001}, "spk6": {"room10": 0.736164272}, "spk3": {"room3": 0.540499508, "room5": 0.944183707, "room7": 0.112980895, "room0": 0.361956805, "room2": 0.133044243, "room9": 0.8023877140000001}, "spk0": {"room3": 1.700822115}, "spk20": {"room10": -0.374886155}, "spk26": {"room2": 1.288678527}, "spk16": {"room3": -0.004102758, "room4": -0.330708265, "room7": -0.484559387, "room12": -0.62758559, "room9": 0.320518255}, "spk27": {"room5": 1.780743241, "room0": 0.9969061020000001}, "spk25": {"room1": 1.22118628}, "spk21": {"room3": 1.520906448, "room4": 1.1043914559999999, "room2": 1.222776175, "room12": 1.317729592}, "spk30": {"room4": -1.4401116369999998, "room2": -2.022912264, "room12": -1.312939286}, "spk4": {"room6": 1.773488641}, "spk14": {"room10": 0.031600207000000005}, "spk7": {"room12": 1.4132945540000001}, "spk1": {"room5": 1.159721732, "room0": 1.23666656}}}