{"meta": {"speaker": "spk23", "room": "room8"}, "data": {"spk22": {"room0": 1.348741531}, "spk10": {"room4": 1.256302238, "room12": 1.595362902}, "spk18": {"room5": -0.619067729, "room0": -0.589443326, "room2": -0.627485454}, "spk29": {"room10": 2.225826502}, "spk5": {"room3": 0.488145977, "room5": 0.819635034, "room0": 0.50146085}, "spk9": {"room4": 1.694128275, "room7": 2.053425074, "room10": 1.4383301730000002, "room12": 1.797530651, "room9": 1.5563161369999998}, "spk2": {"room5": 2.57710886, "room0": 2.691376448}, "spk23": {"room4": 4.366683006000001, "room7": 3.82697773, "room2": 5.211729527, "room10": 5.121348381000001, "room12": 5.318841934, "room9": 3.7882673739999997}, "spk15": {"room10": 0.26387608100000004}, "spk28": {"room10": -0.823392749}, "spk24": {"room1": 1.410331368}, "spk12": {"room10": 0.191832095}, "spk8": {"room10": 0.514125466}, "spk17": {"room5": 2.8255105019999998, "room0": 2.6907608510000003}, "spk11": {"room3": 0.6960925459999999, "room4": 0.616794765, "room7": 0.017437235, "room2": 1.09798491, "room12": 0.80679667, "room9": 0.574562728}, "spk19": {"room4": -0.314122856, "room7": -0.457824141, "room12": -0.341741085}, "spk13": {"room4": 2.885604143, "room12": 2.22509861}, "spk31": {"room10": 0.013442288}, "spk6": {"room10": 0.640023947}, "spk3": {"room3": 0.35018482799999995, "room5": 2.550855398, "room7": 0.414884955, "room0": 1.701557279, "room2": 1.373706579, "room9": 1.199066043}, "spk0": {"room3": 2.31767869}, "spk20": {"room10": 0.627696276}, "spk26": {"room2": 1.869828105}, "spk16": {"room3": 1.5539730790000001, "room4": 0.535600841, "room7": -0.7175528409999999, "room12": 0.16328077, "room9": 0.488624513}, "spk27": {"room5": 3.166479349, "room0": 2.7773785589999997}, "spk25": {"room1": 1.881556988}, "spk21": {"room3": 2.065013647, "room4": 0.9497522709999999, "room2": 1.342267156, "room12": 0.77306217}, "spk30": {"room4": -0.337975085, "room2": -0.525268316, "room12": -0.6968885659999999}, "spk4": {"room6": 1.120335102}, "spk14": {"room10": 1.667391777}, "spk7": {"room12": 0.306462973}, "spk1": {"room5": 0.451482296, "room0": 1.528557301}}}