{"meta": {"speaker": "spk23", "room": "room8"}, "data": {"spk22": {"room0": 0.624540567}, "spk10": {"room4": 0.553969979, "room12": -0.33933097100000004}, "spk18": {"room5": -1.544547558, "room0": -1.711573601, "room2": -1.191028237}, "spk29": {"room10": 0.43923196200000003}, "spk5": {"room3": 0.344996244, "room5": 1.074490786, "room0": 0.877886534}, "spk9": {"room4": 1.690757155, "room7": 0.27056694, "room10": 1.145811081, "room12": 1.611082435, "room9": 1.638397574}, "spk2": {"room5": 1.003006101, "room0": 1.3574869630000002}, "spk23": {"room4": 2.139321804, "room7": 2.5067336559999998, "room2": 1.523825288, "room10": 1.662360787, "room12": 2.3477387430000003, "room9": 2.450361013}, "spk15": {"room10": -0.838315785}, "spk28": {"room10": -1.326944947}, "spk24": {"room1": 1.00096488}, "spk12": {"room10": -1.451034546}, "spk8": {"room10": 0.51415509}, "spk17": {"room5": 1.323096633, "room0": 2.104769468}, "spk11": {"room3": -1.185596466, "room4": -0.5159703489999999, "room7": -0.37961638, "room2": -1.106920719, "room12": -0.70016706, "room9": -0.401187897}, "spk19": {"room4": -1.1508606670000001, "room7": -1.3428089619999999, "room12": -1.090064764}, "spk13": {"room4": 1.040377259, "room12": 0.865950227}, "spk31": {"room10": -1.302435279}, "spk6": {"room10": 0.251382709}, "spk3": {"room3": 0.155248731, "room5": 1.052045941, "room7": 0.21667350800000001, "room0": 0.227023363, "room2": 0.7324476240000001, "room9": 0.351315886}, "spk0": {"room3": -0.067978725}, "spk20": {"room10": -0.9017578959999999}, "spk26": {"room2": 1.068564773}, "spk16": {"room3": 1.3903585669999998, "room4": 0.07989981, "room7": 0.08613755599999999, "room12": -0.725489974, "room9": 0.6407347320000001}, "spk27": {"room5": 0.061303504, "room0": 0.511143506}, "spk25": {"room1": 1.9422903059999999}, "spk21": {"room3": 0.580171764, "room4": 1.535707355, "room2": 0.547795296, "room12": 2.031180859}, "spk30": {"room4": -1.1751580240000001, "room2": -1.54722321, "room12": -1.29733026}, "spk4": {"room6": 0.6174617410000001}, "spk14": {"room10": 0.533128321}, "spk7": {"room12": 1.365964055}, "spk1": {"room5": 0.523272336, "room0": 0.489660054}}}