{"meta": {"speaker": "spk23", "room": "room2"}, "data": {"spk22": {"room0": -0.077005371}, "spk10": {"room4": 0.984359324, "room12": 1.4575908180000001}, "spk18": {"room5": -1.2908712629999999, "room0": -1.206139445, "room2": -1.669247985}, "spk29": {"room10": 1.8474988940000001}, "spk5": {"room3": 0.248663098, "room5": 0.075028211, "room0": 0.893177271}, "spk9": {"room4": -0.19263576, "room7": 0.779839218, "room10": 0.48226839299999996, "room12": 0.242550805, "room9": -0.142719269}, "spk2": {"room5": 1.266448498, "room0": 0.5911405679999999}, "spk23": {"room4": 3.421162367, "room7": 1.874048114, "room2": 4.802380562, "room10": 2.8514959810000002, "room12": 2.27231288, "room9": 3.490114927}, "spk15": {"room10": -0.953890562}, "spk28": {"room10": -0.88010639}, "spk24": {"room1": 0.032160692000000005}, "spk12": {"room10": -0.744216025}, "spk8": {"room10": 0.15279083}, "spk17": {"room5": 1.459411025, "room0": 1.407841086}, "spk11": {"room3": -0.15857370199999998, "room4": 0.087565266, "room7": -0.849937797, "room2": -0.017063471, "room12": -0.19085383399999997, "room9": -0.683378994}, "spk19": {"room4": -1.021034956, "room7": -1.167025089, "room12": -1.07045877}, "spk13": {"room4": 1.246426225, "room12": 0.43947044}, "spk31": {"room10": -1.1592817309999999}, "spk6": {"room10": 1.327608466}, "spk3": {"room3": 0.349730104, "room5": 0.7876166109999999, "room7": -0.403204024, "room0": 0.273811698, "room2": 0.1850622, "room9": -0.081573159}, "spk0": {"room3": 1.32341373}, "spk20": {"room10": -0.704422474}, "spk26": {"room2": 1.228099465}, "spk16": {"room3": -0.018317362, "room4": -1.1367264990000001, "room7": -0.910280704, "room12": -0.937222362, "room9": -1.218747616}, "spk27": {"room5": 1.121938229, "room0": 0.67285949}, "spk25": {"room1": 0.6572469470000001}, "spk21": {"room3": 1.3719911580000002, "room4": 0.287083119, "room2": 1.51048398, "room12": 0.332783192}, "spk30": {"room4": -0.574464679, "room2": -1.358610392, "room12": -1.190879822}, "spk4": {"room6": 0.69057703}, "spk14": {"room10": 1.14740622}, "spk7": {"room12": 0.729077458}, "spk1": {"room5": 1.5611041780000001, "room0": 0.5475560429999999}}}