{"meta": {"speaker": "spk23", "room": "room7"}, "data": {"spk22": {"room0": 0.239724532}, "spk10": {"room4": 1.5100675819999998, "room12": 1.308894992}, "spk18": {"room5": -1.929022908, "room0": -1.998564482, "room2": -1.849303484}, "spk29": {"room10": 2.7977430819999998}, "spk5": {"room3": 1.3992253540000001, "room5": 1.262858748, "room0": 1.203907728}, "spk9": {"room4": -0.124848515, "room7": 0.565250337, "room10": -0.13152687300000002, "room12": 0.043116439000000006, "room9": 0.054806292}, "spk2": {"room5": -0.04558463, "room0": 0.514115572}, "spk23": {"room4": 4.722774029, "room7": 4.962521076, "room2": 3.946939468, "room10": 3.766783476, "room12": 3.850627184, "room9": 5.445710182000001}, "spk15": {"room10": -0.145308033}, "spk28": {"room10": -1.206442595}, "spk24": {"room1": 0.798704922}, "spk12": {"room10": -1.2942719459999998}, "spk8": {"room10": -0.28305658699999997}, "spk17": {"room5": 1.9608669280000002, "room0": 2.607534647}, "spk11": {"room3": -1.13048315, "room4": -0.284483314, "room7": -1.4965425730000002, "room2": -1.524608612, "room12": -1.05390954, "room9": -1.197546005}, "spk19": {"room4": -1.23779881, "room7": -1.275043964, "room12": -1.460751414}, "spk13": {"room4": 1.50509119, "room12": 0.391785145}, "spk31": {"room10": -1.565927148}, "spk6": {"room10": 1.094799757}, "spk3": {"room3": 0.8982261420000001, "room5": 0.130807579, "room7": 0.67780745, "room0": 1.02114284, "room2": 0.867631853, "room9": 0.5941174029999999}, "spk0": {"room3": 0.49946981700000004}, "spk20": {"room10": -1.07768929}, "spk26": {"room2": 0.949041784}, "spk16": {"room3": 0.314200282, "room4": -0.7725770470000001, "room7": -1.041694283, "room12": -1.611715794, "room9": -0.22025862300000001}, "spk27": {"room5": 0.835509598, "room0": 0.206742987}, "spk25": {"room1": 0.808928311}, "spk21": {"room3": 1.010901332, "room4": 1.121489525, "room2": 0.9716939929999999, "room12": 1.730021477}, "spk30": {"room4": -1.565247297, "room2": -1.671131849, "room12": -1.160389543}, "spk4": {"room6": 2.365366459}, "spk14": {"room10": -0.037697341}, "spk7": {"room12": 1.513404965}, "spk1": {"room5": 0.931370437, "room0": 0.7057521940000001}}}