{"meta": {"speaker": "spk23", "room": "room4"}, "data": {"spk22": {"room0": 1.522520065}, "spk10": {"room4": 1.504028678, "room12": 1.227133274}, "spk18": {"room5": -0.951963782, "room0": -0.8738005759999999, "room2": -0.875022173}, "spk29": {"room10": 1.149279833}, "spk5": {"room3": 0.515588164, "room5": 0.6096178289999999, "room0": 0.902843058}, "spk9": {"room4": 1.341398239, "room7": 1.384672523, "room10": 1.701258063, "room12": 1.575705886, "room9": 1.833643794}, "spk2": {"room5": 1.8793284890000002, "room0": 1.714031935}, "spk23": {"room4": 4.493978500000001, "room7": 3.73846364, "room2": 3.082410097, "room10": 4.166403294, "room12": 3.9672269819999997, "room9": 4.101664543}, "spk15": {"room10": -0.443217665}, "spk28": {"room10": -0.9002254609999999}, "spk24": {"room1": 0.743524849}, "spk12": {"room10": -0.323302567}, "spk8": {"room10": 0.558353245}, "spk17": {"room5": 2.064766169, "room0": 1.878628016}, "spk11": {"room3": 0.839359999, "room4": 0.9337956909999999, "room7": -0.06642051, "room2": 0.41819283399999996, "room12": 0.232556403, "room9": 0.284826428}, "spk19": {"room4": -0.639639854, "room7": -0.9810478690000001, "room12": -0.935159028}, "spk13": {"room4": 2.1045434469999997, "room12": 1.337753057}, "spk31": {"room10": -0.896814585}, "spk6": {"room10": 0.64496243}, "spk3": {"room3": 0.895180106, "room5": 0.874103546, "room7": 0.848013818, "room0": 0.439222425, "room2": 0.157634526, "room9": 0.201031283}, "spk0": {"room3": 0.6865907309999999}, "spk20": {"room10": -0.223032847}, "spk26": {"room2": 1.251656055}, "spk16": {"room3": 1.8730036019999998, "room4": 1.1017227170000001, "room7": 0.856684089, "room12": 0.39551761700000004, "room9": 1.2514215709999998}, "spk27": {"room5": 1.332205892, "room0": 1.77536118}, "spk25": {"room1": 1.86715126}, "spk21": {"room3": 1.262171865, "room4": 1.01753056, "room2": 0.554023564, "room12": 1.205929875}, "spk30": {"room4": -0.875134706, "room2": -1.3668500190000001, "room12": -0.7496594190000001}, "spk4": {"room6": 1.8281592130000002}, "spk14": {"room10": 1.339622617}, "spk7": {"room12": 2.023092985}, "spk1": {"room5": 0.47090479700000004, "room0": 1.12128222}}}