{"meta": {"speaker": "spk23", "room": "room4"}, "data": {"spk22": {"room0": 0.865306914}, "spk10": {"room4": 1.474438071, "room12": 0.727457404}, "spk18": {"room5": -1.2199541329999999, "room0": -1.101949453, "room2": -1.262013316}, "spk29": {"room10": 1.602853298}, "spk5": {"room3": 0.67683953, "room5": 1.124076962, "room0": 1.443551064}, "spk9": {"room4": 1.464517355, "room7": 1.150961041, "room10": 1.220602751, "room12": 1.434783816, "room9": 1.657583356}, "spk2": {"room5": 0.82176578, "room0": 0.333856732}, "spk23": {"room4": 4.601323605, "room7": 4.580436707, "room2": 3.036513567, "room10": 3.56157279, "room12": 3.9284226889999996, "room9": 4.053360462}, "spk15": {"room10": -0.40322977299999996}, "spk28": {"room10": -0.670556307}, "spk24": {"room1": 0.84181267}, "spk12": {"room10": -0.524303138}, "spk8": {"room10": 0.7708085179999999}, "spk17": {"room5": 2.002110243, "room0": 1.6433773040000001}, "spk11": {"room3": 0.580712616, "room4": 0.39556938399999997, "room7": -0.599688828, "room2": 0.267714381, "room12": -0.377513796, "room9": -0.179687321}, "spk19": {"room4": -0.5455140470000001, "room7": -0.48058578399999996, "room12": -0.9993925090000001}, "spk13": {"room4": 1.4797295330000002, "room12": 1.218358755}, "spk31": {"room10": -0.8265426159999999}, "spk6": {"room10": 0.64062804}, "spk3": {"room3": 1.175598145, "room5": 1.117922783, "room7": 1.12328279, "room0": 0.852775395, "room2": 0.838441372, "room9": 0.7157034870000001}, "spk0": {"room3": 0.66189003}, "spk20": {"room10": -0.09021093}, "spk26": {"room2": 0.45702672}, "spk16": {"room3": 0.970446169, "room4": -0.656345904, "room7": -0.27692258399999997, "room12": -0.723884463, "room9": 0.156579494}, "spk27": {"room5": 2.095225096, "room0": 2.255591154}, "spk25": {"room1": 2.052117825}, "spk21": {"room3": 1.070060015, "room4": 0.680187285, "room2": 0.93158412, "room12": 0.762397707}, "spk30": {"room4": -0.421188414, "room2": -1.16475904, "room12": -0.69819665}, "spk4": {"room6": 1.387365222}, "spk14": {"room10": 0.936244249}, "spk7": {"room12": 1.169583201}, "spk1": {"room5": 0.448684782, "room0": 0.77058953}}}