{"meta": {"speaker": "spk23", "room": "room8"}, "data": {"spk22": {"room0": 1.792632222}, "spk10": {"room4": 0.48057216399999997, "room12": 0.2366862}, "spk18": {"room5": -1.2875417470000001, "room0": -1.509944916, "room2": -1.2919068340000002}, "spk29": {"room10": 0.98045361}, "spk5": {"room3": 0.799159288, "room5": 0.394946784, "room0": 0.693579853}, "spk9": {"room4": 0.690698445, "room7": 0.868704736, "room10": 1.153638482, "room12": 1.3859372140000001, "room9": 1.273495674}, "spk2": {"room5": 1.607561469, "room0": 1.219297767}, "spk23": {"room4": 4.110431671000001, "room7": 4.86691761, "room2": 3.085430622, "room10": 3.488691092, "room12": 4.69263792, "room9": 3.863280058}, "spk15": {"room10": -0.752179325}, "spk28": {"room10": -1.4194870000000002}, "spk24": {"room1": 1.3785704369999998}, "spk12": {"room10": -0.9357169870000001}, "spk8": {"room10": 0.169373512}, "spk17": {"room5": 1.673184276, "room0": 1.968952894}, "spk11": {"room3": 0.18813186899999998, "room4": -0.515018821, "room7": -0.9192560909999999, "room2": -0.126626417, "room12": -0.07412366599999999, "room9": 0.077277392}, "spk19": {"room4": -1.563443065, "room7": -1.5974137780000002, "room12": -1.5599932669999999}, "spk13": {"room4": 1.5814685819999998, "room12": 1.205604553}, "spk31": {"room10": -1.7637085909999999}, "spk6": {"room10": 0.572292566}, "spk3": {"room3": 1.460880399, "room5": 0.7471489309999999, "room7": 0.7099248770000001, "room0": 1.0168991090000001, "room2": 1.147868991, "room9": 0.526261568}, "spk0": {"room3": 0.472372055}, "spk20": {"room10": -1.2086201909999998}, "spk26": {"room2": 1.161878347}, "spk16": {"room3": 1.416811228, "room4": -0.279831648, "room7": -0.824592113, "room12": -0.421766222, "room9": -0.007651463000000001}, "spk27": {"room5": 0.635417461, "room0": 0.22571989899999997}, "spk25": {"room1": 2.102603436}, "spk21": {"room3": 0.780350685, "room4": 0.6238816979999999, "room2": 0.513022006, "room12": -0.086388417}, "spk30": {"room4": -1.22763443, "room2": -1.4620959759999999, "room12": -1.510163069}, "spk4": {"room6": 1.259644508}, "spk14": {"room10": 1.7722232340000001}, "spk7": {"room12": 2.576991081}, "spk1": {"room5": 0.437696546, "room0": 1.503904939}}}