{"meta": {"speaker": "spk23", "room": "room12"}, "data": {"spk22": {"room0": 1.04707551}, "spk10": {"room4": 1.078384161, "room12": 1.216305017}, "spk18": {"room5": -1.3597317930000001, "room0": -1.444358587, "room2": -1.345273972}, "spk29": {"room10": 1.092671275}, "spk5": {"room3": 0.88852787, "room5": 0.563162863, "room0": 0.9062716959999999}, "spk9": {"room4": 1.706584811, "room7": 1.321617126, "room10": 1.540589929, "room12": 1.782890916, "room9": 1.608322501}, "spk2": {"room5": 2.135475636, "room0": 1.937113404}, "spk23": {"room4": 3.7047040460000003, "room7": 2.824686766, "room2": 2.974095821, "room10": 3.978087664, "room12": 4.08892107, "room9": 2.598257542}, "spk15": {"room10": -0.948646188}, "spk28": {"room10": -0.790804029}, "spk24": {"room1": 0.8285440209999999}, "spk12": {"room10": -0.7060783509999999}, "spk8": {"room10": 0.24227275}, "spk17": {"room5": 1.6607571840000002, "room0": 1.336092949}, "spk11": {"room3": 0.470579982, "room4": 1.363674998, "room7": 0.001507436, "room2": 0.233919039, "room12": 0.617152929, "room9": 0.557403207}, "spk19": {"room4": -1.021798611, "room7": -0.7886330490000001, "room12": -1.208280563}, "spk13": {"room4": 2.34206295, "room12": 1.96560216}, "spk31": {"room10": -1.394400597}, "spk6": {"room10": 0.357997864}, "spk3": {"room3": 0.916612148, "room5": 1.379915953, "room7": 0.446788102, "room0": 0.877997756, "room2": 1.029402256, "room9": 0.49113628299999995}, "spk0": {"room3": 0.49918031700000004}, "spk20": {"room10": -0.49754419899999996}, "spk26": {"room2": 1.3823181390000001}, "spk16": {"room3": 1.7345199580000001, "room4": 0.051470917000000005, "room7": 0.435105354, "room12": -0.084455147, "room9": 1.016372681}, "spk27": {"room5": 1.149511337, "room0": 1.08631146}, "spk25": {"room1": 1.542141438}, "spk21": {"room3": 1.528918028, "room4": 0.953426778, "room2": 0.547915101, "room12": 1.168006778}, "spk30": {"room4": -0.877757311, "room2": -1.3178164959999998, "room12": -0.89181757}, "spk4": {"room6": 0.9427979590000001}, "spk14": {"room10": 1.34728682}, "spk7": {"room12": 0.319987833}, "spk1": {"room5": 0.578783095, "room0": 1.0559507609999998}}}