{"meta": {"speaker": "spk23", "room": "room8"}, "data": {"spk22": {"room0": 0.188314393}, "spk10": {"room4": 0.917108655, "room12": 0.299332857}, "spk18": {"room5": -1.652577519, "room0": -1.5660325290000001, "room2": -1.38065362}, "spk29": {"room10": 0.9527520540000001}, "spk5": {"room3": 0.922955692, "room5": 0.36444231899999996, "room0": 1.0331151490000001}, "spk9": {"room4": 0.535945296, "room7": 0.494159311, "room10": 1.178182006, "room12": 1.529194236, "room9": 1.097862363}, "spk2": {"room5": 1.7442510130000002, "room0": 1.849498391}, "spk23": {"room4": 3.393518209, "room7": 3.838730574, "room2": 2.402230978, "room10": 3.585233927, "room12": 3.9177017210000002, "room9": 4.745290279}, "spk15": {"room10": -0.815409243}, "spk28": {"room10": -1.7504421469999998}, "spk24": {"room1": 0.745806456}, "spk12": {"room10": -1.56443429}, "spk8": {"room10": 0.126838684}, "spk17": {"room5": 1.56227982, "room0": 3.253686905}, "spk11": {"room3": -0.11657965199999999, "room4": 0.26042676, "room7": -0.307561845, "room2": -0.848039925, "room12": 0.09098160300000001, "room9": -0.284573615}, "spk19": {"room4": -1.6014233830000002, "room7": -1.45743525, "room12": -1.413126945}, "spk13": {"room4": 1.461587548, "room12": 1.51196146}, "spk31": {"room10": -1.856199265}, "spk6": {"room10": 0.289701641}, "spk3": {"room3": 0.529001772, "room5": 0.697469473, "room7": 0.184233963, "room0": 0.837050438, "room2": 1.052193165, "room9": 0.7574470640000001}, "spk0": {"room3": 0.646516323}, "spk20": {"room10": -0.8890146609999999}, "spk26": {"room2": 1.876506209}, "spk16": {"room3": 0.7107337709999999, "room4": -0.297892243, "room7": -0.848493814, "room12": -1.045959115, "room9": 0.278172672}, "spk27": {"room5": -0.148639023, "room0": 0.38308185299999997}, "spk25": {"room1": 1.7365721459999999}, "spk21": {"room3": 0.940669477, "room4": 1.403420925, "room2": 0.8232681159999999, "room12": 1.31921792}, "spk30": {"room4": -1.280338645, "room2": -1.874998689, "room12": -1.579116583}, "spk4": {"room6": 2.143131971}, "spk14": {"room10": 0.150996923}, "spk7": {"room12": 1.648435593}, "spk1": {"room5": 0.772946954, "room0": 0.57601887}}}