{"meta": {"speaker": "spk23", "room": "room9"}, "data": {"spk22": {"room0": 0.600977659}, "spk10": {"room4": 0.927126288, "room12": 0.792053401}, "spk18": {"room5": -1.207939029, "room0": -0.823699057, "room2": -0.837582231}, "spk29": {"room10": 0.85711062}, "spk5": {"room3": 1.969789386, "room5": 2.0866594309999997, "room0": 1.724506259}, "spk9": {"room4": 0.957904816, "room7": 0.5612058639999999, "room10": 0.248858258, "room12": 0.80247438, "room9": 1.286164403}, "spk2": {"room5": 1.2866905929999999, "room0": 0.47412738200000004}, "spk23": {"room4": 3.31318903, "room7": 3.5558316710000004, "room2": 2.451222897, "room10": 2.959836245, "room12": 3.505505323, "room9": 4.049904346}, "spk15": {"room10": -0.026717393}, "spk28": {"room10": -0.341803491}, "spk24": {"room1": 0.761554718}, "spk12": {"room10": -0.597142041}, "spk8": {"room10": 1.296015739}, "spk17": {"room5": 2.5337648390000003, "room0": 2.680813074}, "spk11": {"room3": -0.41958150299999997, "room4": -0.362554163, "room7": -0.609119892, "room2": -0.796073556, "room12": -1.206949115, "room9": -0.75029546}, "spk19": {"room4": -0.125750646, "room7": 0.07829773400000001, "room12": -0.422082901}, "spk13": {"room4": 1.172692537, "room12": 1.279251933}, "spk31": {"room10": -1.2751711609999998}, "spk6": {"room10": 0.429823309}, "spk3": {"room3": -0.104259945, "room5": 0.211290747, "room7": 0.7109140159999999, "room0": 0.190874338, "room2": -0.535767615, "room9": 0.49590724700000005}, "spk0": {"room3": 0.256081462}, "spk20": {"room10": -0.432907283}, "spk26": {"room2": 0.664879262}, "spk16": {"room3": 1.519758344, "room4": -0.155440167, "room7": 0.008460097, "room12": -0.827389061, "room9": 0.876014352}, "spk27": {"room5": 1.162586927, "room0": 0.836584985}, "spk25": {"room1": 1.78478229}, "spk21": {"room3": 1.143360257, "room4": 1.999639392, "room2": 1.18100965, "room12": 2.397036552}, "spk30": {"room4": -0.345047802, "room2": -1.05841279, "room12": -0.402653635}, "spk4": {"room6": 2.495545387}, "spk14": {"room10": -0.281184375}, "spk7": {"room12": 1.925072074}, "spk1": {"room5": 0.54689604, "room0": 0.563885331}}}