{"meta": {"speaker": "spk23", "room": "room8"}, "data": {"spk22": {"room0": 1.107555389}, "spk10": {"room4": 1.584416866, "room12": 1.366324425}, "spk18": {"room5": -1.3223723170000001, "room0": -1.221068859, "room2": -1.3458647730000002}, "spk29": {"room10": 1.34280622}, "spk5": {"room3": 1.518141985, "room5": 0.816414535, "room0": 1.139908195}, "spk9": {"room4": 0.7025665040000001, "room7": 0.782817364, "room10": 0.531421006, "room12": 0.55924958, "room9": 1.083874106}, "spk2": {"room5": 2.87295413, "room0": 2.003650904}, "spk23": {"room4": 3.4671392439999997, "room7": 3.744194031, "room2": 3.8249480719999998, "room10": 3.763769388, "room12": 4.143067837, "room9": 3.134278536}, "spk15": {"room10": -0.972908735}, "spk28": {"room10": -1.144830108}, "spk24": {"room1": 0.32590892899999996}, "spk12": {"room10": -1.304671407}, "spk8": {"room10": 0.829613626}, "spk17": {"room5": 2.155428886, "room0": 2.075044155}, "spk11": {"room3": 0.683722675, "room4": 1.028447747, "room7": 0.156531006, "room2": 0.507326484, "room12": 0.736943662, "room9": 0.684633791}, "spk19": {"room4": -1.079390883, "room7": -1.047416806, "room12": -1.032721639}, "spk13": {"room4": 1.706819296, "room12": 2.215182543}, "spk31": {"room10": -1.330494165}, "spk6": {"room10": -0.088143334}, "spk3": {"room3": 0.10154774800000001, "room5": 1.012176633, "room7": 0.123670727, "room0": 0.531470239, "room2": 0.608350217, "room9": 0.41096431}, "spk0": {"room3": -0.144582823}, "spk20": {"room10": -1.029826999}, "spk26": {"room2": 0.495440096}, "spk16": {"room3": 0.844649911, "room4": -0.5034921170000001, "room7": -0.040570244, "room12": -0.48865065, "room9": 0.302860588}, "spk27": {"room5": 2.215928555, "room0": 1.406541944}, "spk25": {"room1": 1.46697104}, "spk21": {"room3": 2.006014585, "room4": 0.893320978, "room2": 1.902172327, "room12": 0.644484818}, "spk30": {"room4": -1.300783396, "room2": -1.5136167999999999, "room12": -1.367988229}, "spk4": {"room6": 1.141411543}, "spk14": {"room10": 0.9910648470000001}, "spk7": {"room12": 1.720249057}, "spk1": {"room5": 0.948048472, "room0": 1.457057595}}}