{"meta": {"speaker": "spk23", "room": "room8"}, "data": {"spk22": {"room0": 1.2252023220000001}, "spk10": {"room4": 0.991857648, "room12": 0.38194611700000003}, "spk18": {"room5": -1.194196582, "room0": -1.395488024, "room2": -1.519285917}, "spk29": {"room10": 0.465898126}, "spk5": {"room3": -0.177336618, "room5": -0.20633003100000002, "room0": -0.139014214}, "spk9": {"room4": 1.441823721, "room7": 1.497908115, "room10": 2.5581295490000002, "room12": 2.368205786, "room9": 2.170006514}, "spk2": {"room5": 1.48471415, "room0": 2.556115866}, "spk23": {"room4": 2.9710316660000005, "room7": 2.556911945, "room2": 3.268126965, "room10": 2.6921401019999998, "room12": 4.27404356, "room9": 2.2984018330000002}, "spk15": {"room10": -0.9415831570000001}, "spk28": {"room10": -1.3262689109999999}, "spk24": {"room1": 1.403902531}, "spk12": {"room10": -1.194667697}, "spk8": {"room10": -0.359932899}, "spk17": {"room5": 1.166238904, "room0": 1.1302927729999999}, "spk11": {"room3": -0.251258284, "room4": 0.812967181, "room7": 0.044533279, "room2": 0.069983281, "room12": 0.9650627970000001, "room9": 1.1094920640000001}, "spk19": {"room4": -1.71289432, "room7": -1.404441118, "room12": -2.0061786169999998}, "spk13": {"room4": 3.9671962260000004, "room12": 2.582660198}, "spk31": {"room10": -1.5912426709999998}, "spk6": {"room10": 0.360016555}, "spk3": {"room3": 0.624154329, "room5": 1.067779899, "room7": 0.7108389140000001, "room0": 1.4887152909999999, "room2": 1.53972733, "room9": 1.3060159679999999}, "spk0": {"room3": 0.9765561220000001}, "spk20": {"room10": -1.378308892}, "spk26": {"room2": 1.212843657}, "spk16": {"room3": 1.6223244669999999, "room4": 0.8652327059999999, "room7": 0.26744169, "room12": 0.5929070120000001, "room9": 1.727311134}, "spk27": {"room5": 0.177890018, "room0": 0.324534178}, "spk25": {"room1": 0.8652414079999999}, "spk21": {"room3": 1.024617672, "room4": 2.301190376, "room2": 1.263218999, "room12": 1.85967195}, "spk30": {"room4": -1.068394184, "room2": -2.148408651, "room12": -1.66516614}, "spk4": {"room6": 0.157549888}, "spk14": {"room10": 1.1366262440000001}, "spk7": {"room12": 0.19713419699999998}, "spk1": {"room5": 0.489479125, "room0": 0.271446764}}}