{"meta": {"speaker": "spk23", "room": "room8"}, "data": {"spk22": {"room0": 1.437054038}, "spk10": {"room4": 0.203659013, "room12": -0.10328810699999999}, "spk18": {"room5": -2.178620815, "room0": -2.262972593, "room2": -1.7288184169999998}, "spk29": {"room10": 1.617294073}, "spk5": {"room3": 0.563585699, "room5": 0.243874893, "room0": 0.006856574}, "spk9": {"room4": 0.5976249579999999, "room7": 0.455738783, "room10": 0.679033041, "room12": 1.320062757, "room9": 0.17691727}, "spk2": {"room5": 0.42017889, "room0": 0.490134209}, "spk23": {"room4": 2.298380613, "room7": 2.3685581680000003, "room2": 2.594296694, "room10": 2.7829205989999997, "room12": 2.311560392, "room9": 2.0102274419999997}, "spk15": {"room10": -1.049033403}, "spk28": {"room10": -1.287037611}, "spk24": {"room1": 0.66151458}, "spk12": {"room10": -1.299059629}, "spk8": {"room10": 0.68327558}, "spk17": {"room5": 0.6389993429999999, "room0": 1.324398637}, "spk11": {"room3": 0.18455492, "room4": 1.175287843, "room7": 0.665902615, "room2": 0.693999588, "room12": 0.47315341200000005, "room9": 0.70689249}, "spk19": {"room4": -1.1676980259999998, "room7": -1.124236703, "room12": -1.367721081}, "spk13": {"room4": 2.463991165, "room12": 1.71093905}, "spk31": {"room10": -1.611026525}, "spk6": {"room10": -0.186111942}, "spk3": {"room3": 0.999061942, "room5": 0.809966147, "room7": 0.685033917, "room0": 0.477153152, "room2": 1.231647253, "room9": 0.276432067}, "spk0": {"room3": -0.653410494}, "spk20": {"room10": -1.118586659}, "spk26": {"room2": 1.515396595}, "spk16": {"room3": 2.040189505, "room4": -0.015291441000000001, "room7": 0.047324914, "room12": 0.025151299, "room9": 0.7067966459999999}, "spk27": {"room5": 0.865481079, "room0": 1.375599861}, "spk25": {"room1": 1.041685462}, "spk21": {"room3": 0.973945975, "room4": 1.385023355, "room2": 0.667732894, "room12": 0.73285681}, "spk30": {"room4": -1.198751807, "room2": -2.201541662, "room12": -1.366141438}, "spk4": {"room6": 0.076646239}, "spk14": {"room10": 0.617838264}, "spk7": {"room12": 0.417492628}, "spk1": {"room5": 0.300856352, "room0": 0.765542507}}}