{"meta": {"speaker": "spk23", "room": "room8"}, "data": {"spk22": {"room0": 1.103245258}, "spk10": {"room4": 0.5194500679999999, "room12": 0.073625825}, "spk18": {"room5": -1.297004104, "room0": -1.2083891629999999, "room2": -1.359806418}, "spk29": {"room10": 1.173505783}, "spk5": {"room3": -0.334328234, "room5": 0.20311385399999998, "room0": -0.17540901899999997}, "spk9": {"room4": 1.139679909, "room7": 0.950582325, "room10": 1.130309582, "room12": 1.0919480320000001, "room9": 1.6195542809999999}, "spk2": {"room5": 1.2315592770000001, "room0": 0.581373751}, "spk23": {"room4": 2.097272635, "room7": 1.9266265630000001, "room2": 1.65598011, "room10": 2.308269739, "room12": 2.213806629, "room9": 2.1006669999999996}, "spk15": {"room10": -1.32652092}, "spk28": {"room10": -0.63014859}, "spk24": {"room1": 0.83990562}, "spk12": {"room10": -1.154222608}, "spk8": {"room10": 0.66652298}, "spk17": {"room5": 0.637686014, "room0": 1.4199426169999998}, "spk11": {"room3": 0.478188574, "room4": 0.539476335, "room7": 0.5521429179999999, "room2": 0.265212297, "room12": 0.090340875, "room9": 0.308344901}, "spk19": {"room4": -0.931828797, "room7": -0.809904575, "room12": -0.991344333}, "spk13": {"room4": 1.195775747, "room12": 0.49462536}, "spk31": {"room10": -1.274831057}, "spk6": {"room10": -0.312010318}, "spk3": {"room3": -0.44140172, "room5": 1.030759811, "room7": 0.640388429, "room0": 0.9638907309999999, "room2": 0.474648446, "room9": 1.269927382}, "spk0": {"room3": 0.10020858}, "spk20": {"room10": -1.07996583}, "spk26": {"room2": 0.441497624}, "spk16": {"room3": 1.028767705, "room4": -0.36848062299999995, "room7": 0.332927793, "room12": -0.006646255, "room9": 1.0587517020000001}, "spk27": {"room5": 1.8805176019999998, "room0": 2.162152767}, "spk25": {"room1": 0.6843175890000001}, "spk21": {"room3": 0.156128392, "room4": 0.14095991800000002, "room2": -0.028455796000000002, "room12": 0.40060207200000003}, "spk30": {"room4": -1.042059541, "room2": -1.07806015, "room12": -1.194086313}, "spk4": {"room6": -0.5382397170000001}, "spk14": {"room10": 0.5883857610000001}, "spk7": {"room12": 0.821082115}, "spk1": {"room5": 0.522995174, "room0": 0.523548663}}}