{"meta": {"speaker": "spk23", "room": "room4"}, "data": {"spk22": {"room0": 1.124334812}, "spk10": {"room4": 1.679448605, "room12": 1.3555836680000002}, "spk18": {"room5": -1.040313125, "room0": -0.9152634140000001, "room2": -0.6515157220000001}, "spk29": {"room10": 1.959186554}, "spk5": {"room3": 1.5790848730000002, "room5": 1.325166464, "room0": 1.764022589}, "spk9": {"room4": 0.255514562, "room7": 1.1451513770000001, "room10": 1.161044121, "room12": 0.758884668, "room9": 0.896212757}, "spk2": {"room5": 1.4567564730000002, "room0": 0.8710325959999999}, "spk23": {"room4": 5.008610725, "room7": 4.583861828, "room2": 4.832944393, "room10": 4.269151688, "room12": 4.9746189119999995, "room9": 4.167753696}, "spk15": {"room10": 0.083612017}, "spk28": {"room10": -0.8552474379999999}, "spk24": {"room1": 1.2486950159999999}, "spk12": {"room10": -0.359454691}, "spk8": {"room10": 0.594616115}, "spk17": {"room5": 1.857753515, "room0": 2.017338991}, "spk11": {"room3": 0.5681055779999999, "room4": 0.146318123, "room7": -0.344940484, "room2": 0.112136729, "room12": 0.12113788699999999, "room9": -0.079520784}, "spk19": {"room4": -0.27570679800000003, "room7": -0.301544219, "room12": -0.699225068}, "spk13": {"room4": 1.4173097609999998, "room12": 1.9198831319999998}, "spk31": {"room10": -0.505092859}, "spk6": {"room10": 1.170063257}, "spk3": {"room3": 0.983066797, "room5": 0.9666675929999999, "room7": 0.215325445, "room0": 1.112990022, "room2": 0.06602130099999999, "room9": 0.460866302}, "spk0": {"room3": 1.292092681}, "spk20": {"room10": 0.163258284}, "spk26": {"room2": 1.374607444}, "spk16": {"room3": 1.143229008, "room4": -0.370114386, "room7": -0.39379829200000005, "room12": -1.398941875, "room9": -0.21828109}, "spk27": {"room5": 1.229369164, "room0": 1.4204334019999998}, "spk25": {"room1": 1.8918367619999998}, "spk21": {"room3": 1.879206896, "room4": 0.769631207, "room2": 1.263980389, "room12": 1.0787850620000001}, "spk30": {"room4": -0.954256415, "room2": -1.159060717, "room12": -0.907042921}, "spk4": {"room6": 2.1233768459999998}, "spk14": {"room10": 1.132817149}, "spk7": {"room12": 1.7354432340000001}, "spk1": {"room5": 0.317491442, "room0": 0.931793034}}}