{"meta": {"speaker": "spk23", "room": "room8"}, "data": {"spk22": {"room0": 1.9396661519999998}, "spk10": {"room4": 1.594302058, "room12": 1.7357141969999998}, "spk18": {"room5": -1.476627231, "room0": -1.799054384, "room2": -1.6016635890000002}, "spk29": {"room10": 2.188222885}, "spk5": {"room3": 1.142037272, "room5": 0.907499135, "room0": 1.507779956}, "spk9": {"room4": 0.391907126, "room7": 1.006379128, "room10": 0.422285378, "room12": 1.33782208, "room9": 0.771002889}, "spk2": {"room5": 1.88081038, "room0": 1.5380240680000001}, "spk23": {"room4": 3.6579768660000003, "room7": 3.976428986, "room2": 3.980646372, "room10": 3.817985058, "room12": 4.256331921, "room9": 3.3166267869999997}, "spk15": {"room10": -0.404527605}, "spk28": {"room10": -1.509342551}, "spk24": {"room1": 0.9505664109999999}, "spk12": {"room10": -0.855441511}, "spk8": {"room10": 0.448415965}, "spk17": {"room5": 2.162389517, "room0": 2.064871788}, "spk11": {"room3": -0.18570882100000002, "room4": 1.316358447, "room7": -0.347880185, "room2": -0.6478923560000001, "room12": 0.37041649200000004, "room9": 0.23501592899999998}, "spk19": {"room4": -1.185474515, "room7": -1.212889791, "room12": -1.219706655}, "spk13": {"room4": 2.340839148, "room12": 1.870143294}, "spk31": {"room10": -1.402755737}, "spk6": {"room10": 0.9188120959999999}, "spk3": {"room3": 1.640578985, "room5": 1.533650279, "room7": 1.589984775, "room0": 2.2660706040000003, "room2": 1.815505028, "room9": 1.894823074}, "spk0": {"room3": 0.37583366}, "spk20": {"room10": -0.34436267600000003}, "spk26": {"room2": 1.394744635}, "spk16": {"room3": 1.0873299840000001, "room4": -0.480637163, "room7": -0.280560255, "room12": 0.10409046699999999, "room9": 0.044585537}, "spk27": {"room5": 0.893351316, "room0": 1.07497263}, "spk25": {"room1": 3.348950148}, "spk21": {"room3": 1.063766241, "room4": 1.150358081, "room2": 1.189802885, "room12": 1.067497492}, "spk30": {"room4": -0.97914958, "room2": -1.4428142309999998, "room12": -1.264388323}, "spk4": {"room6": 1.7353464369999998}, "spk14": {"room10": 2.16382885}, "spk7": {"room12": 1.708438158}, "spk1": {"room5": 0.40414133700000004, "room0": 0.8806343670000001}}}