{"meta": {"speaker": "spk23", "room": "room2"}, "data": {"spk22": {"room0": 0.6941195729999999}, "spk10": {"room4": 1.143012404, "room12": 1.106118798}, "spk18": {"room5": -1.28388083, "room0": -1.36648488, "room2": -1.420524836}, "spk29": {"room10": 1.9079480169999998}, "spk5": {"room3": 0.9303014279999999, "room5": 0.33717936299999995, "room0": 1.020739317}, "spk9": {"room4": 0.74063009, "room7": 1.4087615009999999, "room10": 0.9960352179999999, "room12": 1.1721348759999999, "room9": 0.772737861}, "spk2": {"room5": 1.145052791, "room0": 0.545517981}, "spk23": {"room4": 4.27376318, "room7": 3.225818157, "room2": 5.356891632, "room10": 3.850465775, "room12": 3.63315177, "room9": 3.625748396}, "spk15": {"room10": -0.403084695}, "spk28": {"room10": -1.299059272}, "spk24": {"room1": 0.575125039}, "spk12": {"room10": -0.946535408}, "spk8": {"room10": 0.139165625}, "spk17": {"room5": 1.350292325, "room0": 1.228069782}, "spk11": {"room3": -0.229332432, "room4": 0.48380714700000005, "room7": -1.241203785, "room2": -0.364071637, "room12": -0.10323379199999999, "room9": -0.24984376100000003}, "spk19": {"room4": -1.126387, "room7": -1.299932122, "room12": -1.19553113}, "spk13": {"room4": 2.0372383590000003, "room12": 1.6059832569999999}, "spk31": {"room10": -1.170398355}, "spk6": {"room10": 1.140536189}, "spk3": {"room3": 0.9803826809999999, "room5": 0.372225136, "room7": -0.47333520700000004, "room0": 0.659860075, "room2": -0.15863385800000002, "room9": 0.259759992}, "spk0": {"room3": 1.042950392}, "spk20": {"room10": -0.40294292600000003}, "spk26": {"room2": 1.722659469}, "spk16": {"room3": 0.691683412, "room4": -0.662993014, "room7": -0.578138471, "room12": -0.9902067179999999, "room9": -0.15017227800000002}, "spk27": {"room5": 1.233709455, "room0": 1.011900187}, "spk25": {"room1": 1.331307173}, "spk21": {"room3": 1.9115529059999998, "room4": 1.255573511, "room2": 1.7030054330000002, "room12": 0.908675551}, "spk30": {"room4": -1.319710016, "room2": -1.6612186430000002, "room12": -1.06450057}, "spk4": {"room6": 1.40165627}, "spk14": {"room10": 0.551261306}, "spk7": {"room12": 0.842290759}, "spk1": {"room5": 0.525282741, "room0": 0.7446329}}}