{"meta": {"speaker": "spk23", "room": "room8"}, "data": {"spk22": {"room0": 0.94225961}, "spk10": {"room4": 0.389774799, "room12": 0.8905778529999999}, "spk18": {"room5": -1.677960277, "room0": -1.6009403469999999, "room2": -1.694034219}, "spk29": {"room10": 1.297448039}, "spk5": {"room3": 0.970059633, "room5": 0.43086183100000003, "room0": 0.6351326110000001}, "spk9": {"room4": 0.15416096199999998, "room7": 0.501728773, "room10": 0.55718106, "room12": 0.87669611, "room9": 0.617881}, "spk2": {"room5": 0.9860276579999999, "room0": 0.8535715340000001}, "spk23": {"room4": 2.77554512, "room7": 2.7599592210000004, "room2": 4.246313572, "room10": 3.323615551, "room12": 3.530991316, "room9": 2.473786354}, "spk15": {"room10": -1.178922772}, "spk28": {"room10": -0.867119193}, "spk24": {"room1": 1.530155897}, "spk12": {"room10": -1.296651959}, "spk8": {"room10": -0.48011156899999996}, "spk17": {"room5": 0.966261685, "room0": 0.37174209999999996}, "spk11": {"room3": -0.330344856, "room4": 0.5918334129999999, "room7": -0.101350211, "room2": -0.285517454, "room12": 0.23185446899999998, "room9": 0.73334372}, "spk19": {"room4": -1.1566609140000002, "room7": -1.238945365, "room12": -1.191816688}, "spk13": {"room4": 2.058324575, "room12": 1.720354795}, "spk31": {"room10": -1.7115899319999999}, "spk6": {"room10": 0.586100459}, "spk3": {"room3": 0.6978546379999999, "room5": 1.307580709, "room7": -0.357964247, "room0": 0.319598377, "room2": 1.1114161009999999, "room9": 0.118744537}, "spk0": {"room3": 0.656738877}, "spk20": {"room10": -0.643077433}, "spk26": {"room2": 1.984633088}, "spk16": {"room3": 1.260161877, "room4": -0.25894781899999997, "room7": 0.5105199220000001, "room12": 0.15530692, "room9": 0.843483746}, "spk27": {"room5": 0.946945906, "room0": 0.8196194170000001}, "spk25": {"room1": 0.700262547}, "spk21": {"room3": 2.038585424, "room4": 1.7953403000000001, "room2": 1.583094835, "room12": 1.169582009}, "spk30": {"room4": -1.060564876, "room2": -1.752125859, "room12": -1.209260821}, "spk4": {"room6": 0.6890088320000001}, "spk14": {"room10": 1.522127271}, "spk7": {"room12": 0.09155038}, "spk1": {"room5": 0.682906866, "room0": 1.33204639}}}