{"meta": {"speaker": "spk23", "room": "room8"}, "data": {"spk22": {"room0": -0.909100652}, "spk10": {"room4": 0.41884371600000003, "room12": -0.055560697}, "spk18": {"room5": -1.6120731830000001, "room0": -1.566421986, "room2": -1.307103515}, "spk29": {"room10": 0.512564301}, "spk5": {"room3": 0.651195765, "room5": 0.24170418100000002, "room0": 0.674587369}, "spk9": {"room4": 0.0005559730000000001, "room7": -0.301887363, "room10": 1.156192183, "room12": 0.049942046, "room9": -0.36307820700000004}, "spk2": {"room5": -0.26209107, "room0": -0.163724214}, "spk23": {"room4": 1.945074201, "room7": 1.472532392, "room2": 1.72884798, "room10": 1.7396533490000001, "room12": 2.330918074, "room9": 1.432648897}, "spk15": {"room10": -1.114688277}, "spk28": {"room10": -1.3096704479999999}, "spk24": {"room1": 0.8160943390000001}, "spk12": {"room10": -1.6785222290000001}, "spk8": {"room10": 0.00757682}, "spk17": {"room5": 0.43934381, "room0": 1.110840201}, "spk11": {"room3": -0.936903536, "room4": -0.49570471, "room7": -1.59634769, "room2": -1.426180005, "room12": -1.145106792, "room9": -0.990667999}, "spk19": {"room4": -1.848775625, "room7": -1.640873194, "room12": -1.48029542}, "spk13": {"room4": 0.884312332, "room12": 1.611802578}, "spk31": {"room10": -1.923098564}, "spk6": {"room10": -0.321602613}, "spk3": {"room3": -0.014403755, "room5": -0.195720628, "room7": -1.10677743, "room0": -0.653546989, "room2": 0.300339222, "room9": -0.536510885}, "spk0": {"room3": -0.128315493}, "spk20": {"room10": -1.417714119}, "spk26": {"room2": 1.155748844}, "spk16": {"room3": 1.3357715609999998, "room4": -0.997686625, "room7": -0.1815878, "room12": -1.404075384, "room9": 0.179310277}, "spk27": {"room5": -0.860364735, "room0": -0.7980470059999999}, "spk25": {"room1": 0.36887446}, "spk21": {"room3": 1.482126951, "room4": 0.745554268, "room2": 0.5162521, "room12": 0.9830147029999999}, "spk30": {"room4": -1.7463867659999999, "room2": -2.0467615130000003, "room12": -1.899239898}, "spk4": {"room6": 0.8928832409999999}, "spk14": {"room10": 0.131774217}, "spk7": {"room12": 1.735685229}, "spk1": {"room5": 0.777221382, "room0": 0.7121898529999999}}}