{"meta": {"speaker": "spk23", "room": "room8"}, "data": {"spk22": {"room0": 0.11508487199999999}, "spk10": {"room4": 0.930337906, "room12": -0.11422306300000001}, "spk18": {"room5": -1.093445778, "room0": -1.39564395, "room2": -0.938267231}, "spk29": {"room10": 0.875183582}, "spk5": {"room3": 0.951509595, "room5": 1.042953014, "room0": 0.714045644}, "spk9": {"room4": 0.042392757, "room7": 0.146483317, "room10": 0.9708226320000001, "room12": 0.9448050259999999, "room9": 1.040176392}, "spk2": {"room5": 0.579177499, "room0": 0.7043867709999999}, "spk23": {"room4": 2.605367899, "room7": 2.280749559, "room2": 1.2139899729999999, "room10": 1.757174134, "room12": 2.7203166480000003, "room9": 2.883543491}, "spk15": {"room10": -0.998273015}, "spk28": {"room10": -1.026542902}, "spk24": {"room1": 0.170979425}, "spk12": {"room10": -1.344319105}, "spk8": {"room10": -0.005167233}, "spk17": {"room5": 0.5942666529999999, "room0": 2.367385864}, "spk11": {"room3": -0.10791503599999999, "room4": -0.31645286100000003, "room7": -0.31108737, "room2": -1.493763924, "room12": -1.0380401609999999, "room9": -0.7898138170000001}, "spk19": {"room4": -1.5077556369999998, "room7": -0.878862202, "room12": -1.57036674}, "spk13": {"room4": 0.95387876, "room12": 0.059239235}, "spk31": {"room10": -1.178328395}, "spk6": {"room10": 0.167540044}, "spk3": {"room3": 0.271689117, "room5": 0.851712048, "room7": 0.272733867, "room0": -0.047152679, "room2": 0.543592274, "room9": 0.344665468}, "spk0": {"room3": 0.072411343}, "spk20": {"room10": -0.9085071090000001}, "spk26": {"room2": 1.03140986}, "spk16": {"room3": 1.154772162, "room4": -0.079925418, "room7": 0.14672997599999998, "room12": -1.016029358, "room9": 1.038106203}, "spk27": {"room5": -0.711879253, "room0": -0.139080003}, "spk25": {"room1": 0.39479658}, "spk21": {"room3": 1.55825305, "room4": 2.220355988, "room2": 0.81770432, "room12": 2.205101967}, "spk30": {"room4": -1.4660450219999999, "room2": -1.88698709, "room12": -1.358024955}, "spk4": {"room6": 1.378173232}, "spk14": {"room10": 0.17418883699999999}, "spk7": {"room12": 0.981089413}, "spk1": {"room5": 1.601006746, "room0": 1.4031900169999998}}}