{"meta": {"speaker": "spk23", "room": "room8"}, "data": {"spk22": {"room0": 1.064830542}, "spk10": {"room4": 0.46048277600000004, "room12": 0.792228162}, "spk18": {"room5": -1.40129602, "room0": -1.4479355809999999, "room2": -1.450583696}, "spk29": {"room10": 1.493455768}, "spk5": {"room3": 1.071465135, "room5": 0.19922073199999998, "room0": 0.38233622899999997}, "spk9": {"room4": 0.261881441, "room7": 0.21945235100000002, "room10": 1.179962873, "room12": 0.938581586, "room9": -0.060473560999999995}, "spk2": {"room5": 0.6126605270000001, "room0": 0.893840909}, "spk23": {"room4": 2.673684597, "room7": 2.421459198, "room2": 3.026674509, "room10": 3.258805752, "room12": 3.219959021, "room9": 2.307018757}, "spk15": {"room10": -0.565977573}, "spk28": {"room10": -1.093698621}, "spk24": {"room1": 0.5839923020000001}, "spk12": {"room10": -1.203383446}, "spk8": {"room10": 0.307142913}, "spk17": {"room5": 0.967015147, "room0": 1.1436132190000001}, "spk11": {"room3": -0.763167322, "room4": 0.5539305210000001, "room7": -0.678056598, "room2": -0.011458391000000002, "room12": -0.419183254, "room9": 0.45747491700000004}, "spk19": {"room4": -0.954918325, "room7": -1.162024736, "room12": -1.2565160990000002}, "spk13": {"room4": 2.622610569, "room12": 1.638568759}, "spk31": {"room10": -1.451280355}, "spk6": {"room10": 0.177741557}, "spk3": {"room3": 1.3669435980000002, "room5": 1.128472328, "room7": 0.33546835199999997, "room0": 0.8082852359999999, "room2": 1.9467340709999998, "room9": 0.476385593}, "spk0": {"room3": -0.492456049}, "spk20": {"room10": -0.9780281190000001}, "spk26": {"room2": 0.9518813490000001}, "spk16": {"room3": 1.734728813, "room4": -0.647991061, "room7": -0.4757393, "room12": -0.880343676, "room9": 0.056031141}, "spk27": {"room5": -0.043542702, "room0": -0.11882127099999999}, "spk25": {"room1": 1.473505735}, "spk21": {"room3": 1.070607424, "room4": 1.312812328, "room2": 1.4321236609999999, "room12": -0.131342813}, "spk30": {"room4": -1.2925043109999999, "room2": -1.5926450490000001, "room12": -1.3905907869999998}, "spk4": {"room6": 1.142924547}, "spk14": {"room10": 1.12153542}, "spk7": {"room12": 0.506322324}, "spk1": {"room5": 0.352804214, "room0": 1.480383635}}}