{"meta": {"speaker": "spk23", "room": "room12"}, "data": {"spk22": {"room0": 1.174762487}, "spk10": {"room4": 1.352803826, "room12": 1.090857983}, "spk18": {"room5": -1.5420441630000001, "room0": -1.322083116, "room2": -1.295375228}, "spk29": {"room10": 0.6858252290000001}, "spk5": {"room3": 1.227135301, "room5": 0.710600019, "room0": 1.0834968090000001}, "spk9": {"room4": 0.614444077, "room7": 0.230226725, "room10": 0.744214833, "room12": 0.972595155, "room9": 1.079508543}, "spk2": {"room5": 1.623207927, "room0": 1.865013003}, "spk23": {"room4": 5.20209074, "room7": 4.667982101000001, "room2": 3.2400977610000004, "room10": 4.932200909, "room12": 4.414992332, "room9": 4.610422133999999}, "spk15": {"room10": -0.48294484600000004}, "spk28": {"room10": -1.257954955}, "spk24": {"room1": 1.296490073}, "spk12": {"room10": -0.9266490340000001}, "spk8": {"room10": 1.035773754}, "spk17": {"room5": 2.396088362, "room0": 2.418488026}, "spk11": {"room3": -0.514223754, "room4": -0.35139554700000003, "room7": -0.580758035, "room2": -0.983375728, "room12": -0.723172009, "room9": -0.256730735}, "spk19": {"room4": -1.066488028, "room7": -1.035256386, "room12": -1.5064979790000002}, "spk13": {"room4": 0.824330091, "room12": 0.582140207}, "spk31": {"room10": -1.238178611}, "spk6": {"room10": 0.614766777}, "spk3": {"room3": 0.08366175, "room5": 0.397777349, "room7": 0.639380455, "room0": 0.580658138, "room2": 0.323408335, "room9": 0.95167625}, "spk0": {"room3": 0.674155414}, "spk20": {"room10": -0.726523638}, "spk26": {"room2": 1.4639552830000002}, "spk16": {"room3": 0.8935228590000001, "room4": 0.33982914700000005, "room7": -0.607720554, "room12": -0.616854191, "room9": 0.622885346}, "spk27": {"room5": 0.520709157, "room0": 0.15244898199999998}, "spk25": {"room1": 1.6494667530000002}, "spk21": {"room3": 0.692246079, "room4": 0.448318094, "room2": 0.210667878, "room12": 0.783299923}, "spk30": {"room4": -1.578029156, "room2": -2.0423176290000002, "room12": -1.75065577}, "spk4": {"room6": 2.340908766}, "spk14": {"room10": 0.597917259}, "spk7": {"room12": 3.478435755}, "spk1": {"room5": 0.121638127, "room0": 0.7425760029999999}}}