{"meta": {"speaker": "spk23", "room": "room8"}, "data": {"spk22": {"room0": 0.776615322}, "spk10": {"room4": 1.6193128819999998, "room12": 2.046905518}, "spk18": {"room5": -1.0544743540000001, "room0": -1.124812365, "room2": -1.31002903}, "spk29": {"room10": 1.063462734}, "spk5": {"room3": 1.680991411, "room5": 1.06292665, "room0": 1.680693865}, "spk9": {"room4": 0.28006568600000004, "room7": 1.753934383, "room10": 1.719223261, "room12": 1.6705718040000002, "room9": 0.640045941}, "spk2": {"room5": 1.102764249, "room0": 1.13949573}, "spk23": {"room4": 3.6510217189999996, "room7": 3.495460987, "room2": 4.022234917, "room10": 4.030954361, "room12": 3.79693222, "room9": 3.1142640110000004}, "spk15": {"room10": -0.28568998}, "spk28": {"room10": -1.432345629}, "spk24": {"room1": 1.438602924}, "spk12": {"room10": -0.9226881859999999}, "spk8": {"room10": 0.201904207}, "spk17": {"room5": 2.396105528, "room0": 1.979358435}, "spk11": {"room3": -0.9869916440000001, "room4": 0.829741299, "room7": -0.9240435359999999, "room2": -0.48923772600000004, "room12": -0.037091602, "room9": 0.461759776}, "spk19": {"room4": -0.9656928779999999, "room7": -0.9221242070000001, "room12": -1.088486433}, "spk13": {"room4": 3.014749765, "room12": 2.873884439}, "spk31": {"room10": -1.401077747}, "spk6": {"room10": 0.48370230200000003}, "spk3": {"room3": 1.18714726, "room5": 1.275135994, "room7": -0.156279624, "room0": 0.656202257, "room2": 0.864880085, "room9": 0.404952973}, "spk0": {"room3": 0.8043347}, "spk20": {"room10": -0.187573582}, "spk26": {"room2": 1.3772079940000002}, "spk16": {"room3": 1.672341466, "room4": -0.37388435, "room7": -0.025033327, "room12": -0.84929055, "room9": 0.499766052}, "spk27": {"room5": 0.347981155, "room0": -0.152961984}, "spk25": {"room1": 2.0327751640000002}, "spk21": {"room3": 3.451282501, "room4": 2.148132086, "room2": 3.033001423, "room12": 1.98409152}, "spk30": {"room4": -1.153971434, "room2": -1.887961745, "room12": -1.222326875}, "spk4": {"room6": 1.33520782}, "spk14": {"room10": 1.555144787}, "spk7": {"room12": 0.463063568}, "spk1": {"room5": 1.3354779479999999, "room0": 1.801887035}}}