{"meta": {"speaker": "spk23", "room": "room7"}, "data": {"spk22": {"room0": 0.277971208}, "spk10": {"room4": 1.288383722, "room12": 0.661684692}, "spk18": {"room5": -1.283717871, "room0": -0.952143073, "room2": -1.100004792}, "spk29": {"room10": 1.9585301880000001}, "spk5": {"room3": 1.110091925, "room5": 0.937183201, "room0": 1.235839486}, "spk9": {"room4": 0.49786937200000003, "room7": 1.3135160209999999, "room10": 0.581466436, "room12": 0.5877415539999999, "room9": 0.909368455}, "spk2": {"room5": 0.893945038, "room0": -0.165889919}, "spk23": {"room4": 4.328795433, "room7": 3.670047522, "room2": 3.995233059, "room10": 3.3835420610000004, "room12": 3.316768408, "room9": 3.934957743}, "spk15": {"room10": -0.6720769409999999}, "spk28": {"room10": -0.812112153}, "spk24": {"room1": 0.527393043}, "spk12": {"room10": -0.6387702820000001}, "spk8": {"room10": 0.25030335800000003}, "spk17": {"room5": 1.162913442, "room0": 1.355627656}, "spk11": {"room3": -0.197902799, "room4": -0.046229552, "room7": -0.993068278, "room2": -0.42220473299999994, "room12": -0.45299491299999994, "room9": -0.5684487220000001}, "spk19": {"room4": -1.102231145, "room7": -0.8457218409999999, "room12": -1.446928978}, "spk13": {"room4": 1.7208645340000002, "room12": 0.9645819659999999}, "spk31": {"room10": -0.943018913}, "spk6": {"room10": 0.817528725}, "spk3": {"room3": 0.692328095, "room5": 0.750667155, "room7": 0.44551616899999996, "room0": 0.836741924, "room2": 0.12796449699999998, "room9": 0.378164768}, "spk0": {"room3": 0.586690724}, "spk20": {"room10": -0.335002363}, "spk26": {"room2": 1.288344741}, "spk16": {"room3": 1.299360871, "room4": -0.334638387, "room7": -0.005220834000000001, "room12": -0.233618274, "room9": 0.45745757200000003}, "spk27": {"room5": 1.021965861, "room0": 1.138781428}, "spk25": {"room1": 1.269107699}, "spk21": {"room3": 1.668509007, "room4": 1.311043978, "room2": 1.65739727, "room12": 1.286638856}, "spk30": {"room4": -0.86979568, "room2": -1.4059300419999998, "room12": -0.7935667040000001}, "spk4": {"room6": 0.93906951}, "spk14": {"room10": 0.54931587}, "spk7": {"room12": 0.57790941}, "spk1": {"room5": 0.906235635, "room0": 0.41430974}}}