{"meta": {"speaker": "spk23", "room": "room9"}, "data": {"spk22": {"room0": 0.509929717}, "spk10": {"room4": 0.679187953, "room12": 0.267522246}, "spk18": {"room5": -1.2664993999999998, "room0": -0.7101352209999999, "room2": -1.066532254}, "spk29": {"room10": 2.0126724240000002}, "spk5": {"room3": 0.898159385, "room5": 0.50791055, "room0": 0.49753618200000005}, "spk9": {"room4": 0.659603775, "room7": 1.009967327, "room10": 0.175110713, "room12": 0.95333463, "room9": 0.7845913170000001}, "spk2": {"room5": 0.512412131, "room0": 0.12976963800000002}, "spk23": {"room4": 3.76741147, "room7": 4.117638588, "room2": 2.015502691, "room10": 2.340134382, "room12": 3.0157344339999996, "room9": 4.429433823}, "spk15": {"room10": -0.405632526}, "spk28": {"room10": -0.8303203579999999}, "spk24": {"room1": 0.7053717970000001}, "spk12": {"room10": -0.535150528}, "spk8": {"room10": -0.010323964}, "spk17": {"room5": 2.218589306, "room0": 2.246687412}, "spk11": {"room3": -0.48660600200000004, "room4": -0.027233409, "room7": -0.945406795, "room2": -0.48807919, "room12": -0.254433542, "room9": -0.559784532}, "spk19": {"room4": -0.755680323, "room7": -0.67369312, "room12": -0.901489317}, "spk13": {"room4": 0.8517946, "room12": -0.258543283}, "spk31": {"room10": -0.987076581}, "spk6": {"room10": 0.5624210239999999}, "spk3": {"room3": 1.5363017319999999, "room5": 0.751012683, "room7": 1.668571115, "room0": 1.095625401, "room2": 1.139298558, "room9": 1.4675711390000001}, "spk0": {"room3": 1.049235225}, "spk20": {"room10": 0.06206056099999999}, "spk26": {"room2": 0.638726354}, "spk16": {"room3": 0.589853168, "room4": 0.037179574, "room7": -0.638664663, "room12": -0.433548599, "room9": 0.11913148300000001}, "spk27": {"room5": 1.2955963609999999, "room0": 0.759716928}, "spk25": {"room1": 1.374717116}, "spk21": {"room3": -0.118610375, "room4": 0.95863694, "room2": 1.023163557, "room12": 0.76662451}, "spk30": {"room4": -0.48322361700000005, "room2": -1.281377316, "room12": -1.177280903}, "spk4": {"room6": 0.9841079709999999}, "spk14": {"room10": -0.263215184}, "spk7": {"room12": 1.9409658909999998}, "spk1": {"room5": 0.163836241, "room0": 0.813428223}}}