{"meta": {"speaker": "spk23", "room": "room8"}, "data": {"spk22": {"room0": 0.733724058}, "spk10": {"room4": 0.744491696, "room12": 0.868450403}, "spk18": {"room5": -0.6350982789999999, "room0": -0.770037115, "room2": -0.370823026}, "spk29": {"room10": 0.487848103}, "spk5": {"room3": 1.569019437, "room5": 1.7800848480000002, "room0": 1.3700230119999999}, "spk9": {"room4": -0.403094977, "room7": -0.128385812, "room10": -0.084127739, "room12": 0.42809793399999996, "room9": 0.521642148}, "spk2": {"room5": 1.519841433, "room0": 1.980477691}, "spk23": {"room4": 2.611803293, "room7": 2.4827075, "room2": 1.919620395, "room10": 2.484949589, "room12": 3.5342891219999997, "room9": 1.94630909}, "spk15": {"room10": 0.320832819}, "spk28": {"room10": -0.807731152}, "spk24": {"room1": 1.7036705019999998}, "spk12": {"room10": -0.22251673}, "spk8": {"room10": 1.290198922}, "spk17": {"room5": 1.6887092590000001, "room0": 1.3849669690000002}, "spk11": {"room3": -1.061919689, "room4": -0.129555166, "room7": -0.399694175, "room2": -0.268003494, "room12": -0.17317979, "room9": -0.130728811}, "spk19": {"room4": -0.977584302, "room7": -1.115953207, "room12": -0.732117295}, "spk13": {"room4": 1.5142359730000001, "room12": 1.4743300680000002}, "spk31": {"room10": -1.013950706}, "spk6": {"room10": 1.8411829469999998}, "spk3": {"room3": 0.014365606000000001, "room5": 0.15984362400000002, "room7": 0.637054384, "room0": 0.502803445, "room2": 0.10533482599999999, "room9": 0.271904647}, "spk0": {"room3": 0.7263304}, "spk20": {"room10": -0.418251187}, "spk26": {"room2": 0.37534007399999997}, "spk16": {"room3": 1.206958175, "room4": 1.083812475, "room7": 0.658613682, "room12": -0.008349831, "room9": 0.948466301}, "spk27": {"room5": 0.252349496, "room0": 0.939819992}, "spk25": {"room1": 1.475055099}, "spk21": {"room3": 1.766268253, "room4": 1.5766171219999998, "room2": 0.371149868, "room12": 1.229197383}, "spk30": {"room4": -0.762857378, "room2": -1.084899902, "room12": -0.765883148}, "spk4": {"room6": 2.175818682}, "spk14": {"room10": 1.292464137}, "spk7": {"room12": 1.74724102}, "spk1": {"room5": -0.058704242000000004, "room0": -0.16814824899999997}}}