{"meta": {"speaker": "spk23", "room": "room8"}, "data": {"spk22": {"room0": 3.17690444}, "spk10": {"room4": 1.68527472, "room12": 0.8927722570000001}, "spk18": {"room5": -1.497527122, "room0": -1.010252357, "room2": -1.0004295109999999}, "spk29": {"room10": 1.824919701}, "spk5": {"room3": -0.576315403, "room5": -0.256931752, "room0": -0.10277786900000001}, "spk9": {"room4": 2.792229176, "room7": 3.756262064, "room10": 2.267217875, "room12": 3.8567421439999996, "room9": 2.72812438}, "spk2": {"room5": 2.5147829059999998, "room0": 2.6572189330000002}, "spk23": {"room4": 3.0440990919999997, "room7": 3.110226154, "room2": 4.13919735, "room10": 3.3725245000000004, "room12": 3.4750218389999996, "room9": 3.0719559189999996}, "spk15": {"room10": -1.076671481}, "spk28": {"room10": -1.315363407}, "spk24": {"room1": 2.0532224180000003}, "spk12": {"room10": -0.465775877}, "spk8": {"room10": -0.057596639000000005}, "spk17": {"room5": 2.3288316730000003, "room0": 2.35923171}, "spk11": {"room3": 0.984592021, "room4": 1.999787211, "room7": 0.695403755, "room2": 1.3479037280000001, "room12": 1.96252346, "room9": 1.064172626}, "spk19": {"room4": -0.994769573, "room7": -1.064625978, "room12": -1.23314333}, "spk13": {"room4": 3.3599932189999997, "room12": 2.158777714}, "spk31": {"room10": -1.383749127}, "spk6": {"room10": -0.052724835}, "spk3": {"room3": 0.586462915, "room5": 2.500763178, "room7": 0.995229423, "room0": 1.874622941, "room2": 1.79832077, "room9": 1.4689379930000002}, "spk0": {"room3": 0.928892136}, "spk20": {"room10": -0.440818429}, "spk26": {"room2": 3.546309233}, "spk16": {"room3": 2.641123533, "room4": 1.081140518, "room7": 1.327759385, "room12": 1.6312371490000002, "room9": 1.713250995}, "spk27": {"room5": 2.8228421210000003, "room0": 2.196594715}, "spk25": {"room1": 1.229772925}, "spk21": {"room3": 1.9286309480000001, "room4": 1.8194957969999999, "room2": 1.2936846020000001, "room12": 1.861105084}, "spk30": {"room4": -0.677340031, "room2": -1.441678286, "room12": -0.9525600670000001}, "spk4": {"room6": -0.422422975}, "spk14": {"room10": 1.7664351459999998}, "spk7": {"room12": 0.921735108}, "spk1": {"room5": 0.868867218, "room0": 1.15484333}}}