{"meta": {"speaker": "spk23", "room": "room8"}, "data": {"spk22": {"room0": 1.552909493}, "spk10": {"room4": 0.5486735110000001, "room12": -0.009048088000000001}, "spk18": {"room5": -1.055835247, "room0": -1.340727448, "room2": -0.913854301}, "spk29": {"room10": 0.9710218909999999}, "spk5": {"room3": 0.052623052000000003, "room5": 0.371127486, "room0": -0.106301472}, "spk9": {"room4": 2.056673527, "room7": 1.204878211, "room10": 1.734854221, "room12": 2.375077248, "room9": 2.4984061719999997}, "spk2": {"room5": 1.325809002, "room0": 1.5342146159999999}, "spk23": {"room4": 2.78956008, "room7": 2.6731877330000002, "room2": 1.8132314680000001, "room10": 2.453190804, "room12": 3.224716187, "room9": 2.822884798}, "spk15": {"room10": -1.039510608}, "spk28": {"room10": -0.929722488}, "spk24": {"room1": 0.87681824}, "spk12": {"room10": -1.187281489}, "spk8": {"room10": -0.169256806}, "spk17": {"room5": 0.887299418, "room0": 2.014716387}, "spk11": {"room3": 0.097455174, "room4": 1.406255364, "room7": 1.065113068, "room2": 0.070844002, "room12": 0.484102875, "room9": 0.850212634}, "spk19": {"room4": -1.379650831, "room7": -1.089179873, "room12": -1.308822155}, "spk13": {"room4": 2.208012342, "room12": 1.410039425}, "spk31": {"room10": -1.132180572}, "spk6": {"room10": -0.19233167199999998}, "spk3": {"room3": 0.25724867, "room5": 0.8229454159999999, "room7": 1.313317418, "room0": 0.8863344790000001, "room2": 0.999355257, "room9": 0.9260203840000001}, "spk0": {"room3": 0.301311433}, "spk20": {"room10": -1.073826551}, "spk26": {"room2": 1.181277514}, "spk16": {"room3": 2.328500271, "room4": 1.1981559990000001, "room7": 0.6596614120000001, "room12": 0.128720731, "room9": 1.957340956}, "spk27": {"room5": 0.436902732, "room0": 0.7000383729999999}, "spk25": {"room1": 0.8296496870000001}, "spk21": {"room3": 0.40051686799999997, "room4": 1.474522829, "room2": -0.17386302399999998, "room12": 1.6187421080000002}, "spk30": {"room4": -1.41392839, "room2": -1.551306844, "room12": -1.534857035}, "spk4": {"room6": -0.22664563399999998}, "spk14": {"room10": 1.271101117}, "spk7": {"room12": 1.34420383}, "spk1": {"room5": 0.313894451, "room0": 1.436331987}}}