{"meta": {"speaker": "spk23", "room": "room8"}, "data": {"spk22": {"room0": 1.028090239}, "spk10": {"room4": 1.523073554, "room12": 1.095770717}, "spk18": {"room5": -1.17576468, "room0": -1.23527658, "room2": -1.269379854}, "spk29": {"room10": 1.7778551580000002}, "spk5": {"room3": 0.17429778, "room5": 0.893889308, "room0": 1.246674657}, "spk9": {"room4": 1.4316657780000002, "room7": 1.03467989, "room10": 1.350782752, "room12": 1.673691511, "room9": 1.3887468580000002}, "spk2": {"room5": 1.513339281, "room0": 1.4753191469999998}, "spk23": {"room4": 3.161111355, "room7": 3.019933224, "room2": 2.9769792560000004, "room10": 3.919312, "room12": 2.553076506, "room9": 4.288154602}, "spk15": {"room10": -0.520411849}, "spk28": {"room10": -1.208041072}, "spk24": {"room1": 1.0579404829999999}, "spk12": {"room10": -0.9883434179999999}, "spk8": {"room10": 0.5074850320000001}, "spk17": {"room5": 2.661323071, "room0": 3.147451162}, "spk11": {"room3": -0.015848998, "room4": 0.17037142800000002, "room7": -0.43773341200000004, "room2": -0.22185497, "room12": -0.233218655, "room9": -0.338700265}, "spk19": {"room4": -1.235744596, "room7": -1.394174695, "room12": -1.220357776}, "spk13": {"room4": 2.115118265, "room12": 1.351840854}, "spk31": {"room10": -1.5675801040000001}, "spk6": {"room10": 0.30830094199999997}, "spk3": {"room3": 0.95954901, "room5": 1.4036302569999999, "room7": 1.015157938, "room0": 1.2086386679999999, "room2": 1.227713227, "room9": 1.50590694}, "spk0": {"room3": 0.6882380840000001}, "spk20": {"room10": -0.06172264400000001}, "spk26": {"room2": 1.778302431}, "spk16": {"room3": 1.519087315, "room4": 0.179802135, "room7": -0.079475425, "room12": -0.643611014, "room9": 0.190434635}, "spk27": {"room5": 1.121242762, "room0": 0.934822142}, "spk25": {"room1": 0.883299589}, "spk21": {"room3": 1.234323025, "room4": 0.887611508, "room2": 1.027383566, "room12": 1.1547006370000001}, "spk30": {"room4": -0.6412790420000001, "room2": -1.4049245119999998, "room12": -1.51554966}, "spk4": {"room6": 1.243234277}, "spk14": {"room10": 1.341502905}, "spk7": {"room12": 0.8384229540000001}, "spk1": {"room5": 0.980588734, "room0": 1.12966466}}}