{"meta": {"speaker": "spk23", "room": "room8"}, "data": {"spk22": {"room0": 0.147302881}, "spk10": {"room4": 0.46740070000000006, "room12": 0.301825076}, "spk18": {"room5": -1.577177048, "room0": -1.69288671, "room2": -1.40004766}, "spk29": {"room10": 1.16762948}, "spk5": {"room3": 0.8919402959999999, "room5": -0.101932883, "room0": 0.252369106}, "spk9": {"room4": 0.377272218, "room7": 0.81287843, "room10": 0.737740576, "room12": 0.586640298, "room9": 0.060401522}, "spk2": {"room5": 1.063251615, "room0": 1.3732017280000002}, "spk23": {"room4": 2.390848637, "room7": 1.7234272959999999, "room2": 2.867093325, "room10": 2.9844574930000003, "room12": 3.39230752, "room9": 2.195008993}, "spk15": {"room10": -0.18595178399999998}, "spk28": {"room10": -0.987454712}, "spk24": {"room1": 0.325380415}, "spk12": {"room10": -1.0420523879999999}, "spk8": {"room10": 0.826247156}, "spk17": {"room5": 1.484738946, "room0": 1.7472358940000001}, "spk11": {"room3": -0.430906981, "room4": 0.226035073, "room7": -0.812684417, "room2": 0.225521654, "room12": 0.20429131399999997, "room9": 0.16906310600000002}, "spk19": {"room4": -0.931853652, "room7": -1.1147073509999998, "room12": -1.135514259}, "spk13": {"room4": 2.6475603580000002, "room12": 1.482665062}, "spk31": {"room10": -1.001673222}, "spk6": {"room10": 0.720318198}, "spk3": {"room3": -0.149518877, "room5": 0.383937091, "room7": -0.6337277889999999, "room0": -0.122159012, "room2": 0.712101579, "room9": -0.324325949}, "spk0": {"room3": 0.628783464}, "spk20": {"room10": -0.6238952879999999}, "spk26": {"room2": 1.069986224}, "spk16": {"room3": 0.319984496, "room4": -0.776246667, "room7": -0.505430698, "room12": 0.082821585, "room9": -0.254701555}, "spk27": {"room5": 0.666894376, "room0": 0.0024595570000000002}, "spk25": {"room1": 0.259336561}, "spk21": {"room3": 1.7067842480000002, "room4": 1.7000451090000002, "room2": 2.437616348, "room12": 1.535379171}, "spk30": {"room4": -1.697206855, "room2": -2.465899706, "room12": -1.467247009}, "spk4": {"room6": 0.806013405}, "spk14": {"room10": 0.9144138690000001}, "spk7": {"room12": 0.077286288}, "spk1": {"room5": 0.5472891329999999, "room0": 0.7112756370000001}}}