{"meta": {"speaker": "spk23", "room": "room8"}, "data": {"spk22": {"room0": 1.4795974490000001}, "spk10": {"room4": 0.8381776209999999, "room12": 1.4990552659999998}, "spk18": {"room5": -0.6792790890000001, "room0": -0.644876659, "room2": -0.847185552}, "spk29": {"room10": 1.448672652}, "spk5": {"room3": 0.545579612, "room5": 0.7921972270000001, "room0": 1.5065472130000002}, "spk9": {"room4": -0.255052, "room7": 1.203531146, "room10": 1.4181613919999998, "room12": 1.559359908, "room9": 0.317775011}, "spk2": {"room5": 1.611748815, "room0": 1.449446082}, "spk23": {"room4": 3.3644917010000004, "room7": 2.8934051989999996, "room2": 4.2665286060000005, "room10": 4.19062376, "room12": 3.534982443, "room9": 2.356194973}, "spk15": {"room10": -0.164030448}, "spk28": {"room10": -0.9520157579999999}, "spk24": {"room1": 1.374335408}, "spk12": {"room10": -0.58482188}, "spk8": {"room10": 0.32304701199999997}, "spk17": {"room5": 1.390390873, "room0": 1.3565533159999998}, "spk11": {"room3": 0.8705232740000001, "room4": 0.5041863320000001, "room7": -0.189466715, "room2": 0.44006118200000005, "room12": 0.276105434, "room9": 0.239602342}, "spk19": {"room4": -0.829596639, "room7": -0.909799397, "room12": -0.676564932}, "spk13": {"room4": 2.4643909930000003, "room12": 2.664552212}, "spk31": {"room10": -0.9410902859999999}, "spk6": {"room10": 0.520748556}, "spk3": {"room3": 0.998440564, "room5": 1.094569921, "room7": -0.231413603, "room0": 0.6899443270000001, "room2": 1.236512542, "room9": -0.020006478}, "spk0": {"room3": 0.486087561}, "spk20": {"room10": -0.342508465}, "spk26": {"room2": 2.64895916}, "spk16": {"room3": 0.988098383, "room4": -0.614832401, "room7": -0.136271223, "room12": -0.843504667, "room9": -0.105517007}, "spk27": {"room5": 0.773895621, "room0": 1.089336395}, "spk25": {"room1": 1.644955635}, "spk21": {"room3": 2.101617098, "room4": 0.620946288, "room2": 0.565800786, "room12": 1.006503463}, "spk30": {"room4": -0.309705377, "room2": -1.175539851, "room12": -1.002096415}, "spk4": {"room6": 0.966906369}, "spk14": {"room10": 2.411097527}, "spk7": {"room12": 0.766990483}, "spk1": {"room5": 0.687063575, "room0": 1.298947811}}}