{"meta": {"speaker": "spk23", "room": "room2"}, "data": {"spk22": {"room0": 0.936944366}, "spk10": {"room4": 0.8402087690000001, "room12": 1.333326936}, "spk18": {"room5": -1.186098933, "room0": -1.1846089359999998, "room2": -1.359089613}, "spk29": {"room10": 1.5237951280000002}, "spk5": {"room3": 0.289865941, "room5": -0.108880289, "room0": 0.723747969}, "spk9": {"room4": 0.554179609, "room7": 1.4973369840000001, "room10": 0.458579004, "room12": 0.977173805, "room9": 0.965367854}, "spk2": {"room5": 1.6957522630000001, "room0": 1.58617866}, "spk23": {"room4": 4.072483063, "room7": 2.23541069, "room2": 5.408687115, "room10": 3.875049114, "room12": 3.4708585739999998, "room9": 3.353408098}, "spk15": {"room10": -0.9254122379999999}, "spk28": {"room10": -0.758780718}, "spk24": {"room1": 0.285006672}, "spk12": {"room10": -0.634564996}, "spk8": {"room10": 0.23186785}, "spk17": {"room5": 0.8444423679999999, "room0": 1.1195575}, "spk11": {"room3": 0.558122814, "room4": 0.65196085, "room7": -0.7224857809999999, "room2": 0.327650607, "room12": 0.154745936, "room9": -0.22529165399999998}, "spk19": {"room4": -1.114522576, "room7": -0.723436713, "room12": -1.233392358}, "spk13": {"room4": 1.4953396319999999, "room12": 0.9303549529999999}, "spk31": {"room10": -0.8493908640000001}, "spk6": {"room10": 1.324505568}, "spk3": {"room3": 0.300659776, "room5": 1.4337545630000001, "room7": 0.24795514300000002, "room0": 1.576108694, "room2": 0.719251275, "room9": 1.32868588}, "spk0": {"room3": 0.69012326}, "spk20": {"room10": -0.297131121}, "spk26": {"room2": 1.0881522890000002}, "spk16": {"room3": 0.5805840489999999, "room4": -0.236378461, "room7": -0.551938832, "room12": -0.853858531, "room9": 0.159215763}, "spk27": {"room5": 1.3797843459999999, "room0": 1.398827195}, "spk25": {"room1": 0.9017479420000001}, "spk21": {"room3": 1.67534709, "room4": 0.025436143999999997, "room2": 1.075281978, "room12": -0.20046207300000002}, "spk30": {"room4": -1.034023404, "room2": -1.578419924, "room12": -0.547230124}, "spk4": {"room6": 0.626630664}, "spk14": {"room10": 1.532509923}, "spk7": {"room12": 0.621323049}, "spk1": {"room5": 0.768860877, "room0": 0.7755955459999999}}}