{"meta": {"speaker": "spk23", "room": "room8"}, "data": {"spk22": {"room0": 1.298150301}, "spk10": {"room4": 1.3738635780000001, "room12": 1.557076216}, "spk18": {"room5": -1.34987855, "room0": -1.1231974359999999, "room2": -1.3051074740000002}, "spk29": {"room10": 2.093629837}, "spk5": {"room3": -0.290223122, "room5": -0.276247531, "room0": 0.23998618100000002}, "spk9": {"room4": 0.446287841, "room7": 1.204761624, "room10": 0.983404517, "room12": 0.997020602, "room9": 0.541286826}, "spk2": {"room5": 1.232429862, "room0": 0.9240968820000001}, "spk23": {"room4": 2.519381762, "room7": 3.066864252, "room2": 3.76581192, "room10": 1.8779917959999999, "room12": 2.970121145, "room9": 2.76712966}, "spk15": {"room10": -0.8721361759999999}, "spk28": {"room10": -1.514938235}, "spk24": {"room1": 1.031407595}, "spk12": {"room10": -1.257445812}, "spk8": {"room10": 0.22526074899999998}, "spk17": {"room5": 2.533661127, "room0": 2.862068892}, "spk11": {"room3": 0.497181982, "room4": 0.897275925, "room7": -0.499506444, "room2": -0.072081573, "room12": 0.287714034, "room9": 0.12600252}, "spk19": {"room4": -1.163321614, "room7": -1.350560784, "room12": -1.4330644609999998}, "spk13": {"room4": 2.76726079, "room12": 1.7063477040000001}, "spk31": {"room10": -1.4973148109999999}, "spk6": {"room10": 0.840797186}, "spk3": {"room3": 1.282599688, "room5": 1.5017114880000002, "room7": 0.208964705, "room0": 0.830872238, "room2": 1.7509365080000001, "room9": 0.346155196}, "spk0": {"room3": 1.1566733120000001}, "spk20": {"room10": -0.547039747}, "spk26": {"room2": 2.364413023}, "spk16": {"room3": 1.3578931090000002, "room4": -0.410713106, "room7": 0.22758922, "room12": 0.43333700299999994, "room9": 0.360534698}, "spk27": {"room5": 1.0624483820000001, "room0": 0.662094057}, "spk25": {"room1": 1.7903034690000001}, "spk21": {"room3": 0.8857130999999999, "room4": 0.344472438, "room2": 0.040391672, "room12": 0.7220766540000001}, "spk30": {"room4": -0.8383581640000001, "room2": -1.258371711, "room12": -1.53248179}, "spk4": {"room6": 0.08871199199999999}, "spk14": {"room10": 1.333070636}, "spk7": {"room12": 0.684511364}, "spk1": {"room5": 1.314329624, "room0": 1.670688987}}}