{"meta": {"speaker": "spk23", "room": "room8"}, "data": {"spk22": {"room0": 0.525073707}, "spk10": {"room4": 0.236374959, "room12": -0.028679499}, "spk18": {"room5": -1.698822737, "room0": -1.717227101, "room2": -1.4136250019999999}, "spk29": {"room10": 0.930891395}, "spk5": {"room3": 0.784102321, "room5": 0.547583103, "room0": 0.373833805}, "spk9": {"room4": 1.368582845, "room7": 1.207803488, "room10": 2.458613157, "room12": 2.499732018, "room9": 1.8276828530000002}, "spk2": {"room5": 2.093944311, "room0": 2.001734495}, "spk23": {"room4": 2.591008425, "room7": 3.6011679169999997, "room2": 2.195438147, "room10": 3.542577982, "room12": 3.4923498630000003, "room9": 2.881353855}, "spk15": {"room10": -0.977449715}, "spk28": {"room10": -1.1476687190000001}, "spk24": {"room1": 1.642278075}, "spk12": {"room10": -1.974341631}, "spk8": {"room10": 0.76712966}, "spk17": {"room5": 0.442712128, "room0": 1.646345496}, "spk11": {"room3": 0.021678276, "room4": 0.8748109340000001, "room7": -0.220702082, "room2": 0.6925240159999999, "room12": 0.072093688, "room9": 0.370699435}, "spk19": {"room4": -1.629487872, "room7": -1.559037924, "room12": -1.3296902179999999}, "spk13": {"room4": 2.033565283, "room12": 1.088123202}, "spk31": {"room10": -1.605948687}, "spk6": {"room10": -0.9097086190000001}, "spk3": {"room3": 0.48478838799999996, "room5": 1.3448390959999998, "room7": 0.27420631100000004, "room0": 1.007356524, "room2": 0.9528738259999999, "room9": 1.018179178}, "spk0": {"room3": -0.384736061}, "spk20": {"room10": -0.674465775}, "spk26": {"room2": 0.836253166}, "spk16": {"room3": 1.829240441, "room4": 0.881917119, "room7": 1.436136127, "room12": 0.756411493, "room9": 2.111676693}, "spk27": {"room5": 1.088316679, "room0": 1.2126262190000001}, "spk25": {"room1": 0.847516835}, "spk21": {"room3": 1.73470521, "room4": 1.281225681, "room2": 0.736317992, "room12": 1.8241699930000002}, "spk30": {"room4": -1.6610002519999998, "room2": -2.295023203, "room12": -1.160370231}, "spk4": {"room6": 0.6846253870000001}, "spk14": {"room10": -0.061434787000000005}, "spk7": {"room12": 0.6130887270000001}, "spk1": {"room5": 1.1442691090000001, "room0": 1.537943244}}}