{"meta": {"speaker": "spk23", "room": "room8"}, "data": {"spk22": {"room0": 1.204075813}, "spk10": {"room4": 0.8540992740000001, "room12": 0.511578619}, "spk18": {"room5": -1.019937038, "room0": -1.016819477, "room2": -1.1096901890000002}, "spk29": {"room10": 1.705412507}, "spk5": {"room3": 1.221975207, "room5": 0.791329563, "room0": 1.1110005379999999}, "spk9": {"room4": 0.38786333799999995, "room7": 0.952807903, "room10": 1.021157146, "room12": 1.280141592, "room9": 0.7565735579999999}, "spk2": {"room5": 1.456567526, "room0": 0.8904397490000001}, "spk23": {"room4": 3.360472202, "room7": 3.389688015, "room2": 3.98183918, "room10": 3.4083721639999998, "room12": 3.886696815, "room9": 3.312751532}, "spk15": {"room10": -0.8271650079999999}, "spk28": {"room10": -1.220546842}, "spk24": {"room1": 1.033037901}, "spk12": {"room10": -1.12456882}, "spk8": {"room10": 0.20283319100000002}, "spk17": {"room5": 1.5843513009999999, "room0": 1.3950163130000002}, "spk11": {"room3": -0.09543844300000001, "room4": 0.762867153, "room7": -0.548113644, "room2": -0.160797372, "room12": 0.531113863, "room9": 0.7855129240000001}, "spk19": {"room4": -1.3471452, "room7": -1.281951785, "room12": -1.4931565519999999}, "spk13": {"room4": 2.182613373, "room12": 1.90188241}, "spk31": {"room10": -1.296581626}, "spk6": {"room10": 0.217593402}, "spk3": {"room3": 1.582817793, "room5": 1.29063201, "room7": 0.44354727899999996, "room0": 1.25565052, "room2": 1.669271231, "room9": 1.1360601190000001}, "spk0": {"room3": 0.381224722}, "spk20": {"room10": -0.75348866}, "spk26": {"room2": 1.1476587059999999}, "spk16": {"room3": 1.237309813, "room4": -0.9888026120000001, "room7": -0.550239444, "room12": -0.522834957, "room9": -0.510169625}, "spk27": {"room5": 1.359786868, "room0": 0.9278445240000001}, "spk25": {"room1": 1.5870668890000001}, "spk21": {"room3": 1.8213167190000001, "room4": 0.8488115070000001, "room2": 1.759484649, "room12": 0.863102555}, "spk30": {"room4": -1.022963881, "room2": -1.26470077, "room12": -1.388090014}, "spk4": {"room6": 1.088573098}, "spk14": {"room10": 1.40375793}, "spk7": {"room12": 1.361532331}, "spk1": {"room5": 0.813064992, "room0": 1.406493664}}}