{"meta": {"speaker": "spk23", "room": "room8"}, "data": {"spk22": {"room0": 1.375985622}, "spk10": {"room4": 0.577188611, "room12": 0.57415849}, "spk18": {"room5": -1.2586773629999999, "room0": -1.339121342, "room2": -1.295263171}, "spk29": {"room10": 1.171085596}, "spk5": {"room3": 0.291625082, "room5": -0.295553684, "room0": 0.11943111599999999}, "spk9": {"room4": -0.507299602, "room7": -0.033549581, "room10": 0.653957307, "room12": -0.034257323, "room9": 0.079387322}, "spk2": {"room5": 0.829471886, "room0": 0.104135111}, "spk23": {"room4": 2.282366276, "room7": 2.116941214, "room2": 3.0093662739999996, "room10": 2.3919034, "room12": 2.747329712, "room9": 2.0623948569999997}, "spk15": {"room10": -1.6706990000000002}, "spk28": {"room10": -1.5163980719999999}, "spk24": {"room1": 0.770372808}, "spk12": {"room10": -0.9661054020000001}, "spk8": {"room10": 0.48719543200000004}, "spk17": {"room5": 0.418918878, "room0": 0.469652653}, "spk11": {"room3": 0.646574259, "room4": -0.154252887, "room7": -0.551107407, "room2": 0.708502293, "room12": 0.227380008, "room9": 0.22474084800000002}, "spk19": {"room4": -1.40584445, "room7": -1.420593381, "room12": -1.24241817}, "spk13": {"room4": 2.063826799, "room12": 1.916754007}, "spk31": {"room10": -1.6345345969999998}, "spk6": {"room10": -0.012650597}, "spk3": {"room3": 0.528343797, "room5": 0.632871389, "room7": -0.080791816, "room0": 0.255336344, "room2": 1.012408495, "room9": -0.134004399}, "spk0": {"room3": -0.006336589}, "spk20": {"room10": -0.810608566}, "spk26": {"room2": 1.3499284980000001}, "spk16": {"room3": 1.279242277, "room4": -1.002932668, "room7": 0.630966961, "room12": -0.055850573, "room9": -0.134880275}, "spk27": {"room5": 0.255765349, "room0": 0.298583359}, "spk25": {"room1": 1.1749733690000002}, "spk21": {"room3": 1.275863409, "room4": 0.8775677679999999, "room2": 0.70335722, "room12": 0.43406599799999995}, "spk30": {"room4": -1.0493528840000002, "room2": -1.470506549, "room12": -1.618716478}, "spk4": {"room6": 0.10180377199999999}, "spk14": {"room10": 1.643161893}, "spk7": {"room12": 0.230457425}, "spk1": {"room5": 0.304427385, "room0": 1.384963393}}}