{"meta": {"speaker": "spk23", "room": "room8"}, "data": {"spk22": {"room0": 1.164891362}, "spk10": {"room4": 1.026178241, "room12": 0.502309918}, "spk18": {"room5": -1.225889444, "room0": -1.118620992, "room2": -1.2500690220000001}, "spk29": {"room10": 2.021207333}, "spk5": {"room3": 1.205844283, "room5": 1.3831367490000002, "room0": 1.256079316}, "spk9": {"room4": 0.85580796, "room7": 0.902192593, "room10": 0.877234101, "room12": 1.122353315, "room9": 0.909211159}, "spk2": {"room5": 1.779702902, "room0": 0.7160537240000001}, "spk23": {"room4": 2.686420679, "room7": 3.2385754589999998, "room2": 2.646247625, "room10": 2.616283894, "room12": 3.7098917960000004, "room9": 3.9958415030000003}, "spk15": {"room10": -0.775191069}, "spk28": {"room10": -1.060306907}, "spk24": {"room1": 1.129098058}, "spk12": {"room10": -1.048260093}, "spk8": {"room10": 0.6601762179999999}, "spk17": {"room5": 2.346740246, "room0": 2.9133563039999997}, "spk11": {"room3": 0.090465061, "room4": 0.275745958, "room7": -0.362179101, "room2": 0.046976149, "room12": 0.25111863, "room9": 0.040805835}, "spk19": {"room4": -1.226917982, "room7": -0.8515875340000001, "room12": -1.1123142240000001}, "spk13": {"room4": 1.631165147, "room12": 1.1405079359999999}, "spk31": {"room10": -1.421531677}, "spk6": {"room10": 0.163376123}, "spk3": {"room3": 0.684637368, "room5": 0.8433029059999999, "room7": 0.392983526, "room0": 0.703252375, "room2": 0.9423549179999999, "room9": 0.635062993}, "spk0": {"room3": 0.48018381}, "spk20": {"room10": -0.640982985}, "spk26": {"room2": 1.345206261}, "spk16": {"room3": 1.3641335959999998, "room4": -0.583800256, "room7": -0.329845846, "room12": -0.297940165, "room9": 0.250607163}, "spk27": {"room5": 1.140349865, "room0": 1.324542165}, "spk25": {"room1": 1.313843727}, "spk21": {"room3": 1.343169689, "room4": 1.368393779, "room2": 1.7443090680000002, "room12": 1.3701343540000002}, "spk30": {"room4": -1.022233248, "room2": -1.647567868, "room12": -1.402216554}, "spk4": {"room6": 1.135668516}, "spk14": {"room10": 0.447330922}, "spk7": {"room12": 1.4641343359999999}, "spk1": {"room5": 1.424309492, "room0": 1.438750744}}}