{"meta": {"speaker": "spk23", "room": "room7"}, "data": {"spk22": {"room0": 1.503785849}, "spk10": {"room4": 1.333438516, "room12": 1.171874166}, "spk18": {"room5": -0.8115281459999999, "room0": -0.74659878, "room2": -0.698738098}, "spk29": {"room10": 1.700244904}, "spk5": {"room3": 1.893551826, "room5": 1.7928936480000002, "room0": 1.637654781}, "spk9": {"room4": 0.70667994, "room7": 1.038948417, "room10": 0.8457232709999999, "room12": 1.339493632, "room9": 1.070100188}, "spk2": {"room5": 0.5719131829999999, "room0": 0.7248654959999999}, "spk23": {"room4": 3.826733351, "room7": 3.77456522, "room2": 2.850431442, "room10": 4.06600523, "room12": 3.2811179160000004, "room9": 3.633772373}, "spk15": {"room10": -0.326157421}, "spk28": {"room10": -0.7825158240000001}, "spk24": {"room1": 1.7254816290000001}, "spk12": {"room10": -0.509985328}, "spk8": {"room10": 0.577042043}, "spk17": {"room5": 1.877238274, "room0": 1.831522465}, "spk11": {"room3": -0.593710899, "room4": -0.089144915, "room7": -0.744391143, "room2": -1.011618257, "room12": -0.33219403, "room9": -0.18503926699999998}, "spk19": {"room4": -0.887298942, "room7": -0.801538289, "room12": -0.854412198}, "spk13": {"room4": 1.702355504, "room12": 1.165072799}, "spk31": {"room10": -1.001627564}, "spk6": {"room10": 0.434826225}, "spk3": {"room3": 0.451456994, "room5": 0.842806995, "room7": 0.522730052, "room0": 0.603915811, "room2": 0.265802532, "room9": 0.379010707}, "spk0": {"room3": 0.051552600999999997}, "spk20": {"room10": -0.253189325}, "spk26": {"room2": 0.980163455}, "spk16": {"room3": 0.624374866, "room4": 0.150139362, "room7": -0.986762404, "room12": -0.313831419, "room9": 0.380443335}, "spk27": {"room5": 0.612428546, "room0": 0.705242217}, "spk25": {"room1": 1.82708168}, "spk21": {"room3": 0.641587913, "room4": 1.0275130270000001, "room2": 0.8003787990000001, "room12": 0.6417014}, "spk30": {"room4": -0.9662847520000001, "room2": -1.412111282, "room12": -1.169000387}, "spk4": {"room6": 2.436077118}, "spk14": {"room10": 0.497594506}, "spk7": {"room12": 1.490161061}, "spk1": {"room5": -0.10274757400000001, "room0": 0.0070309890000000005}}}