{"meta": {"speaker": "spk23", "room": "room8"}, "data": {"spk22": {"room0": 0.575201094}, "spk10": {"room4": 0.789165497, "room12": -0.283852637}, "spk18": {"room5": -0.47972104, "room0": -0.82596302, "room2": -0.35342621799999996}, "spk29": {"room10": 0.9966899159999999}, "spk5": {"room3": 1.5060452219999998, "room5": 1.745868802, "room0": 1.423967719}, "spk9": {"room4": 0.768752813, "room7": 1.159328699, "room10": 2.240590096, "room12": 1.491447806, "room9": 0.91174674}, "spk2": {"room5": 0.656106055, "room0": 0.296785831}, "spk23": {"room4": 2.582334042, "room7": 2.141573429, "room2": 1.81787014, "room10": 2.484617472, "room12": 2.538864374, "room9": 1.6216408009999999}, "spk15": {"room10": -0.557794094}, "spk28": {"room10": -0.4223001}, "spk24": {"room1": 1.6964573859999998}, "spk12": {"room10": -0.6364116670000001}, "spk8": {"room10": 0.24979063899999998}, "spk17": {"room5": 1.1365128759999998, "room0": 1.644321203}, "spk11": {"room3": -0.8119664190000001, "room4": -0.522068202, "room7": -0.939729333, "room2": -0.804739118, "room12": -0.20020057300000002, "room9": -0.22710818100000002}, "spk19": {"room4": -0.75548774, "room7": -0.7046707870000001, "room12": -0.672989547}, "spk13": {"room4": 1.39270401, "room12": 0.9452192779999999}, "spk31": {"room10": -0.575528085}, "spk6": {"room10": -0.02067581}, "spk3": {"room3": -0.28524857800000003, "room5": 0.064786151, "room7": 0.053270869000000005, "room0": 0.253148258, "room2": 0.817914128, "room9": 0.351660281}, "spk0": {"room3": 0.300186723}, "spk20": {"room10": -0.470650733}, "spk26": {"room2": 1.0730865}, "spk16": {"room3": 1.5047841069999999, "room4": 0.635970116, "room7": 0.08914682300000001, "room12": 0.13843286, "room9": 1.5715843440000001}, "spk27": {"room5": 0.623590529, "room0": 0.769321859}, "spk25": {"room1": 0.939126372}, "spk21": {"room3": 0.827193737, "room4": 0.552535415, "room2": 0.34314438700000005, "room12": 0.515328109}, "spk30": {"room4": -0.719409585, "room2": -0.909551859, "room12": -0.5148239139999999}, "spk4": {"room6": 0.7126104240000001}, "spk14": {"room10": 0.172025546}, "spk7": {"room12": 1.677642584}, "spk1": {"room5": 0.127347186, "room0": 0.659594774}}}