{"meta": {"speaker": "spk23", "room": "room2"}, "data": {"spk22": {"room0": 1.041097403}, "spk10": {"room4": 1.814330339, "room12": 2.563961744}, "spk18": {"room5": -1.558058023, "room0": -1.3661309480000001, "room2": -1.8196139340000002}, "spk29": {"room10": 1.3862993719999999}, "spk5": {"room3": 0.796607792, "room5": -0.157036498, "room0": 0.633015275}, "spk9": {"room4": 1.045580149, "room7": 2.113278389, "room10": 0.462581068, "room12": 1.476214647, "room9": 0.798193991}, "spk2": {"room5": 2.2584748269999997, "room0": 2.2457118030000003}, "spk23": {"room4": 4.297472954, "room7": 3.634993076, "room2": 6.754476547, "room10": 4.771716595, "room12": 4.516131878, "room9": 4.351475716}, "spk15": {"room10": -0.695487082}, "spk28": {"room10": -1.237775207}, "spk24": {"room1": 0.5077542660000001}, "spk12": {"room10": -1.199452758}, "spk8": {"room10": 0.362243295}, "spk17": {"room5": 1.595027566, "room0": 0.8694565890000001}, "spk11": {"room3": 0.366320729, "room4": 1.019206762, "room7": -0.29208678, "room2": 0.302314639, "room12": 0.7508315440000001, "room9": -0.023186669}, "spk19": {"room4": -1.276076794, "room7": -0.820397437, "room12": -0.8953781129999999}, "spk13": {"room4": 2.729262114, "room12": 1.24669683}, "spk31": {"room10": -0.8422859309999999}, "spk6": {"room10": 0.9885492920000001}, "spk3": {"room3": 0.9865084890000001, "room5": 1.588146925, "room7": -0.18825291100000002, "room0": 1.4174159769999999, "room2": 0.684574127, "room9": 0.545588315}, "spk0": {"room3": 1.9954353569999999}, "spk20": {"room10": -0.007250829}, "spk26": {"room2": 2.317982435}, "spk16": {"room3": 0.968712032, "room4": 0.148368806, "room7": -0.655132055, "room12": -0.837342978, "room9": -0.291232944}, "spk27": {"room5": 0.443301171, "room0": -0.07484531400000001}, "spk25": {"room1": 1.456890225}, "spk21": {"room3": 2.33872962, "room4": 1.267440081, "room2": 1.105458975, "room12": 0.8917739990000001}, "spk30": {"room4": -0.947122455, "room2": -0.85894835, "room12": -0.741959393}, "spk4": {"room6": 1.561445475}, "spk14": {"room10": 1.2999093529999999}, "spk7": {"room12": 0.864105165}, "spk1": {"room5": 1.486519098, "room0": 1.7737493519999998}}}