{"meta": {"speaker": "spk23", "room": "room8"}, "data": {"spk22": {"room0": 0.697263658}, "spk10": {"room4": 1.02188468, "room12": 1.434455276}, "spk18": {"room5": -0.437732041, "room0": -0.36157906100000003, "room2": 0.05911402}, "spk29": {"room10": 1.198484063}, "spk5": {"room3": 1.744651914, "room5": 1.821620107, "room0": 1.3661748169999999}, "spk9": {"room4": 0.329851598, "room7": 0.602414012, "room10": 0.652996659, "room12": 0.492858797, "room9": 0.12665568300000002}, "spk2": {"room5": 1.038603425, "room0": 1.227007866}, "spk23": {"room4": 3.156749964, "room7": 3.320370913, "room2": 3.422485828, "room10": 4.761110783, "room12": 4.377355099, "room9": 3.468138218}, "spk15": {"room10": 0.06849999}, "spk28": {"room10": -0.40280142399999996}, "spk24": {"room1": 1.63017869}, "spk12": {"room10": 0.241793588}, "spk8": {"room10": 0.816512585}, "spk17": {"room5": 1.942409754, "room0": 1.817627788}, "spk11": {"room3": 0.057950094, "room4": -0.014930326, "room7": -0.562517941, "room2": -0.415299773, "room12": -0.576422036, "room9": 0.044821259}, "spk19": {"room4": -0.31990242, "room7": -0.31674853, "room12": -0.263950408}, "spk13": {"room4": 2.091863632, "room12": 2.2010383609999997}, "spk31": {"room10": -0.291419923}, "spk6": {"room10": 0.337637544}, "spk3": {"room3": 0.823886931, "room5": 0.5111457110000001, "room7": 0.07645946, "room0": 0.352428764, "room2": 0.425080925, "room9": 0.161885202}, "spk0": {"room3": 0.8898630740000001}, "spk20": {"room10": 0.256584078}, "spk26": {"room2": 1.823949337}, "spk16": {"room3": 1.313942671, "room4": 0.0064057, "room7": -0.10650073, "room12": -0.31892371199999997, "room9": 0.647777975}, "spk27": {"room5": 1.107205153, "room0": 1.3446053269999998}, "spk25": {"room1": 1.208146811}, "spk21": {"room3": 1.917161822, "room4": 1.381728888, "room2": 1.56175375, "room12": 1.1817559}, "spk30": {"room4": -0.6228141779999999, "room2": -1.039242387, "room12": -0.41264221100000004}, "spk4": {"room6": 2.312365055}, "spk14": {"room10": 0.79822278}, "spk7": {"room12": 1.489732146}, "spk1": {"room5": 0.756666005, "room0": 1.033190012}}}