{"meta": {"speaker": "spk23", "room": "room8"}, "data": {"spk22": {"room0": 1.388363957}, "spk10": {"room4": 1.3961439130000002, "room12": 0.912317157}, "spk18": {"room5": -0.874616563, "room0": -0.914658427, "room2": -1.129032969}, "spk29": {"room10": 1.9872996809999999}, "spk5": {"room3": 0.760925889, "room5": 0.606536269, "room0": 0.691672444}, "spk9": {"room4": 1.118597984, "room7": 1.5672025680000001, "room10": 1.218778729, "room12": 1.447960734, "room9": 1.4791918990000001}, "spk2": {"room5": 2.41309309, "room0": 1.515164256}, "spk23": {"room4": 3.7993924619999997, "room7": 3.32070756, "room2": 4.560144901, "room10": 3.868465185, "room12": 4.1957230569999995, "room9": 2.858647585}, "spk15": {"room10": -0.54442209}, "spk28": {"room10": -1.073324561}, "spk24": {"room1": 0.9289410709999999}, "spk12": {"room10": -0.418985844}, "spk8": {"room10": 0.141908452}, "spk17": {"room5": 1.398134112, "room0": 1.4580153230000001}, "spk11": {"room3": 0.82338208, "room4": 1.3782230619999998, "room7": 0.207504615, "room2": 1.174115896, "room12": 0.8946931359999999, "room9": 0.88383919}, "spk19": {"room4": -0.819784939, "room7": -0.814480603, "room12": -0.88282913}, "spk13": {"room4": 2.432174683, "room12": 1.921598792}, "spk31": {"room10": -0.864591241}, "spk6": {"room10": 0.382170379}, "spk3": {"room3": 0.534527063, "room5": 1.344908595, "room7": 0.510028422, "room0": 1.20783484, "room2": 0.8088215590000001, "room9": 0.59631902}, "spk0": {"room3": 0.78497833}, "spk20": {"room10": -0.173102185}, "spk26": {"room2": 1.297343135}, "spk16": {"room3": 1.6301932330000002, "room4": -0.46055939799999995, "room7": -0.10976109699999999, "room12": 0.15624597699999998, "room9": 0.338546455}, "spk27": {"room5": 2.8046894069999997, "room0": 1.97367239}, "spk25": {"room1": 1.2314357759999999}, "spk21": {"room3": 1.5122017859999999, "room4": 1.1631803509999998, "room2": 1.536088586, "room12": 0.80586797}, "spk30": {"room4": -0.17350158100000002, "room2": -0.716615379, "room12": -0.49014297100000004}, "spk4": {"room6": 0.640245616}, "spk14": {"room10": 0.34610462200000003}, "spk7": {"room12": -0.121655069}, "spk1": {"room5": 0.510038078, "room0": 0.651983738}}}