{"meta": {"speaker": "spk23", "room": "room8"}, "data": {"spk22": {"room0": 1.5672764780000001}, "spk10": {"room4": 1.5172045230000002, "room12": 1.42579174}, "spk18": {"room5": -0.939817309, "room0": -0.8602318170000001, "room2": -0.82875663}, "spk29": {"room10": 2.449760914}, "spk5": {"room3": 0.9922184940000001, "room5": 0.93743664, "room0": 0.566671312}, "spk9": {"room4": 1.076046109, "room7": 1.66556263, "room10": 1.566676855, "room12": 2.029154301, "room9": 1.38822794}, "spk2": {"room5": 1.178046584, "room0": 1.298057437}, "spk23": {"room4": 4.1104269030000005, "room7": 3.661339045, "room2": 5.091281414, "room10": 4.560569286000001, "room12": 4.349933147, "room9": 3.6298174860000003}, "spk15": {"room10": 0.055363655}, "spk28": {"room10": -1.0771162509999999}, "spk24": {"room1": 0.881898403}, "spk12": {"room10": -0.15722017}, "spk8": {"room10": 0.437526226}, "spk17": {"room5": 1.4353746180000002, "room0": 1.5479927059999998}, "spk11": {"room3": 2.375368834, "room4": 2.2523765559999998, "room7": 0.840125263, "room2": 2.051226377, "room12": 1.517092586, "room9": 1.5528335569999998}, "spk19": {"room4": -0.7997660040000001, "room7": -0.76133424, "room12": -0.9036050440000001}, "spk13": {"room4": 3.334650755, "room12": 3.438467741}, "spk31": {"room10": -0.579807341}, "spk6": {"room10": 0.134442046}, "spk3": {"room3": 1.349999666, "room5": 2.081452608, "room7": 1.001920342, "room0": 1.72008419, "room2": 1.711806655, "room9": 1.250641704}, "spk0": {"room3": 1.489072204}, "spk20": {"room10": 0.290466309}, "spk26": {"room2": 1.751219511}, "spk16": {"room3": 1.723439217, "room4": 0.39105522600000003, "room7": 0.15139851, "room12": 0.535635054, "room9": 0.5988249179999999}, "spk27": {"room5": 2.841665983, "room0": 2.1926181319999998}, "spk25": {"room1": 1.724274993}, "spk21": {"room3": 1.818624854, "room4": 0.8957884909999999, "room2": 1.050292134, "room12": 0.5898907179999999}, "spk30": {"room4": -0.48599141799999995, "room2": -1.07953918, "room12": -0.63599962}, "spk4": {"room6": 0.548580647}, "spk14": {"room10": 0.765761197}, "spk7": {"room12": -0.11945409300000001}, "spk1": {"room5": 0.519502044, "room0": 1.728557229}}}