{"meta": {"speaker": "spk23", "room": "room8"}, "data": {"spk22": {"room0": 1.084032059}, "spk10": {"room4": 0.48595821899999997, "room12": -0.6776837109999999}, "spk18": {"room5": -1.490080714, "room0": -1.611425757, "room2": -1.2095903159999999}, "spk29": {"room10": 0.7137114999999999}, "spk5": {"room3": 1.5067102909999999, "room5": 1.318179846, "room0": 1.12825036}, "spk9": {"room4": 0.710484743, "room7": 0.369491726, "room10": 1.033868432, "room12": 1.4689471719999998, "room9": 1.282114625}, "spk2": {"room5": 1.0441108940000001, "room0": 1.095124722}, "spk23": {"room4": 2.433984041, "room7": 3.352864981, "room2": 1.765782833, "room10": 2.070099115, "room12": 3.340444326, "room9": 3.14528656}, "spk15": {"room10": -1.0806039570000001}, "spk28": {"room10": -1.419663429}, "spk24": {"room1": 0.9196540120000001}, "spk12": {"room10": -1.6118373869999998}, "spk8": {"room10": 0.192791283}, "spk17": {"room5": 1.455123425, "room0": 1.808293819}, "spk11": {"room3": -0.29019713399999997, "room4": 0.37531444399999997, "room7": 0.10001386699999999, "room2": -0.7977941040000001, "room12": 0.053802952, "room9": 0.171593666}, "spk19": {"room4": -1.3623037340000002, "room7": -1.4151068930000001, "room12": -1.456223249}, "spk13": {"room4": 0.856143653, "room12": 0.654390335}, "spk31": {"room10": -1.666305661}, "spk6": {"room10": 0.255732983}, "spk3": {"room3": 0.43541368799999997, "room5": 0.514086485, "room7": 0.696214676, "room0": 0.8989881279999999, "room2": 1.298392415, "room9": 0.547057629}, "spk0": {"room3": -0.022917002000000002}, "spk20": {"room10": -1.1826189759999999}, "spk26": {"room2": 0.559578538}, "spk16": {"room3": 0.966849029, "room4": -0.025551045, "room7": -0.274066031, "room12": -0.938462079, "room9": 0.339831173}, "spk27": {"room5": 0.086046159, "room0": 0.223049566}, "spk25": {"room1": 1.6825220580000002}, "spk21": {"room3": 0.6809232829999999, "room4": 1.559965134, "room2": 0.9055148959999999, "room12": 1.425239682}, "spk30": {"room4": -1.327576637, "room2": -1.740822911, "room12": -1.659570217}, "spk4": {"room6": 1.86322093}, "spk14": {"room10": 0.285517544}, "spk7": {"room12": 1.9326586719999999}, "spk1": {"room5": 0.12885527300000002, "room0": 0.37975096700000005}}}