{"meta": {"speaker": "spk23", "room": "room2"}, "data": {"spk22": {"room0": 0.388570398}, "spk10": {"room4": 1.250492215, "room12": 1.79757297}, "spk18": {"room5": -1.31804502, "room0": -0.93577677, "room2": -1.062385798}, "spk29": {"room10": 1.3191826340000001}, "spk5": {"room3": 0.591192901, "room5": 0.489703059, "room0": 0.8214064240000001}, "spk9": {"room4": -0.17312389600000003, "room7": 0.648606598, "room10": 0.374510974, "room12": 0.597645164, "room9": 0.065758154}, "spk2": {"room5": 1.133155346, "room0": 0.847839117}, "spk23": {"room4": 3.6886870860000003, "room7": 3.31412816, "room2": 5.4357128139999995, "room10": 4.421975613, "room12": 3.839596748, "room9": 3.7926635739999996}, "spk15": {"room10": -0.008610243}, "spk28": {"room10": -0.815831482}, "spk24": {"room1": 0.196029946}, "spk12": {"room10": -0.28356865}, "spk8": {"room10": 0.960282028}, "spk17": {"room5": 1.497950792, "room0": 1.197329521}, "spk11": {"room3": -0.108033821, "room4": 0.10514189300000001, "room7": -1.103265285, "room2": -0.303532213, "room12": -0.17807202, "room9": -0.267474443}, "spk19": {"room4": -1.001066327, "room7": -0.51859808, "room12": -1.057137728}, "spk13": {"room4": 2.078407049, "room12": 1.53634131}, "spk31": {"room10": -0.515568793}, "spk6": {"room10": 0.6952211859999999}, "spk3": {"room3": 0.5503271820000001, "room5": 0.651802421, "room7": -0.600737274, "room0": 0.35407924700000004, "room2": -0.224804014, "room9": 0.016234856000000002}, "spk0": {"room3": 1.4540648459999999}, "spk20": {"room10": -0.17378042600000002}, "spk26": {"room2": 1.186799526}, "spk16": {"room3": 0.5139111279999999, "room4": -1.199460268, "room7": -1.325420141, "room12": -1.159133315, "room9": -0.877446651}, "spk27": {"room5": 1.328385949, "room0": 0.661523104}, "spk25": {"room1": 1.167892575}, "spk21": {"room3": 2.345964909, "room4": 1.362686992, "room2": 2.4009149069999998, "room12": 1.6457254890000002}, "spk30": {"room4": -0.6908584240000001, "room2": -1.4847680330000002, "room12": -0.710212767}, "spk4": {"room6": 1.019045472}, "spk14": {"room10": 0.557760954}, "spk7": {"room12": -0.26895409800000003}, "spk1": {"room5": 0.679364324, "room0": 0.610162199}}}