{"meta": {"speaker": "spk23", "room": "room8"}, "data": {"spk22": {"room0": 1.121463656}, "spk10": {"room4": 0.635385871, "room12": 0.426299065}, "spk18": {"room5": -1.695107579, "room0": -1.4398620130000002, "room2": -1.48156631}, "spk29": {"room10": 1.46292007}, "spk5": {"room3": 1.181606889, "room5": 0.9186844829999999, "room0": 1.184479952}, "spk9": {"room4": 0.491646886, "room7": 0.48310446700000004, "room10": 1.256498337, "room12": 0.572084844, "room9": 0.478452712}, "spk2": {"room5": 0.942369461, "room0": 0.3134287}, "spk23": {"room4": 3.360896587, "room7": 3.8257453439999995, "room2": 3.221862078, "room10": 3.214585543, "room12": 3.845164299, "room9": 2.818100929}, "spk15": {"room10": -0.88289398}, "spk28": {"room10": -1.154367208}, "spk24": {"room1": 1.1103066209999999}, "spk12": {"room10": -1.090526581}, "spk8": {"room10": 0.569995582}, "spk17": {"room5": 1.5656942130000002, "room0": 1.839660883}, "spk11": {"room3": 0.472396761, "room4": 0.08558220400000001, "room7": -0.507548034, "room2": 0.709469318, "room12": -0.227754042, "room9": -0.09326639800000001}, "spk19": {"room4": -1.353072405, "room7": -1.3715462680000001, "room12": -1.4562988280000002}, "spk13": {"room4": 2.466287613, "room12": 2.436331987}, "spk31": {"room10": -1.7247929569999998}, "spk6": {"room10": 0.303782254}, "spk3": {"room3": 0.986136913, "room5": 0.453079522, "room7": 0.473829836, "room0": 0.8814436790000001, "room2": 0.9532163140000001, "room9": -0.12257918699999999}, "spk0": {"room3": 0.74995327}, "spk20": {"room10": -0.776962459}, "spk26": {"room2": 1.8508386609999998}, "spk16": {"room3": 2.223993778, "room4": -0.32815495100000003, "room7": 0.17953534399999999, "room12": -0.040073376, "room9": 0.669670522}, "spk27": {"room5": 0.40343251799999996, "room0": 0.799773335}, "spk25": {"room1": 1.600643754}, "spk21": {"room3": 1.5100071430000002, "room4": 0.998102307, "room2": 0.7402760979999999, "room12": 1.205292702}, "spk30": {"room4": -1.048806071, "room2": -1.865052104, "room12": -1.375482202}, "spk4": {"room6": 1.322601318}, "spk14": {"room10": 0.96160835}, "spk7": {"room12": 1.0844764709999999}, "spk1": {"room5": 0.47986519299999997, "room0": 1.242960095}}}