{"meta": {"speaker": "spk23", "room": "room8"}, "data": {"spk22": {"room0": 1.246051073}, "spk10": {"room4": 1.423257113, "room12": 1.3616302009999999}, "spk18": {"room5": -0.671212971, "room0": -0.750565052, "room2": -0.6485677360000001}, "spk29": {"room10": 1.9892919059999998}, "spk5": {"room3": 1.6833032369999998, "room5": 1.341793299, "room0": 1.743213415}, "spk9": {"room4": 0.122407377, "room7": 1.783160448, "room10": 1.371344686, "room12": 1.7439194919999998, "room9": 1.3184193370000001}, "spk2": {"room5": 2.340366125, "room0": 0.888654053}, "spk23": {"room4": 3.1669821739999997, "room7": 3.763650179, "room2": 3.5800058839999997, "room10": 3.736274242, "room12": 3.730208635, "room9": 3.38482523}, "spk15": {"room10": -0.133293226}, "spk28": {"room10": -0.670458436}, "spk24": {"room1": 0.9847066999999999}, "spk12": {"room10": -0.7705231309999999}, "spk8": {"room10": 0.466173172}, "spk17": {"room5": 2.251845598, "room0": 2.190773487}, "spk11": {"room3": -0.739786565, "room4": 0.25376585100000004, "room7": -0.8688682320000001, "room2": -1.4343822, "room12": 0.211334169, "room9": -0.11740482599999999}, "spk19": {"room4": -0.9684962029999999, "room7": -0.92753911, "room12": -0.9351050259999999}, "spk13": {"room4": 2.155813932, "room12": 0.9456714390000001}, "spk31": {"room10": -1.0063242909999999}, "spk6": {"room10": 0.36791122}, "spk3": {"room3": 1.183205605, "room5": 0.8389695290000001, "room7": -0.24426855100000003, "room0": 1.055418015, "room2": 1.077190995, "room9": 0.457101941}, "spk0": {"room3": 0.9192467329999999}, "spk20": {"room10": 0.016477528999999998}, "spk26": {"room2": 0.942540705}, "spk16": {"room3": 1.3643814330000001, "room4": -0.142453149, "room7": 0.21891433, "room12": 0.11899986900000001, "room9": 0.81318146}, "spk27": {"room5": 1.063996673, "room0": 0.8049266340000001}, "spk25": {"room1": 1.51022613}, "spk21": {"room3": 2.340349674, "room4": 1.531757355, "room2": 1.894210815, "room12": 1.7290591}, "spk30": {"room4": -0.846886873, "room2": -1.7385720009999999, "room12": -0.859927773}, "spk4": {"room6": 0.991025686}, "spk14": {"room10": 1.3901059630000001}, "spk7": {"room12": 1.291916728}, "spk1": {"room5": 1.422345519, "room0": 1.096962094}}}