{"meta": {"speaker": "spk23", "room": "room7"}, "data": {"spk22": {"room0": 1.08752346}, "spk10": {"room4": 1.411427736, "room12": 1.142723083}, "spk18": {"room5": -1.6962906119999999, "room0": -1.113026738, "room2": -1.392600894}, "spk29": {"room10": 3.1091203689999998}, "spk5": {"room3": 1.2840693, "room5": 1.2178704740000001, "room0": 0.555897057}, "spk9": {"room4": 0.466660202, "room7": 0.526293576, "room10": 0.00878233, "room12": 0.644913733, "room9": 0.398891568}, "spk2": {"room5": 0.091358908, "room0": 0.005934111}, "spk23": {"room4": 4.249192715, "room7": 5.528063297, "room2": 3.68063426, "room10": 3.498608351, "room12": 4.015349388, "room9": 5.029074669}, "spk15": {"room10": 0.680463612}, "spk28": {"room10": -1.233715653}, "spk24": {"room1": 1.1684867140000001}, "spk12": {"room10": -0.277638793}, "spk8": {"room10": 0.47397542}, "spk17": {"room5": 1.613982558, "room0": 1.855251431}, "spk11": {"room3": -0.22147406600000002, "room4": 0.083457865, "room7": -1.368410945, "room2": -0.46969714799999995, "room12": -0.719334006, "room9": -0.30392164}, "spk19": {"room4": -1.15696764, "room7": -1.114603639, "room12": -1.1436105970000001}, "spk13": {"room4": 2.1207699780000002, "room12": 0.874167204}, "spk31": {"room10": -1.110939145}, "spk6": {"room10": 1.156593084}, "spk3": {"room3": 2.269400358, "room5": 0.84996438, "room7": 1.164772153, "room0": 1.800250888, "room2": 1.629486322, "room9": 1.234790325}, "spk0": {"room3": 1.051455975}, "spk20": {"room10": -0.442751557}, "spk26": {"room2": 2.091544867}, "spk16": {"room3": 0.53538543, "room4": -0.750060678, "room7": -0.583965421, "room12": -1.100499988, "room9": 0.019517612}, "spk27": {"room5": 0.420638293, "room0": 0.557605624}, "spk25": {"room1": 2.0241260530000003}, "spk21": {"room3": 1.018848896, "room4": 2.1905727390000003, "room2": 2.352983236, "room12": 1.9713490009999999}, "spk30": {"room4": -1.030965447, "room2": -1.399654746, "room12": -1.1555386779999999}, "spk4": {"room6": 1.91713655}, "spk14": {"room10": -0.097916529}, "spk7": {"room12": 2.2777965069999997}, "spk1": {"room5": 0.557388604, "room0": 1.175253868}}}