{"meta": {"speaker": "spk23", "room": "room8"}, "data": {"spk22": {"room0": 1.417729735}, "spk10": {"room4": 0.7256720659999999, "room12": 0.372725695}, "spk18": {"room5": -1.485429168, "room0": -1.4732064009999999, "room2": -1.4038414959999999}, "spk29": {"room10": 1.123203874}, "spk5": {"room3": 1.085086107, "room5": 1.41426897, "room0": 0.797207654}, "spk9": {"room4": 1.552977324, "room7": 1.215974808, "room10": 2.0313498969999997, "room12": 1.925116777, "room9": 2.063226223}, "spk2": {"room5": 2.7024362089999996, "room0": 1.931704521}, "spk23": {"room4": 2.959831715, "room7": 3.0550241469999997, "room2": 2.297920465, "room10": 3.4097023010000003, "room12": 3.855570078, "room9": 3.6539292339999996}, "spk15": {"room10": -0.858399987}, "spk28": {"room10": -0.9671998620000001}, "spk24": {"room1": 1.626715422}, "spk12": {"room10": -1.109257102}, "spk8": {"room10": 0.199993938}, "spk17": {"room5": 2.319548845, "room0": 2.981954098}, "spk11": {"room3": 0.04713966, "room4": 0.68905139, "room7": 0.33467567, "room2": 0.044694017999999995, "room12": 0.416345805, "room9": 0.560960412}, "spk19": {"room4": -1.114562273, "room7": -1.126947403, "room12": -1.33334446}, "spk13": {"room4": 1.86749351, "room12": 1.339603662}, "spk31": {"room10": -1.675479054}, "spk6": {"room10": -0.17434719199999998}, "spk3": {"room3": 0.401189566, "room5": 0.861483634, "room7": 1.010389209, "room0": 1.257700086, "room2": 1.0248413090000001, "room9": 1.19154346}, "spk0": {"room3": 0.5749663110000001}, "spk20": {"room10": -1.1705963609999999}, "spk26": {"room2": 1.240469456}, "spk16": {"room3": 1.310934186, "room4": 0.280836254, "room7": 0.167345569, "room12": 0.146066859, "room9": 0.7626317140000001}, "spk27": {"room5": 1.8877747059999999, "room0": 2.033851624}, "spk25": {"room1": 1.817755103}, "spk21": {"room3": 1.544185996, "room4": 1.6298171280000002, "room2": 0.8319270009999999, "room12": 1.8264267440000002}, "spk30": {"room4": -1.2542799709999999, "room2": -1.716178894, "room12": -1.370773315}, "spk4": {"room6": 1.046543717}, "spk14": {"room10": 0.613565266}, "spk7": {"room12": 1.355552673}, "spk1": {"room5": 1.158182144, "room0": 1.15459311}}}