{"meta": {"speaker": "spk23", "room": "room8"}, "data": {"spk22": {"room0": 1.259340763}, "spk10": {"room4": 0.445289075, "room12": -0.039383486}, "spk18": {"room5": -1.559193373, "room0": -1.7321579459999998, "room2": -1.380642891}, "spk29": {"room10": 1.860149145}, "spk5": {"room3": 1.43998909, "room5": 0.34200543200000005, "room0": 0.9355246420000001}, "spk9": {"room4": -0.099489756, "room7": 1.0263744590000001, "room10": 0.759429693, "room12": 0.638148785, "room9": 0.52330929}, "spk2": {"room5": 0.629176497, "room0": -0.254908502}, "spk23": {"room4": 2.931898117, "room7": 2.6990270610000002, "room2": 3.31497097, "room10": 2.0263946059999998, "room12": 3.197051048, "room9": 2.493834257}, "spk15": {"room10": -0.588703871}, "spk28": {"room10": -1.1550085540000001}, "spk24": {"room1": 0.683413029}, "spk12": {"room10": -1.149658322}, "spk8": {"room10": 0.419170052}, "spk17": {"room5": 1.194196105, "room0": 1.2604718209999999}, "spk11": {"room3": -0.0324568, "room4": -0.24139428100000002, "room7": -1.4808150530000002, "room2": -0.41826689200000006, "room12": -0.296875775, "room9": -0.11814189}, "spk19": {"room4": -1.333885312, "room7": -1.196859002, "room12": -1.507279992}, "spk13": {"room4": 1.53170681, "room12": 1.478653669}, "spk31": {"room10": -1.454264283}, "spk6": {"room10": 0.6348504420000001}, "spk3": {"room3": 1.76345396, "room5": 0.608680785, "room7": 0.321940839, "room0": 0.995890617, "room2": 1.408289194, "room9": 0.43799719200000004}, "spk0": {"room3": 0.34384766200000005}, "spk20": {"room10": -0.61033839}, "spk26": {"room2": 1.091507912}, "spk16": {"room3": 0.9420135620000001, "room4": -1.300587654, "room7": -0.19609917699999999, "room12": -0.34294146299999995, "room9": -0.5735270379999999}, "spk27": {"room5": 0.22147180100000002, "room0": 0.297924042}, "spk25": {"room1": 1.5603188280000002}, "spk21": {"room3": 1.418666601, "room4": 1.262043118, "room2": 1.989911079, "room12": 0.379695117}, "spk30": {"room4": -0.75687778, "room2": -1.3923316000000001, "room12": -1.296701312}, "spk4": {"room6": 1.097789645}, "spk14": {"room10": 1.622181535}, "spk7": {"room12": 1.031673908}, "spk1": {"room5": 0.45455265, "room0": 1.062633157}}}