{"meta": {"speaker": "spk23", "room": "room8"}, "data": {"spk22": {"room0": -0.198519945}, "spk10": {"room4": -0.514923155, "room12": 0.07506795200000001}, "spk18": {"room5": -1.1862349509999999, "room0": -1.08246994, "room2": -1.573024035}, "spk29": {"room10": -0.026757209}, "spk5": {"room3": -0.9447792770000001, "room5": -0.758783937, "room0": -0.037797458}, "spk9": {"room4": -1.218476176, "room7": -0.6412884, "room10": -0.821471512, "room12": -1.459858298, "room9": -0.595335424}, "spk2": {"room5": 0.0022702539999999998, "room0": 0.115219183}, "spk23": {"room4": 2.062784672, "room7": 1.256732225, "room2": 2.442276478, "room10": 1.6749846940000002, "room12": 2.405194759, "room9": 2.23977375}, "spk15": {"room10": -1.036099434}, "spk28": {"room10": -1.017142534}, "spk24": {"room1": 0.788729072}, "spk12": {"room10": -1.3869911430000001}, "spk8": {"room10": 0.789705098}, "spk17": {"room5": 0.028781387999999998, "room0": 0.589968801}, "spk11": {"room3": -1.295355797, "room4": -1.4601263999999998, "room7": -1.894478202, "room2": -1.8421092030000001, "room12": -1.4544104340000001, "room9": -1.786981463}, "spk19": {"room4": -1.581252813, "room7": -1.41892755, "room12": -1.456153512}, "spk13": {"room4": 1.015229106, "room12": 0.128741965}, "spk31": {"room10": -1.4319901469999998}, "spk6": {"room10": 0.40381053100000003}, "spk3": {"room3": -0.457547575, "room5": 1.045553088, "room7": -0.6772759559999999, "room0": 0.327858806, "room2": 0.276064515, "room9": -0.48901844}, "spk0": {"room3": -0.17706406100000002}, "spk20": {"room10": -0.8789596559999999}, "spk26": {"room2": 1.6105558869999999}, "spk16": {"room3": -0.741582394, "room4": -1.249689817, "room7": -1.335386157, "room12": -1.135673165, "room9": -1.04518652}, "spk27": {"room5": -0.08954642, "room0": -1.118213058}, "spk25": {"room1": 0.011188378}, "spk21": {"room3": 0.42443943, "room4": -0.0024471239999999997, "room2": 1.069941282, "room12": 0.274160236}, "spk30": {"room4": -1.549008965, "room2": -2.433097124, "room12": -1.44036305}, "spk4": {"room6": -0.002396249}, "spk14": {"room10": 1.09243989}, "spk7": {"room12": 0.22560648600000002}, "spk1": {"room5": 0.01988871, "room0": 1.099867821}}}