{"meta": {"speaker": "spk23", "room": "room9"}, "data": {"spk22": {"room0": 0.704123139}, "spk10": {"room4": 1.394578695, "room12": 0.8056390290000001}, "spk18": {"room5": -1.254785538, "room0": -1.283808827, "room2": -1.5240693090000001}, "spk29": {"room10": 1.532836556}, "spk5": {"room3": 1.159802675, "room5": 0.7750021220000001, "room0": 1.1211618190000001}, "spk9": {"room4": 0.6539897920000001, "room7": 1.208427429, "room10": 1.189133286, "room12": 0.882559896, "room9": 0.8339434859999999}, "spk2": {"room5": 1.126769304, "room0": 0.5469047429999999}, "spk23": {"room4": 5.093957424, "room7": 4.5069589610000005, "room2": 3.7224438189999995, "room10": 4.157990456, "room12": 3.843310118, "room9": 5.027935982}, "spk15": {"room10": -0.460755974}, "spk28": {"room10": -1.222464085}, "spk24": {"room1": 1.0837916140000001}, "spk12": {"room10": -0.840191305}, "spk8": {"room10": 0.543510675}, "spk17": {"room5": 1.7518070940000001, "room0": 1.84955585}, "spk11": {"room3": 0.252393961, "room4": -0.012039888, "room7": -0.350816101, "room2": 0.098237053, "room12": -0.339603812, "room9": -0.280138403}, "spk19": {"room4": -1.1347788570000001, "room7": -1.471209884, "room12": -1.1845098729999999}, "spk13": {"room4": 1.2386527059999999, "room12": 1.430630922}, "spk31": {"room10": -1.403756976}, "spk6": {"room10": -0.081853829}, "spk3": {"room3": 1.287662625, "room5": 0.415480196, "room7": 1.246921062, "room0": 0.319534987, "room2": 0.6973416809999999, "room9": 1.196358681}, "spk0": {"room3": 0.542381227}, "spk20": {"room10": -0.481996417}, "spk26": {"room2": 1.687278152}, "spk16": {"room3": 0.895823598, "room4": -0.283101439, "room7": -0.39280700700000004, "room12": -0.7348147629999999, "room9": 0.08204386400000001}, "spk27": {"room5": 0.586749732, "room0": 0.358992398}, "spk25": {"room1": 1.98332727}, "spk21": {"room3": 0.487014085, "room4": 0.317384243, "room2": 0.685700238, "room12": 0.5548573729999999}, "spk30": {"room4": -1.229741335, "room2": -1.594251394, "room12": -1.510619283}, "spk4": {"room6": 1.734156609}, "spk14": {"room10": 0.937147319}, "spk7": {"room12": 2.246656179}, "spk1": {"room5": 0.43256422899999997, "room0": 1.1927075390000001}}}