{"meta": {"speaker": "spk23", "room": "room8"}, "data": {"spk22": {"room0": 1.38710022}, "spk10": {"room4": 0.243850172, "room12": 0.346557885}, "spk18": {"room5": -1.536946535, "room0": -1.382709265, "room2": -1.538086534}, "spk29": {"room10": 2.063749552}, "spk5": {"room3": 0.396530658, "room5": 0.33505246, "room0": -0.348968595}, "spk9": {"room4": 2.0870027540000002, "room7": 1.8242620230000002, "room10": 0.266159445, "room12": 1.6144219640000002, "room9": 1.585408688}, "spk2": {"room5": 2.724354506, "room0": 1.890851021}, "spk23": {"room4": 2.9167704580000002, "room7": 3.146099567, "room2": 3.3528883460000003, "room10": 2.8868625160000003, "room12": 3.39268899, "room9": 3.170114279}, "spk15": {"room10": -0.738954663}, "spk28": {"room10": -0.61470902}, "spk24": {"room1": 1.672184348}, "spk12": {"room10": -0.921001792}, "spk8": {"room10": 0.276470542}, "spk17": {"room5": 1.8798792359999998, "room0": 1.9952989819999998}, "spk11": {"room3": 0.164305389, "room4": 0.307069182, "room7": -0.06816621099999999, "room2": 0.113770619, "room12": 0.31392151100000004, "room9": 0.676004767}, "spk19": {"room4": -0.779867172, "room7": -0.569324791, "room12": -0.944360375}, "spk13": {"room4": 2.203035116, "room12": 1.2919988629999999}, "spk31": {"room10": -1.444728971}, "spk6": {"room10": -0.640705347}, "spk3": {"room3": 0.026626692999999996, "room5": 1.642187953, "room7": 0.7013710740000001, "room0": 0.685566604, "room2": 0.837382376, "room9": 0.972167075}, "spk0": {"room3": 0.690862298}, "spk20": {"room10": -0.5464064479999999}, "spk26": {"room2": 1.434543729}, "spk16": {"room3": 2.116313934, "room4": 0.46602097200000003, "room7": 0.754931867, "room12": 0.441762924, "room9": 1.5862551930000002}, "spk27": {"room5": 2.7906346319999997, "room0": 1.961271405}, "spk25": {"room1": 0.643489718}, "spk21": {"room3": 1.069765329, "room4": 0.944715381, "room2": 0.919673085, "room12": 1.112221956}, "spk30": {"room4": -0.234379753, "room2": -1.3045921329999999, "room12": -0.932411969}, "spk4": {"room6": -0.061861932}, "spk14": {"room10": 1.453772545}, "spk7": {"room12": 0.179118186}, "spk1": {"room5": 0.771700442, "room0": 0.7170235509999999}}}