{"meta": {"speaker": "spk23", "room": "room8"}, "data": {"spk22": {"room0": 0.7042703029999999}, "spk10": {"room4": 0.636921585, "room12": 0.46717566299999996}, "spk18": {"room5": -1.113960028, "room0": -1.30767417, "room2": -1.170870066}, "spk29": {"room10": 1.245848417}, "spk5": {"room3": 2.0293350219999997, "room5": 0.588226557, "room0": 0.663046062}, "spk9": {"room4": -0.274782121, "room7": 0.1348335, "room10": 0.510031581, "room12": 0.35335329200000004, "room9": -0.029811751}, "spk2": {"room5": 0.7577897309999999, "room0": 0.279916435}, "spk23": {"room4": 3.17655921, "room7": 3.035665035, "room2": 2.867637634, "room10": 3.071821213, "room12": 3.188007832, "room9": 2.91424942}, "spk15": {"room10": -0.078863502}, "spk28": {"room10": -1.193992138}, "spk24": {"room1": 1.15799582}, "spk12": {"room10": -1.158050179}, "spk8": {"room10": 0.932631075}, "spk17": {"room5": 1.464150786, "room0": 1.4967175719999999}, "spk11": {"room3": -0.076509215, "room4": -0.051309612000000004, "room7": -0.9861183170000001, "room2": -0.325268984, "room12": -0.094251148, "room9": -0.084994845}, "spk19": {"room4": -1.392223716, "room7": -1.221373677, "room12": -1.089859247}, "spk13": {"room4": 1.737196803, "room12": 1.801949501}, "spk31": {"room10": -1.262465}, "spk6": {"room10": 0.48822665200000004}, "spk3": {"room3": 0.658603787, "room5": 0.101672463, "room7": -0.246664792, "room0": 0.071692489, "room2": 0.72470516, "room9": -0.38897919700000005}, "spk0": {"room3": -0.14262443800000002}, "spk20": {"room10": -0.652260959}, "spk26": {"room2": 1.334924459}, "spk16": {"room3": 0.549942672, "room4": -0.7869591709999999, "room7": -1.158063412, "room12": -1.344494343, "room9": -0.88055557}, "spk27": {"room5": -0.070794284, "room0": -0.127458304}, "spk25": {"room1": 1.4229263069999998}, "spk21": {"room3": 0.8027650709999999, "room4": 0.775596023, "room2": 1.066481471, "room12": -0.130981848}, "spk30": {"room4": -1.1649188999999998, "room2": -1.608407497, "room12": -1.310651422}, "spk4": {"room6": 2.540914536}, "spk14": {"room10": 0.9602016809999999}, "spk7": {"room12": 1.365516186}, "spk1": {"room5": 0.38603830299999997, "room0": 0.66461283}}}