{"meta": {"speaker": "spk23", "room": "room8"}, "data": {"spk22": {"room0": 0.450646728}, "spk10": {"room4": 0.683315516, "room12": 0.17006416600000002}, "spk18": {"room5": -1.5526320930000002, "room0": -1.084840655, "room2": -1.121041417}, "spk29": {"room10": 1.073197365}, "spk5": {"room3": 0.8458658459999999, "room5": 1.05689013, "room0": 1.475443721}, "spk9": {"room4": 0.957758069, "room7": 0.6947934029999999, "room10": 0.414051175, "room12": 0.7766508459999999, "room9": 0.9946138859999999}, "spk2": {"room5": 0.9675115940000001, "room0": 0.341722429}, "spk23": {"room4": 3.751701355, "room7": 3.941898108, "room2": 2.845992088, "room10": 2.903359175, "room12": 3.093401909, "room9": 4.910921097}, "spk15": {"room10": -0.844890893}, "spk28": {"room10": -1.121152282}, "spk24": {"room1": 1.291158557}, "spk12": {"room10": -0.7193806770000001}, "spk8": {"room10": -0.028718622000000003}, "spk17": {"room5": 2.268399954, "room0": 2.495913982}, "spk11": {"room3": -0.247565299, "room4": -0.19760263, "room7": -0.325340956, "room2": -0.740495145, "room12": 0.029750716, "room9": -0.22107985600000002}, "spk19": {"room4": -0.887737632, "room7": -0.9598329659999999, "room12": -1.1241363290000002}, "spk13": {"room4": 1.258322835, "room12": 1.908714414}, "spk31": {"room10": -1.508487105}, "spk6": {"room10": 0.867077172}, "spk3": {"room3": 0.094846308, "room5": 0.939806283, "room7": 0.015011753000000001, "room0": -0.10933422300000001, "room2": 0.21590346100000002, "room9": 0.280853778}, "spk0": {"room3": 1.817328453}, "spk20": {"room10": -0.433326989}, "spk26": {"room2": 2.325098991}, "spk16": {"room3": 0.46417370399999996, "room4": -0.218387127, "room7": -0.21984918399999998, "room12": -0.303066105, "room9": -0.21523082300000002}, "spk27": {"room5": 1.778389215, "room0": 0.9555088279999999}, "spk25": {"room1": 1.5116980080000002}, "spk21": {"room3": 2.04141283, "room4": 3.091783047, "room2": 1.853470325, "room12": 2.5630505080000003}, "spk30": {"room4": -1.292915463, "room2": -1.656537533, "room12": -1.453093886}, "spk4": {"room6": 2.07364583}, "spk14": {"room10": 0.313517869}, "spk7": {"room12": 1.922612548}, "spk1": {"room5": 1.342338204, "room0": 0.56433171}}}