{"meta": {"speaker": "spk23", "room": "room8"}, "data": {"spk22": {"room0": 1.9271782640000001}, "spk10": {"room4": 1.466217756, "room12": 1.274534941}, "spk18": {"room5": -0.981817484, "room0": -1.46521616, "room2": -0.9519922140000001}, "spk29": {"room10": 2.618171453}, "spk5": {"room3": 0.830857635, "room5": 0.945730388, "room0": 0.8187835809999999}, "spk9": {"room4": 1.967675805, "room7": 2.2759256359999998, "room10": 2.0053124430000002, "room12": 2.322062731, "room9": 1.8118346930000002}, "spk2": {"room5": 2.026437998, "room0": 2.482368231}, "spk23": {"room4": 3.01204896, "room7": 3.603481293, "room2": 3.9961421489999998, "room10": 4.022267342, "room12": 4.255484104, "room9": 3.5398399830000002}, "spk15": {"room10": -0.008559929}, "spk28": {"room10": -1.0771075490000002}, "spk24": {"room1": 1.18329072}, "spk12": {"room10": 0.074564628}, "spk8": {"room10": 0.384381682}, "spk17": {"room5": 2.536731243, "room0": 2.020574808}, "spk11": {"room3": 1.926122189, "room4": 1.6903558969999999, "room7": 0.716818035, "room2": 1.9123381380000002, "room12": 1.4305224419999998, "room9": 1.5647687909999999}, "spk19": {"room4": -0.52460134, "room7": -0.936854422, "room12": -0.7603361009999999}, "spk13": {"room4": 3.2802906039999997, "room12": 2.946882248}, "spk31": {"room10": -1.477862477}, "spk6": {"room10": 0.30793321100000004}, "spk3": {"room3": 1.227644086, "room5": 1.8581947090000002, "room7": 0.731083512, "room0": 1.819484591, "room2": 1.544943571, "room9": 1.515756011}, "spk0": {"room3": 2.6569011209999998}, "spk20": {"room10": 0.094869651}, "spk26": {"room2": 1.048736453}, "spk16": {"room3": 1.563450575, "room4": 0.759199739, "room7": 0.459429979, "room12": 1.333605409, "room9": 0.044236831}, "spk27": {"room5": 3.060848475, "room0": 2.09507513}, "spk25": {"room1": 2.326818228}, "spk21": {"room3": 1.7406412359999999, "room4": 0.910489917, "room2": 1.19843483, "room12": 0.719477952}, "spk30": {"room4": -0.635291576, "room2": -1.230072141, "room12": -1.045121074}, "spk4": {"room6": 0.6808788179999999}, "spk14": {"room10": 1.780256152}, "spk7": {"room12": 1.165047288}, "spk1": {"room5": 1.129942536, "room0": 1.1299119}}}