{"meta": {"speaker": "spk23", "room": "room8"}, "data": {"spk22": {"room0": 0.9466673729999999}, "spk10": {"room4": 1.36681664, "room12": 0.83518815}, "spk18": {"room5": -1.20048368, "room0": -0.852513552, "room2": -0.912255406}, "spk29": {"room10": 2.746374846}, "spk5": {"room3": 0.331738979, "room5": 0.23124271600000001, "room0": 0.49994677299999996}, "spk9": {"room4": 1.571451783, "room7": 1.051466107, "room10": 1.3933415409999999, "room12": 1.357499599, "room9": 1.544093966}, "spk2": {"room5": 2.9857833389999997, "room0": 2.442845583}, "spk23": {"room4": 3.056993723, "room7": 3.12026906, "room2": 4.505883217, "room10": 4.089663506, "room12": 4.031232834, "room9": 2.98802042}, "spk15": {"room10": -0.634788871}, "spk28": {"room10": -0.7119184140000001}, "spk24": {"room1": 0.386719078}, "spk12": {"room10": -0.568037629}, "spk8": {"room10": 0.284121364}, "spk17": {"room5": 1.341238379, "room0": 1.6813454630000002}, "spk11": {"room3": 1.0906720159999999, "room4": 1.225437284, "room7": 0.783752322, "room2": 1.066344857, "room12": 0.720860183, "room9": 0.635086715}, "spk19": {"room4": -0.868400753, "room7": -0.36613968, "room12": -0.41842085100000004}, "spk13": {"room4": 1.7898905280000001, "room12": 1.278881669}, "spk31": {"room10": -0.659894109}, "spk6": {"room10": -0.391538978}, "spk3": {"room3": 1.314519167, "room5": 2.9495398999999995, "room7": 0.48840516799999995, "room0": 2.463022709, "room2": 2.2400493619999997, "room9": 1.7796238659999999}, "spk0": {"room3": 0.9862186909999999}, "spk20": {"room10": -0.392878681}, "spk26": {"room2": 1.300278902}, "spk16": {"room3": 0.283388555, "room4": -0.876621127, "room7": -0.5218634010000001, "room12": -0.75932461, "room9": -0.326911837}, "spk27": {"room5": 3.06850028, "room0": 2.329909325}, "spk25": {"room1": 1.172214985}, "spk21": {"room3": 0.992566407, "room4": 0.027045354, "room2": 1.094976425, "room12": 0.241846681}, "spk30": {"room4": -1.253833532, "room2": -1.6242362259999998, "room12": -0.8269172909999999}, "spk4": {"room6": 0.244914517}, "spk14": {"room10": 0.8579455020000001}, "spk7": {"room12": 0.806878448}, "spk1": {"room5": 0.641690314, "room0": 1.168480277}}}