{"meta": {"speaker": "spk23", "room": "room4"}, "data": {"spk22": {"room0": 1.172200799}, "spk10": {"room4": 1.791522145, "room12": 0.796838939}, "spk18": {"room5": -0.9627894159999999, "room0": -0.885550618, "room2": -1.132965803}, "spk29": {"room10": 1.121419549}, "spk5": {"room3": 0.480442345, "room5": 0.06527189900000001, "room0": 0.7521688940000001}, "spk9": {"room4": 1.017237425, "room7": 1.397110224, "room10": 1.129342437, "room12": 1.4155507090000001, "room9": 1.640398622}, "spk2": {"room5": 1.420294046, "room0": 1.202448368}, "spk23": {"room4": 5.1729006769999994, "room7": 4.539113522, "room2": 3.6379513739999996, "room10": 4.167319775, "room12": 4.2169809339999995, "room9": 4.532808304}, "spk15": {"room10": -0.649987102}, "spk28": {"room10": -1.131381631}, "spk24": {"room1": 0.638064802}, "spk12": {"room10": -0.168613508}, "spk8": {"room10": 0.742024839}, "spk17": {"room5": 1.813256025, "room0": 1.924907327}, "spk11": {"room3": 1.0048316720000001, "room4": 1.228374004, "room7": -0.010324029, "room2": -0.112267777, "room12": 0.29646295300000003, "room9": -0.2353407}, "spk19": {"room4": -0.8776808979999999, "room7": -1.228560328, "room12": -1.042858005}, "spk13": {"room4": 1.9286051990000002, "room12": 1.080411911}, "spk31": {"room10": -1.066401005}, "spk6": {"room10": 1.308336258}, "spk3": {"room3": 0.607218325, "room5": 1.07470417, "room7": 0.540274382, "room0": 0.585709274, "room2": 0.08819221, "room9": 0.287268788}, "spk0": {"room3": 1.349493504}, "spk20": {"room10": -0.128910691}, "spk26": {"room2": 1.7101432090000002}, "spk16": {"room3": 1.691955209, "room4": 0.06264845299999999, "room7": 0.327533662, "room12": -0.005086587, "room9": 0.6855797770000001}, "spk27": {"room5": 1.264438629, "room0": 1.621089935}, "spk25": {"room1": 1.6847664119999999}, "spk21": {"room3": 0.8252636790000001, "room4": 0.490285277, "room2": 0.5234075189999999, "room12": 0.455449283}, "spk30": {"room4": -0.78023541, "room2": -1.348042846, "room12": -1.175117254}, "spk4": {"room6": 1.5796089169999998}, "spk14": {"room10": 1.696319699}, "spk7": {"room12": 1.792768717}, "spk1": {"room5": -0.018410988, "room0": 0.323688358}}}