{"meta": {"speaker": "spk23", "room": "room8"}, "data": {"spk22": {"room0": 1.4572569130000002}, "spk10": {"room4": 1.074368358, "room12": 0.36672928899999996}, "spk18": {"room5": -0.944588602, "room0": -1.119783998, "room2": -1.0201689}, "spk29": {"room10": 1.534266949}, "spk5": {"room3": 1.5647079940000002, "room5": 1.580666065, "room0": 1.075414181}, "spk9": {"room4": 0.904562056, "room7": 1.146254539, "room10": 1.210794926, "room12": 2.003058672, "room9": 0.7831279040000001}, "spk2": {"room5": 1.742894292, "room0": 1.143360853}, "spk23": {"room4": 3.043368816, "room7": 4.35808897, "room2": 2.711358309, "room10": 4.160219669, "room12": 3.4573321339999996, "room9": 3.972543478}, "spk15": {"room10": -0.56423074}, "spk28": {"room10": -1.0643931629999999}, "spk24": {"room1": 2.737486362}, "spk12": {"room10": -0.864625454}, "spk8": {"room10": 0.211719304}, "spk17": {"room5": 1.9958878759999998, "room0": 2.279929161}, "spk11": {"room3": -0.173533916, "room4": 0.769598305, "room7": 0.529311359, "room2": -4.83e-05, "room12": -0.016400121, "room9": 0.27398964800000003}, "spk19": {"room4": -1.1667567490000001, "room7": -1.022387266, "room12": -1.065639973}, "spk13": {"room4": 2.825819016, "room12": 1.513502836}, "spk31": {"room10": -1.339563727}, "spk6": {"room10": -0.420179576}, "spk3": {"room3": 0.9738120440000001, "room5": 1.639970779, "room7": 1.246688008, "room0": 1.585076213, "room2": 1.6771274809999999, "room9": 1.4780018330000002}, "spk0": {"room3": 0.172644198}, "spk20": {"room10": -0.7127348179999999}, "spk26": {"room2": 1.667527318}, "spk16": {"room3": 1.321694255, "room4": 0.526944816, "room7": -0.21836747199999998, "room12": -0.070603184, "room9": 1.260334134}, "spk27": {"room5": 1.7965557580000002, "room0": 1.247813582}, "spk25": {"room1": 1.6043034790000001}, "spk21": {"room3": 2.162459135, "room4": 1.5936305519999998, "room2": 1.309553027, "room12": 1.819408655}, "spk30": {"room4": -0.966600597, "room2": -1.4958343509999998, "room12": -1.2361520529999999}, "spk4": {"room6": 1.23577857}, "spk14": {"room10": 0.051540703}, "spk7": {"room12": 1.664951205}, "spk1": {"room5": 0.608043849, "room0": 1.4181967969999998}}}