{"meta": {"speaker": "spk23", "room": "room8"}, "data": {"spk22": {"room0": 0.7909116740000001}, "spk10": {"room4": 0.25632563199999997, "room12": 0.042608589}, "spk18": {"room5": -2.269841194, "room0": -1.888023615, "room2": -1.613584876}, "spk29": {"room10": 1.6295170780000001}, "spk5": {"room3": 0.737686098, "room5": 1.1422252659999999, "room0": 0.7772988679999999}, "spk9": {"room4": 1.040560126, "room7": 0.12586455, "room10": 0.718192458, "room12": 1.238443017, "room9": 0.857174277}, "spk2": {"room5": 0.5708436370000001, "room0": 0.456237495}, "spk23": {"room4": 2.7404942510000003, "room7": 2.9220077989999997, "room2": 1.7057615519999998, "room10": 2.365909576, "room12": 2.6491158009999998, "room9": 2.28677702}, "spk15": {"room10": -1.330453396}, "spk28": {"room10": -0.9564262029999999}, "spk24": {"room1": 1.8803560730000002}, "spk12": {"room10": -1.232888222}, "spk8": {"room10": 0.092430755}, "spk17": {"room5": 1.854346991, "room0": 2.3113152980000002}, "spk11": {"room3": -0.8117417690000001, "room4": -0.34846192600000003, "room7": -0.819384575, "room2": -0.6229175929999999, "room12": -0.851833463, "room9": -0.699715555}, "spk19": {"room4": -1.099149227, "room7": -1.054002047, "room12": -1.373693824}, "spk13": {"room4": 0.868190885, "room12": 0.936357379}, "spk31": {"room10": -1.6459378}, "spk6": {"room10": 0.465143979}, "spk3": {"room3": 0.266755402, "room5": 1.435469747, "room7": 0.5552002189999999, "room0": 0.396584153, "room2": 0.660871387, "room9": 0.33700335}, "spk0": {"room3": -0.439113021}, "spk20": {"room10": -0.821819544}, "spk26": {"room2": 0.49941301299999996}, "spk16": {"room3": 2.461883307, "room4": -0.319272667, "room7": -0.260988683, "room12": -0.21408186899999998, "room9": 1.209876776}, "spk27": {"room5": 0.458980888, "room0": 1.1965049509999999}, "spk25": {"room1": 1.096478462}, "spk21": {"room3": 0.7773510220000001, "room4": 0.991402566, "room2": -0.027902782, "room12": 0.747179151}, "spk30": {"room4": -0.809346259, "room2": -1.8367128369999999, "room12": -1.239671111}, "spk4": {"room6": 0.830060661}, "spk14": {"room10": 0.40346247}, "spk7": {"room12": 1.416465998}, "spk1": {"room5": 0.036067697999999995, "room0": 0.505260289}}}