{"meta": {"speaker": "spk23", "room": "room7"}, "data": {"spk22": {"room0": 0.181262597}, "spk10": {"room4": 1.166160822, "room12": 1.164970875}, "spk18": {"room5": -1.500996351, "room0": -1.381779909, "room2": -1.4682855609999999}, "spk29": {"room10": 1.924373865}, "spk5": {"room3": 1.4408276080000002, "room5": 0.87079823, "room0": 1.182502747}, "spk9": {"room4": 0.7318982479999999, "room7": 1.317717075, "room10": 1.069510341, "room12": 0.660304189, "room9": 1.236469984}, "spk2": {"room5": 0.858065367, "room0": 1.423300385}, "spk23": {"room4": 5.877182007, "room7": 5.73370409, "room2": 4.66256094, "room10": 4.653864383999999, "room12": 5.001580715, "room9": 5.732627392}, "spk15": {"room10": -0.401125997}, "spk28": {"room10": -1.003390789}, "spk24": {"room1": 0.805472016}, "spk12": {"room10": -0.805384517}, "spk8": {"room10": -0.059840538}, "spk17": {"room5": 1.836925626, "room0": 2.106568336}, "spk11": {"room3": -0.320722818, "room4": 0.275102615, "room7": -0.665422559, "room2": -0.655815244, "room12": -0.259584248, "room9": 0.225146055}, "spk19": {"room4": -1.400341749, "room7": -1.237126827, "room12": -1.339279532}, "spk13": {"room4": 2.566481352, "room12": 1.464579701}, "spk31": {"room10": -1.611952186}, "spk6": {"room10": 0.8375324609999999}, "spk3": {"room3": 0.797231793, "room5": 0.608252704, "room7": 0.165201634, "room0": 1.088548303, "room2": 1.057851791, "room9": 0.8174232240000001}, "spk0": {"room3": 1.688813925}, "spk20": {"room10": -0.687871873}, "spk26": {"room2": 2.137989998}, "spk16": {"room3": 0.858514905, "room4": 0.266527325, "room7": -0.472419679, "room12": -1.156136274, "room9": 1.077595115}, "spk27": {"room5": 0.506621599, "room0": 0.013049676000000001}, "spk25": {"room1": 1.2156964540000001}, "spk21": {"room3": 1.096464157, "room4": 1.87747848, "room2": 0.9642899629999999, "room12": 1.547758102}, "spk30": {"room4": -1.4247705940000002, "room2": -1.719710469, "room12": -1.5818340780000002}, "spk4": {"room6": 2.7009732719999997}, "spk14": {"room10": 0.512336969}, "spk7": {"room12": 1.648637652}, "spk1": {"room5": 0.734503984, "room0": 1.305341244}}}