{"meta": {"speaker": "spk23", "room": "room8"}, "data": {"spk22": {"room0": 1.362429976}, "spk10": {"room4": 1.264246225, "room12": 0.808080673}, "spk18": {"room5": -1.133209586, "room0": -0.851342797, "room2": -0.658094406}, "spk29": {"room10": 1.939791679}, "spk5": {"room3": 0.7749565840000001, "room5": 1.107617259, "room0": 0.56767416}, "spk9": {"room4": 1.189254761, "room7": 1.320355296, "room10": 1.585588336, "room12": 1.5733655690000001, "room9": 0.849876642}, "spk2": {"room5": 1.5985202790000002, "room0": 1.6152596469999998}, "spk23": {"room4": 3.241831303, "room7": 3.379455328, "room2": 2.686543941, "room10": 3.83905983, "room12": 3.2836201189999996, "room9": 2.6927783489999997}, "spk15": {"room10": -0.354611844}, "spk28": {"room10": -0.392893165}, "spk24": {"room1": 1.1432076690000001}, "spk12": {"room10": -0.614164889}, "spk8": {"room10": 0.588899255}, "spk17": {"room5": 1.668356657, "room0": 2.041201353}, "spk11": {"room3": 0.837522805, "room4": 0.7113657590000001, "room7": 0.263205886, "room2": 1.009698033, "room12": 0.20040293, "room9": 0.620564103}, "spk19": {"room4": -0.44553169600000003, "room7": -0.205607608, "room12": -0.602461755}, "spk13": {"room4": 2.117317677, "room12": 1.65439415}, "spk31": {"room10": -0.871232808}, "spk6": {"room10": 0.21475519199999998}, "spk3": {"room3": 0.8223154540000001, "room5": 1.5885491369999998, "room7": 1.074662805, "room0": 0.835726917, "room2": 1.619079828, "room9": 0.635537267}, "spk0": {"room3": 0.08779363300000001}, "spk20": {"room10": -0.418383121}, "spk26": {"room2": 1.964759946}, "spk16": {"room3": 3.0251078610000004, "room4": -0.116323113, "room7": 0.07677108, "room12": -0.189293236, "room9": 0.768835247}, "spk27": {"room5": 1.293991804, "room0": 1.448477864}, "spk25": {"room1": 1.250018477}, "spk21": {"room3": 0.740366876, "room4": 0.746403217, "room2": 0.288711816, "room12": 0.481895387}, "spk30": {"room4": -0.44908812600000003, "room2": -1.094719529, "room12": -0.655618191}, "spk4": {"room6": 0.903247535}, "spk14": {"room10": 1.433375955}, "spk7": {"room12": 1.613292694}, "spk1": {"room5": 0.40590429299999997, "room0": 0.831077933}}}