{"meta": {"speaker": "spk11", "room": "room12"}, "data": {"spk22": {"room0": 1.268867373}, "spk10": {"room4": 1.042402983, "room12": 0.835518718}, "spk18": {"room5": -0.710665405, "room0": -1.083641171, "room2": -0.9703658820000001}, "spk29": {"room10": 0.341675341}, "spk5": {"room3": -0.376421481, "room5": -0.6363497379999999, "room0": -1.0025713440000001}, "spk9": {"room4": 2.374727011, "room7": 1.6768970490000001, "room10": 2.501704931, "room12": 2.481774569, "room9": 2.567215204}, "spk2": {"room5": 0.557044387, "room0": 1.151598334}, "spk23": {"room4": 0.010437019, "room7": 0.21848711399999998, "room2": -0.35879814600000004, "room10": -0.43459609200000004, "room12": 0.22302843600000002, "room9": -0.10687498699999999}, "spk15": {"room10": -0.992091835}, "spk28": {"room10": -1.095842004}, "spk24": {"room1": -0.266328692}, "spk12": {"room10": -0.616524816}, "spk8": {"room10": -0.221718311}, "spk17": {"room5": 0.016159415, "room0": -0.135064974}, "spk11": {"room3": 3.308387041, "room4": 7.275271416, "room7": 6.322628975, "room2": 4.4984622000000005, "room12": 7.028783797999999, "room9": 6.516941547}, "spk19": {"room4": -1.009702444, "room7": -0.650274456, "room12": -0.676238716}, "spk13": {"room4": 1.544226885, "room12": 1.058755517}, "spk31": {"room10": -1.099634528}, "spk6": {"room10": -0.712484837}, "spk3": {"room3": -0.416917682, "room5": 0.906159878, "room7": 1.700472116, "room0": 1.005775452, "room2": 0.8673022990000001, "room9": 1.327684402}, "spk0": {"room3": -0.17216384399999998}, "spk20": {"room10": -0.525035024}, "spk26": {"room2": 0.135436445}, "spk16": {"room3": 1.2314063309999999, "room4": 2.383896828, "room7": 2.6792793269999997, "room12": 2.299108028, "room9": 2.3358125690000002}, "spk27": {"room5": -0.893269718, "room0": 0.100691512}, "spk25": {"room1": -0.17590972800000002}, "spk21": {"room3": -0.45847421899999996, "room4": -0.252136022, "room2": -0.8306673170000001, "room12": -0.096956551}, "spk30": {"room4": -0.83380121, "room2": -0.983418584, "room12": -0.7538366320000001}, "spk4": {"room6": -0.239385545}, "spk14": {"room10": 1.5594261880000002}, "spk7": {"room12": 0.369828761}, "spk1": {"room5": 0.8415520790000001, "room0": 0.953455985}}}