{"meta": {"speaker": "spk11", "room": "room13"}, "data": {"spk22": {"room0": 2.267014265}, "spk10": {"room4": 0.593619108, "room12": 0.9095669390000001}, "spk18": {"room5": -0.804286361, "room0": -1.008934975, "room2": -0.5061619279999999}, "spk29": {"room10": 1.341860771}, "spk5": {"room3": 0.179574028, "room5": -0.252859861, "room0": -0.0025767629999999997}, "spk9": {"room4": 2.2474896909999997, "room7": 2.06328845, "room10": 3.0284309389999997, "room12": 2.564936161, "room9": 2.414877892}, "spk2": {"room5": 0.916669548, "room0": 0.625139058}, "spk23": {"room4": 0.52376765, "room7": 0.6396870020000001, "room2": 1.8407993319999998, "room10": 1.22384119, "room12": 0.700700164, "room9": 0.071538776}, "spk15": {"room10": -1.773591757}, "spk28": {"room10": -1.137619257}, "spk24": {"room1": -0.18880035}, "spk12": {"room10": -0.214780539}, "spk8": {"room10": -0.571184874}, "spk17": {"room5": -0.582591176, "room0": -0.664666057}, "spk11": {"room3": 6.514088631, "room4": 6.79389143, "room7": 3.199664831, "room2": 5.613509655, "room12": 6.205319405, "room9": 5.8754029270000006}, "spk19": {"room4": -1.2278578279999999, "room7": -1.127308011, "room12": -1.3331569429999999}, "spk13": {"room4": 2.7253291610000003, "room12": 3.2089915280000003}, "spk31": {"room10": -0.890806377}, "spk6": {"room10": -1.431939244}, "spk3": {"room3": 0.452308327, "room5": 1.181015015, "room7": 0.797580898, "room0": 0.579717875, "room2": 1.305733085, "room9": 0.47576311200000004}, "spk0": {"room3": 0.300869942}, "spk20": {"room10": -0.29253915}, "spk26": {"room2": 1.3561050890000002}, "spk16": {"room3": 1.783187866, "room4": 0.07362508, "room7": 2.131564617, "room12": 1.4500643009999998, "room9": 0.674136162}, "spk27": {"room5": -0.062766194, "room0": 1.428619146}, "spk25": {"room1": 0.901786685}, "spk21": {"room3": -0.09114877099999999, "room4": -0.838664234, "room2": -0.9406341909999999, "room12": -1.267624021}, "spk30": {"room4": -0.571330726, "room2": -1.6461356880000002, "room12": -0.6936891079999999}, "spk4": {"room6": -1.041090488}, "spk14": {"room10": 1.876382113}, "spk7": {"room12": -0.115081251}, "spk1": {"room5": 0.259059787, "room0": 0.258932263}}}