{"meta": {"speaker": "spk11", "room": "room13"}, "data": {"spk22": {"room0": -0.311461478}, "spk10": {"room4": 1.185863853, "room12": 2.003304243}, "spk18": {"room5": -2.305056334, "room0": -2.220881224, "room2": -1.628458261}, "spk29": {"room10": 0.666459203}, "spk5": {"room3": -1.820964813, "room5": -2.169329405, "room0": -1.224008203}, "spk9": {"room4": 0.422061741, "room7": 1.079700112, "room10": 0.5878161789999999, "room12": 0.489727825, "room9": 0.7402133940000001}, "spk2": {"room5": -0.055991705999999995, "room0": 1.6629258390000001}, "spk23": {"room4": 0.265394062, "room7": -0.9214336870000001, "room2": 1.425834775, "room10": -0.856815636, "room12": 0.208512545, "room9": -0.532384694}, "spk15": {"room10": -0.8832412359999999}, "spk28": {"room10": -1.3196594720000001}, "spk24": {"room1": -0.098883107}, "spk12": {"room10": -1.27035594}, "spk8": {"room10": -0.693475783}, "spk17": {"room5": -1.620572686, "room0": -1.135770798}, "spk11": {"room3": 5.227706432, "room4": 8.963737488, "room7": 5.6870870589999996, "room2": 5.882548808999999, "room12": 6.983803749, "room9": 8.379567146}, "spk19": {"room4": -1.3715584280000002, "room7": -1.671955705, "room12": -2.180748463}, "spk13": {"room4": 3.180579424, "room12": 3.248394966}, "spk31": {"room10": -1.917162895}, "spk6": {"room10": -0.074863464}, "spk3": {"room3": 2.595101595, "room5": -0.232096076, "room7": 0.926941991, "room0": 1.59600687, "room2": -0.040411938, "room9": 0.945547879}, "spk0": {"room3": 1.032507181}, "spk20": {"room10": -1.04082942}, "spk26": {"room2": 0.38900995299999996}, "spk16": {"room3": 2.053461075, "room4": 1.3384598490000001, "room7": 2.170464754, "room12": 0.490922511, "room9": 0.298483104}, "spk27": {"room5": -1.206487417, "room0": -0.117328309}, "spk25": {"room1": -1.347642183}, "spk21": {"room3": 0.6967623829999999, "room4": 0.45095139700000003, "room2": -0.559721053, "room12": -0.967895627}, "spk30": {"room4": -0.8654862640000001, "room2": -1.447967887, "room12": -1.333803892}, "spk4": {"room6": -0.470588505}, "spk14": {"room10": 4.937482834}, "spk7": {"room12": -1.073358059}, "spk1": {"room5": 0.612536132, "room0": 0.32254532}}}