{"meta": {"speaker": "spk11", "room": "room4"}, "data": {"spk22": {"room0": 1.719405532}, "spk10": {"room4": 1.152525067, "room12": 0.93198967}, "spk18": {"room5": -0.585665762, "room0": -0.644971609, "room2": -0.945388317}, "spk29": {"room10": 0.49727836299999995}, "spk5": {"room3": -1.099788308, "room5": -1.453415275, "room0": -1.383047819}, "spk9": {"room4": 1.646712542, "room7": 1.188672185, "room10": 1.659603238, "room12": 1.799824715, "room9": 2.658300638}, "spk2": {"room5": 0.5339499120000001, "room0": 0.72806412}, "spk23": {"room4": -0.017151628000000002, "room7": 0.30602589199999997, "room2": 0.016646242, "room10": -0.547470629, "room12": 0.433709502, "room9": 0.260622323}, "spk15": {"room10": -1.203145981}, "spk28": {"room10": -0.565425932}, "spk24": {"room1": -1.12252748}, "spk12": {"room10": -0.712328315}, "spk8": {"room10": -0.515158355}, "spk17": {"room5": -0.848116636, "room0": 0.107164674}, "spk11": {"room3": 5.308357238999999, "room4": 7.283252716000001, "room7": 8.077132225, "room2": 6.730741977999999, "room12": 8.635883331, "room9": 8.376906395}, "spk19": {"room4": -1.134096026, "room7": -0.789638698, "room12": -1.151135206}, "spk13": {"room4": 2.443992853, "room12": 2.2609655859999997}, "spk31": {"room10": -1.113625407}, "spk6": {"room10": -1.013219476}, "spk3": {"room3": -0.024201302, "room5": 0.396430492, "room7": 1.6649641990000001, "room0": 1.080484748, "room2": 0.34002569299999996, "room9": 1.037615895}, "spk0": {"room3": -0.070814393}, "spk20": {"room10": -0.339399636}, "spk26": {"room2": -0.073115945}, "spk16": {"room3": 2.363353491, "room4": 2.517650843, "room7": 4.057025909, "room12": 3.431194067, "room9": 2.200282335}, "spk27": {"room5": -0.40308183399999997, "room0": 1.177992225}, "spk25": {"room1": -0.484790564}, "spk21": {"room3": -0.505599558, "room4": -0.5842832920000001, "room2": -0.7110748290000001, "room12": -0.233104736}, "spk30": {"room4": -0.852514565, "room2": -1.026415586, "room12": -0.997680187}, "spk4": {"room6": -0.6746608609999999}, "spk14": {"room10": 2.178448439}, "spk7": {"room12": 0.24773956800000002}, "spk1": {"room5": 1.3939397340000002, "room0": 1.698122144}}}