{"meta": {"speaker": "spk11", "room": "room7"}, "data": {"spk22": {"room0": 2.37228632}, "spk10": {"room4": 1.509261608, "room12": 1.066177368}, "spk18": {"room5": -0.845300257, "room0": -0.566655815, "room2": -0.465357542}, "spk29": {"room10": 0.473954052}, "spk5": {"room3": -0.35130959700000003, "room5": -0.316206366, "room0": -0.7811566}, "spk9": {"room4": 3.479666233, "room7": 3.136933088, "room10": 2.614284515, "room12": 3.2482314110000003, "room9": 3.132592678}, "spk2": {"room5": 1.097733736, "room0": 1.459668994}, "spk23": {"room4": 0.820497513, "room7": 0.565976202, "room2": 0.217106625, "room10": 0.356945515, "room12": 0.334956139, "room9": 0.358394027}, "spk15": {"room10": -0.597668886}, "spk28": {"room10": -0.39098679999999997}, "spk24": {"room1": -0.6203485129999999}, "spk12": {"room10": -0.44980630299999996}, "spk8": {"room10": -0.432924628}, "spk17": {"room5": 0.621024668, "room0": -0.10520169900000001}, "spk11": {"room3": 5.3550138469999995, "room4": 9.198923111000001, "room7": 9.863972664, "room2": 6.520690918, "room12": 8.111692429, "room9": 8.469944}, "spk19": {"room4": -0.162851915, "room7": -0.364676028, "room12": -0.744393229}, "spk13": {"room4": 2.348690748, "room12": 2.743462563}, "spk31": {"room10": -0.956255078}, "spk6": {"room10": -1.049542785}, "spk3": {"room3": 1.002156258, "room5": 1.4615869519999998, "room7": 2.7574846739999996, "room0": 1.884353161, "room2": 0.48711627700000004, "room9": 1.209503174}, "spk0": {"room3": 0.39601579299999995}, "spk20": {"room10": -0.27788588399999997}, "spk26": {"room2": -0.12099636300000001}, "spk16": {"room3": 2.4596304890000003, "room4": 4.105576992, "room7": 3.2602672580000003, "room12": 4.132752895, "room9": 2.407041788}, "spk27": {"room5": 0.8813918829999999, "room0": 1.259848595}, "spk25": {"room1": -0.017599514}, "spk21": {"room3": -0.1332158, "room4": 0.420486897, "room2": -0.535783052, "room12": 0.425927877}, "spk30": {"room4": -0.397815555, "room2": -0.8527134059999999, "room12": -0.624374568}, "spk4": {"room6": -0.775313377}, "spk14": {"room10": 2.0401928419999997}, "spk7": {"room12": -0.00496752}, "spk1": {"room5": 0.963138223, "room0": 1.1497120859999999}}}