{"meta": {"speaker": "spk11", "room": "room11"}, "data": {"spk22": {"room0": 1.5636469130000001}, "spk10": {"room4": 0.33563756899999997, "room12": 0.913629055}, "spk18": {"room5": -1.238420367, "room0": -1.241532803, "room2": -0.954800248}, "spk29": {"room10": 0.397968084}, "spk5": {"room3": -1.0644015070000001, "room5": -1.381480575, "room0": -1.3542866709999999}, "spk9": {"room4": 1.070212364, "room7": 0.912515163, "room10": 0.46482262, "room12": 1.155887842, "room9": 0.941040933}, "spk2": {"room5": 0.286990523, "room0": 0.621091604}, "spk23": {"room4": -0.473015815, "room7": 0.042724192, "room2": 0.335257441, "room10": -0.552586496, "room12": -0.221579269, "room9": -0.5098968739999999}, "spk15": {"room10": -0.701430023}, "spk28": {"room10": -0.6348683829999999}, "spk24": {"room1": -0.418492705}, "spk12": {"room10": -0.661781132}, "spk8": {"room10": -0.8058863279999999}, "spk17": {"room5": -0.76778841, "room0": -1.084649205}, "spk11": {"room3": 4.331034184, "room4": 6.373054981, "room7": 5.491138935, "room2": 6.004801272999999, "room12": 5.791590691000001, "room9": 5.602314472000001}, "spk19": {"room4": -0.919667006, "room7": -1.073544621, "room12": -1.033459425}, "spk13": {"room4": 1.732990026, "room12": 2.36426425}, "spk31": {"room10": -1.294145823}, "spk6": {"room10": -1.05123198}, "spk3": {"room3": 0.7788459059999999, "room5": 0.261631608, "room7": 1.437778592, "room0": 1.109550476, "room2": 0.47656071200000005, "room9": 0.514341354}, "spk0": {"room3": -0.08997152}, "spk20": {"room10": -0.9219105240000001}, "spk26": {"room2": -0.251412541}, "spk16": {"room3": 1.959738374, "room4": 1.8717614409999999, "room7": 3.7094008919999997, "room12": 2.7286574839999997, "room9": 1.4506157640000001}, "spk27": {"room5": -0.33639103200000003, "room0": 0.35791817299999995}, "spk25": {"room1": -0.805597663}, "spk21": {"room3": -0.066197962, "room4": -0.47305399200000003, "room2": -1.049758315, "room12": -0.369668186}, "spk30": {"room4": -0.33657831, "room2": -0.972996712, "room12": -0.7294460540000001}, "spk4": {"room6": -0.8324576020000001}, "spk14": {"room10": 2.0134687419999997}, "spk7": {"room12": -0.665417314}, "spk1": {"room5": 0.644945025, "room0": 0.197302625}}}