{"meta": {"speaker": "spk11", "room": "room11"}, "data": {"spk22": {"room0": 1.675513029}, "spk10": {"room4": 0.978425324, "room12": 1.509542346}, "spk18": {"room5": -2.203048229, "room0": -1.8557616469999998, "room2": -1.881611586}, "spk29": {"room10": 0.282180488}, "spk5": {"room3": -1.048886776, "room5": -1.5762836930000002, "room0": -1.241868138}, "spk9": {"room4": 1.639401197, "room7": 2.426179409, "room10": 1.889055133, "room12": 1.901752591, "room9": 1.815188766}, "spk2": {"room5": 0.197740138, "room0": 0.778546333}, "spk23": {"room4": 0.360032111, "room7": -0.10453178699999999, "room2": 1.417947054, "room10": 0.255088627, "room12": 0.634228289, "room9": -0.064875111}, "spk15": {"room10": -1.650039315}, "spk28": {"room10": -1.177678704}, "spk24": {"room1": -0.551678479}, "spk12": {"room10": -1.200008392}, "spk8": {"room10": -1.332545638}, "spk17": {"room5": -0.61397922, "room0": -0.38510668299999995}, "spk11": {"room3": 6.254165649, "room4": 7.150603771, "room7": 7.0128455160000005, "room2": 7.593750954, "room12": 6.351237297000001, "room9": 8.088378906}, "spk19": {"room4": -1.3742827180000001, "room7": -1.462375402, "room12": -2.089556932}, "spk13": {"room4": 2.915309906, "room12": 3.3586270810000003}, "spk31": {"room10": -2.2855870719999998}, "spk6": {"room10": -1.058823228}, "spk3": {"room3": 0.077464253, "room5": -0.35438960799999997, "room7": 1.2396221159999998, "room0": 0.7676413059999999, "room2": -0.27214691, "room9": 0.09765817199999999}, "spk0": {"room3": 0.06881602099999999}, "spk20": {"room10": -1.079756021}, "spk26": {"room2": 0.043499947000000004}, "spk16": {"room3": 2.098061085, "room4": 2.057137251, "room7": 2.578765631, "room12": 2.1873021130000003, "room9": 0.991815805}, "spk27": {"room5": -0.09002628900000001, "room0": 0.956462681}, "spk25": {"room1": -1.231108069}, "spk21": {"room3": -0.10006774199999999, "room4": -0.21362637, "room2": -0.499697149, "room12": -0.387883931}, "spk30": {"room4": -0.8849844929999999, "room2": -1.582284927, "room12": -1.1546097990000002}, "spk4": {"room6": -1.076052785}, "spk14": {"room10": 2.897426605}, "spk7": {"room12": -1.340897083}, "spk1": {"room5": 0.50020951, "room0": 0.669682443}}}