{"meta": {"speaker": "spk11", "room": "room11"}, "data": {"spk22": {"room0": 2.117205858}, "spk10": {"room4": 0.411585331, "room12": -0.15552131800000002}, "spk18": {"room5": -1.749627948, "room0": -1.393064499, "room2": -1.130399585}, "spk29": {"room10": -0.038479671}, "spk5": {"room3": -0.479834437, "room5": -0.6342964170000001, "room0": -0.758174419}, "spk9": {"room4": 2.1685466769999997, "room7": 1.5078024859999999, "room10": 0.9043197629999999, "room12": 2.218029499, "room9": 1.860634804}, "spk2": {"room5": 0.452381343, "room0": 1.430701613}, "spk23": {"room4": 0.02151053, "room7": -0.534956992, "room2": 0.076369137, "room10": -0.608108282, "room12": -0.084629901, "room9": -0.650877357}, "spk15": {"room10": -0.951503694}, "spk28": {"room10": -0.8480292559999999}, "spk24": {"room1": 0.31633970100000003}, "spk12": {"room10": -0.9222427009999999}, "spk8": {"room10": -0.532131016}, "spk17": {"room5": -0.28341698600000004, "room0": -0.351198137}, "spk11": {"room3": 2.906579018, "room4": 4.856929779, "room7": 4.747410297, "room2": 3.617249727, "room12": 3.831318617, "room9": 4.161082268}, "spk19": {"room4": -0.899754822, "room7": -0.8934380409999999, "room12": -1.600948095}, "spk13": {"room4": 1.09868145, "room12": 0.73379612}, "spk31": {"room10": -1.5117607119999998}, "spk6": {"room10": -0.881859183}, "spk3": {"room3": -0.601724684, "room5": 0.834320664, "room7": 0.8084667329999999, "room0": 0.23156902199999999, "room2": 0.388870448, "room9": 0.293637037}, "spk0": {"room3": -0.322113514}, "spk20": {"room10": -1.0782107109999999}, "spk26": {"room2": -0.343740076}, "spk16": {"room3": 1.605932951, "room4": 2.600530386, "room7": 2.388180017, "room12": 2.171313524, "room9": 1.4036659}, "spk27": {"room5": -0.28617146600000004, "room0": 0.674244225}, "spk25": {"room1": -1.26937151}, "spk21": {"room3": -0.19446951199999998, "room4": 0.246176019, "room2": -0.269483835, "room12": 0.163966849}, "spk30": {"room4": -0.854682565, "room2": -1.477295518, "room12": -1.13922441}, "spk4": {"room6": -0.99944061}, "spk14": {"room10": 2.319634438}, "spk7": {"room12": -0.371412367}, "spk1": {"room5": -0.024335937999999998, "room0": 0.037285656}}}