{"meta": {"speaker": "spk11", "room": "room12"}, "data": {"spk22": {"room0": 2.126351357}, "spk10": {"room4": 1.3763060569999999, "room12": 1.173933387}, "spk18": {"room5": -0.504971862, "room0": -0.597734571, "room2": -0.654482484}, "spk29": {"room10": 0.962007761}, "spk5": {"room3": -1.252715945, "room5": -1.263871193, "room0": -1.5349259380000002}, "spk9": {"room4": 2.649610996, "room7": 1.535169959, "room10": 2.031058788, "room12": 2.4641151430000003, "room9": 3.100247145}, "spk2": {"room5": 0.830941975, "room0": 0.723843813}, "spk23": {"room4": 0.512976706, "room7": 0.2919828, "room2": 0.5216389889999999, "room10": 0.106658697, "room12": 0.485357493, "room9": 0.772321224}, "spk15": {"room10": -1.187942147}, "spk28": {"room10": -0.478998661}, "spk24": {"room1": -0.21903407600000002}, "spk12": {"room10": -0.674685419}, "spk8": {"room10": -0.565992355}, "spk17": {"room5": 0.008799014, "room0": -0.49057582}, "spk11": {"room3": 4.084238052, "room4": 7.7953801160000005, "room7": 6.720736027, "room2": 5.636322497999999, "room12": 7.974804878, "room9": 6.5263395310000005}, "spk19": {"room4": -0.799528122, "room7": -0.862045288, "room12": -0.833993256}, "spk13": {"room4": 1.911492705, "room12": 1.915869474}, "spk31": {"room10": -1.10028708}, "spk6": {"room10": -1.059877872}, "spk3": {"room3": 0.124180891, "room5": 0.42511987700000003, "room7": 1.211632133, "room0": 1.160583615, "room2": 0.42829799700000004, "room9": 1.217076063}, "spk0": {"room3": -0.183831185}, "spk20": {"room10": -0.7873924370000001}, "spk26": {"room2": -0.359078825}, "spk16": {"room3": 1.704593182, "room4": 2.358252048, "room7": 2.594261646, "room12": 2.7896485330000003, "room9": 2.207505465}, "spk27": {"room5": 0.034722414, "room0": 1.285857797}, "spk25": {"room1": 0.235685617}, "spk21": {"room3": -0.520104766, "room4": -0.202468187, "room2": -0.023740426000000002, "room12": -0.010966913}, "spk30": {"room4": -0.794159353, "room2": -1.178291678, "room12": -0.993258119}, "spk4": {"room6": -0.5983259679999999}, "spk14": {"room10": 1.27410841}, "spk7": {"room12": 0.128236964}, "spk1": {"room5": 0.81933862, "room0": 1.308923364}}}