{"meta": {"speaker": "spk11", "room": "room9"}, "data": {"spk22": {"room0": 1.5330950019999998}, "spk10": {"room4": 1.826425433, "room12": 1.470228195}, "spk18": {"room5": -0.17793028100000002, "room0": -0.196097568, "room2": -0.608180046}, "spk29": {"room10": 0.32499754399999997}, "spk5": {"room3": -0.626571655, "room5": -0.788644195, "room0": -0.8910105229999999}, "spk9": {"room4": 1.37714994, "room7": 1.8403244019999998, "room10": 1.687352061, "room12": 2.067941666, "room9": 2.1684839730000003}, "spk2": {"room5": 0.6099606160000001, "room0": 0.702198386}, "spk23": {"room4": -0.14643319, "room7": 0.303994715, "room2": 0.239515305, "room10": -0.20192134399999997, "room12": -0.111403301, "room9": 0.334044844}, "spk15": {"room10": -1.146813512}, "spk28": {"room10": -0.623097599}, "spk24": {"room1": -0.675588489}, "spk12": {"room10": -0.317023307}, "spk8": {"room10": -0.719331086}, "spk17": {"room5": -0.317424864, "room0": -0.074217372}, "spk11": {"room3": 5.012282372, "room4": 7.268349647999999, "room7": 7.081921101, "room2": 5.994772434, "room12": 7.724397659, "room9": 7.1300191879999995}, "spk19": {"room4": -0.7909587029999999, "room7": -0.576231301, "room12": -0.842431962}, "spk13": {"room4": 2.176760435, "room12": 2.351827145}, "spk31": {"room10": -0.7274894709999999}, "spk6": {"room10": -1.24549818}, "spk3": {"room3": -0.176315203, "room5": 0.628982782, "room7": 1.606104255, "room0": 0.824537814, "room2": 0.059370532999999996, "room9": 0.9636562470000001}, "spk0": {"room3": 0.050686046}, "spk20": {"room10": -0.022404376}, "spk26": {"room2": 0.046017431}, "spk16": {"room3": 1.287335396, "room4": 2.0618250369999997, "room7": 2.826444864, "room12": 2.514270782, "room9": 1.779096007}, "spk27": {"room5": 0.092329405, "room0": 1.256887436}, "spk25": {"room1": -0.47604206200000004}, "spk21": {"room3": -0.32114186899999997, "room4": 0.026484257, "room2": -0.6961229440000001, "room12": -0.22878707899999998}, "spk30": {"room4": -0.36769858, "room2": -0.67232281, "room12": -0.514623225}, "spk4": {"room6": -0.41637376}, "spk14": {"room10": 1.254369378}, "spk7": {"room12": -0.37726923799999995}, "spk1": {"room5": 1.178300261, "room0": 0.34044235899999997}}}