{"meta": {"speaker": "spk11", "room": "room13"}, "data": {"spk22": {"room0": 2.9461083410000004}, "spk10": {"room4": 1.479385257, "room12": 1.902199626}, "spk18": {"room5": -1.380741477, "room0": -1.2802008390000001, "room2": -0.951875567}, "spk29": {"room10": 0.530522943}, "spk5": {"room3": -1.112541437, "room5": -1.186998725, "room0": -0.865379095}, "spk9": {"room4": 2.888979673, "room7": 2.89006114, "room10": 1.9176350830000002, "room12": 2.496946096, "room9": 2.4435880180000003}, "spk2": {"room5": 0.324977756, "room0": 1.6035302880000002}, "spk23": {"room4": 0.128363341, "room7": -0.58905822, "room2": 0.570144355, "room10": -0.381610334, "room12": 0.278160572, "room9": -0.47311264299999994}, "spk15": {"room10": -0.8886182309999999}, "spk28": {"room10": -0.673021853}, "spk24": {"room1": -0.768199265}, "spk12": {"room10": -0.283229709}, "spk8": {"room10": -1.06923604}, "spk17": {"room5": -0.313082278, "room0": -0.45739308}, "spk11": {"room3": 5.1968526839999996, "room4": 8.449211121, "room7": 7.2816329, "room2": 6.525398731, "room12": 7.8598866460000005, "room9": 8.405942917}, "spk19": {"room4": -0.542716682, "room7": -0.8568748829999999, "room12": -1.223526835}, "spk13": {"room4": 3.0145573619999997, "room12": 2.840556145}, "spk31": {"room10": -1.425224185}, "spk6": {"room10": -0.806076288}, "spk3": {"room3": 0.9713758229999999, "room5": 1.0628850459999999, "room7": 1.7661740780000001, "room0": 1.823459625, "room2": 0.862726212, "room9": 1.450637102}, "spk0": {"room3": 0.664761484}, "spk20": {"room10": -0.072876677}, "spk26": {"room2": -0.389240772}, "spk16": {"room3": 2.346343994, "room4": 3.7847797869999997, "room7": 4.005634308, "room12": 3.9982731339999997, "room9": 2.213104963}, "spk27": {"room5": 0.610031247, "room0": 1.5867004390000001}, "spk25": {"room1": -0.9059252740000001}, "spk21": {"room3": -0.0992008, "room4": -0.152947202, "room2": -0.445546716, "room12": -0.422580212}, "spk30": {"room4": -0.29060161100000004, "room2": -0.556857467, "room12": -0.85510397}, "spk4": {"room6": -0.692798913}, "spk14": {"room10": 3.5822865960000003}, "spk7": {"room12": -0.449758142}, "spk1": {"room5": 0.37513923600000004, "room0": 0.41866028299999997}}}