{"meta": {"speaker": "spk11", "room": "room7"}, "data": {"spk22": {"room0": 2.613009214}, "spk10": {"room4": 1.355703712, "room12": 1.21531558}, "spk18": {"room5": -0.933078885, "room0": -0.6875586509999999, "room2": -0.606588483}, "spk29": {"room10": 0.684248269}, "spk5": {"room3": -0.602313399, "room5": -0.614319324, "room0": -0.585967124}, "spk9": {"room4": 2.894710302, "room7": 2.700195074, "room10": 1.623949766, "room12": 2.2915663719999997, "room9": 2.241728544}, "spk2": {"room5": 0.577881515, "room0": 1.106255412}, "spk23": {"room4": -0.0036671720000000002, "room7": 0.10202305, "room2": -0.065496542, "room10": -0.32961094399999996, "room12": -0.091990672, "room9": -0.20128794}, "spk15": {"room10": -0.7079737190000001}, "spk28": {"room10": -0.253865808}, "spk24": {"room1": -0.199483052}, "spk12": {"room10": -0.420752406}, "spk8": {"room10": -0.555368066}, "spk17": {"room5": -0.008962723, "room0": -0.17867159800000001}, "spk11": {"room3": 6.14788866, "room4": 9.040958405, "room7": 10.04363918, "room2": 6.96812582, "room12": 8.878560066, "room9": 9.02508831}, "spk19": {"room4": -0.263893545, "room7": -0.116136499, "room12": -0.747968137}, "spk13": {"room4": 1.529123664, "room12": 2.402633905}, "spk31": {"room10": -1.1681633}, "spk6": {"room10": -0.8290837409999999}, "spk3": {"room3": 0.8858612779999999, "room5": 1.4671901459999999, "room7": 2.334102631, "room0": 1.802013516, "room2": 0.505064249, "room9": 1.5033314230000001}, "spk0": {"room3": -0.220194325}, "spk20": {"room10": -0.159297526}, "spk26": {"room2": -0.502708733}, "spk16": {"room3": 1.834279776, "room4": 4.0299839969999995, "room7": 4.31925869, "room12": 4.886256218, "room9": 2.673214197}, "spk27": {"room5": 0.051010519000000004, "room0": 1.265210867}, "spk25": {"room1": -0.58732307}, "spk21": {"room3": -0.318567872, "room4": -0.21984538399999998, "room2": -0.19030033100000002, "room12": -0.209846273}, "spk30": {"room4": -0.616674304, "room2": -1.164792418, "room12": -0.665324867}, "spk4": {"room6": -0.448320299}, "spk14": {"room10": 2.5820775030000003}, "spk7": {"room12": 0.285413325}, "spk1": {"room5": 0.705736279, "room0": 1.006246686}}}