{"meta": {"speaker": "spk11", "room": "room13"}, "data": {"spk22": {"room0": -1.9809621569999998}, "spk10": {"room4": 1.372370839, "room12": 0.857088327}, "spk18": {"room5": -2.644733191, "room0": -1.78139019, "room2": -1.7057435509999999}, "spk29": {"room10": 0.5018391010000001}, "spk5": {"room3": -0.59559387, "room5": -1.8131653069999998, "room0": -1.016177058}, "spk9": {"room4": 0.717259586, "room7": 0.8881876470000001, "room10": 1.7337735890000001, "room12": 0.643229604, "room9": 1.278267384}, "spk2": {"room5": 0.387459248, "room0": 0.710212052}, "spk23": {"room4": 0.066320635, "room7": -0.550581396, "room2": 2.035986662, "room10": -0.091351032, "room12": -0.153749198, "room9": -0.11733230900000001}, "spk15": {"room10": -0.778998196}, "spk28": {"room10": -1.280496716}, "spk24": {"room1": -1.198833942}, "spk12": {"room10": -1.729502439}, "spk8": {"room10": -1.174361348}, "spk17": {"room5": -1.747724175, "room0": -1.199177265}, "spk11": {"room3": 6.343975067000001, "room4": 8.190894127, "room7": 4.183179855, "room2": 7.55424118, "room12": 5.772993565, "room9": 7.771546841}, "spk19": {"room4": -1.9220503569999998, "room7": -1.753821015, "room12": -2.758166075}, "spk13": {"room4": 2.750252962, "room12": 1.860924244}, "spk31": {"room10": -2.591181278}, "spk6": {"room10": -0.892744303}, "spk3": {"room3": 1.485523105, "room5": 0.12174048300000001, "room7": 0.9465718870000001, "room0": 0.7937744859999999, "room2": -0.529815257, "room9": -0.192965537}, "spk0": {"room3": 0.42860287399999997}, "spk20": {"room10": -0.650606573}, "spk26": {"room2": 1.112216353}, "spk16": {"room3": 2.3106627459999998, "room4": -0.772006273, "room7": 1.057603598, "room12": -0.8787059779999999, "room9": -0.296259969}, "spk27": {"room5": -1.31909585, "room0": 0.27370327699999997}, "spk25": {"room1": -0.286140501}, "spk21": {"room3": 0.287557155, "room4": 0.11442033199999999, "room2": -0.677654862, "room12": -0.669105351}, "spk30": {"room4": -1.1301894190000001, "room2": -1.714028955, "room12": -1.125954151}, "spk4": {"room6": -0.558849335}, "spk14": {"room10": 2.5161049369999997}, "spk7": {"room12": -0.802173138}, "spk1": {"room5": 0.5925330520000001, "room0": 0.931238234}}}