{"meta": {"speaker": "spk11", "room": "room11"}, "data": {"spk22": {"room0": 2.077240944}, "spk10": {"room4": 0.9165868159999999, "room12": 1.321671963}, "spk18": {"room5": -1.7469965219999999, "room0": -1.5441064830000002, "room2": -1.6279416080000002}, "spk29": {"room10": 0.223673865}, "spk5": {"room3": -1.18483758, "room5": -1.4735414980000001, "room0": -0.994666994}, "spk9": {"room4": 2.602776527, "room7": 1.874300122, "room10": 3.0302951339999997, "room12": 2.2590742109999997, "room9": 2.8472664360000004}, "spk2": {"room5": 1.7690258030000001, "room0": 1.090043187}, "spk23": {"room4": -0.081983373, "room7": 0.20430848, "room2": 1.294105053, "room10": 0.052163295, "room12": 0.6829969290000001, "room9": 0.179667383}, "spk15": {"room10": -1.412366271}, "spk28": {"room10": -1.162414193}, "spk24": {"room1": -0.15057528}, "spk12": {"room10": -1.2293356659999999}, "spk8": {"room10": -1.018986821}, "spk17": {"room5": -0.973047793, "room0": -0.847371042}, "spk11": {"room3": 8.039302826, "room4": 8.738845825, "room7": 7.159558773, "room2": 8.703567505, "room12": 7.248655796, "room9": 7.25459528}, "spk19": {"room4": -1.124604702, "room7": -1.283343911, "room12": -1.584323049}, "spk13": {"room4": 2.714748621, "room12": 3.0726423260000004}, "spk31": {"room10": -1.888262272}, "spk6": {"room10": -1.505477309}, "spk3": {"room3": 0.643786788, "room5": -0.12593393, "room7": 1.7827248569999998, "room0": 1.338938832, "room2": -0.171409681, "room9": 0.173809484}, "spk0": {"room3": -0.132053778}, "spk20": {"room10": -0.8777835970000001}, "spk26": {"room2": 0.433149666}, "spk16": {"room3": 2.70019269, "room4": 2.304712772, "room7": 4.109276295, "room12": 2.59112215, "room9": 1.5039391519999998}, "spk27": {"room5": 0.100665428, "room0": 2.118951321}, "spk25": {"room1": -0.295041978}, "spk21": {"room3": -0.10957542099999999, "room4": -0.7485445740000001, "room2": -0.769188643, "room12": -0.529791117}, "spk30": {"room4": -0.995989323, "room2": -1.897853255, "room12": -1.2519238000000001}, "spk4": {"room6": -1.021141768}, "spk14": {"room10": 2.808800459}, "spk7": {"room12": -0.629980385}, "spk1": {"room5": 0.85436219, "room0": 1.442086577}}}