{"meta": {"speaker": "spk11", "room": "room11"}, "data": {"spk22": {"room0": 1.42592752}, "spk10": {"room4": 0.247754991, "room12": 0.861275673}, "spk18": {"room5": -1.242171645, "room0": -1.39020896, "room2": -1.066727519}, "spk29": {"room10": -0.241666496}, "spk5": {"room3": -1.4677459, "room5": -1.6122564080000001, "room0": -0.9473803040000001}, "spk9": {"room4": 1.4466130730000002, "room7": 1.772393465, "room10": 1.173437476, "room12": 1.223219514, "room9": 1.207852006}, "spk2": {"room5": 0.235079974, "room0": 1.099544406}, "spk23": {"room4": 0.0753811, "room7": -0.654020846, "room2": 0.698078454, "room10": 0.215057269, "room12": -0.20494701, "room9": -0.45137608100000004}, "spk15": {"room10": -1.069748402}, "spk28": {"room10": -0.737790465}, "spk24": {"room1": -0.471432775}, "spk12": {"room10": -0.75609374}, "spk8": {"room10": -0.940617383}, "spk17": {"room5": -0.806414783, "room0": -0.932665527}, "spk11": {"room3": 3.175944328, "room4": 5.217182636, "room7": 3.838266373, "room2": 3.668317318, "room12": 5.0493578910000005, "room9": 4.447412491000001}, "spk19": {"room4": -0.8712993259999999, "room7": -0.9795820120000001, "room12": -1.137140751}, "spk13": {"room4": 2.234643221, "room12": 2.04732728}, "spk31": {"room10": -1.37628603}, "spk6": {"room10": -0.43738246}, "spk3": {"room3": 0.468723834, "room5": 0.42054116700000005, "room7": 1.213203669, "room0": 0.859935462, "room2": 0.281986803, "room9": 0.7298077940000001}, "spk0": {"room3": -0.42502328799999994}, "spk20": {"room10": -0.38299042}, "spk26": {"room2": 0.433627427}, "spk16": {"room3": 1.01370883, "room4": 1.847818375, "room7": 2.8605678080000003, "room12": 2.133954763, "room9": 1.246651888}, "spk27": {"room5": -0.345023453, "room0": 0.532472312}, "spk25": {"room1": -0.512816012}, "spk21": {"room3": -0.174334615, "room4": 0.109201983, "room2": -0.552731991, "room12": -0.104002155}, "spk30": {"room4": -0.37128374, "room2": -1.125902057, "room12": -0.9802849290000001}, "spk4": {"room6": -1.142967343}, "spk14": {"room10": 3.2204601760000005}, "spk7": {"room12": -1.664264798}, "spk1": {"room5": -0.531776249, "room0": -0.31085375}}}