{"meta": {"speaker": "spk11", "room": "room12"}, "data": {"spk22": {"room0": 1.526741743}, "spk10": {"room4": 1.221509218, "room12": 1.3299827579999999}, "spk18": {"room5": -0.66673708, "room0": -0.972807586, "room2": -1.179950356}, "spk29": {"room10": 0.694806218}, "spk5": {"room3": -0.5029351120000001, "room5": -1.017720819, "room0": -0.9632904529999999}, "spk9": {"room4": 3.135612249, "room7": 2.617188454, "room10": 1.808048725, "room12": 2.660256386, "room9": 2.3566081519999997}, "spk2": {"room5": 0.250547707, "room0": 0.43265125200000004}, "spk23": {"room4": 0.799816787, "room7": 1.177989125, "room2": 1.055226564, "room10": 0.642444551, "room12": 0.7132617240000001, "room9": 1.0310498479999999}, "spk15": {"room10": -0.305654377}, "spk28": {"room10": -0.873995781}, "spk24": {"room1": 0.00455662}, "spk12": {"room10": -0.39021733399999997}, "spk8": {"room10": -0.042822535999999994}, "spk17": {"room5": 0.039342012, "room0": 0.055447035}, "spk11": {"room3": 4.889856815, "room4": 8.460165024, "room7": 7.525486469, "room2": 5.776860714, "room12": 7.743226051000001, "room9": 8.529458046}, "spk19": {"room4": -1.000195861, "room7": -0.9760847690000001, "room12": -1.5020418169999998}, "spk13": {"room4": 3.28984189, "room12": 1.897869229}, "spk31": {"room10": -1.565544724}, "spk6": {"room10": -0.6855772729999999}, "spk3": {"room3": 0.8521063329999999, "room5": 0.9638614059999999, "room7": 1.80185616, "room0": 1.230819106, "room2": 0.43324255899999997, "room9": 1.041078925}, "spk0": {"room3": 0.350987405}, "spk20": {"room10": -0.792586207}, "spk26": {"room2": 0.20568203899999998}, "spk16": {"room3": 0.984619081, "room4": 2.834550858, "room7": 1.756733298, "room12": 2.776813745, "room9": 1.421928406}, "spk27": {"room5": 0.581217289, "room0": 1.314485908}, "spk25": {"room1": 0.723847628}, "spk21": {"room3": 0.078448996, "room4": 0.372828394, "room2": 0.716667175, "room12": 0.20286943}, "spk30": {"room4": -0.591954529, "room2": -1.2225569490000001, "room12": -1.207807302}, "spk4": {"room6": -0.163364664}, "spk14": {"room10": 1.898433685}, "spk7": {"room12": -0.081605412}, "spk1": {"room5": 0.48121175200000005, "room0": 0.361251414}}}