{"meta": {"speaker": "spk11", "room": "room7"}, "data": {"spk22": {"room0": 1.813233852}, "spk10": {"room4": 0.74018234, "room12": 0.228540882}, "spk18": {"room5": -0.5688814520000001, "room0": -0.47881892299999995, "room2": -0.77917707}, "spk29": {"room10": 0.098541617}, "spk5": {"room3": -1.02861011, "room5": -0.704792619, "room0": -0.939394295}, "spk9": {"room4": 2.388948679, "room7": 1.153559327, "room10": 1.3976848130000001, "room12": 1.754231572, "room9": 1.85651052}, "spk2": {"room5": 0.274960577, "room0": 1.00532198}, "spk23": {"room4": -0.07787054, "room7": 0.41098579799999996, "room2": -0.537871718, "room10": -0.266907245, "room12": 0.014678041999999999, "room9": 0.201538429}, "spk15": {"room10": -0.579031706}, "spk28": {"room10": -0.78068018}, "spk24": {"room1": -0.6379688379999999}, "spk12": {"room10": -0.218852475}, "spk8": {"room10": -0.986539066}, "spk17": {"room5": -0.48283597799999994, "room0": -0.258677036}, "spk11": {"room3": 4.52402401, "room4": 7.025278091000001, "room7": 8.262498856, "room2": 5.109425068, "room12": 6.151563643999999, "room9": 6.934334278}, "spk19": {"room4": -0.408478558, "room7": -0.424554765, "room12": -0.671136618}, "spk13": {"room4": 1.61469388, "room12": 1.415881395}, "spk31": {"room10": -0.916295767}, "spk6": {"room10": -0.842338622}, "spk3": {"room3": -0.011710443000000001, "room5": 0.6814783809999999, "room7": 1.307533383, "room0": 0.517340362, "room2": 0.009293626999999999, "room9": 0.397981495}, "spk0": {"room3": 0.22566472}, "spk20": {"room10": -0.443809181}, "spk26": {"room2": -0.513677716}, "spk16": {"room3": 1.001481652, "room4": 2.551693439, "room7": 1.999295354, "room12": 2.5716350080000003, "room9": 1.388736606}, "spk27": {"room5": 0.205068499, "room0": 1.048063397}, "spk25": {"room1": -0.687826455}, "spk21": {"room3": -0.484659791, "room4": -0.441938072, "room2": -0.527225018, "room12": -0.208218619}, "spk30": {"room4": -0.40850383, "room2": -0.920388997, "room12": -0.7163851859999999}, "spk4": {"room6": -0.780612588}, "spk14": {"room10": 0.990709245}, "spk7": {"room12": 0.091157831}, "spk1": {"room5": 0.8682144279999999, "room0": 0.605466127}}}