{"meta": {"speaker": "spk11", "room": "room4"}, "data": {"spk22": {"room0": 1.687488556}, "spk10": {"room4": 1.456681013, "room12": 1.808183789}, "spk18": {"room5": -0.080184735, "room0": -0.261314988, "room2": -0.7751851679999999}, "spk29": {"room10": 0.34882253399999996}, "spk5": {"room3": -0.3640562, "room5": -1.170669913, "room0": -0.9817560320000001}, "spk9": {"room4": 1.394552946, "room7": 1.383867502, "room10": 1.987674236, "room12": 2.0519297119999997, "room9": 1.887278795}, "spk2": {"room5": 0.971531272, "room0": 1.319313169}, "spk23": {"room4": -0.086437255, "room7": 0.39285323, "room2": 0.570437789, "room10": -0.225132048, "room12": 0.213836983, "room9": -0.206199214}, "spk15": {"room10": -0.837732673}, "spk28": {"room10": -0.365646154}, "spk24": {"room1": -0.45686563799999996}, "spk12": {"room10": -0.5624174479999999}, "spk8": {"room10": -0.5954155329999999}, "spk17": {"room5": -0.930849612, "room0": -0.7096962929999999}, "spk11": {"room3": 4.83655405, "room4": 7.271199703, "room7": 6.934749602999999, "room2": 6.422251225, "room12": 6.646949768, "room9": 7.186839104}, "spk19": {"room4": -0.910694122, "room7": -0.797067285, "room12": -0.920441628}, "spk13": {"room4": 2.23368001, "room12": 2.310716629}, "spk31": {"room10": -1.032770634}, "spk6": {"room10": -0.852108717}, "spk3": {"room3": 0.45193117899999996, "room5": 0.5326810479999999, "room7": 2.174531937, "room0": 1.162285686, "room2": 0.790779352, "room9": 1.026947141}, "spk0": {"room3": -0.336075068}, "spk20": {"room10": -0.64365232}, "spk26": {"room2": -0.11042541300000001}, "spk16": {"room3": 2.25511241, "room4": 1.86805141, "room7": 2.73920989, "room12": 2.246824026, "room9": 1.0893253090000001}, "spk27": {"room5": -0.6788592929999999, "room0": 0.27562966899999997}, "spk25": {"room1": -0.449148506}, "spk21": {"room3": -0.105951056, "room4": -0.14880670599999998, "room2": -0.708610594, "room12": -0.207066849}, "spk30": {"room4": -0.619046926, "room2": -0.65372622, "room12": -0.925331235}, "spk4": {"room6": -0.238011867}, "spk14": {"room10": 2.069822311}, "spk7": {"room12": -0.48919794}, "spk1": {"room5": 1.09374845, "room0": 1.329908252}}}