{"meta": {"speaker": "spk11", "room": "room3"}, "data": {"spk22": {"room0": 0.763423562}, "spk10": {"room4": 1.276649833, "room12": 1.0105211729999999}, "spk18": {"room5": -2.363192797, "room0": -2.516176224, "room2": -1.8278893230000002}, "spk29": {"room10": 1.472872019}, "spk5": {"room3": -1.5586484669999998, "room5": -2.097646713, "room0": -1.611128092}, "spk9": {"room4": 1.03783083, "room7": 1.185363889, "room10": 2.456027508, "room12": 1.8240058419999998, "room9": 1.6641170980000002}, "spk2": {"room5": 1.5893187519999998, "room0": 0.296562552}, "spk23": {"room4": 0.76982367, "room7": -0.056898434000000005, "room2": 1.411928535, "room10": -0.052408561, "room12": -0.101864681, "room9": -0.084155254}, "spk15": {"room10": -2.242889166}, "spk28": {"room10": -2.065747261}, "spk24": {"room1": -0.09423047300000001}, "spk12": {"room10": -1.7730957269999998}, "spk8": {"room10": -0.815472603}, "spk17": {"room5": -1.422777534, "room0": -0.6789078709999999}, "spk11": {"room3": 9.231100082000001, "room4": 8.223996162, "room7": 5.464589118999999, "room2": 6.514781475, "room12": 6.988435268, "room9": 6.070670605}, "spk19": {"room4": -2.208394289, "room7": -2.105870247, "room12": -2.7310996060000003}, "spk13": {"room4": 2.029219627, "room12": 0.8782992959999999}, "spk31": {"room10": -2.639369011}, "spk6": {"room10": -0.07925503}, "spk3": {"room3": 0.079026416, "room5": 0.061834592, "room7": 0.048963035999999995, "room0": 1.466270328, "room2": 0.281040132, "room9": 0.8234796520000001}, "spk0": {"room3": 0.813731372}, "spk20": {"room10": -0.9580822590000001}, "spk26": {"room2": 0.8847233059999999}, "spk16": {"room3": 1.5761661530000002, "room4": 0.23757849600000003, "room7": 2.078953266, "room12": 1.239670277, "room9": -0.341605455}, "spk27": {"room5": -1.195722818, "room0": 1.3297896390000001}, "spk25": {"room1": -0.7073985340000001}, "spk21": {"room3": 0.273199558, "room4": -0.880556047, "room2": -1.7505134340000001, "room12": -1.056235433}, "spk30": {"room4": -1.723547339, "room2": -2.672305346, "room12": -2.1041026119999997}, "spk4": {"room6": -1.1714078190000001}, "spk14": {"room10": 2.1257688999999997}, "spk7": {"room12": 0.666428268}, "spk1": {"room5": 0.227037147, "room0": -0.508548021}}}