{"meta": {"speaker": "spk11", "room": "room11"}, "data": {"spk22": {"room0": 1.490007043}, "spk10": {"room4": -0.171221703, "room12": -0.021137679}, "spk18": {"room5": -1.086814523, "room0": -1.224597931, "room2": -1.131605744}, "spk29": {"room10": -0.173033267}, "spk5": {"room3": -0.88878876, "room5": -1.2784935240000002, "room0": -1.011834264}, "spk9": {"room4": 0.866725504, "room7": 0.628134131, "room10": 1.328221321, "room12": 1.187466025, "room9": 1.532668352}, "spk2": {"room5": 0.8312499520000001, "room0": 0.637688339}, "spk23": {"room4": -0.129371434, "room7": -0.053378772000000005, "room2": 0.607122183, "room10": 0.301156759, "room12": -0.045579540999999994, "room9": -0.047651082000000004}, "spk15": {"room10": -1.556952238}, "spk28": {"room10": -0.99335444}, "spk24": {"room1": -0.081420712}, "spk12": {"room10": -1.32477057}, "spk8": {"room10": -1.1378086809999999}, "spk17": {"room5": -0.8470053670000001, "room0": -0.7708163859999999}, "spk11": {"room3": 2.959090233, "room4": 3.5844538210000003, "room7": 3.1521768569999997, "room2": 3.5456898210000003, "room12": 3.582988977, "room9": 3.42021513}, "spk19": {"room4": -1.435602069, "room7": -1.5513848069999998, "room12": -1.6196340319999998}, "spk13": {"room4": 0.510560215, "room12": 0.498178601}, "spk31": {"room10": -1.263823986}, "spk6": {"room10": -0.750469029}, "spk3": {"room3": 0.103960991, "room5": 0.202446297, "room7": 1.0718678240000001, "room0": 0.41680288299999996, "room2": 0.659910738, "room9": 0.583148479}, "spk0": {"room3": -0.44867199700000004}, "spk20": {"room10": -0.672124565}, "spk26": {"room2": -0.277505279}, "spk16": {"room3": 0.941437066, "room4": 0.814795673, "room7": 2.447369099, "room12": 1.461268306, "room9": 1.0121033190000002}, "spk27": {"room5": -0.6762261390000001, "room0": 0.659084618}, "spk25": {"room1": -0.976961255}, "spk21": {"room3": -0.39401245100000004, "room4": -0.320598692, "room2": -1.072960377, "room12": -0.44415056700000005}, "spk30": {"room4": -0.748114169, "room2": -1.403237224, "room12": -1.104435802}, "spk4": {"room6": -0.911286831}, "spk14": {"room10": 1.7115002869999998}, "spk7": {"room12": -0.9716628190000001}, "spk1": {"room5": -0.40027892600000003, "room0": -0.174381688}}}