{"meta": {"speaker": "spk11", "room": "room11"}, "data": {"spk22": {"room0": 1.535313725}, "spk10": {"room4": 0.21134614899999998, "room12": 0.040129989}, "spk18": {"room5": -1.5426354409999998, "room0": -1.460599184, "room2": -1.280128002}, "spk29": {"room10": -0.12770471}, "spk5": {"room3": -1.033351898, "room5": -1.325760126, "room0": -0.81210053}, "spk9": {"room4": 1.242753386, "room7": 1.511363983, "room10": 0.754329085, "room12": 1.6708372830000002, "room9": 1.181444526}, "spk2": {"room5": 0.538642049, "room0": 1.352525473}, "spk23": {"room4": -0.083689973, "room7": -0.302534133, "room2": 0.8298646209999999, "room10": -0.075497665, "room12": -0.284246296, "room9": -0.7667000890000001}, "spk15": {"room10": -0.465393513}, "spk28": {"room10": -0.768981218}, "spk24": {"room1": 0.016707921}, "spk12": {"room10": -0.760304213}, "spk8": {"room10": -0.71832341}, "spk17": {"room5": -0.5051653979999999, "room0": -0.9392411709999999}, "spk11": {"room3": 2.430945396, "room4": 5.25784111, "room7": 4.245500565, "room2": 3.0795216560000003, "room12": 3.9557642939999997, "room9": 4.553483009}, "spk19": {"room4": -0.963550806, "room7": -1.111903906, "room12": -1.588959217}, "spk13": {"room4": 2.265090704, "room12": 1.6545612809999999}, "spk31": {"room10": -1.398759246}, "spk6": {"room10": -0.594385803}, "spk3": {"room3": 0.04350565, "room5": 1.012068152, "room7": 1.037608504, "room0": 0.48385316100000003, "room2": 0.367041916, "room9": 0.146487311}, "spk0": {"room3": -0.620314419}, "spk20": {"room10": -0.666472614}, "spk26": {"room2": 0.074936442}, "spk16": {"room3": 0.845410645, "room4": 1.136289001, "room7": 1.367632508, "room12": 1.529914737, "room9": 0.689444304}, "spk27": {"room5": -0.543446302, "room0": -0.270410806}, "spk25": {"room1": -0.62191695}, "spk21": {"room3": 0.129826084, "room4": 0.8276364209999999, "room2": -0.10588818, "room12": 0.21626959699999998}, "spk30": {"room4": -0.5804221629999999, "room2": -1.4162490369999998, "room12": -0.478380322}, "spk4": {"room6": -0.892807722}, "spk14": {"room10": 2.5284185409999997}, "spk7": {"room12": -1.286785245}, "spk1": {"room5": -0.11031752800000001, "room0": -0.072682783}}}