{"meta": {"speaker": "spk11", "room": "room13"}, "data": {"spk22": {"room0": 2.399941206}, "spk10": {"room4": 0.551724911, "room12": 0.954748094}, "spk18": {"room5": -1.277938485, "room0": -0.9213025570000001, "room2": -0.8532601000000001}, "spk29": {"room10": 0.403652936}, "spk5": {"room3": -1.308875918, "room5": -1.34059, "room0": -1.076408029}, "spk9": {"room4": 2.183268547, "room7": 2.022111893, "room10": 1.5264922380000001, "room12": 1.7429937119999999, "room9": 2.46119976}, "spk2": {"room5": 0.028279413, "room0": 0.5272112489999999}, "spk23": {"room4": -0.391855955, "room7": -0.6811354759999999, "room2": 0.349571556, "room10": -0.923225999, "room12": -0.316127598, "room9": -0.44143471100000004}, "spk15": {"room10": -1.273917198}, "spk28": {"room10": -0.784887552}, "spk24": {"room1": -0.09648589800000001}, "spk12": {"room10": -0.80423522}, "spk8": {"room10": -1.421009421}, "spk17": {"room5": -0.864388704, "room0": -0.504643738}, "spk11": {"room3": 6.633655547999999, "room4": 7.048687458, "room7": 7.872714042999999, "room2": 8.068118095, "room12": 7.525754929, "room9": 7.814268589}, "spk19": {"room4": -0.938247561, "room7": -1.0356217620000001, "room12": -1.3012045620000001}, "spk13": {"room4": 2.281139612, "room12": 2.618980408}, "spk31": {"room10": -1.2841843370000001}, "spk6": {"room10": -1.847586989}, "spk3": {"room3": 0.266364425, "room5": 0.126922488, "room7": 1.072283149, "room0": 0.872890055, "room2": -0.284420222, "room9": 0.514843047}, "spk0": {"room3": 0.668265462}, "spk20": {"room10": -0.616579235}, "spk26": {"room2": 0.14076224}, "spk16": {"room3": 2.8928575519999997, "room4": 3.21248579, "room7": 3.974747419, "room12": 3.6171002389999996, "room9": 2.066071033}, "spk27": {"room5": -0.22449459100000002, "room0": 1.784284353}, "spk25": {"room1": -0.953331888}, "spk21": {"room3": -0.32534441399999997, "room4": -0.40962407, "room2": -0.779005229, "room12": -0.89406538}, "spk30": {"room4": -0.86931324, "room2": -1.1983057259999998, "room12": -0.9412940740000001}, "spk4": {"room6": -1.622886777}, "spk14": {"room10": 2.120852232}, "spk7": {"room12": -0.18225252600000003}, "spk1": {"room5": 0.537153006, "room0": 0.978337407}}}