{"meta": {"speaker": "spk11", "room": "room4"}, "data": {"spk22": {"room0": 3.487831354}, "spk10": {"room4": 1.739655256, "room12": 2.704461575}, "spk18": {"room5": -0.423208773, "room0": -0.604044855, "room2": -0.89337796}, "spk29": {"room10": 0.686316252}, "spk5": {"room3": -1.192156315, "room5": -1.070781112, "room0": -1.180421591}, "spk9": {"room4": 3.239823341, "room7": 3.2988529210000004, "room10": 2.3329966069999997, "room12": 2.52389884, "room9": 3.633044004}, "spk2": {"room5": 2.147140503, "room0": 2.6508650780000003}, "spk23": {"room4": 0.170999706, "room7": 0.143963948, "room2": 0.600302935, "room10": -0.24960409100000003, "room12": 0.315198123, "room9": -0.08258675}, "spk15": {"room10": -1.700795412}, "spk28": {"room10": -0.9721374509999999}, "spk24": {"room1": 0.12612097}, "spk12": {"room10": -0.43274048}, "spk8": {"room10": -0.762744188}, "spk17": {"room5": 0.384842038, "room0": -0.0014076770000000002}, "spk11": {"room3": 7.94786787, "room4": 11.10948563, "room7": 10.66348648, "room2": 8.997946739, "room12": 11.37621117, "room9": 10.88967991}, "spk19": {"room4": -0.963472903, "room7": -0.9675651190000001, "room12": -0.95117712}, "spk13": {"room4": 2.835964918, "room12": 2.2933905119999998}, "spk31": {"room10": -1.423849463}, "spk6": {"room10": -0.443342477}, "spk3": {"room3": -0.544861794, "room5": 1.474354386, "room7": 2.193308353, "room0": 2.182561874, "room2": 0.31840518100000004, "room9": 2.0377287859999997}, "spk0": {"room3": 0.159333602}, "spk20": {"room10": -0.782263637}, "spk26": {"room2": 0.04841429}, "spk16": {"room3": 1.3805391790000001, "room4": 4.073622704, "room7": 3.642200232, "room12": 4.243403912, "room9": 2.2405643459999998}, "spk27": {"room5": 0.254802972, "room0": 1.6993305680000002}, "spk25": {"room1": -0.19845195100000002}, "spk21": {"room3": -0.569689274, "room4": 0.35743722299999997, "room2": -0.50118196, "room12": -0.287611216}, "spk30": {"room4": -0.998943985, "room2": -1.4138207440000001, "room12": -1.296428561}, "spk4": {"room6": -1.137747169}, "spk14": {"room10": 3.4164855480000003}, "spk7": {"room12": 0.217604324}, "spk1": {"room5": 0.8154600259999999, "room0": 0.5656270379999999}}}