{"meta": {"speaker": "spk11", "room": "room11"}, "data": {"spk22": {"room0": 1.482546091}, "spk10": {"room4": 0.5490356679999999, "room12": 0.7336534859999999}, "spk18": {"room5": -1.633849144, "room0": -1.684117198, "room2": -1.716940045}, "spk29": {"room10": 0.48644915200000005}, "spk5": {"room3": -1.217177868, "room5": -1.637695432, "room0": -1.498328805}, "spk9": {"room4": 1.475612521, "room7": 1.255447268, "room10": 1.4222222569999998, "room12": 1.400305271, "room9": 0.9854113459999999}, "spk2": {"room5": 0.69083178, "room0": 1.047296405}, "spk23": {"room4": -0.6623613829999999, "room7": -0.703395963, "room2": 0.428499222, "room10": -0.713569045, "room12": -0.320552766, "room9": -0.23162111600000002}, "spk15": {"room10": -0.924317539}, "spk28": {"room10": -1.136351466}, "spk24": {"room1": -0.979045272}, "spk12": {"room10": -1.169170976}, "spk8": {"room10": -0.837876618}, "spk17": {"room5": -1.400053501, "room0": -0.955341935}, "spk11": {"room3": 5.354676723, "room4": 6.780725956, "room7": 6.5246310229999995, "room2": 6.5590100289999995, "room12": 6.010262012, "room9": 6.439990044}, "spk19": {"room4": -1.302416563, "room7": -1.27145505, "room12": -1.658818603}, "spk13": {"room4": 2.557649612, "room12": 2.7076447010000004}, "spk31": {"room10": -1.834406495}, "spk6": {"room10": -0.9507641790000001}, "spk3": {"room3": 0.294749379, "room5": 0.059852324000000005, "room7": 0.979038715, "room0": 0.37094798700000003, "room2": -0.122685455, "room9": 0.025901733}, "spk0": {"room3": -0.525934994}, "spk20": {"room10": -0.815731764}, "spk26": {"room2": -0.44455477600000004}, "spk16": {"room3": 1.977269292, "room4": 1.989417315, "room7": 3.123207092, "room12": 2.206123114, "room9": 1.156787872}, "spk27": {"room5": -0.46639829899999996, "room0": 0.47084209299999996}, "spk25": {"room1": -1.196902514}, "spk21": {"room3": -0.07592370400000001, "room4": -0.5002281670000001, "room2": -0.521139085, "room12": -0.648254812}, "spk30": {"room4": -0.991645873, "room2": -1.696561098, "room12": -1.294327021}, "spk4": {"room6": -0.794480503}, "spk14": {"room10": 2.910129547}, "spk7": {"room12": -1.044403553}, "spk1": {"room5": 0.986130655, "room0": 1.093894243}}}