{"meta": {"speaker": "spk11", "room": "room9"}, "data": {"spk22": {"room0": 1.532952785}, "spk10": {"room4": 1.462711453, "room12": 1.165121794}, "spk18": {"room5": -0.9174728390000001, "room0": -0.738712788, "room2": -0.833327293}, "spk29": {"room10": 0.168923795}, "spk5": {"room3": -0.38706404, "room5": -0.759800076, "room0": -0.56140542}, "spk9": {"room4": 3.65674448, "room7": 3.849571705, "room10": 2.629268646, "room12": 4.069561958, "room9": 4.831550598}, "spk2": {"room5": 1.193287611, "room0": 2.140696764}, "spk23": {"room4": 0.66828388, "room7": 0.7688685059999999, "room2": 0.502207637, "room10": 0.416836828, "room12": 0.9656257629999999, "room9": 0.7609779240000001}, "spk15": {"room10": -1.126064062}, "spk28": {"room10": -0.8860814570000001}, "spk24": {"room1": -0.054055307000000004}, "spk12": {"room10": -0.816994071}, "spk8": {"room10": -0.8227553959999999}, "spk17": {"room5": 0.341382742, "room0": 0.776984632}, "spk11": {"room3": 4.298760891000001, "room4": 8.479311942999999, "room7": 8.658013344, "room2": 5.768209457, "room12": 7.602347374, "room9": 8.776432991}, "spk19": {"room4": -1.039074898, "room7": -1.1223746540000001, "room12": -1.33683145}, "spk13": {"room4": 2.619222641, "room12": 2.046487808}, "spk31": {"room10": -1.48856616}, "spk6": {"room10": -0.834961414}, "spk3": {"room3": 0.018188756, "room5": 0.8360899690000001, "room7": 1.8536878819999998, "room0": 1.779978395, "room2": 0.15506103599999999, "room9": 1.537490726}, "spk0": {"room3": 0.696283579}, "spk20": {"room10": -0.785395086}, "spk26": {"room2": -0.16234757}, "spk16": {"room3": 2.241522551, "room4": 4.726956367, "room7": 3.641423464, "room12": 3.27875495, "room9": 3.409050465}, "spk27": {"room5": 0.44757938399999997, "room0": 1.26201427}, "spk25": {"room1": 0.036978375}, "spk21": {"room3": -0.535863757, "room4": 0.36816793700000006, "room2": -0.154161543, "room12": 0.432972342}, "spk30": {"room4": -1.420441151, "room2": -1.6225662230000002, "room12": -1.413273215}, "spk4": {"room6": -0.831830263}, "spk14": {"room10": 2.204304695}, "spk7": {"room12": 0.118817985}, "spk1": {"room5": 0.7114363909999999, "room0": 0.57803297}}}