{"meta": {"speaker": "spk11", "room": "room13"}, "data": {"spk22": {"room0": 0.20274072899999998}, "spk10": {"room4": 1.174286366, "room12": 1.373288989}, "spk18": {"room5": -1.2782963509999998, "room0": -1.1808010340000001, "room2": -0.923370719}, "spk29": {"room10": 0.9898515940000001}, "spk5": {"room3": -0.24847066399999998, "room5": -0.59436965, "room0": -0.264441162}, "spk9": {"room4": 2.39819622, "room7": 2.411430597, "room10": 1.07747829, "room12": 2.1184492109999997, "room9": 1.926813364}, "spk2": {"room5": 0.638196886, "room0": 1.009622812}, "spk23": {"room4": -0.25967118100000003, "room7": -0.47678270899999997, "room2": 0.572417736, "room10": -0.529478252, "room12": 0.059215437999999995, "room9": -0.36211279}, "spk15": {"room10": -1.068009615}, "spk28": {"room10": -1.034612536}, "spk24": {"room1": -0.9203583000000001}, "spk12": {"room10": -1.26506424}, "spk8": {"room10": -0.708664238}, "spk17": {"room5": -0.717521608, "room0": 0.150677085}, "spk11": {"room3": 6.842032432999999, "room4": 8.918103217999999, "room7": 7.8271479610000005, "room2": 7.175610065, "room12": 7.9315142629999995, "room9": 9.216016769}, "spk19": {"room4": -1.818925858, "room7": -1.6275566819999998, "room12": -1.9608541730000002}, "spk13": {"room4": 2.68168354, "room12": 2.217584133}, "spk31": {"room10": -1.830070853}, "spk6": {"room10": -0.147677794}, "spk3": {"room3": 1.6696288590000001, "room5": 0.5499010089999999, "room7": 1.284181237, "room0": 2.109558105, "room2": 0.986201882, "room9": 0.8810444470000001}, "spk0": {"room3": 0.635356307}, "spk20": {"room10": -0.974235535}, "spk26": {"room2": -0.36808320899999997}, "spk16": {"room3": 3.213010311, "room4": 2.68142724, "room7": 3.86053133, "room12": 1.8331161740000002, "room9": 1.259381413}, "spk27": {"room5": -0.56430465, "room0": 0.8734467029999999}, "spk25": {"room1": -0.853286326}, "spk21": {"room3": -0.114353515, "room4": -0.631875336, "room2": -0.913738728, "room12": -0.714498222}, "spk30": {"room4": -1.331353903, "room2": -1.30023694, "room12": -1.669427037}, "spk4": {"room6": -0.863204181}, "spk14": {"room10": 3.9459488389999997}, "spk7": {"room12": -0.030873623}, "spk1": {"room5": 0.6127253770000001, "room0": 1.255132318}}}