{"meta": {"speaker": "spk11", "room": "room3"}, "data": {"spk22": {"room0": 1.6598371269999999}, "spk10": {"room4": 0.6018244620000001, "room12": 0.211447462}, "spk18": {"room5": -0.8743667009999999, "room0": -1.25047636, "room2": -0.789436936}, "spk29": {"room10": 0.7276828890000001}, "spk5": {"room3": -1.03309381, "room5": -0.9499606490000001, "room0": -1.155084133}, "spk9": {"room4": 1.4551010130000002, "room7": 0.20294994100000002, "room10": 2.21369648, "room12": 1.1793679, "room9": 1.944696426}, "spk2": {"room5": 1.7382869719999998, "room0": 1.444628}, "spk23": {"room4": 0.16563069800000002, "room7": 0.01505451, "room2": -0.058484577, "room10": 0.383068591, "room12": 0.725278378, "room9": 0.548623443}, "spk15": {"room10": -1.543833971}, "spk28": {"room10": -0.7848484520000001}, "spk24": {"room1": -0.577739418}, "spk12": {"room10": -0.885496438}, "spk8": {"room10": -0.6448373789999999}, "spk17": {"room5": -0.6830732820000001, "room0": 0.275470704}, "spk11": {"room3": 6.638605117999999, "room4": 5.520803927999999, "room7": 5.146822453, "room2": 5.547222137, "room12": 4.753024101, "room9": 3.6322717669999998}, "spk19": {"room4": -0.940419555, "room7": -0.487460881, "room12": -0.819771528}, "spk13": {"room4": 0.537925482, "room12": 0.9460272190000001}, "spk31": {"room10": -0.9623851179999999}, "spk6": {"room10": -1.07154119}, "spk3": {"room3": 0.25864380600000003, "room5": 1.2147415879999999, "room7": 1.361640096, "room0": 0.859883666, "room2": 0.948943973, "room9": 0.788110435}, "spk0": {"room3": 0.141902879}, "spk20": {"room10": -0.39688476899999997}, "spk26": {"room2": 0.145067245}, "spk16": {"room3": 1.729186535, "room4": 1.6731855869999999, "room7": 3.152864456, "room12": 2.78875494, "room9": 2.263920546}, "spk27": {"room5": -0.745286405, "room0": 1.725197434}, "spk25": {"room1": -0.117812425}, "spk21": {"room3": -0.376979619, "room4": -1.7689878940000001, "room2": -1.755762219, "room12": -1.21516633}, "spk30": {"room4": -1.112121463, "room2": -1.200777769, "room12": -0.768516243}, "spk4": {"room6": -0.6581071620000001}, "spk14": {"room10": 1.205181599}, "spk7": {"room12": 0.9298716779999999}, "spk1": {"room5": 0.229995936, "room0": 0.262978137}}}