{"meta": {"speaker": "spk11", "room": "room11"}, "data": {"spk22": {"room0": 2.060025215}, "spk10": {"room4": 0.947725296, "room12": 0.44955495}, "spk18": {"room5": -1.578599453, "room0": -1.3203212020000001, "room2": -1.320824862}, "spk29": {"room10": 0.430866569}, "spk5": {"room3": -1.024369955, "room5": -0.52567029, "room0": -0.833132505}, "spk9": {"room4": 2.0174889559999998, "room7": 1.1237839459999999, "room10": 1.4484481809999998, "room12": 2.112394094, "room9": 1.7504609819999999}, "spk2": {"room5": 1.447049856, "room0": 1.866151452}, "spk23": {"room4": 0.45454818, "room7": 0.31927037199999997, "room2": 0.570779383, "room10": 0.321765184, "room12": 1.154827476, "room9": 0.60621655}, "spk15": {"room10": -1.082178354}, "spk28": {"room10": -1.013507843}, "spk24": {"room1": -0.084605455}, "spk12": {"room10": -1.12139523}, "spk8": {"room10": -0.889022827}, "spk17": {"room5": -0.123568155, "room0": 0.286791563}, "spk11": {"room3": 3.4136986730000003, "room4": 4.733585835, "room7": 4.842366219, "room2": 4.01733017, "room12": 3.606924295, "room9": 4.461687088}, "spk19": {"room4": -0.903734148, "room7": -0.982648909, "room12": -1.405505061}, "spk13": {"room4": 1.808738828, "room12": 1.5941407680000002}, "spk31": {"room10": -1.624541521}, "spk6": {"room10": -0.908109486}, "spk3": {"room3": -0.083681881, "room5": 0.7080193159999999, "room7": 1.066993952, "room0": 0.549452364, "room2": 0.20115687, "room9": 0.19492374399999998}, "spk0": {"room3": -0.465952277}, "spk20": {"room10": -0.990136087}, "spk26": {"room2": 0.40077018700000006}, "spk16": {"room3": 1.592101574, "room4": 1.646199107, "room7": 1.530618668, "room12": 1.44875443, "room9": 1.3645479680000001}, "spk27": {"room5": -0.061910734, "room0": 0.9974228140000001}, "spk25": {"room1": 0.008200365}, "spk21": {"room3": -0.26961717, "room4": 0.283160537, "room2": -0.25131255399999997, "room12": 0.373662293}, "spk30": {"room4": -1.049696445, "room2": -1.651903272, "room12": -1.263904929}, "spk4": {"room6": -0.8392645120000001}, "spk14": {"room10": 1.633864403}, "spk7": {"room12": -0.8104195}, "spk1": {"room5": 0.282928467, "room0": 0.134050846}}}