{"meta": {"speaker": "spk11", "room": "room2"}, "data": {"spk22": {"room0": 2.297621489}, "spk10": {"room4": 1.886424303, "room12": 1.037747025}, "spk18": {"room5": -1.29697299, "room0": -1.049174786, "room2": -1.066082716}, "spk29": {"room10": 1.3807331319999998}, "spk5": {"room3": 0.14342355699999998, "room5": -0.229338765, "room0": -0.790952861}, "spk9": {"room4": 3.197091103, "room7": 2.4889118669999997, "room10": 3.122400522, "room12": 3.046401262, "room9": 3.2660472389999997}, "spk2": {"room5": 1.105518222, "room0": 1.955126643}, "spk23": {"room4": 0.410965025, "room7": 0.7513374690000001, "room2": -0.041787732, "room10": -0.274848759, "room12": 0.792706192, "room9": 0.592654109}, "spk15": {"room10": -0.91050148}, "spk28": {"room10": -0.698346555}, "spk24": {"room1": -0.01286418}, "spk12": {"room10": -0.8238838909999999}, "spk8": {"room10": -0.623081446}, "spk17": {"room5": 0.230610132, "room0": 0.24054738899999997}, "spk11": {"room3": 5.69208622, "room4": 7.334068775, "room7": 8.412055016, "room2": 7.356752396, "room12": 6.605084419, "room9": 8.005632401}, "spk19": {"room4": -0.971827865, "room7": -0.809498072, "room12": -1.1110624070000001}, "spk13": {"room4": 2.629796982, "room12": 3.1588072780000003}, "spk31": {"room10": -1.175387383}, "spk6": {"room10": -1.056660652}, "spk3": {"room3": 0.244359806, "room5": 0.5719544289999999, "room7": 2.6628715990000003, "room0": 1.4695470330000002, "room2": 1.406211615, "room9": 1.474168181}, "spk0": {"room3": 0.114302635}, "spk20": {"room10": -0.483918101}, "spk26": {"room2": 0.09961693}, "spk16": {"room3": 4.384099483, "room4": 3.9292290210000003, "room7": 3.611237526, "room12": 3.075888395, "room9": 3.393906593}, "spk27": {"room5": -0.379124075, "room0": 1.14006424}, "spk25": {"room1": 0.422012269}, "spk21": {"room3": 0.06780531299999999, "room4": -0.405228883, "room2": -0.194146767, "room12": 0.008381290999999999}, "spk30": {"room4": -0.725019038, "room2": -1.098076582, "room12": -1.127026439}, "spk4": {"room6": -0.600456715}, "spk14": {"room10": 1.578730583}, "spk7": {"room12": 0.717535913}, "spk1": {"room5": 1.10074842, "room0": 1.387864947}}}