{"meta": {"speaker": "spk11", "room": "room3"}, "data": {"spk22": {"room0": 0.635088384}, "spk10": {"room4": 1.264548779, "room12": 1.091447353}, "spk18": {"room5": -2.847007751, "room0": -2.61000371, "room2": -2.096410036}, "spk29": {"room10": 1.155606151}, "spk5": {"room3": -1.315674782, "room5": -1.555948734, "room0": -0.577381313}, "spk9": {"room4": 2.213449001, "room7": 2.148750544, "room10": 3.353031397, "room12": 3.008011818, "room9": 2.459107876}, "spk2": {"room5": 0.6897445320000001, "room0": 0.235239267}, "spk23": {"room4": 0.288014323, "room7": -0.23397994, "room2": 1.380530477, "room10": 0.19092243899999997, "room12": -0.25957965899999996, "room9": 0.415938109}, "spk15": {"room10": -2.135668516}, "spk28": {"room10": -2.0884568690000003}, "spk24": {"room1": -0.237440392}, "spk12": {"room10": -1.767902136}, "spk8": {"room10": -0.422465265}, "spk17": {"room5": -1.187480092, "room0": -0.477914125}, "spk11": {"room3": 7.573816299, "room4": 8.27278614, "room7": 6.308806419, "room2": 6.389964581, "room12": 7.051121235, "room9": 6.144721985}, "spk19": {"room4": -2.219629526, "room7": -1.887932062, "room12": -2.608004093}, "spk13": {"room4": 2.0956966880000003, "room12": 1.402100921}, "spk31": {"room10": -2.6631751059999997}, "spk6": {"room10": -0.5102604629999999}, "spk3": {"room3": -0.283962488, "room5": 0.685548663, "room7": 0.21505075699999998, "room0": 0.876422107, "room2": 0.5790820720000001, "room9": 0.34132081299999995}, "spk0": {"room3": -0.06158568}, "spk20": {"room10": -1.68503356}, "spk26": {"room2": -0.14559245099999998}, "spk16": {"room3": 0.880158365, "room4": 0.40484449299999997, "room7": 1.540587544, "room12": 2.032987833, "room9": 0.741833031}, "spk27": {"room5": 0.08015064200000001, "room0": 1.10375309}, "spk25": {"room1": -0.715715587}, "spk21": {"room3": -0.091098361, "room4": -0.684050679, "room2": -0.953236878, "room12": -0.478914768}, "spk30": {"room4": -2.3875880240000003, "room2": -2.67953229, "room12": -2.04122901}, "spk4": {"room6": -0.46133953299999997}, "spk14": {"room10": 1.9704796080000002}, "spk7": {"room12": -0.229747906}, "spk1": {"room5": 1.874801159, "room0": 0.35956502}}}