{"meta": {"speaker": "spk11", "room": "room11"}, "data": {"spk22": {"room0": 1.140449286}, "spk10": {"room4": 1.1888593440000002, "room12": 1.5763177869999998}, "spk18": {"room5": -2.010622501, "room0": -1.717959166, "room2": -1.61312139}, "spk29": {"room10": 0.452552974}, "spk5": {"room3": -0.8170430059999999, "room5": -1.126612306, "room0": -1.287461758}, "spk9": {"room4": 1.6901868580000001, "room7": 1.723780155, "room10": 2.035811186, "room12": 1.9598155019999999, "room9": 1.627109766}, "spk2": {"room5": 0.6904971, "room0": 0.425559521}, "spk23": {"room4": -0.20008122899999997, "room7": -0.20150332199999998, "room2": 0.247810036, "room10": -0.7549330590000001, "room12": 0.06100508599999999, "room9": -0.306816071}, "spk15": {"room10": -1.386202931}, "spk28": {"room10": -0.989846945}, "spk24": {"room1": -1.220631003}, "spk12": {"room10": -1.7093180419999998}, "spk8": {"room10": -1.5762254}, "spk17": {"room5": -1.266179323, "room0": -0.7120231990000001}, "spk11": {"room3": 6.393129826, "room4": 8.371479987999999, "room7": 7.355911255, "room2": 8.159111977, "room12": 8.028595924, "room9": 8.299959183}, "spk19": {"room4": -1.255146146, "room7": -1.3479658369999998, "room12": -1.58772552}, "spk13": {"room4": 2.190344334, "room12": 2.17195797}, "spk31": {"room10": -2.339562178}, "spk6": {"room10": -1.24102807}, "spk3": {"room3": 1.039095759, "room5": -0.8718948959999999, "room7": 0.774922907, "room0": 1.202228904, "room2": -0.324923366, "room9": 0.498873591}, "spk0": {"room3": -0.5782061820000001}, "spk20": {"room10": -1.314626336}, "spk26": {"room2": -0.8299857970000001}, "spk16": {"room3": 3.072918177, "room4": 2.43985343, "room7": 3.419908047, "room12": 2.365735292, "room9": 0.960288107}, "spk27": {"room5": -0.9734855290000001, "room0": 0.907858849}, "spk25": {"room1": -0.820626855}, "spk21": {"room3": -0.500041485, "room4": -0.92688179, "room2": -1.203898072, "room12": -0.512326479}, "spk30": {"room4": -1.151482701, "room2": -1.6235506530000001, "room12": -1.611333132}, "spk4": {"room6": -0.824085772}, "spk14": {"room10": 1.911090732}, "spk7": {"room12": -0.597973883}, "spk1": {"room5": 1.143664718, "room0": 0.894483626}}}