{"meta": {"speaker": "spk11", "room": "room11"}, "data": {"spk22": {"room0": 1.3563504219999998}, "spk10": {"room4": 0.466969103, "room12": 0.328399718}, "spk18": {"room5": -2.0455017090000003, "room0": -1.9622696640000001, "room2": -1.8624058959999998}, "spk29": {"room10": 0.74833256}, "spk5": {"room3": -0.649793148, "room5": -1.2258304359999999, "room0": -1.0080023999999999}, "spk9": {"room4": 0.553016186, "room7": 0.8423940540000001, "room10": 0.590809405, "room12": 1.123250127, "room9": 1.031884789}, "spk2": {"room5": 0.6578896639999999, "room0": 0.272950768}, "spk23": {"room4": -0.330770075, "room7": 0.23947337300000002, "room2": 0.631673574, "room10": -0.266928405, "room12": -0.47953096, "room9": 0.111608185}, "spk15": {"room10": -0.878538728}, "spk28": {"room10": -1.335812449}, "spk24": {"room1": -0.577726245}, "spk12": {"room10": -1.314205289}, "spk8": {"room10": -1.205819845}, "spk17": {"room5": -1.186282039, "room0": -1.060169578}, "spk11": {"room3": 5.471509457000001, "room4": 6.7047715189999995, "room7": 6.45567894, "room2": 6.420185088999999, "room12": 5.090653896, "room9": 5.593243599}, "spk19": {"room4": -1.4702932830000002, "room7": -1.437847972, "room12": -2.222810984}, "spk13": {"room4": 2.118685722, "room12": 1.509271622}, "spk31": {"room10": -2.447140932}, "spk6": {"room10": -1.275698423}, "spk3": {"room3": 0.865278542, "room5": 0.08918085699999999, "room7": 1.606804967, "room0": 0.964628279, "room2": 0.5963099000000001, "room9": 0.138505787}, "spk0": {"room3": -0.677633226}, "spk20": {"room10": -1.305397272}, "spk26": {"room2": -0.721775353}, "spk16": {"room3": 2.335289001, "room4": 0.881115973, "room7": 1.589667559, "room12": 0.717563987, "room9": 0.24020367899999998}, "spk27": {"room5": -0.734100938, "room0": 0.329186767}, "spk25": {"room1": -0.705545425}, "spk21": {"room3": -0.128388003, "room4": 0.342442185, "room2": -0.513769448, "room12": 0.010033416}, "spk30": {"room4": -1.0362889770000001, "room2": -1.925042629, "room12": -1.3652709719999998}, "spk4": {"room6": -0.727559745}, "spk14": {"room10": 2.123646736}, "spk7": {"room12": -0.9695489409999999}, "spk1": {"room5": 0.167428076, "room0": 0.295463145}}}