{"meta": {"speaker": "spk11", "room": "room4"}, "data": {"spk22": {"room0": 2.562986135}, "spk10": {"room4": 1.4661401509999998, "room12": 1.725120068}, "spk18": {"room5": -0.250953585, "room0": -0.037823718, "room2": -0.563093841}, "spk29": {"room10": 0.17877306}, "spk5": {"room3": -0.6904387470000001, "room5": -1.230466962, "room0": -1.365462065}, "spk9": {"room4": 2.081738472, "room7": 1.42893672, "room10": 2.044165611, "room12": 2.26797533, "room9": 2.666331053}, "spk2": {"room5": 1.1451748609999999, "room0": 1.796402693}, "spk23": {"room4": 0.270386994, "room7": 0.27118328199999997, "room2": 0.407228589, "room10": 0.33113110100000004, "room12": 0.29459086100000004, "room9": 0.15490599}, "spk15": {"room10": -1.169857502}, "spk28": {"room10": -0.561208606}, "spk24": {"room1": -0.684347272}, "spk12": {"room10": -0.65247649}, "spk8": {"room10": -0.34912303100000003}, "spk17": {"room5": -0.239527851, "room0": -0.0663004}, "spk11": {"room3": 4.655706882, "room4": 7.214603901, "room7": 7.738555431, "room2": 5.471199512, "room12": 7.1798048020000005, "room9": 6.956660747999999}, "spk19": {"room4": -0.36546099200000004, "room7": -0.643794715, "room12": -0.666193962}, "spk13": {"room4": 1.5963172909999999, "room12": 1.6092232469999999}, "spk31": {"room10": -0.831766069}, "spk6": {"room10": -1.095535874}, "spk3": {"room3": 0.057540085, "room5": 0.820686638, "room7": 1.8484069109999999, "room0": 1.1144446129999999, "room2": 0.36447528, "room9": 1.439564347}, "spk0": {"room3": 0.091257006}, "spk20": {"room10": -0.651908159}, "spk26": {"room2": 0.110489368}, "spk16": {"room3": 1.9057583809999998, "room4": 2.6686227319999998, "room7": 2.326609612, "room12": 2.357340097, "room9": 1.4780358080000002}, "spk27": {"room5": 0.04372009599999999, "room0": 1.041077733}, "spk25": {"room1": -0.482027441}, "spk21": {"room3": -0.150398433, "room4": -0.41787543899999996, "room2": -0.7754248979999999, "room12": -0.137327865}, "spk30": {"room4": -0.836210907, "room2": -0.887277722, "room12": -0.733710647}, "spk4": {"room6": -0.5832257270000001}, "spk14": {"room10": 2.085335732}, "spk7": {"room12": -0.44473666}, "spk1": {"room5": 1.3758349419999998, "room0": 0.748101056}}}