{"meta": {"speaker": "spk11", "room": "room3"}, "data": {"spk22": {"room0": 0.42758187700000005}, "spk10": {"room4": 0.28976860600000004, "room12": 0.834073842}, "spk18": {"room5": -2.047780037, "room0": -1.7072387930000001, "room2": -1.211219192}, "spk29": {"room10": 2.161505699}, "spk5": {"room3": -0.545343101, "room5": -0.6072497960000001, "room0": -1.05131495}, "spk9": {"room4": 0.8516916040000001, "room7": 1.502043009, "room10": 1.20598805, "room12": 1.341137648, "room9": 1.549414158}, "spk2": {"room5": 1.3275417090000001, "room0": 0.016091023}, "spk23": {"room4": 0.494451463, "room7": 0.813933551, "room2": 1.287368059, "room10": 0.608214319, "room12": 0.6074360010000001, "room9": 0.57446152}, "spk15": {"room10": -1.871454477}, "spk28": {"room10": -2.4680960180000002}, "spk24": {"room1": 0.523333013}, "spk12": {"room10": -1.109118223}, "spk8": {"room10": -0.6699923870000001}, "spk17": {"room5": -0.859879375, "room0": 0.272503912}, "spk11": {"room3": 7.183653831, "room4": 6.000669956, "room7": 4.176322937, "room2": 6.408126831000001, "room12": 5.2843093869999995, "room9": 5.26029253}, "spk19": {"room4": -1.840230346, "room7": -2.20573163, "room12": -1.9821190830000002}, "spk13": {"room4": 1.8220466380000002, "room12": 0.8365404009999999}, "spk31": {"room10": -2.27369523}, "spk6": {"room10": -1.036375523}, "spk3": {"room3": 0.144999936, "room5": 0.101029038, "room7": 0.995342553, "room0": 2.086816788, "room2": 0.884093523, "room9": 1.4859704969999998}, "spk0": {"room3": 1.12266922}, "spk20": {"room10": -1.4302349090000002}, "spk26": {"room2": 0.7517961259999999}, "spk16": {"room3": 1.405797005, "room4": -0.22719796, "room7": 1.737103701, "room12": 0.614225924, "room9": 0.15703946400000002}, "spk27": {"room5": -0.178380519, "room0": 0.8081172109999999}, "spk25": {"room1": 0.323632032}, "spk21": {"room3": 0.281230986, "room4": -1.061804771, "room2": -1.045614958, "room12": -0.685091197}, "spk30": {"room4": -1.774702191, "room2": -1.417111993, "room12": -1.895081878}, "spk4": {"room6": -0.5213626029999999}, "spk14": {"room10": 1.19344914}, "spk7": {"room12": 1.297608733}, "spk1": {"room5": 0.541674495, "room0": 0.69159925}}}