{"meta": {"speaker": "spk11", "room": "room11"}, "data": {"spk22": {"room0": 1.965159059}, "spk10": {"room4": 0.758808315, "room12": 0.607417881}, "spk18": {"room5": -0.933376133, "room0": -1.231024146, "room2": -1.076389194}, "spk29": {"room10": 0.8347989920000001}, "spk5": {"room3": -0.662647605, "room5": -1.296440482, "room0": -0.7991080279999999}, "spk9": {"room4": 2.2404749390000003, "room7": 2.255817413, "room10": 3.0147538189999996, "room12": 2.665013075, "room9": 2.4297835830000003}, "spk2": {"room5": 0.8692646620000001, "room0": 0.467193395}, "spk23": {"room4": 0.380445749, "room7": 0.596754551, "room2": 1.745803714, "room10": 0.24422586, "room12": 0.7865188120000001, "room9": 0.35741370899999997}, "spk15": {"room10": -1.3608951569999999}, "spk28": {"room10": -1.090597868}, "spk24": {"room1": -0.48031669899999996}, "spk12": {"room10": -1.2764574290000001}, "spk8": {"room10": -0.665773571}, "spk17": {"room5": -0.317938596, "room0": -0.194237456}, "spk11": {"room3": 3.622761011, "room4": 5.347352505, "room7": 3.48330164, "room2": 4.847046852, "room12": 6.077657222999999, "room9": 5.759399414}, "spk19": {"room4": -1.464990377, "room7": -1.5046405790000001, "room12": -1.541095376}, "spk13": {"room4": 3.426817417, "room12": 1.6794790030000002}, "spk31": {"room10": -1.352553844}, "spk6": {"room10": -0.315877825}, "spk3": {"room3": 0.111616775, "room5": 0.393681079, "room7": 0.873677433, "room0": 1.157662153, "room2": 0.536626637, "room9": 1.093109012}, "spk0": {"room3": -0.306393117}, "spk20": {"room10": -0.660964429}, "spk26": {"room2": 0.06509558900000001}, "spk16": {"room3": 0.542956829, "room4": 0.6284179089999999, "room7": 1.380625725, "room12": 1.309316635, "room9": 0.670691907}, "spk27": {"room5": -0.219959259, "room0": 0.9862053390000001}, "spk25": {"room1": -0.09862200900000001}, "spk21": {"room3": 0.239604533, "room4": 0.7612399459999999, "room2": -0.035981152, "room12": -0.110059731}, "spk30": {"room4": -0.609131455, "room2": -1.590544701, "room12": -1.5049625640000002}, "spk4": {"room6": -0.053065836}, "spk14": {"room10": 2.4037623409999997}, "spk7": {"room12": -0.786460817}, "spk1": {"room5": 0.256290197, "room0": -0.10065072800000001}}}