{"meta": {"speaker": "spk11", "room": "room13"}, "data": {"spk22": {"room0": 2.757398605}, "spk10": {"room4": 2.208834171, "room12": 2.0293576719999997}, "spk18": {"room5": -1.475285172, "room0": -1.639578819, "room2": -0.9442750809999999}, "spk29": {"room10": 1.42529583}, "spk5": {"room3": -0.8808542490000001, "room5": -1.2972640990000002, "room0": -1.129526019}, "spk9": {"room4": 1.496791124, "room7": 2.262745619, "room10": 0.814873457, "room12": 1.7940510509999998, "room9": 1.6649688480000002}, "spk2": {"room5": 0.840794027, "room0": 1.453417301}, "spk23": {"room4": 0.40132278200000004, "room7": 0.66023618, "room2": 1.4569298030000002, "room10": -0.268774152, "room12": 0.504335523, "room9": -0.14173638800000002}, "spk15": {"room10": -0.517971456}, "spk28": {"room10": -0.783872783}, "spk24": {"room1": -1.089549422}, "spk12": {"room10": -0.498565882}, "spk8": {"room10": -0.5019295810000001}, "spk17": {"room5": 0.314095765, "room0": -0.824289918}, "spk11": {"room3": 6.231389523, "room4": 9.830202103, "room7": 6.808202744, "room2": 6.895626067999999, "room12": 8.33880043, "room9": 8.933696747}, "spk19": {"room4": -1.133215547, "room7": -1.118765473, "room12": -1.680736065}, "spk13": {"room4": 3.18164897, "room12": 2.691066265}, "spk31": {"room10": -1.4537309409999999}, "spk6": {"room10": -0.9072417620000001}, "spk3": {"room3": 1.6459765430000002, "room5": 1.094094396, "room7": 1.3422751430000002, "room0": 1.693453431, "room2": 0.785868824, "room9": 1.4620127680000001}, "spk0": {"room3": 0.970034242}, "spk20": {"room10": -0.344100535}, "spk26": {"room2": -0.374850333}, "spk16": {"room3": 2.8086400030000003, "room4": 2.320937395, "room7": 2.819857597, "room12": 2.177536964, "room9": 0.9902851579999999}, "spk27": {"room5": 0.676020801, "room0": 1.1979559659999999}, "spk25": {"room1": -0.147595212}, "spk21": {"room3": -0.060604513, "room4": -0.427943885, "room2": -0.31603691, "room12": -0.880413353}, "spk30": {"room4": 0.0054109580000000004, "room2": -0.09372180699999999, "room12": -1.087115049}, "spk4": {"room6": -0.15620294199999998}, "spk14": {"room10": 2.613470316}, "spk7": {"room12": -0.396988183}, "spk1": {"room5": 0.901856184, "room0": 1.3107447620000001}}}