{"meta": {"speaker": "spk11", "room": "room2"}, "data": {"spk22": {"room0": 2.346488237}, "spk10": {"room4": 1.1669991020000001, "room12": 0.9705170390000001}, "spk18": {"room5": -0.635944843, "room0": -0.620209873, "room2": -1.07796514}, "spk29": {"room10": 1.417368889}, "spk5": {"room3": -0.279524803, "room5": 0.062575355, "room0": -0.9382312890000001}, "spk9": {"room4": 1.4986919159999998, "room7": 1.34726131, "room10": 2.020991564, "room12": 2.025333166, "room9": 1.275179863}, "spk2": {"room5": 1.028652906, "room0": 0.507104635}, "spk23": {"room4": 0.34849757, "room7": 1.083968878, "room2": 0.213377178, "room10": 0.191618368, "room12": 0.526034415, "room9": 0.34254926399999996}, "spk15": {"room10": -1.030842304}, "spk28": {"room10": -0.7202574009999999}, "spk24": {"room1": -0.19111886600000003}, "spk12": {"room10": -0.455429643}, "spk8": {"room10": 0.066336244}, "spk17": {"room5": -0.16156953599999999, "room0": 0.094121024}, "spk11": {"room3": 6.797615528, "room4": 5.4623813629999995, "room7": 6.991037846, "room2": 8.644837379, "room12": 5.8503484729999995, "room9": 6.530757427}, "spk19": {"room4": -0.9943638440000001, "room7": -0.9714415670000001, "room12": -1.0910182}, "spk13": {"room4": 1.5625101330000002, "room12": 3.2087180610000003}, "spk31": {"room10": -1.3664305209999998}, "spk6": {"room10": -1.187201262}, "spk3": {"room3": 0.300207078, "room5": 0.482771456, "room7": 1.7504374980000001, "room0": 0.47364676, "room2": 1.059273958, "room9": 0.141957954}, "spk0": {"room3": -0.11529310000000001}, "spk20": {"room10": 0.004027833}, "spk26": {"room2": 0.109706201}, "spk16": {"room3": 3.787117243, "room4": 1.47274971, "room7": 3.135795593, "room12": 2.5552718640000003, "room9": 1.53069365}, "spk27": {"room5": -0.217936605, "room0": 1.1441709999999998}, "spk25": {"room1": 0.7991969590000001}, "spk21": {"room3": -0.35861396799999995, "room4": -1.188583612, "room2": -1.095131397, "room12": -0.706733704}, "spk30": {"room4": -0.9424881940000001, "room2": -1.087253332, "room12": -0.903225541}, "spk4": {"room6": -0.347391367}, "spk14": {"room10": 1.530236959}, "spk7": {"room12": 0.396739364}, "spk1": {"room5": 0.260133862, "room0": 1.1043266059999999}}}