{"meta": {"speaker": "spk11", "room": "room13"}, "data": {"spk22": {"room0": 0.9234785440000001}, "spk10": {"room4": 1.160065174, "room12": 1.737701893}, "spk18": {"room5": -1.3538997169999998, "room0": -1.71071732, "room2": -1.226161122}, "spk29": {"room10": 0.402063668}, "spk5": {"room3": -0.248163775, "room5": -0.9909676909999999, "room0": -0.455686957}, "spk9": {"room4": 1.184769988, "room7": 1.6835300919999998, "room10": 0.778848767, "room12": 1.5082365269999998, "room9": 1.528805137}, "spk2": {"room5": 0.046671696, "room0": 0.900724292}, "spk23": {"room4": 0.19354496899999998, "room7": 0.098737873, "room2": 1.5414743419999999, "room10": -0.417174548, "room12": 0.26903671, "room9": -0.700052142}, "spk15": {"room10": -0.7944019440000001}, "spk28": {"room10": -0.9192610379999999}, "spk24": {"room1": -0.8230934740000001}, "spk12": {"room10": -1.287615061}, "spk8": {"room10": -0.626930177}, "spk17": {"room5": -0.426922828, "room0": -0.419864178}, "spk11": {"room3": 7.210148811, "room4": 8.001158713999999, "room7": 5.876051426, "room2": 7.264211655, "room12": 6.499706268, "room9": 8.212551117}, "spk19": {"room4": -1.8500002619999998, "room7": -1.675724983, "room12": -2.298523903}, "spk13": {"room4": 2.382531404, "room12": 1.8179082869999998}, "spk31": {"room10": -1.8255262369999998}, "spk6": {"room10": -0.625652254}, "spk3": {"room3": 1.6565833090000002, "room5": 0.652382076, "room7": 1.473372221, "room0": 1.541125894, "room2": 1.338588595, "room9": 0.9438155290000001}, "spk0": {"room3": 0.689090908}, "spk20": {"room10": -0.9181901809999999}, "spk26": {"room2": 0.31231758}, "spk16": {"room3": 2.679497719, "room4": 2.069944859, "room7": 2.215818405, "room12": 0.888135076, "room9": 0.6896649}, "spk27": {"room5": -0.790844738, "room0": 0.363777667}, "spk25": {"room1": -0.7660436629999999}, "spk21": {"room3": 0.01738078, "room4": -0.325713634, "room2": -0.395171314, "room12": -0.7790576220000001}, "spk30": {"room4": -0.9659633040000001, "room2": -1.172734261, "room12": -1.724897981}, "spk4": {"room6": -0.458737195}, "spk14": {"room10": 3.371556997}, "spk7": {"room12": -0.42589286}, "spk1": {"room5": 0.482455254, "room0": 0.5055130720000001}}}