{"meta": {"speaker": "spk11", "room": "room7"}, "data": {"spk22": {"room0": 2.597076654}, "spk10": {"room4": 2.358692884, "room12": 1.888323784}, "spk18": {"room5": -1.067237377, "room0": -1.147910237, "room2": -0.8668835159999999}, "spk29": {"room10": 1.028805137}, "spk5": {"room3": -0.761512399, "room5": -0.46530985799999997, "room0": -0.514802992}, "spk9": {"room4": 4.115562439, "room7": 4.095308781, "room10": 3.15344882, "room12": 4.556406498, "room9": 4.392378807}, "spk2": {"room5": 0.570089579, "room0": 1.24550128}, "spk23": {"room4": 1.443798661, "room7": 1.153671622, "room2": 0.326384723, "room10": -0.317220837, "room12": 1.172807455, "room9": 0.19918322600000002}, "spk15": {"room10": -0.781771302}, "spk28": {"room10": -0.520744443}, "spk24": {"room1": -0.631640136}, "spk12": {"room10": -0.504728854}, "spk8": {"room10": -0.323738158}, "spk17": {"room5": 1.5904607769999999, "room0": 1.3898535969999999}, "spk11": {"room3": 5.109474182, "room4": 9.85793972, "room7": 8.374270439, "room2": 5.639003754, "room12": 8.982789992999999, "room9": 9.083539008999999}, "spk19": {"room4": -0.574275613, "room7": -0.549802601, "room12": -1.163633585}, "spk13": {"room4": 3.316500425, "room12": 2.588139057}, "spk31": {"room10": -1.6854387519999998}, "spk6": {"room10": -0.610117495}, "spk3": {"room3": 1.247969627, "room5": 1.228121042, "room7": 1.4944161180000002, "room0": 1.988784194, "room2": 0.135490671, "room9": 1.2250629659999999}, "spk0": {"room3": 0.64546144}, "spk20": {"room10": -0.6768181320000001}, "spk26": {"room2": -0.109681457}, "spk16": {"room3": 2.2311198709999998, "room4": 3.8638987539999996, "room7": 3.081357002, "room12": 3.060390949, "room9": 2.4483296869999998}, "spk27": {"room5": 0.43671500700000004, "room0": 0.8056391479999999}, "spk25": {"room1": 0.112939075}, "spk21": {"room3": -0.293414772, "room4": 0.872921288, "room2": -0.031887401, "room12": 0.221911222}, "spk30": {"room4": -0.9616214040000001, "room2": -1.9021601680000002, "room12": -1.4174417259999998}, "spk4": {"room6": -0.12450543800000001}, "spk14": {"room10": 1.129802704}, "spk7": {"room12": 0.924009621}, "spk1": {"room5": 0.7455024720000001, "room0": 1.0352633}}}