{"meta": {"speaker": "spk11", "room": "room13"}, "data": {"spk22": {"room0": 0.542952299}, "spk10": {"room4": 0.518537879, "room12": 0.702091038}, "spk18": {"room5": -2.048718214, "room0": -2.066211224, "room2": -1.191916108}, "spk29": {"room10": 1.004406333}, "spk5": {"room3": -1.3602817059999999, "room5": -1.554245949, "room0": -1.0640844109999998}, "spk9": {"room4": 1.642746806, "room7": 2.033961058, "room10": 2.620162725, "room12": 1.8490179780000002, "room9": 1.789952397}, "spk2": {"room5": -0.49669411799999996, "room0": 1.169719577}, "spk23": {"room4": 0.301691115, "room7": -1.01221621, "room2": 0.9997880459999999, "room10": -0.183965892, "room12": -0.11006391, "room9": -0.556884885}, "spk15": {"room10": -1.652637959}, "spk28": {"room10": -1.4666178230000002}, "spk24": {"room1": 0.022863757000000002}, "spk12": {"room10": -0.903745115}, "spk8": {"room10": -0.939104438}, "spk17": {"room5": -0.9501482840000001, "room0": -0.578472793}, "spk11": {"room3": 5.2174716, "room4": 6.213721275, "room7": 3.8952643869999997, "room2": 5.0861783030000005, "room12": 6.277873992999999, "room9": 6.232933044}, "spk19": {"room4": -2.071321964, "room7": -2.106811523, "room12": -2.09980464}, "spk13": {"room4": 2.273152828, "room12": 2.1783051490000003}, "spk31": {"room10": -1.456210136}, "spk6": {"room10": -0.601520061}, "spk3": {"room3": 0.6894361379999999, "room5": 0.29479712199999997, "room7": 0.138708517, "room0": 0.14549136199999999, "room2": 0.36789903, "room9": -0.5909494160000001}, "spk0": {"room3": 1.021867275}, "spk20": {"room10": -0.654398501}, "spk26": {"room2": 1.927781701}, "spk16": {"room3": 1.99689126, "room4": 1.1237299440000001, "room7": 1.973661184, "room12": 1.358434916, "room9": 0.05583255}, "spk27": {"room5": -0.7717732190000001, "room0": 0.31863609}, "spk25": {"room1": -1.00204134}, "spk21": {"room3": -0.17229721, "room4": -0.968384743, "room2": -1.015972853, "room12": -1.257664442}, "spk30": {"room4": -1.01718533, "room2": -1.2968672509999999, "room12": -1.241959453}, "spk4": {"room6": -1.6283118719999998}, "spk14": {"room10": 2.6667985919999997}, "spk7": {"room12": -0.889820933}, "spk1": {"room5": -0.147717625, "room0": -0.27992269399999997}}}