{"meta": {"speaker": "spk11", "room": "room13"}, "data": {"spk22": {"room0": 2.280943632}, "spk10": {"room4": 1.105710745, "room12": 2.310764551}, "spk18": {"room5": -0.991406322, "room0": -0.856302917, "room2": -0.787396193}, "spk29": {"room10": 0.15346290199999998}, "spk5": {"room3": -0.616662681, "room5": -0.650103629, "room0": -0.44382548299999997}, "spk9": {"room4": 1.717103601, "room7": 2.226118565, "room10": 1.497466445, "room12": 1.7487208840000001, "room9": 1.497780561}, "spk2": {"room5": 0.747162938, "room0": 1.5945314169999998}, "spk23": {"room4": -0.6987903120000001, "room7": -0.494685709, "room2": 0.978878617, "room10": -0.438233882, "room12": -0.694084942, "room9": -1.159906626}, "spk15": {"room10": -0.8268114329999999}, "spk28": {"room10": -0.7617789509999999}, "spk24": {"room1": -0.48973912}, "spk12": {"room10": -0.5401755570000001}, "spk8": {"room10": -1.055980086}, "spk17": {"room5": -0.839745581, "room0": -1.4311494830000002}, "spk11": {"room3": 7.1614923479999995, "room4": 9.293252945, "room7": 8.936026573, "room2": 7.539581776, "room12": 7.704246521, "room9": 9.276734352}, "spk19": {"room4": -0.92389822, "room7": -1.033931255, "room12": -1.187075734}, "spk13": {"room4": 2.405225039, "room12": 3.3178126810000004}, "spk31": {"room10": -1.143387318}, "spk6": {"room10": -1.291727543}, "spk3": {"room3": 1.4147231580000001, "room5": 1.06193006, "room7": 2.181629896, "room0": 1.676494718, "room2": 1.056473255, "room9": 1.349220157}, "spk0": {"room3": 0.882368922}, "spk20": {"room10": -0.16749861800000002}, "spk26": {"room2": -0.064233273}, "spk16": {"room3": 2.5811812880000002, "room4": 2.915400505, "room7": 3.58970499, "room12": 2.851919174, "room9": 1.029883504}, "spk27": {"room5": -0.35296151, "room0": 0.685182631}, "spk25": {"room1": -0.827224851}, "spk21": {"room3": 0.09965425, "room4": -0.738943219, "room2": -0.616245329, "room12": -0.680884898}, "spk30": {"room4": -0.531111956, "room2": -0.517873526, "room12": -0.7657244209999999}, "spk4": {"room6": -1.127244949}, "spk14": {"room10": 3.551334858}, "spk7": {"room12": -0.6596935389999999}, "spk1": {"room5": 0.283660591, "room0": 0.848107815}}}