{"meta": {"speaker": "spk11", "room": "room13"}, "data": {"spk22": {"room0": 2.30639863}, "spk10": {"room4": 0.6359182, "room12": 1.086599469}, "spk18": {"room5": -0.8105706570000001, "room0": -1.594991684, "room2": -1.023877263}, "spk29": {"room10": 0.481810629}, "spk5": {"room3": -1.028364062, "room5": -1.2077550890000002, "room0": -0.15672256099999998}, "spk9": {"room4": 0.635787904, "room7": 1.877392411, "room10": 1.508108139, "room12": 1.465411901, "room9": 1.738708138}, "spk2": {"room5": 1.097263336, "room0": 1.242044687}, "spk23": {"room4": -0.009784203, "room7": 0.323745728, "room2": 1.035025001, "room10": 0.20831953, "room12": -0.356293827, "room9": -0.286629766}, "spk15": {"room10": -1.723503113}, "spk28": {"room10": -0.966077924}, "spk24": {"room1": 0.26810336100000004}, "spk12": {"room10": -0.545582056}, "spk8": {"room10": -0.353660226}, "spk17": {"room5": -0.048520453, "room0": -0.555222809}, "spk11": {"room3": 3.689217329, "room4": 5.428160667, "room7": 3.19063735, "room2": 4.280923367, "room12": 5.726863861, "room9": 4.602106094}, "spk19": {"room4": -1.241057396, "room7": -0.9542335270000001, "room12": -1.36479938}, "spk13": {"room4": 1.271269798, "room12": 0.605154991}, "spk31": {"room10": -1.798602819}, "spk6": {"room10": -0.163366437}, "spk3": {"room3": -0.379654616, "room5": 1.269414067, "room7": 0.556370378, "room0": 0.470586181, "room2": 0.661872685, "room9": 0.5497488979999999}, "spk0": {"room3": 1.171971679}, "spk20": {"room10": -0.382609725}, "spk26": {"room2": 0.680333614}, "spk16": {"room3": 1.223308325, "room4": 0.643965781, "room7": 1.964306831, "room12": 1.8159024719999999, "room9": 0.907860398}, "spk27": {"room5": -0.46240076399999996, "room0": 0.016628776}, "spk25": {"room1": 0.34660995}, "spk21": {"room3": 0.534693003, "room4": -0.5112907289999999, "room2": -0.475920141, "room12": -0.8707857729999999}, "spk30": {"room4": 0.7746894959999999, "room2": 0.0070231880000000005, "room12": 0.30088660100000003}, "spk4": {"room6": -0.783566117}, "spk14": {"room10": 3.063725233}, "spk7": {"room12": -0.43224582100000003}, "spk1": {"room5": 0.496190339, "room0": -0.35038527799999997}}}