{"meta": {"speaker": "spk11", "room": "room13"}, "data": {"spk22": {"room0": 2.415904045}, "spk10": {"room4": 1.39390254, "room12": 1.774817348}, "spk18": {"room5": -1.105960608, "room0": -1.345380425, "room2": -0.8818286059999999}, "spk29": {"room10": 0.975717843}, "spk5": {"room3": -0.92844218, "room5": -1.087949753, "room0": -0.763539553}, "spk9": {"room4": 2.036946774, "room7": 2.017390728, "room10": 0.947587132, "room12": 1.636643291, "room9": 1.652816772}, "spk2": {"room5": 0.959613204, "room0": 1.5839966540000001}, "spk23": {"room4": 1.306055307, "room7": 0.9651536940000001, "room2": 1.198993444, "room10": -0.590537429, "room12": 1.121249795, "room9": 0.960749745}, "spk15": {"room10": -1.028064251}, "spk28": {"room10": -0.599758685}, "spk24": {"room1": -0.171598062}, "spk12": {"room10": -0.772125125}, "spk8": {"room10": -0.019871915}, "spk17": {"room5": 1.002234697, "room0": 0.497231066}, "spk11": {"room3": 6.289791107, "room4": 9.124927521, "room7": 7.164175987, "room2": 7.1423611639999995, "room12": 7.844376564, "room9": 10.15675068}, "spk19": {"room4": -0.444323123, "room7": -0.401362449, "room12": -1.129514575}, "spk13": {"room4": 3.628311872, "room12": 2.942909479}, "spk31": {"room10": -1.889240026}, "spk6": {"room10": -0.750736356}, "spk3": {"room3": 1.994371891, "room5": 1.093704581, "room7": 2.742692709, "room0": 2.591222048, "room2": 1.55953002, "room9": 1.8923164609999998}, "spk0": {"room3": 1.3499797580000001}, "spk20": {"room10": -0.43196293700000005}, "spk26": {"room2": 0.512408435}, "spk16": {"room3": 3.408280373, "room4": 3.009176731, "room7": 4.193131447, "room12": 3.3161494730000003, "room9": 1.360867262}, "spk27": {"room5": 0.21003830399999998, "room0": 0.954953015}, "spk25": {"room1": 0.137538001}, "spk21": {"room3": 0.258584678, "room4": 0.26064831, "room2": 0.234333053, "room12": 0.068667479}, "spk30": {"room4": -0.28436777, "room2": -0.27853724399999996, "room12": -1.368370295}, "spk4": {"room6": -0.7321375609999999}, "spk14": {"room10": 5.239376545}, "spk7": {"room12": -0.53348881}, "spk1": {"room5": 1.0216480490000002, "room0": 1.077456474}}}