{"meta": {"speaker": "spk11", "room": "room13"}, "data": {"spk22": {"room0": 1.3946077819999998}, "spk10": {"room4": 0.7299447659999999, "room12": 1.2189131979999999}, "spk18": {"room5": -1.5187516209999998, "room0": -1.326036334, "room2": -1.304427743}, "spk29": {"room10": 0.435046881}, "spk5": {"room3": -0.334830552, "room5": -0.953653395, "room0": -0.39395389}, "spk9": {"room4": 1.4070515630000002, "room7": 2.7627420430000003, "room10": 2.7760975360000004, "room12": 2.669097185, "room9": 2.435759783}, "spk2": {"room5": 0.37716880399999997, "room0": 1.2479367259999998}, "spk23": {"room4": 0.15606108300000002, "room7": -0.30752784, "room2": 2.578384161, "room10": 0.648378611, "room12": -0.253281176, "room9": -0.523879588}, "spk15": {"room10": -1.053472638}, "spk28": {"room10": -1.004226804}, "spk24": {"room1": -0.042433813}, "spk12": {"room10": -0.568759084}, "spk8": {"room10": -0.657685995}, "spk17": {"room5": -1.298176646, "room0": -0.778281331}, "spk11": {"room3": 7.31113863, "room4": 8.74441433, "room7": 5.2958412169999995, "room2": 6.429978371, "room12": 7.5069770810000005, "room9": 8.675199509}, "spk19": {"room4": -1.5062911509999999, "room7": -1.399244428, "room12": -1.948569775}, "spk13": {"room4": 2.773764849, "room12": 2.593293905}, "spk31": {"room10": -1.326045513}, "spk6": {"room10": -1.233380795}, "spk3": {"room3": 1.078816652, "room5": 1.191755652, "room7": 1.2727638479999999, "room0": 1.041524887, "room2": 1.057129025, "room9": 0.434661001}, "spk0": {"room3": 0.315657347}, "spk20": {"room10": -0.028441917}, "spk26": {"room2": 0.86573559}, "spk16": {"room3": 2.214485645, "room4": 1.5433971880000001, "room7": 3.0100615019999997, "room12": 1.913215637, "room9": 0.925846756}, "spk27": {"room5": -0.937553704, "room0": 0.729912639}, "spk25": {"room1": -0.63064307}, "spk21": {"room3": 0.5215313429999999, "room4": -0.693299353, "room2": 0.063722558, "room12": -0.603840768}, "spk30": {"room4": -0.306803316, "room2": -1.3578817840000001, "room12": -0.49562537700000003}, "spk4": {"room6": -1.1637643579999999}, "spk14": {"room10": 4.280887127}, "spk7": {"room12": -0.7808091640000001}, "spk1": {"room5": 0.028338977999999997, "room0": 0.760712862}}}