{"meta": {"speaker": "spk11", "room": "room13"}, "data": {"spk22": {"room0": 1.06674087}, "spk10": {"room4": 0.521128535, "room12": 0.7936407329999999}, "spk18": {"room5": -1.0515087840000001, "room0": -1.4285758730000002, "room2": -1.416020632}, "spk29": {"room10": 1.649399042}, "spk5": {"room3": -0.554339945, "room5": -1.61637044, "room0": -1.037099481}, "spk9": {"room4": 2.686023951, "room7": 2.2328825, "room10": 2.132417679, "room12": 3.184813976, "room9": 2.476782799}, "spk2": {"room5": 0.424260885, "room0": 0.232203141}, "spk23": {"room4": 1.191077232, "room7": 0.40008530000000003, "room2": 1.350900292, "room10": -0.354726881, "room12": 1.3642922640000001, "room9": 0.337445527}, "spk15": {"room10": -1.585805058}, "spk28": {"room10": -0.80277282}, "spk24": {"room1": -0.283320725}, "spk12": {"room10": -0.642777026}, "spk8": {"room10": -0.483914584}, "spk17": {"room5": -1.189757347, "room0": -0.242017478}, "spk11": {"room3": 6.228167057, "room4": 9.462122917, "room7": 5.743340969, "room2": 6.788467884, "room12": 8.823056221, "room9": 9.479147911}, "spk19": {"room4": -1.202450156, "room7": -1.426949859, "room12": -1.74552989}, "spk13": {"room4": 2.9782655239999998, "room12": 1.981695175}, "spk31": {"room10": -2.041501284}, "spk6": {"room10": -0.7567830090000001}, "spk3": {"room3": 1.018451452, "room5": 0.481026202, "room7": 1.7495925430000001, "room0": 0.9446771140000001, "room2": 1.953155398, "room9": 0.910769701}, "spk0": {"room3": 2.18994832}, "spk20": {"room10": -0.7645767929999999}, "spk26": {"room2": 1.3163011070000001}, "spk16": {"room3": 3.996566772, "room4": 3.7778203489999997, "room7": 4.625862598, "room12": 3.334956408, "room9": 2.398221731}, "spk27": {"room5": -0.8611128929999999, "room0": 0.715608776}, "spk25": {"room1": 0.288811862}, "spk21": {"room3": 0.467689574, "room4": -0.136408299, "room2": 0.077689029, "room12": -0.686257184}, "spk30": {"room4": -0.845477283, "room2": -1.1354310509999999, "room12": -1.5729182959999999}, "spk4": {"room6": -1.16349268}, "spk14": {"room10": 4.68066597}, "spk7": {"room12": 0.7939839959999999}, "spk1": {"room5": 0.421613932, "room0": 0.452950597}}}