{"meta": {"speaker": "spk11", "room": "room13"}, "data": {"spk22": {"room0": 1.236721516}, "spk10": {"room4": 1.171556711, "room12": 1.943453431}, "spk18": {"room5": -1.249439955, "room0": -1.333214283, "room2": -1.133007407}, "spk29": {"room10": 0.34051498799999996}, "spk5": {"room3": -0.769167006, "room5": -1.264286995, "room0": -0.642110229}, "spk9": {"room4": 1.705772042, "room7": 1.86068964, "room10": 1.17149508, "room12": 1.5049440859999998, "room9": 1.6995226140000002}, "spk2": {"room5": 0.8646461959999999, "room0": 1.770004272}, "spk23": {"room4": 0.565709352, "room7": 0.199895099, "room2": 1.369058251, "room10": 0.066738456, "room12": 0.676401496, "room9": -0.281289577}, "spk15": {"room10": -0.6875875}, "spk28": {"room10": -0.995472908}, "spk24": {"room1": -0.97536087}, "spk12": {"room10": -0.83992213}, "spk8": {"room10": -0.862339735}, "spk17": {"room5": -0.09363088800000001, "room0": -0.157185093}, "spk11": {"room3": 4.196345329, "room4": 7.285847663999999, "room7": 6.092337607999999, "room2": 6.391912937000001, "room12": 7.390233994, "room9": 6.977908611}, "spk19": {"room4": -0.8599575759999999, "room7": -1.106559157, "room12": -1.1800448890000002}, "spk13": {"room4": 3.0277915, "room12": 2.550769091}, "spk31": {"room10": -1.246489644}, "spk6": {"room10": -0.33663123799999994}, "spk3": {"room3": 1.050317287, "room5": 0.26204443, "room7": 2.090493917, "room0": 1.055268645, "room2": 0.352805108, "room9": 0.508500099}, "spk0": {"room3": 1.030590653}, "spk20": {"room10": -0.15973685699999998}, "spk26": {"room2": 0.42582196}, "spk16": {"room3": 2.5212528709999997, "room4": 2.79237318, "room7": 3.219762564, "room12": 2.527755976, "room9": 1.7984033819999998}, "spk27": {"room5": -0.313791931, "room0": 0.810320735}, "spk25": {"room1": -0.858495772}, "spk21": {"room3": 0.832986593, "room4": 0.382501811, "room2": -0.434024453, "room12": -0.050610054}, "spk30": {"room4": -0.664095879, "room2": -0.819894195, "room12": -0.77192843}, "spk4": {"room6": -0.729289234}, "spk14": {"room10": 3.320574522}, "spk7": {"room12": -0.9824489359999999}, "spk1": {"room5": -0.066518597, "room0": 0.131329253}}}