{"meta": {"speaker": "spk11", "room": "room11"}, "data": {"spk22": {"room0": 0.267790139}, "spk10": {"room4": 0.74620074, "room12": 1.0076043609999998}, "spk18": {"room5": -1.9946589469999998, "room0": -1.76406312, "room2": -1.514013529}, "spk29": {"room10": 0.83233875}, "spk5": {"room3": -0.864532948, "room5": -0.8490250709999999, "room0": -0.887254894}, "spk9": {"room4": 2.420936823, "room7": 2.398964405, "room10": 1.67544961, "room12": 1.762440681, "room9": 2.0940737719999998}, "spk2": {"room5": 0.363037527, "room0": -0.111758731}, "spk23": {"room4": -0.047981404000000005, "room7": 0.31138113100000003, "room2": 0.859366477, "room10": -0.549052179, "room12": 0.48184347200000005, "room9": 0.344095826}, "spk15": {"room10": -1.43940413}, "spk28": {"room10": -1.078200817}, "spk24": {"room1": -0.867610335}, "spk12": {"room10": -1.149992943}, "spk8": {"room10": -1.403916001}, "spk17": {"room5": -0.993279338, "room0": -0.518959403}, "spk11": {"room3": 7.329345226, "room4": 8.008321762000001, "room7": 6.731892586, "room2": 7.217542171, "room12": 7.129090786, "room9": 7.403808594}, "spk19": {"room4": -1.447571635, "room7": -1.4620696309999999, "room12": -1.9686930180000002}, "spk13": {"room4": 2.579073906, "room12": 2.5640547280000003}, "spk31": {"room10": -2.139929295}, "spk6": {"room10": -1.101633549}, "spk3": {"room3": 0.737182975, "room5": -0.58821708, "room7": 0.540944636, "room0": 1.0266561509999999, "room2": -0.606625736, "room9": -0.025897768999999998}, "spk0": {"room3": 0.185397565}, "spk20": {"room10": -0.778073967}, "spk26": {"room2": -0.8686907290000001}, "spk16": {"room3": 2.107895136, "room4": 1.838792205, "room7": 2.894036293, "room12": 2.9635877610000003, "room9": 0.85663867}, "spk27": {"room5": 0.231219724, "room0": 1.725247622}, "spk25": {"room1": -0.121079348}, "spk21": {"room3": -0.18211039899999998, "room4": -1.131967902, "room2": -0.66474241, "room12": -1.016368151}, "spk30": {"room4": -0.939255297, "room2": -2.064808846, "room12": -1.661518216}, "spk4": {"room6": -0.623540998}, "spk14": {"room10": 1.54384768}, "spk7": {"room12": -0.427087218}, "spk1": {"room5": 0.801807761, "room0": 0.9626002309999999}}}