{"meta": {"speaker": "spk11", "room": "room11"}, "data": {"spk22": {"room0": 1.658804655}, "spk10": {"room4": 0.19280745100000002, "room12": 0.418243945}, "spk18": {"room5": -0.814365447, "room0": -1.386199236, "room2": -1.15706861}, "spk29": {"room10": 0.382725328}, "spk5": {"room3": -0.7343238000000001, "room5": -1.2686077359999999, "room0": -0.848035097}, "spk9": {"room4": -0.25495311600000004, "room7": 0.520859241, "room10": 1.217176437, "room12": 0.976335049, "room9": 1.32332778}, "spk2": {"room5": 1.063446283, "room0": -0.050656859000000005}, "spk23": {"room4": -0.135235965, "room7": 0.517584145, "room2": 1.287239671, "room10": 0.35440599899999997, "room12": 0.434227645, "room9": 0.402525425}, "spk15": {"room10": -1.2809411290000001}, "spk28": {"room10": -1.171200395}, "spk24": {"room1": -0.872386158}, "spk12": {"room10": -1.178720355}, "spk8": {"room10": -0.730603456}, "spk17": {"room5": -0.716422915, "room0": -1.087195992}, "spk11": {"room3": 2.9988744260000004, "room4": 3.727360725, "room7": 2.547961235, "room2": 3.1082060339999997, "room12": 3.970330715, "room9": 3.142041206}, "spk19": {"room4": -1.5023561719999998, "room7": -1.2449887990000001, "room12": -1.5277482269999998}, "spk13": {"room4": 1.697934031, "room12": 1.042694569}, "spk31": {"room10": -1.209098101}, "spk6": {"room10": -1.0248112679999999}, "spk3": {"room3": 0.909821868, "room5": 0.882755697, "room7": 1.4200367930000002, "room0": 0.7696015829999999, "room2": 0.976937473, "room9": 0.68421489}, "spk0": {"room3": -0.002666586}, "spk20": {"room10": -0.378051013}, "spk26": {"room2": 0.35088521200000006}, "spk16": {"room3": 1.028026104, "room4": -0.086965628, "room7": 2.192913055, "room12": 1.4925475119999998, "room9": 0.5013437270000001}, "spk27": {"room5": -1.2544641490000001, "room0": -0.102816015}, "spk25": {"room1": -0.211367711}, "spk21": {"room3": -0.169613376, "room4": -0.049284602999999996, "room2": -0.55662477, "room12": -0.650641084}, "spk30": {"room4": -0.703779697, "room2": -1.7335336209999999, "room12": -1.354960322}, "spk4": {"room6": -0.43762382899999996}, "spk14": {"room10": 1.2592893840000001}, "spk7": {"room12": -1.186892033}, "spk1": {"room5": 0.558950365, "room0": -0.354454339}}}