{"meta": {"speaker": "spk11", "room": "room11"}, "data": {"spk22": {"room0": 1.7024754290000002}, "spk10": {"room4": 0.519047797, "room12": 0.378444523}, "spk18": {"room5": -1.7277183530000002, "room0": -1.64909029, "room2": -1.473177075}, "spk29": {"room10": 0.082914002}, "spk5": {"room3": -0.8083153959999999, "room5": -1.4496655459999999, "room0": -1.256335974}, "spk9": {"room4": 1.141174197, "room7": 1.277063489, "room10": 1.781201601, "room12": 1.363147259, "room9": 1.4393048290000001}, "spk2": {"room5": 0.715898395, "room0": 0.48472929}, "spk23": {"room4": -0.619474888, "room7": 0.08203938599999999, "room2": 0.298643887, "room10": -0.761275768, "room12": 0.0050552109999999996, "room9": -0.41681537}, "spk15": {"room10": -1.31543529}, "spk28": {"room10": -1.2298070190000001}, "spk24": {"room1": -0.785532773}, "spk12": {"room10": -1.4144601819999998}, "spk8": {"room10": -0.7815244790000001}, "spk17": {"room5": -0.842777908, "room0": -0.954395235}, "spk11": {"room3": 5.41969347, "room4": 7.035563946, "room7": 6.579626083, "room2": 6.96177721, "room12": 6.090931416, "room9": 6.138034343999999}, "spk19": {"room4": -1.305135012, "room7": -1.278560758, "room12": -1.681899309}, "spk13": {"room4": 1.750150919, "room12": 1.322994471}, "spk31": {"room10": -1.82832706}, "spk6": {"room10": -1.116564989}, "spk3": {"room3": 0.114959456, "room5": 0.09710224699999999, "room7": 1.291662693, "room0": 0.6950957179999999, "room2": 0.638273954, "room9": -0.028204719}, "spk0": {"room3": -0.9676134590000001}, "spk20": {"room10": -1.117693305}, "spk26": {"room2": -0.56775862}, "spk16": {"room3": 2.313944101, "room4": 0.911610007, "room7": 3.27718854, "room12": 2.1245629790000002, "room9": 0.743076265}, "spk27": {"room5": -0.882734895, "room0": 0.6904491779999999}, "spk25": {"room1": -0.700450659}, "spk21": {"room3": -0.180263862, "room4": -0.601256669, "room2": -0.930155635, "room12": -0.782659709}, "spk30": {"room4": -1.146344662, "room2": -1.383158207, "room12": -1.190936923}, "spk4": {"room6": -0.709021628}, "spk14": {"room10": 1.613443375}, "spk7": {"room12": -0.7253860240000001}, "spk1": {"room5": 0.26199826600000004, "room0": 0.495228648}}}