{"meta": {"speaker": "spk11", "room": "room13"}, "data": {"spk22": {"room0": 0.9463077190000001}, "spk10": {"room4": 0.567803681, "room12": 0.441198319}, "spk18": {"room5": -1.025936484, "room0": -1.32095015, "room2": -1.333720565}, "spk29": {"room10": 0.817871809}, "spk5": {"room3": -0.502669036, "room5": -1.230379462, "room0": -0.43345892399999997}, "spk9": {"room4": 1.059005618, "room7": 1.960487366, "room10": 2.490583897, "room12": 1.6311649080000001, "room9": 1.6959737540000002}, "spk2": {"room5": 0.6782553790000001, "room0": 1.55256927}, "spk23": {"room4": 0.917998254, "room7": 0.45412272200000003, "room2": 2.122341394, "room10": 0.7676850559999999, "room12": 0.50140655, "room9": 0.56859231}, "spk15": {"room10": -1.321481228}, "spk28": {"room10": -1.191092014}, "spk24": {"room1": -0.138365626}, "spk12": {"room10": -0.902937233}, "spk8": {"room10": -0.457484722}, "spk17": {"room5": -0.533365369, "room0": -0.08042492}, "spk11": {"room3": 4.158900261, "room4": 6.051354885, "room7": 4.051235676, "room2": 5.021993637, "room12": 5.687929153, "room9": 6.111654757999999}, "spk19": {"room4": -1.922622204, "room7": -1.652290821, "room12": -1.625787139}, "spk13": {"room4": 3.312033415, "room12": 2.5019059180000003}, "spk31": {"room10": -1.751228809}, "spk6": {"room10": -0.019307658000000002}, "spk3": {"room3": 0.213678643, "room5": 0.936487913, "room7": 0.556404948, "room0": 0.37307277299999997, "room2": 1.1136224270000001, "room9": 0.075339667}, "spk0": {"room3": 0.408976346}, "spk20": {"room10": -0.7997724409999999}, "spk26": {"room2": 1.677999496}, "spk16": {"room3": 2.2984778880000003, "room4": 0.325644612, "room7": 2.0268177990000003, "room12": 0.645983458, "room9": 0.518928766}, "spk27": {"room5": -0.456614435, "room0": 0.142155334}, "spk25": {"room1": 0.418158531}, "spk21": {"room3": 0.973266125, "room4": 0.6380940079999999, "room2": 0.335172862, "room12": -0.23398946199999998}, "spk30": {"room4": -0.74021256, "room2": -0.927587032, "room12": -0.9888859990000001}, "spk4": {"room6": -0.494670004}, "spk14": {"room10": 2.333809614}, "spk7": {"room12": -0.278674185}, "spk1": {"room5": 0.9440568690000001, "room0": 1.316022277}}}