{"meta": {"speaker": "spk11", "room": "room3"}, "data": {"spk22": {"room0": 1.938523889}, "spk10": {"room4": 1.246056795, "room12": 1.844412804}, "spk18": {"room5": -1.7242765430000002, "room0": -1.802622676, "room2": -1.504420519}, "spk29": {"room10": 1.329902291}, "spk5": {"room3": -1.86393702, "room5": -1.144928455, "room0": -1.229147673}, "spk9": {"room4": 2.590331316, "room7": 3.12082386, "room10": 2.716721773, "room12": 3.511104345, "room9": 2.9275789260000002}, "spk2": {"room5": -0.22104459999999998, "room0": 0.596126139}, "spk23": {"room4": 0.07527180000000001, "room7": 0.19313566399999998, "room2": 0.821954072, "room10": -0.30107072, "room12": -0.011372846, "room9": -0.189991117}, "spk15": {"room10": -1.7139933109999999}, "spk28": {"room10": -1.37148273}, "spk24": {"room1": -1.279509187}, "spk12": {"room10": -1.220156193}, "spk8": {"room10": -0.787030578}, "spk17": {"room5": 0.30718129899999996, "room0": -0.45762518}, "spk11": {"room3": 9.026596069, "room4": 10.0960331, "room7": 8.447324753, "room2": 6.7688770289999995, "room12": 8.450864792, "room9": 8.149568558}, "spk19": {"room4": -1.581915975, "room7": -1.4906071419999998, "room12": -2.143547535}, "spk13": {"room4": 2.3244574069999997, "room12": 0.90519309}, "spk31": {"room10": -1.5129529240000001}, "spk6": {"room10": -0.9924253820000001}, "spk3": {"room3": 1.16953814, "room5": 1.30265677, "room7": 1.482495427, "room0": 1.3758209940000001, "room2": 1.143905401, "room9": 1.250834465}, "spk0": {"room3": 1.732196569}, "spk20": {"room10": -0.19121322}, "spk26": {"room2": 0.49232834600000003}, "spk16": {"room3": 2.8018708230000002, "room4": 2.437926769, "room7": 3.0810692310000003, "room12": 2.890367985, "room9": 1.653213143}, "spk27": {"room5": -0.500396967, "room0": 1.175264716}, "spk25": {"room1": -1.063307405}, "spk21": {"room3": -0.7437686920000001, "room4": -1.333887696, "room2": -1.4055666919999998, "room12": -1.47336185}, "spk30": {"room4": -1.228068471, "room2": -1.7470332380000002, "room12": -1.285618782}, "spk4": {"room6": -1.4368987080000002}, "spk14": {"room10": 2.813833237}, "spk7": {"room12": -0.322272748}, "spk1": {"room5": 0.491687328, "room0": 0.317612052}}}