{"meta": {"speaker": "spk11", "room": "room13"}, "data": {"spk22": {"room0": 0.11567522599999999}, "spk10": {"room4": 1.440304875, "room12": 1.7075976130000001}, "spk18": {"room5": -1.7207773919999998, "room0": -1.9659155609999999, "room2": -1.4661271569999998}, "spk29": {"room10": 1.432789445}, "spk5": {"room3": -1.057931542, "room5": -1.807368279, "room0": -1.395941615}, "spk9": {"room4": 1.056933403, "room7": 2.390611887, "room10": 1.0690605640000002, "room12": 1.662963152, "room9": 1.199438691}, "spk2": {"room5": -0.40177404899999997, "room0": 0.256747365}, "spk23": {"room4": 0.7270948890000001, "room7": 0.321658224, "room2": 2.878452063, "room10": 0.030412439, "room12": 0.130400211, "room9": 0.018219054}, "spk15": {"room10": -0.826988101}, "spk28": {"room10": -1.371639013}, "spk24": {"room1": -0.25437298399999997}, "spk12": {"room10": -1.8017820119999999}, "spk8": {"room10": 0.10189327599999999}, "spk17": {"room5": 0.123204969, "room0": -0.043221083}, "spk11": {"room3": 3.88642025, "room4": 5.8680186270000005, "room7": 3.1349639889999996, "room2": 3.941046238, "room12": 4.371613503, "room9": 5.695034504}, "spk19": {"room4": -2.110382557, "room7": -1.89195013, "room12": -2.1581513880000003}, "spk13": {"room4": 2.4525859359999997, "room12": 1.452038765}, "spk31": {"room10": -1.848609924}, "spk6": {"room10": 0.113010876}, "spk3": {"room3": 1.386651635, "room5": 0.575658441, "room7": -0.017863685, "room0": 0.698003829, "room2": 0.490768611, "room9": 0.598748386}, "spk0": {"room3": 1.4948263169999998}, "spk20": {"room10": -0.9333187940000001}, "spk26": {"room2": 1.901733279}, "spk16": {"room3": 1.199468017, "room4": -0.08290017400000001, "room7": 1.014450908, "room12": 0.269704551, "room9": -0.46875098299999995}, "spk27": {"room5": 0.30385392899999997, "room0": 0.920624197}, "spk25": {"room1": -0.216525286}, "spk21": {"room3": -0.248738199, "room4": -0.08563292, "room2": 0.15988196400000002, "room12": -0.147089601}, "spk30": {"room4": -1.176161885, "room2": -1.6428995130000001, "room12": -1.466956735}, "spk4": {"room6": -0.6909663079999999}, "spk14": {"room10": 2.715549469}, "spk7": {"room12": -0.068942249}, "spk1": {"room5": 0.42267984200000003, "room0": 0.628618598}}}