{"meta": {"speaker": "spk11", "room": "room9"}, "data": {"spk22": {"room0": 1.5627038480000002}, "spk10": {"room4": 2.3806777, "room12": 1.480461955}, "spk18": {"room5": -0.839556277, "room0": -0.623550057, "room2": -1.118046403}, "spk29": {"room10": 0.9872050290000001}, "spk5": {"room3": -0.913765371, "room5": -1.1956822870000001, "room0": -1.3097480540000002}, "spk9": {"room4": 2.1951401230000003, "room7": 2.286404133, "room10": 2.088994265, "room12": 3.035634995, "room9": 2.845451355}, "spk2": {"room5": 1.043899298, "room0": 1.318882227}, "spk23": {"room4": 0.27232724399999997, "room7": 0.267263979, "room2": 0.650172591, "room10": 0.327762663, "room12": 0.17610524600000002, "room9": 1.219432592}, "spk15": {"room10": -1.147101164}, "spk28": {"room10": -0.922622323}, "spk24": {"room1": -0.63146466}, "spk12": {"room10": -0.854653478}, "spk8": {"room10": -0.427211732}, "spk17": {"room5": -0.045453112999999996, "room0": 0.46036738200000005}, "spk11": {"room3": 5.282615185, "room4": 8.71664238, "room7": 8.517663956, "room2": 6.957569122000001, "room12": 8.948540688, "room9": 8.75496769}, "spk19": {"room4": -1.206077337, "room7": -0.945913672, "room12": -1.25890851}, "spk13": {"room4": 2.921494722, "room12": 1.730124354}, "spk31": {"room10": -1.159095526}, "spk6": {"room10": -0.608781397}, "spk3": {"room3": 0.301139712, "room5": 0.828806341, "room7": 2.235851526, "room0": 1.713689566, "room2": 0.7383899690000001, "room9": 1.828219056}, "spk0": {"room3": 0.464138716}, "spk20": {"room10": -0.550766289}, "spk26": {"room2": 0.287465453}, "spk16": {"room3": 1.708497405, "room4": 2.487530708, "room7": 2.318268299, "room12": 2.290627956, "room9": 2.085229874}, "spk27": {"room5": -0.259530604, "room0": 0.93845129}, "spk25": {"room1": -0.120813802}, "spk21": {"room3": -0.5939302439999999, "room4": -0.19444504399999998, "room2": -0.936041534, "room12": -0.321603358}, "spk30": {"room4": -1.153030872, "room2": -1.1766848559999998, "room12": -0.9574023490000001}, "spk4": {"room6": -0.092301995}, "spk14": {"room10": 2.028575659}, "spk7": {"room12": 0.015997875}, "spk1": {"room5": 1.640727878, "room0": 0.5256768470000001}}}