{"meta": {"speaker": "spk11", "room": "room13"}, "data": {"spk22": {"room0": -0.075136766}, "spk10": {"room4": 0.747970283, "room12": -0.112065896}, "spk18": {"room5": -0.730879307, "room0": -0.876013756, "room2": -0.514406085}, "spk29": {"room10": 1.344431996}, "spk5": {"room3": 0.942933679, "room5": 1.020050883, "room0": 0.529927075}, "spk9": {"room4": 0.292646438, "room7": 0.700210989, "room10": 0.770317197, "room12": 0.46422177600000003, "room9": -0.47160366200000003}, "spk2": {"room5": 0.395744383, "room0": 0.7529411909999999}, "spk23": {"room4": 0.617940068, "room7": -0.036373999, "room2": -0.091508359, "room10": 0.9305368070000001, "room12": 0.19357208899999997, "room9": -0.263355106}, "spk15": {"room10": 0.551375151}, "spk28": {"room10": -0.803842425}, "spk24": {"room1": 0.026358476000000002}, "spk12": {"room10": -1.421456695}, "spk8": {"room10": 1.0446704629999999}, "spk17": {"room5": 0.9814543720000001, "room0": -0.111172348}, "spk11": {"room3": 0.300165325, "room4": -0.568130672, "room7": 0.387441039, "room2": -0.910603046, "room12": -0.40628457100000004, "room9": 0.043932498}, "spk19": {"room4": -0.7110669609999999, "room7": -2.969284534, "room12": -1.613104224}, "spk13": {"room4": 0.008289455, "room12": 0.263541311}, "spk31": {"room10": -2.982308865}, "spk6": {"room10": 0.8473488690000001}, "spk3": {"room3": -1.5812247990000001, "room5": 0.43190115700000004, "room7": 0.512428045, "room0": -0.80611223, "room2": 1.247142673, "room9": -2.097699881}, "spk0": {"room3": -0.489376903}, "spk20": {"room10": -2.378725052}, "spk26": {"room2": 0.30434081}, "spk16": {"room3": 0.945404172, "room4": 0.7760409709999999, "room7": 0.427107334, "room12": -0.873256803, "room9": 0.635330856}, "spk27": {"room5": 0.524119973, "room0": -0.701699317}, "spk25": {"room1": -0.533856094}, "spk21": {"room3": -0.309000939, "room4": 0.013363767, "room2": -0.23012808, "room12": 0.309567928}, "spk30": {"room4": -0.6649515029999999, "room2": -1.520303965, "room12": -1.4383167030000001}, "spk4": {"room6": -0.026202457000000002}, "spk14": {"room10": -0.408942252}, "spk7": {"room12": 0.772583425}, "spk1": {"room5": -0.24742130899999998, "room0": -0.67244637}}}