{"meta": {"speaker": "spk11", "room": "room11"}, "data": {"spk22": {"room0": 1.109207034}, "spk10": {"room4": 0.136729226, "room12": 0.612655938}, "spk18": {"room5": -1.4208394290000002, "room0": -1.248815894, "room2": -1.263731956}, "spk29": {"room10": 0.46499240399999997}, "spk5": {"room3": -0.804189444, "room5": -1.00120163, "room0": -1.090766549}, "spk9": {"room4": 1.97404325, "room7": 1.727548122, "room10": 1.93993032, "room12": 2.131130457, "room9": 1.641996264}, "spk2": {"room5": 0.940221071, "room0": 0.547987223}, "spk23": {"room4": -0.8131914729999999, "room7": 0.115424104, "room2": 0.578064978, "room10": -0.611753106, "room12": -0.212676972, "room9": -0.5679194329999999}, "spk15": {"room10": -0.871971607}, "spk28": {"room10": -0.752538443}, "spk24": {"room1": -0.603693962}, "spk12": {"room10": -0.785194218}, "spk8": {"room10": -0.895407856}, "spk17": {"room5": -0.739182711, "room0": -0.667551994}, "spk11": {"room3": 5.639731884, "room4": 7.682038307000001, "room7": 7.017674446, "room2": 7.394258498999999, "room12": 6.638166428, "room9": 6.864507197999999}, "spk19": {"room4": -0.848775506, "room7": -0.945545018, "room12": -1.250107527}, "spk13": {"room4": 2.617708445, "room12": 2.15241003}, "spk31": {"room10": -1.455950975}, "spk6": {"room10": -0.493682295}, "spk3": {"room3": 0.157316983, "room5": 0.15569520000000003, "room7": 1.332219362, "room0": 0.926363468, "room2": 0.372489512, "room9": 0.377844125}, "spk0": {"room3": -0.716943562}, "spk20": {"room10": -0.563771605}, "spk26": {"room2": -0.11829233900000001}, "spk16": {"room3": 1.9109803440000002, "room4": 1.684728384, "room7": 2.097678185, "room12": 1.857979655, "room9": 0.869010389}, "spk27": {"room5": -0.702449083, "room0": 0.641678154}, "spk25": {"room1": -0.39970883700000004}, "spk21": {"room3": 0.049038682, "room4": -0.360133559, "room2": -0.908030331, "room12": -0.546523511}, "spk30": {"room4": -0.494792581, "room2": -1.051642776, "room12": -0.842810631}, "spk4": {"room6": -0.359478533}, "spk14": {"room10": 2.161548615}, "spk7": {"room12": -0.507533908}, "spk1": {"room5": 0.37741658100000003, "room0": 0.768039525}}}