{"meta": {"speaker": "spk11", "room": "room11"}, "data": {"spk22": {"room0": 1.53472805}, "spk10": {"room4": -0.149138927, "room12": 0.313210964}, "spk18": {"room5": -1.599074006, "room0": -1.79252243, "room2": -1.491567492}, "spk29": {"room10": 0.164490432}, "spk5": {"room3": -1.664093256, "room5": -1.944081903, "room0": -1.567891836}, "spk9": {"room4": 1.4309258459999998, "room7": 1.295191646, "room10": 1.992673039, "room12": 1.087331772, "room9": 1.822249651}, "spk2": {"room5": 0.521325886, "room0": 0.874352098}, "spk23": {"room4": 0.009082401, "room7": -0.892978191, "room2": 1.042174935, "room10": 0.190445781, "room12": 0.17307455800000002, "room9": -0.24285450600000003}, "spk15": {"room10": -2.045974731}, "spk28": {"room10": -1.422247291}, "spk24": {"room1": -0.24763464899999998}, "spk12": {"room10": -1.560511112}, "spk8": {"room10": -1.216921449}, "spk17": {"room5": -1.177407742, "room0": -0.903655946}, "spk11": {"room3": 2.949343204, "room4": 4.355939865, "room7": 2.91192627, "room2": 3.849799871, "room12": 5.215909958, "room9": 4.719643593}, "spk19": {"room4": -1.96562922, "room7": -2.071573496, "room12": -2.08237648}, "spk13": {"room4": 1.936752915, "room12": 1.240052342}, "spk31": {"room10": -1.7789355519999999}, "spk6": {"room10": -0.36881771700000004}, "spk3": {"room3": -0.118883565, "room5": 0.558548987, "room7": 1.289699674, "room0": 0.877451003, "room2": 0.31615290000000007, "room9": 0.525803864}, "spk0": {"room3": -0.8906198740000001}, "spk20": {"room10": -1.036898613}, "spk26": {"room2": -0.15965622699999998}, "spk16": {"room3": 0.9486225840000001, "room4": 0.656140804, "room7": 1.895469904, "room12": 1.058536887, "room9": 0.49900525799999995}, "spk27": {"room5": -0.38040420399999997, "room0": 0.543517172}, "spk25": {"room1": -0.936630368}, "spk21": {"room3": -0.305558056, "room4": -0.5853551029999999, "room2": -0.789471507, "room12": -0.9429265259999999}, "spk30": {"room4": -1.299311638, "room2": -2.350113869, "room12": -1.822040915}, "spk4": {"room6": -1.365722418}, "spk14": {"room10": 3.1426289080000003}, "spk7": {"room12": -1.547401071}, "spk1": {"room5": 0.133228451, "room0": 0.043333727999999995}}}