{"meta": {"speaker": "spk11", "room": "room11"}, "data": {"spk22": {"room0": 0.639093876}, "spk10": {"room4": 0.08580783800000001, "room12": 0.580547512}, "spk18": {"room5": -1.7343589069999998, "room0": -1.344869494, "room2": -1.71921885}, "spk29": {"room10": 0.215484425}, "spk5": {"room3": -1.829437494, "room5": -1.918561935, "room0": -1.7347146269999998}, "spk9": {"room4": 1.032407165, "room7": 1.139463067, "room10": 0.566729307, "room12": 0.5751751070000001, "room9": 0.16884461}, "spk2": {"room5": 0.311413467, "room0": 0.97534591}, "spk23": {"room4": -0.499531716, "room7": -0.39485067100000004, "room2": 0.866872132, "room10": -0.7899679540000001, "room12": -0.449077159, "room9": -0.154649541}, "spk15": {"room10": -0.662880599}, "spk28": {"room10": -0.650522232}, "spk24": {"room1": -0.71214062}, "spk12": {"room10": -1.194065213}, "spk8": {"room10": -1.079074025}, "spk17": {"room5": -1.321994185, "room0": -0.779640973}, "spk11": {"room3": 4.066782951, "room4": 6.41268158, "room7": 5.467813492, "room2": 5.968007565, "room12": 5.666511058999999, "room9": 5.728886127000001}, "spk19": {"room4": -1.032586455, "room7": -1.2721399070000001, "room12": -1.417052507}, "spk13": {"room4": 2.71045351, "room12": 2.0352613930000003}, "spk31": {"room10": -1.953709841}, "spk6": {"room10": -0.455643058}, "spk3": {"room3": 0.469811022, "room5": 0.359012455, "room7": 0.241874024, "room0": 0.191643313, "room2": 0.03754399, "room9": -0.50421685}, "spk0": {"room3": -0.82988435}, "spk20": {"room10": -0.5133606789999999}, "spk26": {"room2": -0.30529746399999996}, "spk16": {"room3": 0.954446912, "room4": 0.978533387, "room7": 1.7805016040000001, "room12": 1.426969767, "room9": 0.002578198}, "spk27": {"room5": -1.005663395, "room0": -0.284069389}, "spk25": {"room1": -1.3858131169999999}, "spk21": {"room3": -0.507665515, "room4": -0.31225884, "room2": -0.745429039, "room12": -0.462760746}, "spk30": {"room4": -0.57146436, "room2": -1.390012264, "room12": -1.002067804}, "spk4": {"room6": -0.624487579}, "spk14": {"room10": 2.237812757}, "spk7": {"room12": -1.5160499809999999}, "spk1": {"room5": 0.71129787, "room0": 0.43755281}}}