{"meta": {"speaker": "spk11", "room": "room13"}, "data": {"spk22": {"room0": 2.374349833}, "spk10": {"room4": 0.795488715, "room12": 1.483721256}, "spk18": {"room5": -1.007125854, "room0": -1.248813629, "room2": -0.91507566}, "spk29": {"room10": 0.8688729409999999}, "spk5": {"room3": -1.191808939, "room5": -1.2954703570000001, "room0": -1.042550325}, "spk9": {"room4": 1.670626402, "room7": 1.9730311630000001, "room10": 1.751493573, "room12": 1.63873601, "room9": 2.117982388}, "spk2": {"room5": 0.66422224, "room0": 0.922812402}, "spk23": {"room4": -0.22992985, "room7": -0.095655188, "room2": 0.39357990000000004, "room10": -0.545042455, "room12": -0.734890521, "room9": -1.3381990190000002}, "spk15": {"room10": -1.53879571}, "spk28": {"room10": -0.7790007590000001}, "spk24": {"room1": -0.9294584990000001}, "spk12": {"room10": -0.8157109020000001}, "spk8": {"room10": -0.592640996}, "spk17": {"room5": -0.866353273, "room0": -0.754617214}, "spk11": {"room3": 7.951026917, "room4": 9.906986237, "room7": 8.552190781, "room2": 9.397883415, "room12": 8.959599495, "room9": 10.69404793}, "spk19": {"room4": -1.121214628, "room7": -1.138470769, "room12": -1.240198851}, "spk13": {"room4": 2.57403183, "room12": 3.201364279}, "spk31": {"room10": -1.3861286640000001}, "spk6": {"room10": -1.1578230859999998}, "spk3": {"room3": 1.9990850690000002, "room5": 0.782573938, "room7": 1.835839987, "room0": 1.70967865, "room2": 0.950903475, "room9": 1.175804734}, "spk0": {"room3": 0.237499133}, "spk20": {"room10": -0.209865734}, "spk26": {"room2": 0.040479057}, "spk16": {"room3": 2.454530239, "room4": 2.576287508, "room7": 3.186669111, "room12": 2.977668524, "room9": 1.4880691769999999}, "spk27": {"room5": -0.9680672290000001, "room0": 1.6500173809999998}, "spk25": {"room1": -0.222185627}, "spk21": {"room3": -0.662680864, "room4": -0.978850245, "room2": -1.5770763159999999, "room12": -1.6380587819999999}, "spk30": {"room4": -0.61757797, "room2": -0.5217113489999999, "room12": -0.804641426}, "spk4": {"room6": -1.1300406459999999}, "spk14": {"room10": 3.85960412}, "spk7": {"room12": -0.594863951}, "spk1": {"room5": 0.314470202, "room0": 0.515140533}}}