{"meta": {"speaker": "spk11", "room": "room7"}, "data": {"spk22": {"room0": 2.036837578}, "spk10": {"room4": 2.0464985369999997, "room12": 1.224791169}, "spk18": {"room5": -1.017936349, "room0": -0.794547498, "room2": -0.773345113}, "spk29": {"room10": 0.735779405}, "spk5": {"room3": -0.08755779999999999, "room5": -0.350813001, "room0": -0.246465519}, "spk9": {"room4": 3.263921022, "room7": 3.040644407, "room10": 2.418121338, "room12": 3.000602722, "room9": 3.227799177}, "spk2": {"room5": 1.009423018, "room0": 1.6420865059999998}, "spk23": {"room4": 0.633562207, "room7": 0.662123382, "room2": -0.191748038, "room10": -0.085295871, "room12": 0.524973273, "room9": 0.38840544200000005}, "spk15": {"room10": -0.7939864990000001}, "spk28": {"room10": -0.455047786}, "spk24": {"room1": 0.029044716}, "spk12": {"room10": -0.9778338670000001}, "spk8": {"room10": -0.992161691}, "spk17": {"room5": 0.089174666, "room0": -0.32462868100000003}, "spk11": {"room3": 4.588799477, "room4": 10.41694641, "room7": 10.37429523, "room2": 6.520268917, "room12": 9.002381325, "room9": 9.581522942000001}, "spk19": {"room4": -0.791213453, "room7": -0.503744066, "room12": -1.352936268}, "spk13": {"room4": 2.289577961, "room12": 1.673998713}, "spk31": {"room10": -1.503555655}, "spk6": {"room10": -0.976601422}, "spk3": {"room3": 0.728170395, "room5": 1.725436687, "room7": 2.840918064, "room0": 2.497863054, "room2": 0.7786403890000001, "room9": 2.206927776}, "spk0": {"room3": -0.525441349}, "spk20": {"room10": -0.7036027309999999}, "spk26": {"room2": 0.12406777599999999}, "spk16": {"room3": 1.929167628, "room4": 5.157424927, "room7": 3.90623045, "room12": 4.08104229, "room9": 3.7349066730000002}, "spk27": {"room5": -0.169772387, "room0": 0.253228575}, "spk25": {"room1": -0.35725027299999995}, "spk21": {"room3": 0.113814048, "room4": 0.768025815, "room2": -0.213313788, "room12": 0.611287534}, "spk30": {"room4": -1.288088441, "room2": -1.5356904269999998, "room12": -1.185647845}, "spk4": {"room6": -0.27811574899999997}, "spk14": {"room10": 2.194447041}, "spk7": {"room12": 0.611972749}, "spk1": {"room5": 0.7030528779999999, "room0": 1.0046809909999999}}}