{"meta": {"speaker": "spk11", "room": "room3"}, "data": {"spk22": {"room0": 2.038694859}, "spk10": {"room4": 0.827994287, "room12": 0.941396117}, "spk18": {"room5": -0.14905192, "room0": -0.42640057200000003, "room2": -0.166148409}, "spk29": {"room10": 2.253183126}, "spk5": {"room3": -0.318105996, "room5": -0.151096612, "room0": -0.404042274}, "spk9": {"room4": 0.602529466, "room7": 0.503549695, "room10": 0.585115016, "room12": 1.141336203, "room9": 0.350863099}, "spk2": {"room5": 1.23748374, "room0": 0.137132958}, "spk23": {"room4": 0.9194662570000001, "room7": 1.141787887, "room2": 1.019134998, "room10": 0.779951811, "room12": 0.9514634609999999, "room9": 0.775754988}, "spk15": {"room10": -0.9415857790000001}, "spk28": {"room10": -0.994758785}, "spk24": {"room1": -0.047265444000000004}, "spk12": {"room10": -0.346669316}, "spk8": {"room10": 0.63531518}, "spk17": {"room5": 0.25311970699999997, "room0": 0.236990079}, "spk11": {"room3": 6.08064127, "room4": 4.197428226, "room7": 4.0836868289999995, "room2": 5.904765606000001, "room12": 3.476353168, "room9": 3.892822981}, "spk19": {"room4": -0.727646708, "room7": -0.707699955, "room12": -0.920046806}, "spk13": {"room4": 1.816949844, "room12": 1.7955839630000001}, "spk31": {"room10": -0.798951209}, "spk6": {"room10": -0.22717140600000002}, "spk3": {"room3": 0.648223102, "room5": 1.15746057, "room7": 1.6548519130000001, "room0": 1.935698748, "room2": 0.871973097, "room9": 1.5629400009999999}, "spk0": {"room3": 0.18298177399999999}, "spk20": {"room10": -0.279558182}, "spk26": {"room2": 0.29185921}, "spk16": {"room3": 1.278052449, "room4": 0.43668595, "room7": 1.127028465, "room12": 1.618226647, "room9": 0.42039951700000006}, "spk27": {"room5": -0.20030123, "room0": 0.9109167459999999}, "spk25": {"room1": 0.331471086}, "spk21": {"room3": 0.258287102, "room4": -0.579036534, "room2": 0.015613096000000002, "room12": -0.41113317}, "spk30": {"room4": -0.663728833, "room2": -0.673573911, "room12": -0.712852597}, "spk4": {"room6": 0.060262974000000004}, "spk14": {"room10": 0.916797161}, "spk7": {"room12": 0.39961955}, "spk1": {"room5": 0.329184055, "room0": 0.642824054}}}