{"meta": {"speaker": "spk11", "room": "room13"}, "data": {"spk22": {"room0": 2.997807503}, "spk10": {"room4": 1.048348546, "room12": 2.146705627}, "spk18": {"room5": -0.44012785, "room0": -0.385798097, "room2": -0.355418533}, "spk29": {"room10": 0.9507943390000001}, "spk5": {"room3": -1.19426465, "room5": -2.053513288, "room0": -1.629229665}, "spk9": {"room4": 1.10714221, "room7": 2.085649014, "room10": 2.345855236, "room12": 1.845763206, "room9": 1.659703612}, "spk2": {"room5": 0.6579375270000001, "room0": 1.03927362}, "spk23": {"room4": -0.293340206, "room7": -0.81054467, "room2": 1.8675295109999999, "room10": 0.613504887, "room12": -0.793099105, "room9": -0.9531824590000001}, "spk15": {"room10": -1.10849309}, "spk28": {"room10": -0.021653939}, "spk24": {"room1": -0.8177289959999999}, "spk12": {"room10": -0.229355633}, "spk8": {"room10": -0.5586588379999999}, "spk17": {"room5": -1.3806620840000001, "room0": -1.58014369}, "spk11": {"room3": 6.972243786, "room4": 8.452526093, "room7": 5.1550045010000005, "room2": 6.505758286, "room12": 7.790822029, "room9": 7.340231419}, "spk19": {"room4": -0.17201426600000003, "room7": -0.6198832989999999, "room12": -0.683605373}, "spk13": {"room4": 2.674248219, "room12": 2.834306955}, "spk31": {"room10": -0.6398541329999999}, "spk6": {"room10": -0.978022695}, "spk3": {"room3": -0.08252332400000001, "room5": 0.436662436, "room7": 0.771577477, "room0": 0.57610321, "room2": 0.48030600000000007, "room9": 0.774767935}, "spk0": {"room3": 1.632552147}, "spk20": {"room10": 0.48003}, "spk26": {"room2": 1.422722936}, "spk16": {"room3": 1.315448403, "room4": 0.333452433, "room7": 3.2225382330000003, "room12": 2.39110899, "room9": -0.053231768}, "spk27": {"room5": 0.086787492, "room0": 1.945979357}, "spk25": {"room1": -0.640926719}, "spk21": {"room3": 0.402029604, "room4": -0.884606302, "room2": 0.073735304, "room12": -1.401288509}, "spk30": {"room4": 0.398026615, "room2": -0.2060114, "room12": 0.19830265600000002}, "spk4": {"room6": -1.949958444}, "spk14": {"room10": 3.8231477739999997}, "spk7": {"room12": -0.809851825}, "spk1": {"room5": 0.204625845, "room0": 0.7045285109999999}}}