{"meta": {"speaker": "spk11", "room": "room11"}, "data": {"spk22": {"room0": 1.7939321990000001}, "spk10": {"room4": 0.676661491, "room12": 1.009714127}, "spk18": {"room5": -1.337024927, "room0": -1.12797749, "room2": -1.3502697940000001}, "spk29": {"room10": 0.047848269000000006}, "spk5": {"room3": -1.0531729459999999, "room5": -0.860995948, "room0": -1.012228727}, "spk9": {"room4": 1.692704797, "room7": 1.606851816, "room10": 1.4560120109999999, "room12": 1.375945926, "room9": 2.0500028130000003}, "spk2": {"room5": 0.7886239890000001, "room0": 1.421537161}, "spk23": {"room4": -0.22645480899999998, "room7": -0.12953198, "room2": 0.37983977799999996, "room10": -0.467291296, "room12": 0.38870230299999997, "room9": 0.193728536}, "spk15": {"room10": -0.89267236}, "spk28": {"room10": -0.9212746620000001}, "spk24": {"room1": -0.620921493}, "spk12": {"room10": -0.990857005}, "spk8": {"room10": -1.157899499}, "spk17": {"room5": -0.645269573, "room0": -0.7123304009999999}, "spk11": {"room3": 5.40165472, "room4": 6.431776999999999, "room7": 7.101799011000001, "room2": 7.131410122, "room12": 6.1631069179999995, "room9": 6.100953102}, "spk19": {"room4": -0.943395078, "room7": -1.2370451690000002, "room12": -1.300997496}, "spk13": {"room4": 1.791017532, "room12": 2.109266996}, "spk31": {"room10": -1.474695921}, "spk6": {"room10": -0.657233596}, "spk3": {"room3": 0.24236753600000002, "room5": -0.538932681, "room7": 1.109746933, "room0": 1.079233408, "room2": -0.22577647899999997, "room9": 0.341249764}, "spk0": {"room3": -0.486816525}, "spk20": {"room10": -0.979730785}, "spk26": {"room2": -0.336468339}, "spk16": {"room3": 2.185208797, "room4": 2.198488951, "room7": 2.859740973, "room12": 2.648602724, "room9": 1.245722175}, "spk27": {"room5": -0.31944859, "room0": 1.248532057}, "spk25": {"room1": -0.091775596}, "spk21": {"room3": 0.124243706, "room4": -0.7638640999999999, "room2": -1.341267824, "room12": -0.628905535}, "spk30": {"room4": -0.47745367899999996, "room2": -1.3159744740000001, "room12": -1.082884669}, "spk4": {"room6": -0.555652559}, "spk14": {"room10": 1.736352086}, "spk7": {"room12": -0.213988394}, "spk1": {"room5": -0.034314713999999996, "room0": 0.012124097}}}