{"meta": {"speaker": "spk11", "room": "room12"}, "data": {"spk22": {"room0": 1.1929020879999999}, "spk10": {"room4": 0.77566576, "room12": 1.167518616}, "spk18": {"room5": -0.554294765, "room0": -0.548948109, "room2": -0.598252356}, "spk29": {"room10": -0.045166794}, "spk5": {"room3": -1.0992497209999998, "room5": -1.130397916, "room0": -0.9328536390000001}, "spk9": {"room4": 2.123378277, "room7": 2.362590313, "room10": 1.616676688, "room12": 2.193981886, "room9": 2.216651201}, "spk2": {"room5": 0.37284556, "room0": 0.526371121}, "spk23": {"room4": -0.176268175, "room7": -0.212507471, "room2": 0.646743834, "room10": -0.158883527, "room12": 0.047639667999999996, "room9": 0.34407430899999997}, "spk15": {"room10": -1.1705728770000001}, "spk28": {"room10": -0.94454807}, "spk24": {"room1": -0.225469232}, "spk12": {"room10": -0.505667031}, "spk8": {"room10": -0.829506576}, "spk17": {"room5": -0.36253589399999997, "room0": -0.346257508}, "spk11": {"room3": 4.175159454, "room4": 6.893446445, "room7": 5.825155735, "room2": 5.229980469, "room12": 7.134721756, "room9": 5.180572987}, "spk19": {"room4": -1.016867042, "room7": -0.9645713570000001, "room12": -1.093066573}, "spk13": {"room4": 1.9558684830000002, "room12": 1.71543026}, "spk31": {"room10": -1.185536623}, "spk6": {"room10": -0.5115035179999999}, "spk3": {"room3": -0.103066638, "room5": 0.962583423, "room7": 1.489467025, "room0": 1.078037143, "room2": 0.29681277300000003, "room9": 1.4698767659999998}, "spk0": {"room3": 0.11137379}, "spk20": {"room10": -0.740049064}, "spk26": {"room2": 0.6019937989999999}, "spk16": {"room3": 1.337317348, "room4": 2.387401342, "room7": 2.5079238409999998, "room12": 2.8658154010000003, "room9": 1.531724215}, "spk27": {"room5": -0.028884474, "room0": 1.460953832}, "spk25": {"room1": -0.149175629}, "spk21": {"room3": -0.826630712, "room4": -0.6208960410000001, "room2": -1.2645381690000002, "room12": -0.784491897}, "spk30": {"room4": -0.410215855, "room2": -1.22905612, "room12": -0.925987005}, "spk4": {"room6": -0.776599348}, "spk14": {"room10": 2.248041153}, "spk7": {"room12": -0.116089784}, "spk1": {"room5": -0.090920344, "room0": -0.059408820999999994}}}