{"meta": {"speaker": "spk8", "room": "room10"}, "data": {"spk22": {"room0": 0.053885235999999996}, "spk10": {"room4": -0.011827691999999999, "room12": -0.6512959}, "spk18": {"room5": -0.921085835, "room0": -0.437067747, "room2": -0.661051869}, "spk29": {"room10": 1.430145979}, "spk5": {"room3": 0.411476254, "room5": -0.308164179, "room0": 0.000202867}, "spk9": {"room4": -0.34101709700000005, "room7": -0.020979023, "room10": -0.33987847, "room12": 0.477940023, "room9": 0.189494148}, "spk2": {"room5": 1.900175571, "room0": 1.727014065}, "spk23": {"room4": 1.1024302240000001, "room7": 0.8958899379999999, "room2": 0.571059585, "room10": 1.849438906, "room12": 1.9882289169999998, "room9": 0.8701309559999999}, "spk15": {"room10": -0.263291389}, "spk28": {"room10": -0.373176426}, "spk24": {"room1": 1.359660864}, "spk12": {"room10": -1.073580861}, "spk8": {"room10": 8.456485747999999}, "spk17": {"room5": 2.7918834689999996, "room0": 2.236813307}, "spk11": {"room3": -0.21088452600000002, "room4": -0.841751695, "room7": -1.6029928919999998, "room2": -1.031413078, "room12": -1.2139257190000001, "room9": -1.5476319790000002}, "spk19": {"room4": 0.161544755, "room7": -0.069597915, "room12": -0.057581846}, "spk13": {"room4": 1.4516453740000002, "room12": -0.315969169}, "spk31": {"room10": -1.124103665}, "spk6": {"room10": 2.043500662}, "spk3": {"room3": -0.422089458, "room5": 0.22489429999999996, "room7": -0.778824627, "room0": 0.037736531000000004, "room2": 0.7281529309999999, "room9": 0.139177456}, "spk0": {"room3": 1.633836985}, "spk20": {"room10": -1.0553619859999999}, "spk26": {"room2": 1.711957097}, "spk16": {"room3": -0.53646338, "room4": -1.2114132640000002, "room7": -0.543311357, "room12": -0.916390002, "room9": -0.64341265}, "spk27": {"room5": -0.00712409, "room0": -0.621928334}, "spk25": {"room1": -0.825610995}, "spk21": {"room3": 1.057566524, "room4": 2.4455308909999998, "room2": 2.282497883, "room12": 2.408767939}, "spk30": {"room4": -1.44831109, "room2": -2.022652388, "room12": -1.2555544379999999}, "spk4": {"room6": 0.18928113600000002}, "spk14": {"room10": 0.8867212529999999}, "spk7": {"room12": 1.110799193}, "spk1": {"room5": 0.100384355, "room0": 0.138674766}}}