{"meta": {"speaker": "spk8", "room": "room10"}, "data": {"spk22": {"room0": 1.7293792959999998}, "spk10": {"room4": 0.745780826, "room12": 0.02088874}, "spk18": {"room5": -0.9176718, "room0": -0.860286057, "room2": -0.7677203420000001}, "spk29": {"room10": 0.9296659829999999}, "spk5": {"room3": 1.129928112, "room5": 1.074202776, "room0": 0.330125242}, "spk9": {"room4": 1.330971003, "room7": 0.907358408, "room10": 1.608618736, "room12": 3.602199316, "room9": 2.835668325}, "spk2": {"room5": 2.6856560710000004, "room0": 2.2383139130000003}, "spk23": {"room4": 1.490455031, "room7": 0.904239297, "room2": 0.617288947, "room10": 1.344088793, "room12": 1.9251191619999999, "room9": 1.937437296}, "spk15": {"room10": -0.167335913}, "spk28": {"room10": -0.74837327}, "spk24": {"room1": 1.13779676}, "spk12": {"room10": -0.740423501}, "spk8": {"room10": 4.5129551889999995}, "spk17": {"room5": 1.30115664, "room0": 1.163917065}, "spk11": {"room3": 0.41734716299999997, "room4": 1.0396702290000002, "room7": 0.571912706, "room2": -0.223092034, "room12": 0.042057622, "room9": -0.084294908}, "spk19": {"room4": -0.471731454, "room7": -0.398476183, "room12": -0.5307327510000001}, "spk13": {"room4": 1.002973795, "room12": 0.41363254200000005}, "spk31": {"room10": -1.116051912}, "spk6": {"room10": 0.543303907}, "spk3": {"room3": 0.49561834299999996, "room5": 1.3588837390000001, "room7": 0.7741916179999999, "room0": 1.262836337, "room2": 0.298707098, "room9": 2.303768873}, "spk0": {"room3": 0.792231798}, "spk20": {"room10": -0.511341691}, "spk26": {"room2": 1.238961577}, "spk16": {"room3": 1.3562524319999998, "room4": 0.19280442600000003, "room7": 0.618472874, "room12": 0.15543274599999998, "room9": 1.188312054}, "spk27": {"room5": 0.626552165, "room0": 0.7435569759999999}, "spk25": {"room1": -0.377630234}, "spk21": {"room3": 1.8657481669999998, "room4": 1.469643474, "room2": 1.067363977, "room12": 2.361680984}, "spk30": {"room4": -1.04381752, "room2": -1.821159363, "room12": -0.57752049}, "spk4": {"room6": 0.092035435}, "spk14": {"room10": -0.565363586}, "spk7": {"room12": 2.197131157}, "spk1": {"room5": 1.71609807, "room0": 1.325904012}}}