{"meta": {"speaker": "spk17", "room": "room0"}, "data": {"spk22": {"room0": 0.864835978}, "spk10": {"room4": 1.121937633, "room12": 0.8033397790000001}, "spk18": {"room5": -1.338371634, "room0": -1.17126143, "room2": -0.941337705}, "spk29": {"room10": 2.364061832}, "spk5": {"room3": 1.050714374, "room5": 1.103111386, "room0": 0.6627353429999999}, "spk9": {"room4": 0.758712828, "room7": 1.44742775, "room10": 0.864703715, "room12": 1.253334522, "room9": 0.6086063389999999}, "spk2": {"room5": 1.885535002, "room0": 0.961952448}, "spk23": {"room4": 2.7880928519999997, "room7": 3.139983177, "room2": 2.2861659530000003, "room10": 2.330790281, "room12": 3.6622920039999998, "room9": 2.933266401}, "spk15": {"room10": -0.216859937}, "spk28": {"room10": -0.139425829}, "spk24": {"room1": 1.651870728}, "spk12": {"room10": -0.595532238}, "spk8": {"room10": 2.3949954509999998}, "spk17": {"room5": 6.210623264, "room0": 5.131919384}, "spk11": {"room3": -0.41033843200000003, "room4": -0.15394428400000001, "room7": -1.32394588, "room2": -0.378912717, "room12": -0.21480466399999998, "room9": -0.166154772}, "spk19": {"room4": -0.682979584, "room7": -0.6915689709999999, "room12": -0.998951375}, "spk13": {"room4": 1.923524499, "room12": 2.295435667}, "spk31": {"room10": -1.169152737}, "spk6": {"room10": 0.8299218420000001}, "spk3": {"room3": 0.13006515800000001, "room5": 1.395676613, "room7": -0.005162661, "room0": 0.787118375, "room2": 0.69014746, "room9": 0.584592044}, "spk0": {"room3": 1.100607991}, "spk20": {"room10": -0.391756415}, "spk26": {"room2": 0.64164257}, "spk16": {"room3": 0.35664928, "room4": -0.690723062, "room7": -0.281667531, "room12": -0.32244297899999996, "room9": -0.246765077}, "spk27": {"room5": 3.209094286, "room0": 1.572730184}, "spk25": {"room1": 2.937721968}, "spk21": {"room3": 0.953715622, "room4": 1.6275548930000001, "room2": 1.766453981, "room12": 1.031434774}, "spk30": {"room4": -0.506286323, "room2": -1.43278873, "room12": -0.732388377}, "spk4": {"room6": 1.6322968009999999}, "spk14": {"room10": 0.682035685}, "spk7": {"room12": 1.970460415}, "spk1": {"room5": 0.742379606, "room0": 0.866026282}}}