{"meta": {"speaker": "spk17", "room": "room0"}, "data": {"spk22": {"room0": 1.027932525}, "spk10": {"room4": 1.502088785, "room12": 1.316453695}, "spk18": {"room5": -1.654741645, "room0": -1.380464911, "room2": -1.116012096}, "spk29": {"room10": 2.180058479}, "spk5": {"room3": 1.706405282, "room5": 1.6768896580000001, "room0": 1.2859550709999998}, "spk9": {"room4": 1.126509547, "room7": 1.9787013530000002, "room10": 1.0623216629999999, "room12": 1.390644073, "room9": 0.832690239}, "spk2": {"room5": 1.432147145, "room0": 0.9663522240000001}, "spk23": {"room4": 2.538247347, "room7": 3.4093039039999997, "room2": 2.351281166, "room10": 2.335400105, "room12": 2.881407976, "room9": 2.201840878}, "spk15": {"room10": -0.7049167159999999}, "spk28": {"room10": -0.829131663}, "spk24": {"room1": 1.993507862}, "spk12": {"room10": -0.829740047}, "spk8": {"room10": 1.718123555}, "spk17": {"room5": 5.973436356000001, "room0": 5.4441404339999995}, "spk11": {"room3": -0.250145525, "room4": -0.307517707, "room7": -1.187810183, "room2": -0.6233266, "room12": -0.515536666, "room9": -0.08810931400000001}, "spk19": {"room4": -0.706373215, "room7": -0.750475645, "room12": -0.78529048}, "spk13": {"room4": 1.7026156190000001, "room12": 1.8118447069999999}, "spk31": {"room10": -1.7912744280000001}, "spk6": {"room10": 1.4299050569999998}, "spk3": {"room3": 0.274130404, "room5": 0.9627061490000001, "room7": 0.41679087299999995, "room0": 0.584823549, "room2": 0.376569986, "room9": 0.587492526}, "spk0": {"room3": 1.4618709090000002}, "spk20": {"room10": -0.6850389240000001}, "spk26": {"room2": 1.144272327}, "spk16": {"room3": 1.712277174, "room4": -0.24441824899999998, "room7": 0.105830856, "room12": -0.267265081, "room9": 0.404360592}, "spk27": {"room5": 2.726072073, "room0": 1.5451874730000001}, "spk25": {"room1": 3.1027779580000003}, "spk21": {"room3": 0.988955677, "room4": 1.100417018, "room2": 0.604471564, "room12": 1.140806794}, "spk30": {"room4": -0.671287835, "room2": -1.5431768890000002, "room12": -0.885912418}, "spk4": {"room6": 1.553905845}, "spk14": {"room10": 0.604337394}, "spk7": {"room12": 1.747967482}, "spk1": {"room5": 0.325607181, "room0": 0.393295765}}}