{"meta": {"speaker": "spk17", "room": "room0"}, "data": {"spk22": {"room0": 1.016161919}, "spk10": {"room4": 2.21344471, "room12": 1.625818133}, "spk18": {"room5": -1.442328095, "room0": -1.08376646, "room2": -0.9624065159999999}, "spk29": {"room10": 2.67256093}, "spk5": {"room3": 1.732165575, "room5": 2.073610306, "room0": 1.5089374780000002}, "spk9": {"room4": 0.275669366, "room7": 0.569122195, "room10": 0.098942049, "room12": 0.7409912940000001, "room9": 0.41258439399999997}, "spk2": {"room5": 1.221366525, "room0": 0.9099830390000001}, "spk23": {"room4": 2.481714964, "room7": 3.431751251, "room2": 2.395391703, "room10": 2.975332975, "room12": 3.338562965, "room9": 2.641898155}, "spk15": {"room10": -0.878256142}, "spk28": {"room10": -0.68540138}, "spk24": {"room1": 2.072142124}, "spk12": {"room10": -0.346530616}, "spk8": {"room10": 0.30084666600000004}, "spk17": {"room5": 7.720288277000001, "room0": 5.920547009}, "spk11": {"room3": -0.461732805, "room4": -0.805398226, "room7": -0.913978338, "room2": -0.49996981, "room12": -0.600355327, "room9": 0.155362174}, "spk19": {"room4": -1.055004835, "room7": -0.8934109809999999, "room12": -1.032334208}, "spk13": {"room4": 1.170743465, "room12": 1.5472373959999999}, "spk31": {"room10": -1.123477221}, "spk6": {"room10": 1.577400804}, "spk3": {"room3": -0.068864316, "room5": 0.7389909029999999, "room7": 0.429278761, "room0": 0.257844865, "room2": 0.097971991, "room9": 0.067775339}, "spk0": {"room3": 0.8914007540000001}, "spk20": {"room10": -0.50257498}, "spk26": {"room2": 0.578701496}, "spk16": {"room3": 1.769111633, "room4": -0.124183886, "room7": -0.17353718, "room12": -0.196656957, "room9": 0.372628778}, "spk27": {"room5": 1.7742484809999999, "room0": 1.721547961}, "spk25": {"room1": 3.18419838}, "spk21": {"room3": 0.216678113, "room4": 1.2232486009999999, "room2": 0.954785109, "room12": 0.7222173209999999}, "spk30": {"room4": -0.680456519, "room2": -1.059295058, "room12": -1.1791446209999998}, "spk4": {"room6": 1.645331264}, "spk14": {"room10": 0.8192477229999999}, "spk7": {"room12": 1.7565214630000001}, "spk1": {"room5": 1.04239893, "room0": 0.595140755}}}