{"meta": {"speaker": "spk17", "room": "room0"}, "data": {"spk22": {"room0": 1.4250384569999999}, "spk10": {"room4": 1.666666985, "room12": 1.224267721}, "spk18": {"room5": -1.099306464, "room0": -1.067247033, "room2": -0.596095383}, "spk29": {"room10": 2.66661191}, "spk5": {"room3": 1.739991784, "room5": 1.298966885, "room0": 1.198992133}, "spk9": {"room4": 0.114373371, "room7": 1.163594127, "room10": 0.037017722, "room12": 1.007297039, "room9": 0.5600409510000001}, "spk2": {"room5": 1.2795090679999999, "room0": 0.973600805}, "spk23": {"room4": 2.9947578910000003, "room7": 3.205098867, "room2": 2.124125004, "room10": 2.456547976, "room12": 3.1037645339999997, "room9": 2.8349099160000004}, "spk15": {"room10": -0.177649036}, "spk28": {"room10": -0.8202792999999999}, "spk24": {"room1": 2.480876684}, "spk12": {"room10": -0.288586289}, "spk8": {"room10": 1.0642912390000001}, "spk17": {"room5": 7.700772285, "room0": 5.939548492}, "spk11": {"room3": -0.744586289, "room4": -0.5905324820000001, "room7": -1.6633783580000001, "room2": -1.05190587, "room12": -0.54586935, "room9": -0.255070835}, "spk19": {"room4": -1.158686519, "room7": -0.9957060809999999, "room12": -1.3618984219999999}, "spk13": {"room4": 2.090058088, "room12": 1.158414721}, "spk31": {"room10": -1.416149855}, "spk6": {"room10": 2.212201595}, "spk3": {"room3": 0.407283723, "room5": 1.802451611, "room7": 0.983359933, "room0": 1.1551767590000002, "room2": 1.36498487, "room9": 1.6296048159999998}, "spk0": {"room3": 1.224364638}, "spk20": {"room10": -0.932961226}, "spk26": {"room2": 0.887122512}, "spk16": {"room3": 1.405311465, "room4": 0.062544584, "room7": -0.695546925, "room12": -0.57341814, "room9": 0.270463407}, "spk27": {"room5": 1.350068808, "room0": 1.068728328}, "spk25": {"room1": 2.987241268}, "spk21": {"room3": -0.034038339, "room4": 1.3451824190000001, "room2": 0.502339244, "room12": 0.445094854}, "spk30": {"room4": -0.9352734090000001, "room2": -1.157561541, "room12": -1.1062502859999999}, "spk4": {"room6": 1.7373123169999998}, "spk14": {"room10": 0.747903109}, "spk7": {"room12": 2.222639084}, "spk1": {"room5": 0.20066145100000002, "room0": 0.928834498}}}