{"meta": {"speaker": "spk17", "room": "room0"}, "data": {"spk22": {"room0": 0.9828472140000001}, "spk10": {"room4": 1.162845016, "room12": 1.271487594}, "spk18": {"room5": -0.924568772, "room0": -0.9431710240000001, "room2": -0.820136964}, "spk29": {"room10": 2.165988445}, "spk5": {"room3": 1.90736413, "room5": 2.151011467, "room0": 1.737216949}, "spk9": {"room4": 0.287605017, "room7": 1.103250861, "room10": 0.303765535, "room12": 0.525412619, "room9": 0.387354583}, "spk2": {"room5": 0.517122984, "room0": 0.09840288800000001}, "spk23": {"room4": 2.64994812, "room7": 3.3431901930000003, "room2": 1.693268538, "room10": 2.266910315, "room12": 2.7589015960000003, "room9": 2.620418072}, "spk15": {"room10": -0.39984259}, "spk28": {"room10": -0.461161107}, "spk24": {"room1": 1.299110293}, "spk12": {"room10": -0.661379039}, "spk8": {"room10": 1.224297881}, "spk17": {"room5": 6.053451537999999, "room0": 4.774287701}, "spk11": {"room3": -0.696904898, "room4": -0.978754342, "room7": -1.342084289, "room2": -0.8793810609999999, "room12": -0.9096721409999999, "room9": -0.620720804}, "spk19": {"room4": -0.608066201, "room7": 0.045224573, "room12": -0.719704986}, "spk13": {"room4": 1.209004402, "room12": 0.886790395}, "spk31": {"room10": -1.173242211}, "spk6": {"room10": 1.9332110880000002}, "spk3": {"room3": -0.31673795, "room5": -0.015617418999999999, "room7": 0.294234961, "room0": 0.254238993, "room2": -0.40828543899999997, "room9": 0.405439585}, "spk0": {"room3": 0.645362556}, "spk20": {"room10": -0.303615749}, "spk26": {"room2": 0.562207997}, "spk16": {"room3": 0.518456757, "room4": -0.592812955, "room7": -0.577182829, "room12": -0.625939846, "room9": -0.04457635099999999}, "spk27": {"room5": 2.062012196, "room0": 1.305968285}, "spk25": {"room1": 2.1975314619999997}, "spk21": {"room3": 0.580948234, "room4": 1.085355043, "room2": 0.749751389, "room12": 1.019584656}, "spk30": {"room4": -0.48268482100000004, "room2": -1.035302758, "room12": -0.591492355}, "spk4": {"room6": 1.652947664}, "spk14": {"room10": -0.040688217}, "spk7": {"room12": 2.321540356}, "spk1": {"room5": 0.30170437699999997, "room0": 0.22522120199999998}}}