{"meta": {"speaker": "spk17", "room": "room0"}, "data": {"spk22": {"room0": 1.483350635}, "spk10": {"room4": 2.428270817, "room12": 1.589699507}, "spk18": {"room5": -0.9915940759999999, "room0": -0.929650009, "room2": -0.574404716}, "spk29": {"room10": 2.9572703839999996}, "spk5": {"room3": 1.671358109, "room5": 1.652106285, "room0": 1.166175485}, "spk9": {"room4": 1.454373598, "room7": 2.197602749, "room10": 0.9777123329999999, "room12": 1.91963625, "room9": 1.0623978379999999}, "spk2": {"room5": 1.089111924, "room0": 0.8842977879999999}, "spk23": {"room4": 2.507688284, "room7": 2.862723827, "room2": 1.387461185, "room10": 2.009209156, "room12": 2.469260454, "room9": 2.62716794}, "spk15": {"room10": -1.030114532}, "spk28": {"room10": -0.607537508}, "spk24": {"room1": 2.137443066}, "spk12": {"room10": -0.494102925}, "spk8": {"room10": 0.9894751909999999}, "spk17": {"room5": 7.712321758, "room0": 6.217818737000001}, "spk11": {"room3": 0.437375784, "room4": -0.047048241, "room7": -0.73887682, "room2": 0.291056842, "room12": -0.012948386000000001, "room9": 0.6352733970000001}, "spk19": {"room4": -0.7453206179999999, "room7": -0.574776232, "room12": -1.0629704}, "spk13": {"room4": 1.7852485180000002, "room12": 1.82375586}, "spk31": {"room10": -1.895072937}, "spk6": {"room10": 1.8013869519999999}, "spk3": {"room3": 0.040331811, "room5": 1.295488596, "room7": 1.4247949119999999, "room0": 0.9444715379999999, "room2": 0.732558846, "room9": 1.467628121}, "spk0": {"room3": 1.116070509}, "spk20": {"room10": -0.8916236759999999}, "spk26": {"room2": 0.930230856}, "spk16": {"room3": 2.270781517, "room4": -0.39636352700000005, "room7": -0.020794852, "room12": -0.612986028, "room9": 0.46514576700000004}, "spk27": {"room5": 2.089617014, "room0": 1.055963039}, "spk25": {"room1": 2.95637536}, "spk21": {"room3": 0.045639463, "room4": 1.047647595, "room2": 0.556803465, "room12": 0.691456735}, "spk30": {"room4": -0.812288702, "room2": -1.026472569, "room12": -0.955283523}, "spk4": {"room6": 1.403926611}, "spk14": {"room10": 0.748837292}, "spk7": {"room12": 2.523277998}, "spk1": {"room5": 0.37418466799999994, "room0": 0.80969888}}}