{"meta": {"speaker": "spk17", "room": "room5"}, "data": {"spk22": {"room0": 1.158210397}, "spk10": {"room4": 2.212049007, "room12": 1.7940986159999999}, "spk18": {"room5": -1.4013189080000001, "room0": -1.322616339, "room2": -0.929268062}, "spk29": {"room10": 2.791801453}, "spk5": {"room3": 0.411782324, "room5": 0.612470567, "room0": 0.169469073}, "spk9": {"room4": 1.162121415, "room7": 1.7795721290000002, "room10": 0.856390357, "room12": 1.5164606569999999, "room9": 1.426271319}, "spk2": {"room5": 1.628519773, "room0": 1.159574986}, "spk23": {"room4": 2.58557868, "room7": 2.553403378, "room2": 1.544553876, "room10": 2.075585604, "room12": 2.720078945, "room9": 2.599814653}, "spk15": {"room10": -0.965135455}, "spk28": {"room10": -0.826151192}, "spk24": {"room1": 1.4395432469999998}, "spk12": {"room10": -0.8088338970000001}, "spk8": {"room10": 1.007150531}, "spk17": {"room5": 7.3230366710000006, "room0": 5.273990154}, "spk11": {"room3": -0.170140088, "room4": -0.036164243, "room7": -0.9500933890000001, "room2": -0.516266704, "room12": -0.108538896, "room9": 0.216491073}, "spk19": {"room4": -1.087485552, "room7": -1.0724315640000002, "room12": -0.821655095}, "spk13": {"room4": 1.724855185, "room12": 1.176861525}, "spk31": {"room10": -1.1765275}, "spk6": {"room10": 1.9989669319999999}, "spk3": {"room3": -0.367176592, "room5": 0.8191292290000001, "room7": 0.5957127210000001, "room0": 0.902130008, "room2": 0.421889156, "room9": 1.324288249}, "spk0": {"room3": 1.692168593}, "spk20": {"room10": -0.716674685}, "spk26": {"room2": 0.46131736}, "spk16": {"room3": 0.9664416309999999, "room4": -0.684827209, "room7": -1.113271117, "room12": -0.590984643, "room9": 0.008428303}, "spk27": {"room5": 1.9981929059999999, "room0": 1.1928368809999998}, "spk25": {"room1": 2.339796782}, "spk21": {"room3": 0.034703843, "room4": 0.868991554, "room2": 1.030508518, "room12": 0.163482234}, "spk30": {"room4": -0.67310673, "room2": -1.294242263, "room12": -1.06390667}, "spk4": {"room6": 0.8532477620000001}, "spk14": {"room10": 0.816383302}, "spk7": {"room12": 1.5733361240000001}, "spk1": {"room5": 1.240608215, "room0": 0.8784385920000001}}}