{"meta": {"speaker": "spk17", "room": "room5"}, "data": {"spk22": {"room0": 2.102160692}, "spk10": {"room4": 3.11235714, "room12": 2.3053114409999997}, "spk18": {"room5": -1.6868338580000002, "room0": -1.4249395130000002, "room2": -1.163220406}, "spk29": {"room10": 3.52205658}, "spk5": {"room3": 2.440656424, "room5": 1.710959554, "room0": 1.484189868}, "spk9": {"room4": 1.3970960380000002, "room7": 2.793259859, "room10": 1.911533594, "room12": 2.672137737, "room9": 1.558034301}, "spk2": {"room5": 1.017875195, "room0": 0.7799578309999999}, "spk23": {"room4": 3.0393319130000003, "room7": 3.9378461839999996, "room2": 2.558784008, "room10": 3.171028852, "room12": 4.186455727, "room9": 3.1181838510000004}, "spk15": {"room10": -0.500968993}, "spk28": {"room10": -0.895297766}, "spk24": {"room1": 1.3318452840000001}, "spk12": {"room10": -0.166120946}, "spk8": {"room10": 0.918721497}, "spk17": {"room5": 6.62689209, "room0": 5.0150003430000005}, "spk11": {"room3": -0.485596865, "room4": 0.693262935, "room7": -0.671338975, "room2": -0.655103862, "room12": 0.155095324, "room9": 0.335446328}, "spk19": {"room4": -1.0912965540000001, "room7": -1.07407546, "room12": -1.245004416}, "spk13": {"room4": 2.624158144, "room12": 1.995150924}, "spk31": {"room10": -1.465098262}, "spk6": {"room10": 2.242589951}, "spk3": {"room3": 1.2511765959999999, "room5": 1.121298671, "room7": 1.2471922640000002, "room0": 1.309211373, "room2": 1.045318127, "room9": 1.432855844}, "spk0": {"room3": 2.003146648}, "spk20": {"room10": -0.586306274}, "spk26": {"room2": 1.4125738140000001}, "spk16": {"room3": 2.348112106, "room4": 0.070858218, "room7": -0.26195663199999997, "room12": -0.615111351, "room9": 0.29372701}, "spk27": {"room5": 2.021657467, "room0": 1.92804122}, "spk25": {"room1": 3.063558817}, "spk21": {"room3": 1.308213592, "room4": 1.263047934, "room2": 0.9156783820000001, "room12": 0.8517656920000001}, "spk30": {"room4": -0.577262223, "room2": -1.3524916169999999, "room12": -1.01982367}, "spk4": {"room6": 2.05667901}, "spk14": {"room10": 1.78243041}, "spk7": {"room12": 2.848020792}, "spk1": {"room5": 0.630932331, "room0": 0.8844154479999999}}}