{"meta": {"speaker": "spk17", "room": "room0"}, "data": {"spk22": {"room0": 1.841238856}, "spk10": {"room4": 2.074871302, "room12": 0.981164813}, "spk18": {"room5": -1.4038075209999998, "room0": -1.1966078279999999, "room2": -0.703256965}, "spk29": {"room10": 2.889284134}, "spk5": {"room3": 1.861922383, "room5": 2.057826042, "room0": 1.417122006}, "spk9": {"room4": 2.196038485, "room7": 1.760385871, "room10": 1.618353724, "room12": 2.4532408709999998, "room9": 1.938558578}, "spk2": {"room5": 1.78541553, "room0": 1.737238169}, "spk23": {"room4": 3.4265732769999997, "room7": 4.190499306, "room2": 1.689334631, "room10": 2.839399338, "room12": 4.092740536, "room9": 3.406672955}, "spk15": {"room10": -0.593245029}, "spk28": {"room10": -0.929961145}, "spk24": {"room1": 2.609685421}, "spk12": {"room10": -0.937179863}, "spk8": {"room10": 1.577157736}, "spk17": {"room5": 7.754975796, "room0": 7.656292915}, "spk11": {"room3": -0.278890431, "room4": -0.781929553, "room7": -1.196092963, "room2": -0.5002453920000001, "room12": -0.959112167, "room9": 0.113622345}, "spk19": {"room4": -1.087733388, "room7": -1.052569866, "room12": -1.02412045}, "spk13": {"room4": 2.574393272, "room12": 2.374310732}, "spk31": {"room10": -1.4994245769999999}, "spk6": {"room10": 1.564294338}, "spk3": {"room3": 0.18148854399999997, "room5": 1.60423243, "room7": 0.732590437, "room0": 0.596135616, "room2": 0.9927124979999999, "room9": 0.911710978}, "spk0": {"room3": 1.509774804}, "spk20": {"room10": -0.892813385}, "spk26": {"room2": 1.111388683}, "spk16": {"room3": 2.4373512269999997, "room4": 0.319407076, "room7": 0.31373781, "room12": -0.429355055, "room9": 1.182630658}, "spk27": {"room5": 2.23301053, "room0": 1.4850426909999999}, "spk25": {"room1": 3.487380505}, "spk21": {"room3": 0.46851587299999997, "room4": 1.205534697, "room2": 0.819779754, "room12": 0.9879549740000001}, "spk30": {"room4": -1.028519988, "room2": -1.711010456, "room12": -1.428822637}, "spk4": {"room6": 1.3815441130000001}, "spk14": {"room10": 0.510277212}, "spk7": {"room12": 3.595599651}, "spk1": {"room5": 0.820360422, "room0": 1.978515148}}}