{"meta": {"speaker": "spk17", "room": "room0"}, "data": {"spk22": {"room0": 1.8068158630000002}, "spk10": {"room4": 2.225937843, "room12": 1.450152278}, "spk18": {"room5": -0.309050113, "room0": -0.517797291, "room2": -0.363769323}, "spk29": {"room10": 3.10338521}, "spk5": {"room3": 1.88888526, "room5": 1.6925905940000001, "room0": 1.847493291}, "spk9": {"room4": 1.40123558, "room7": 2.668658733, "room10": 1.41647768, "room12": 2.081351042, "room9": 1.300453424}, "spk2": {"room5": 1.54296124, "room0": 1.0770196909999998}, "spk23": {"room4": 3.943792105, "room7": 3.703101873, "room2": 2.7371773719999997, "room10": 3.4067356589999997, "room12": 3.5478053089999997, "room9": 3.734042645}, "spk15": {"room10": -0.09325332199999999}, "spk28": {"room10": -0.387824357}, "spk24": {"room1": 2.330568075}, "spk12": {"room10": 0.053189799}, "spk8": {"room10": 1.978413105}, "spk17": {"room5": 7.401631355, "room0": 5.8986940379999995}, "spk11": {"room3": -0.200413272, "room4": 0.01695797, "room7": -1.3908951280000001, "room2": -0.8823374509999999, "room12": -0.198223352, "room9": -0.599059999}, "spk19": {"room4": -0.628570259, "room7": -0.737662137, "room12": -0.8267845509999999}, "spk13": {"room4": 2.828967571, "room12": 1.7316385509999999}, "spk31": {"room10": -1.0982508659999999}, "spk6": {"room10": 2.723833561}, "spk3": {"room3": 0.605147123, "room5": 2.0522146219999997, "room7": 0.834781468, "room0": 1.7383154630000002, "room2": 1.176042199, "room9": 1.4543297290000001}, "spk0": {"room3": 1.464195132}, "spk20": {"room10": -0.23813030100000002}, "spk26": {"room2": 1.5615103240000001}, "spk16": {"room3": 0.925590575, "room4": -0.481078058, "room7": -0.762552142, "room12": -0.7304072979999999, "room9": -0.133381113}, "spk27": {"room5": 2.882920027, "room0": 2.084322691}, "spk25": {"room1": 3.4398744110000004}, "spk21": {"room3": 0.9694184659999999, "room4": 1.436340213, "room2": 0.657876194, "room12": 0.933167815}, "spk30": {"room4": -0.5202801229999999, "room2": -1.08684659, "room12": -0.593639195}, "spk4": {"room6": 1.649758101}, "spk14": {"room10": 0.977636755}, "spk7": {"room12": 2.516113758}, "spk1": {"room5": 0.25045985, "room0": 0.439971089}}}