{"meta": {"speaker": "spk17", "room": "room5"}, "data": {"spk22": {"room0": 1.549210072}, "spk10": {"room4": 2.239099741, "room12": 1.7176115509999998}, "spk18": {"room5": -1.9170110230000001, "room0": -1.638629794, "room2": -1.370707273}, "spk29": {"room10": 2.6627645490000003}, "spk5": {"room3": 0.131415278, "room5": 0.549784541, "room0": 0.532095611}, "spk9": {"room4": 1.371643543, "room7": 2.0210247040000002, "room10": 0.274859607, "room12": 1.1228251459999998, "room9": 1.219987988}, "spk2": {"room5": 1.4792240859999999, "room0": 0.413295925}, "spk23": {"room4": 2.284431696, "room7": 2.401651859, "room2": 1.075001836, "room10": 1.527618885, "room12": 2.706071138, "room9": 2.41552639}, "spk15": {"room10": -0.643714845}, "spk28": {"room10": -0.946566164}, "spk24": {"room1": 1.824780345}, "spk12": {"room10": -1.013408065}, "spk8": {"room10": 1.145097971}, "spk17": {"room5": 7.0533604620000006, "room0": 6.08645153}, "spk11": {"room3": -0.264322758, "room4": -0.21881847100000001, "room7": -1.23431325, "room2": -0.770949185, "room12": 0.024023179, "room9": 0.061156761}, "spk19": {"room4": -1.202836275, "room7": -1.2055453059999999, "room12": -1.5772401090000001}, "spk13": {"room4": 1.376904964, "room12": 0.11648748800000001}, "spk31": {"room10": -1.509155869}, "spk6": {"room10": 2.077039719}, "spk3": {"room3": -0.450723737, "room5": 0.417682499, "room7": 0.234077767, "room0": 0.05784291, "room2": -0.435732484, "room9": 0.021116549}, "spk0": {"room3": 0.714683533}, "spk20": {"room10": -0.818083048}, "spk26": {"room2": 0.667186856}, "spk16": {"room3": 0.43509215100000004, "room4": -0.947544336, "room7": -1.00966692, "room12": -0.38501015299999997, "room9": 0.17688955399999998}, "spk27": {"room5": 3.507911682, "room0": 2.426239729}, "spk25": {"room1": 1.380261421}, "spk21": {"room3": -0.321741253, "room4": 0.40686026200000003, "room2": 1.327922821, "room12": 0.463246256}, "spk30": {"room4": -0.8864583970000001, "room2": -1.887184262, "room12": -1.4715495109999999}, "spk4": {"room6": 0.676623285}, "spk14": {"room10": 0.595692515}, "spk7": {"room12": 1.9076470140000001}, "spk1": {"room5": 1.255109668, "room0": 0.724892139}}}