{"meta": {"speaker": "spk17", "room": "room5"}, "data": {"spk22": {"room0": 1.4253188369999998}, "spk10": {"room4": 2.428959131, "room12": 1.685379982}, "spk18": {"room5": -0.512844265, "room0": -0.381352961, "room2": -0.296298176}, "spk29": {"room10": 2.9658584589999997}, "spk5": {"room3": 1.3582972290000002, "room5": 0.97297442, "room0": 1.267041922}, "spk9": {"room4": 0.858208537, "room7": 2.65724206, "room10": 0.632180572, "room12": 1.988131523, "room9": 1.145538688}, "spk2": {"room5": 1.4216686490000001, "room0": 1.33175385}, "spk23": {"room4": 4.008129597, "room7": 3.865015984, "room2": 2.211985588, "room10": 2.764195204, "room12": 3.66486001, "room9": 3.631596327}, "spk15": {"room10": -0.034318909}, "spk28": {"room10": -0.567166746}, "spk24": {"room1": 1.870768666}, "spk12": {"room10": 0.121625386}, "spk8": {"room10": 1.947018385}, "spk17": {"room5": 8.965811729, "room0": 6.396347522999999}, "spk11": {"room3": -1.228115678, "room4": -0.554661274, "room7": -1.9708912369999998, "room2": -1.8149245980000002, "room12": -1.09189868, "room9": -0.954999983}, "spk19": {"room4": -0.529805779, "room7": -0.295001507, "room12": -0.712154508}, "spk13": {"room4": 1.943881631, "room12": 1.669591784}, "spk31": {"room10": -0.8910937309999999}, "spk6": {"room10": 3.351884365}, "spk3": {"room3": 0.147516131, "room5": 1.622523665, "room7": 0.462762922, "room0": 0.521845341, "room2": 0.287431538, "room9": 0.5984082820000001}, "spk0": {"room3": 1.7981417180000001}, "spk20": {"room10": 0.094453804}, "spk26": {"room2": 1.773115396}, "spk16": {"room3": 0.590051174, "room4": -0.844517946, "room7": -1.537049532, "room12": -0.889015853, "room9": -0.415221423}, "spk27": {"room5": 2.601456165, "room0": 0.789072216}, "spk25": {"room1": 2.7947645189999997}, "spk21": {"room3": 1.255563259, "room4": 1.883390069, "room2": 1.515770674, "room12": 1.201083422}, "spk30": {"room4": -0.440200537, "room2": -1.2785093779999999, "room12": -0.7121422890000001}, "spk4": {"room6": 1.60142827}, "spk14": {"room10": 0.556018889}, "spk7": {"room12": 1.885058045}, "spk1": {"room5": 1.285509825, "room0": 1.157900572}}}