{"meta": {"speaker": "spk1", "room": "room5"}, "data": {"spk22": {"room0": 0.555855095}, "spk10": {"room4": 1.037716508, "room12": 0.072300583}, "spk18": {"room5": -1.601216793, "room0": -1.68507421, "room2": -1.447037101}, "spk29": {"room10": 0.736198962}, "spk5": {"room3": -0.527717888, "room5": -0.191332623, "room0": -0.681078315}, "spk9": {"room4": 0.8157337309999999, "room7": 0.747273445, "room10": 1.421460032, "room12": 1.342056036, "room9": 1.145071507}, "spk2": {"room5": 0.26551044, "room0": 0.402894765}, "spk23": {"room4": 0.684097528, "room7": 0.8522354959999999, "room2": 0.766255915, "room10": 0.279436976, "room12": 1.161285877, "room9": 1.43172133}, "spk15": {"room10": -1.470322013}, "spk28": {"room10": -1.302609801}, "spk24": {"room1": -0.160320833}, "spk12": {"room10": -1.589575529}, "spk8": {"room10": -0.374291927}, "spk17": {"room5": 0.338629335, "room0": 0.984872282}, "spk11": {"room3": 1.160290837, "room4": 1.934919715, "room7": 1.2489094729999999, "room2": 0.80759263, "room12": 1.5086234809999999, "room9": 1.776246309}, "spk19": {"room4": -1.659747481, "room7": -1.198385119, "room12": -1.8474559780000002}, "spk13": {"room4": 1.391216993, "room12": 1.108487964}, "spk31": {"room10": -1.83565104}, "spk6": {"room10": -1.131439447}, "spk3": {"room3": -0.22423082600000002, "room5": 0.5601304770000001, "room7": -0.138446465, "room0": -0.18496979800000002, "room2": 0.275841564, "room9": -0.144294113}, "spk0": {"room3": -0.443776309}, "spk20": {"room10": -1.588784814}, "spk26": {"room2": 0.10780180199999999}, "spk16": {"room3": 1.54223609, "room4": -0.579880893, "room7": 1.4422538280000001, "room12": -0.22133888300000001, "room9": 0.659810424}, "spk27": {"room5": -0.07387273, "room0": -0.054773460999999996}, "spk25": {"room1": -0.31057775}, "spk21": {"room3": -0.12673257300000002, "room4": 0.352716774, "room2": 1.043555379, "room12": 0.922048628}, "spk30": {"room4": -1.7942179440000001, "room2": -1.935371995, "room12": -1.6228655580000002}, "spk4": {"room6": -0.8440529109999999}, "spk14": {"room10": 0.038097959}, "spk7": {"room12": 0.140010312}, "spk1": {"room5": 4.675030231, "room0": 3.857079744}}}