{"meta": {"speaker": "spk1", "room": "room0"}, "data": {"spk22": {"room0": 0.13270522699999998}, "spk10": {"room4": 2.810316324, "room12": 3.469296455}, "spk18": {"room5": -1.555305243, "room0": -1.130725622, "room2": -1.4490103719999998}, "spk29": {"room10": 1.512014508}, "spk5": {"room3": -0.750995636, "room5": -0.264172018, "room0": 0.321795166}, "spk9": {"room4": -0.073236547, "room7": 0.72309041, "room10": 0.301759899, "room12": 0.5632495279999999, "room9": 0.691464245}, "spk2": {"room5": -0.709520578, "room0": 0.528121948}, "spk23": {"room4": 0.7945017809999999, "room7": 0.37066298700000005, "room2": 1.575841069, "room10": 0.779283941, "room12": 1.4373369219999999, "room9": 2.275620937}, "spk15": {"room10": -0.603816867}, "spk28": {"room10": -1.2972927090000002}, "spk24": {"room1": -0.45615986}, "spk12": {"room10": -1.567764044}, "spk8": {"room10": -0.696032703}, "spk17": {"room5": 1.662533641, "room0": 1.793207765}, "spk11": {"room3": 0.418520957, "room4": 1.628947616, "room7": 0.70567441, "room2": 0.386684299, "room12": 1.167602181, "room9": 0.788659573}, "spk19": {"room4": -1.525488019, "room7": -1.065794468, "room12": -2.013766289}, "spk13": {"room4": 2.81169486, "room12": 2.257930994}, "spk31": {"room10": -1.946351647}, "spk6": {"room10": 0.17928026600000002}, "spk3": {"room3": 0.426863194, "room5": -0.294003725, "room7": -0.442092955, "room0": -0.294107169, "room2": -1.160665393, "room9": -0.582313836}, "spk0": {"room3": 0.6082922820000001}, "spk20": {"room10": -1.219793439}, "spk26": {"room2": 0.258011341}, "spk16": {"room3": 0.9295576809999999, "room4": -0.617152512, "room7": 0.427606225, "room12": -0.227762595, "room9": -0.6326485279999999}, "spk27": {"room5": 0.615731597, "room0": 0.111968175}, "spk25": {"room1": -0.09614045199999999}, "spk21": {"room3": 0.946210325, "room4": 0.455631226, "room2": 1.286441445, "room12": 1.241729736}, "spk30": {"room4": -1.54001236, "room2": -2.236534595, "room12": -1.284893394}, "spk4": {"room6": -0.105249435}, "spk14": {"room10": 0.95617336}, "spk7": {"room12": 0.109830245}, "spk1": {"room5": 5.795136929, "room0": 6.850456238}}}