{"meta": {"speaker": "spk1", "room": "room0"}, "data": {"spk22": {"room0": 0.35588195899999997}, "spk10": {"room4": 1.0397746559999999, "room12": 1.9284954069999998}, "spk18": {"room5": -1.619332433, "room0": -1.522835255, "room2": -1.241460681}, "spk29": {"room10": 1.841997027}, "spk5": {"room3": 0.115146451, "room5": 0.08755598199999999, "room0": -0.345811188}, "spk9": {"room4": -0.010798578, "room7": 0.9400140640000001, "room10": 0.8053839209999999, "room12": 0.585511029, "room9": 0.64964813}, "spk2": {"room5": 1.5533461569999998, "room0": 1.74045372}, "spk23": {"room4": 1.0132530929999999, "room7": 1.862638354, "room2": 2.0402665140000003, "room10": 1.402994275, "room12": 2.613259315, "room9": 2.634439707}, "spk15": {"room10": -1.601902485}, "spk28": {"room10": -0.8783573509999999}, "spk24": {"room1": 0.47264266}, "spk12": {"room10": -1.595515966}, "spk8": {"room10": -0.944898725}, "spk17": {"room5": 1.944587469, "room0": 2.116190434}, "spk11": {"room3": 0.548567176, "room4": 1.443026185, "room7": 0.067694247, "room2": 0.38506972799999994, "room12": 1.635331273, "room9": 0.94024384}, "spk19": {"room4": -1.666372895, "room7": -1.267112017, "room12": -1.8187321419999998}, "spk13": {"room4": 2.993443966, "room12": 1.459789276}, "spk31": {"room10": -1.5941362380000001}, "spk6": {"room10": 0.20394110699999998}, "spk3": {"room3": -0.019242798999999998, "room5": 0.9156687259999999, "room7": -0.733882368, "room0": 0.122121207, "room2": 0.076610245, "room9": 0.390321314}, "spk0": {"room3": 1.647661328}, "spk20": {"room10": -1.025219798}, "spk26": {"room2": 0.300436556}, "spk16": {"room3": 0.307163, "room4": -0.071573704, "room7": -0.0046849, "room12": -0.19745934, "room9": -0.38873773799999994}, "spk27": {"room5": 1.899304509, "room0": 2.018261194}, "spk25": {"room1": 0.484863758}, "spk21": {"room3": 1.10070169, "room4": 1.182961822, "room2": 1.982670546, "room12": 1.312947989}, "spk30": {"room4": -1.30435431, "room2": -1.885230899, "room12": -1.409476757}, "spk4": {"room6": 0.370497316}, "spk14": {"room10": 0.432516336}, "spk7": {"room12": 0.149739996}, "spk1": {"room5": 4.264010429, "room0": 4.197532654}}}