{"meta": {"speaker": "spk1", "room": "room5"}, "data": {"spk22": {"room0": 0.104185939}, "spk10": {"room4": 1.330539584, "room12": 0.139777496}, "spk18": {"room5": -1.0320692059999999, "room0": -0.983448148, "room2": -0.791183412}, "spk29": {"room10": 0.458712369}, "spk5": {"room3": -0.540635765, "room5": -0.079655506, "room0": -0.285499513}, "spk9": {"room4": 0.263507783, "room7": 0.092728384, "room10": 1.4135264159999998, "room12": 1.002467871, "room9": 0.6007753610000001}, "spk2": {"room5": 0.23054604199999998, "room0": 0.24955485800000002}, "spk23": {"room4": 0.642023861, "room7": 0.986847997, "room2": 0.47297638700000005, "room10": 0.37290030700000004, "room12": 1.375415564, "room9": 1.48093164}, "spk15": {"room10": -1.4923936130000002}, "spk28": {"room10": -0.7254896759999999}, "spk24": {"room1": -0.48745700700000005}, "spk12": {"room10": -1.172198892}, "spk8": {"room10": -0.007798118000000001}, "spk17": {"room5": -0.254240423, "room0": 1.167171001}, "spk11": {"room3": 1.6569933890000001, "room4": 2.0690081119999997, "room7": 1.272417545, "room2": 0.319686502, "room12": 1.4296510219999998, "room9": 1.537330747}, "spk19": {"room4": -0.8630530240000001, "room7": -0.492286921, "room12": -1.2331140040000002}, "spk13": {"room4": 1.2334495779999999, "room12": 0.951891959}, "spk31": {"room10": -1.277950764}, "spk6": {"room10": -1.382926464}, "spk3": {"room3": -0.259889007, "room5": 0.20680379899999998, "room7": -0.167011559, "room0": -0.54144913, "room2": -0.45819515, "room9": -0.629921556}, "spk0": {"room3": -0.088708155}, "spk20": {"room10": -1.234730482}, "spk26": {"room2": 0.17373015}, "spk16": {"room3": 1.3467534780000001, "room4": -1.199004531, "room7": 0.453228951, "room12": -0.9322875740000001, "room9": -0.599812865}, "spk27": {"room5": -0.163000926, "room0": 0.012894692}, "spk25": {"room1": -0.74643153}, "spk21": {"room3": -0.007117322, "room4": 0.31127435, "room2": 0.974827588, "room12": 0.88351959}, "spk30": {"room4": -1.287989378, "room2": -1.297895193, "room12": -1.06084621}, "spk4": {"room6": -0.8912256959999999}, "spk14": {"room10": 0.7028872970000001}, "spk7": {"room12": -0.18307744}, "spk1": {"room5": 6.229852676, "room0": 5.367730141}}}