{"meta": {"speaker": "spk1", "room": "room0"}, "data": {"spk22": {"room0": 0.594434738}, "spk10": {"room4": 2.079548836, "room12": 1.817503333}, "spk18": {"room5": -1.481478214, "room0": -1.3815004830000002, "room2": -1.191665888}, "spk29": {"room10": 1.4573265309999999}, "spk5": {"room3": -1.085111022, "room5": -0.473428726, "room0": -0.7032424209999999}, "spk9": {"room4": 0.5408736470000001, "room7": 0.29737883800000003, "room10": 1.818451285, "room12": 0.883375287, "room9": 0.403195739}, "spk2": {"room5": 0.282128036, "room0": 1.03333056}, "spk23": {"room4": 0.709147394, "room7": 1.325273991, "room2": 0.598586261, "room10": 0.9101465940000001, "room12": 1.65374434, "room9": 2.282387495}, "spk15": {"room10": -1.439136505}, "spk28": {"room10": -1.2004144190000001}, "spk24": {"room1": 0.128650784}, "spk12": {"room10": -1.6206459999999998}, "spk8": {"room10": -0.8253990409999999}, "spk17": {"room5": 0.277093142, "room0": 2.398396492}, "spk11": {"room3": 0.9173477290000001, "room4": 1.821337819, "room7": 1.006695151, "room2": 0.754070938, "room12": 1.034616351, "room9": 1.551435471}, "spk19": {"room4": -1.326458693, "room7": -0.756279945, "room12": -1.5045670269999998}, "spk13": {"room4": 2.387858868, "room12": 1.755606174}, "spk31": {"room10": -1.5925121309999999}, "spk6": {"room10": -0.82025069}, "spk3": {"room3": 0.32113981199999997, "room5": -0.002021411, "room7": -0.148369342, "room0": 0.25464448300000003, "room2": 0.23548783399999998, "room9": 0.208756909}, "spk0": {"room3": 0.114932649}, "spk20": {"room10": -1.4919725659999998}, "spk26": {"room2": 0.051094602999999995}, "spk16": {"room3": 1.486376286, "room4": -0.5555880670000001, "room7": 0.824413359, "room12": -0.04685802, "room9": 0.26809442}, "spk27": {"room5": -0.571788967, "room0": 0.289052725}, "spk25": {"room1": 0.038942914}, "spk21": {"room3": 0.388913602, "room4": -0.37846365600000004, "room2": 0.5621137620000001, "room12": 0.907037735}, "spk30": {"room4": -1.926657915, "room2": -1.722063661, "room12": -1.2166996}, "spk4": {"room6": -0.278393626}, "spk14": {"room10": 0.216731355}, "spk7": {"room12": 0.288473397}, "spk1": {"room5": 6.169374466, "room0": 7.2439327239999995}}}