{"meta": {"speaker": "spk1", "room": "room5"}, "data": {"spk22": {"room0": 1.425494194}, "spk10": {"room4": 1.580832362, "room12": 1.5906295780000002}, "spk18": {"room5": -1.010673523, "room0": -1.104604483, "room2": -0.924637437}, "spk29": {"room10": 1.6209728719999998}, "spk5": {"room3": 0.27112695600000003, "room5": 0.674216092, "room0": 0.066157475}, "spk9": {"room4": 0.58154273, "room7": 0.399342924, "room10": 1.963930845, "room12": 1.295870185, "room9": 0.611429393}, "spk2": {"room5": 0.64445281, "room0": 0.7602150440000001}, "spk23": {"room4": 0.8857737179999999, "room7": 1.022277713, "room2": 0.8931857940000001, "room10": 0.94724834, "room12": 1.092534423, "room9": 1.214715123}, "spk15": {"room10": -1.053410769}, "spk28": {"room10": -1.0536462070000001}, "spk24": {"room1": -0.097106524}, "spk12": {"room10": -1.12486589}, "spk8": {"room10": -0.315361887}, "spk17": {"room5": 0.760497332, "room0": 1.040477633}, "spk11": {"room3": 1.721252918, "room4": 1.414851904, "room7": 0.827759802, "room2": 1.061679125, "room12": 0.7747874859999999, "room9": 1.5211257930000002}, "spk19": {"room4": -1.1675133709999999, "room7": -0.9399328229999999, "room12": -1.289128065}, "spk13": {"room4": 1.562354803, "room12": 1.3652446269999998}, "spk31": {"room10": -1.306486249}, "spk6": {"room10": -0.9489899279999999}, "spk3": {"room3": 1.098804951, "room5": 0.757241726, "room7": 0.180186555, "room0": 0.6056991820000001, "room2": 0.838062704, "room9": 0.725488186}, "spk0": {"room3": 0.210881412}, "spk20": {"room10": -0.8510789870000001}, "spk26": {"room2": -0.24457936}, "spk16": {"room3": 2.185210705, "room4": -1.1122770309999999, "room7": 0.7326874729999999, "room12": -0.819907367, "room9": -0.18716165399999998}, "spk27": {"room5": 1.24531424, "room0": 1.247101665}, "spk25": {"room1": 0.7412264940000001}, "spk21": {"room3": 0.952712357, "room4": -1.0195180179999999, "room2": 0.43478891299999994, "room12": 0.02510047}, "spk30": {"room4": -1.129644036, "room2": -1.274279475, "room12": -1.1866219040000001}, "spk4": {"room6": -0.449646831}, "spk14": {"room10": 0.45396617100000003}, "spk7": {"room12": 0.42645981899999996}, "spk1": {"room5": 4.524107456, "room0": 5.805521965}}}