{"meta": {"speaker": "spk1", "room": "room0"}, "data": {"spk22": {"room0": -0.271282762}, "spk10": {"room4": 2.010591984, "room12": 2.3104178909999997}, "spk18": {"room5": -0.917583287, "room0": -0.664069653, "room2": -0.958333254}, "spk29": {"room10": 0.46730566}, "spk5": {"room3": -1.07470417, "room5": -0.9558529259999999, "room0": -0.532626748}, "spk9": {"room4": -0.9047422409999999, "room7": -0.538703322, "room10": 0.608950377, "room12": -0.42714238200000004, "room9": -0.20145711300000002}, "spk2": {"room5": 0.407009006, "room0": 0.715925872}, "spk23": {"room4": 0.12806785099999998, "room7": 0.227216855, "room2": 0.938468337, "room10": -0.4728854, "room12": 0.916667283, "room9": 1.4031383990000001}, "spk15": {"room10": -1.028621078}, "spk28": {"room10": -1.054626107}, "spk24": {"room1": -0.454564035}, "spk12": {"room10": -1.202323437}, "spk8": {"room10": -0.442661136}, "spk17": {"room5": 0.19104407699999998, "room0": 0.924405158}, "spk11": {"room3": 1.285499454, "room4": 1.231842875, "room7": 0.6614571810000001, "room2": -0.085829519, "room12": 0.421116292, "room9": 0.07386490700000001}, "spk19": {"room4": -1.3410991429999999, "room7": -1.082083583, "room12": -1.7001013759999999}, "spk13": {"room4": 1.297281981, "room12": 1.4863563780000002}, "spk31": {"room10": -1.583561182}, "spk6": {"room10": -0.534556866}, "spk3": {"room3": -0.457138628, "room5": -0.872497678, "room7": -1.320620775, "room0": -0.985354662, "room2": -1.02216506, "room9": -1.272759795}, "spk0": {"room3": -0.041754987}, "spk20": {"room10": -1.091995478}, "spk26": {"room2": -0.11006899199999999}, "spk16": {"room3": 1.09073472, "room4": -1.306234479, "room7": 0.282391608, "room12": -1.007486343, "room9": -1.218609452}, "spk27": {"room5": -0.191304728, "room0": -0.424247324}, "spk25": {"room1": -0.35954275700000005}, "spk21": {"room3": 0.609371364, "room4": -0.270023018, "room2": 1.1004164220000001, "room12": 1.170202017}, "spk30": {"room4": -1.081015825, "room2": -1.5332511659999999, "room12": -0.84391439}, "spk4": {"room6": -0.9696906209999999}, "spk14": {"room10": 0.187224045}, "spk7": {"room12": -0.38460815}, "spk1": {"room5": 5.072329998, "room0": 7.164272307999999}}}