{"meta": {"speaker": "spk1", "room": "room0"}, "data": {"spk22": {"room0": 1.5151103730000002}, "spk10": {"room4": 1.5976777080000002, "room12": 1.7298592330000002}, "spk18": {"room5": -1.08926177, "room0": -1.147922277, "room2": -0.507629395}, "spk29": {"room10": 2.611540794}, "spk5": {"room3": 1.107343912, "room5": 1.437713504, "room0": 0.619953275}, "spk9": {"room4": 1.652665615, "room7": 2.489784718, "room10": 2.355007648, "room12": 2.694286346, "room9": 2.532566547}, "spk2": {"room5": 0.32094368300000004, "room0": 1.89015615}, "spk23": {"room4": 2.030939579, "room7": 1.949747205, "room2": 0.620075047, "room10": 1.4816176890000001, "room12": 2.099402666, "room9": 3.0210008619999997}, "spk15": {"room10": -0.5144863129999999}, "spk28": {"room10": -0.805909812}, "spk24": {"room1": -0.039352376}, "spk12": {"room10": -1.015022635}, "spk8": {"room10": -0.659450829}, "spk17": {"room5": 2.575844526, "room0": 3.124198675}, "spk11": {"room3": 0.7666507359999999, "room4": 1.6606392859999999, "room7": 1.708585739, "room2": 0.871532083, "room12": 1.9672299619999998, "room9": 1.510297894}, "spk19": {"room4": -1.369220734, "room7": -1.21907413, "room12": -1.73555851}, "spk13": {"room4": 2.226410866, "room12": 2.1368300909999998}, "spk31": {"room10": -1.4385020730000002}, "spk6": {"room10": 0.014521951000000002}, "spk3": {"room3": 0.596969426, "room5": 1.7998971940000001, "room7": 0.555306137, "room0": 1.0989583729999999, "room2": 1.231912136, "room9": 1.839215755}, "spk0": {"room3": 1.562414646}, "spk20": {"room10": -1.08122015}, "spk26": {"room2": 1.2742468120000001}, "spk16": {"room3": 1.649141669, "room4": 0.8854411240000001, "room7": 1.678730249, "room12": 0.9432663920000001, "room9": 0.677045703}, "spk27": {"room5": 2.379035473, "room0": 2.069263935}, "spk25": {"room1": 1.328471661}, "spk21": {"room3": 1.066555262, "room4": 1.320511341, "room2": 0.653125465, "room12": 1.3116540909999999}, "spk30": {"room4": -1.062194467, "room2": -1.373845816, "room12": -1.1256464720000001}, "spk4": {"room6": 0.962984025}, "spk14": {"room10": 1.031274796}, "spk7": {"room12": 1.2242650990000001}, "spk1": {"room5": 3.402612448, "room0": 4.082341194}}}