{"meta": {"speaker": "spk1", "room": "room5"}, "data": {"spk22": {"room0": 0.5339064}, "spk10": {"room4": 2.0266015530000003, "room12": 0.951003313}, "spk18": {"room5": -1.677341819, "room0": -1.332872391, "room2": -1.12403357}, "spk29": {"room10": 1.224592447}, "spk5": {"room3": 0.050519365999999996, "room5": -0.013213302, "room0": -0.196858034}, "spk9": {"room4": 1.243218184, "room7": 1.302429914, "room10": 1.840381026, "room12": 2.049813271, "room9": 1.347598314}, "spk2": {"room5": 0.151478961, "room0": 0.562467515}, "spk23": {"room4": 1.101112127, "room7": 1.134925604, "room2": 0.525500774, "room10": 0.809609771, "room12": 1.695426226, "room9": 2.488100529}, "spk15": {"room10": -1.202117324}, "spk28": {"room10": -0.989404976}, "spk24": {"room1": 0.082091637}, "spk12": {"room10": -1.530623078}, "spk8": {"room10": 0.02769246}, "spk17": {"room5": 1.136435986, "room0": 2.1874210830000003}, "spk11": {"room3": 0.989908516, "room4": 2.16096282, "room7": 1.8315572740000001, "room2": 0.443458796, "room12": 1.43953371, "room9": 2.019694328}, "spk19": {"room4": -1.172674537, "room7": -0.9321190709999999, "room12": -1.63730526}, "spk13": {"room4": 1.221346498, "room12": 0.9468612670000001}, "spk31": {"room10": -1.893079996}, "spk6": {"room10": -0.8611582520000001}, "spk3": {"room3": 0.102122985, "room5": -0.076741055, "room7": -0.074190043, "room0": -0.692215383, "room2": -0.179024488, "room9": -0.22070415300000001}, "spk0": {"room3": 0.476923883}, "spk20": {"room10": -1.5928993230000001}, "spk26": {"room2": 0.472073764}, "spk16": {"room3": 1.82530117, "room4": -0.489470631, "room7": 1.101769328, "room12": -0.8909693959999999, "room9": 0.04403023}, "spk27": {"room5": 0.009310533000000001, "room0": 0.053975239}, "spk25": {"room1": -0.377005845}, "spk21": {"room3": 0.650589883, "room4": 1.434132934, "room2": 2.2925078869999997, "room12": 2.144088268}, "spk30": {"room4": -1.625603795, "room2": -1.6865869759999998, "room12": -1.250727654}, "spk4": {"room6": -0.188739866}, "spk14": {"room10": 0.46464741200000004}, "spk7": {"room12": 0.463416815}, "spk1": {"room5": 6.273055077, "room0": 5.693489075}}}