{"meta": {"speaker": "spk1", "room": "room0"}, "data": {"spk22": {"room0": 0.975443721}, "spk10": {"room4": 2.12335372, "room12": 2.863536835}, "spk18": {"room5": 0.115096562, "room0": -0.011194737, "room2": 0.132931143}, "spk29": {"room10": 1.0840256209999999}, "spk5": {"room3": -0.664592266, "room5": -0.8520469070000001, "room0": -0.5642175079999999}, "spk9": {"room4": -1.6338011030000001, "room7": 0.069782935, "room10": 0.053446833, "room12": -0.896320879, "room9": -0.557071567}, "spk2": {"room5": 0.871198237, "room0": 1.0667274}, "spk23": {"room4": 0.249844328, "room7": 1.518931985, "room2": 2.2334785459999997, "room10": 1.572477221, "room12": 1.919645309, "room9": 2.0361576080000003}, "spk15": {"room10": -0.117899321}, "spk28": {"room10": -0.11220143}, "spk24": {"room1": -0.018648366}, "spk12": {"room10": -0.24443016899999997}, "spk8": {"room10": 0.021037342}, "spk17": {"room5": 1.519549489, "room0": 2.299898148}, "spk11": {"room3": 0.585526526, "room4": 1.312431335, "room7": 0.141485378, "room2": -0.319393665, "room12": 0.709119797, "room9": 0.07195916}, "spk19": {"room4": -0.60950768, "room7": -0.156075925, "room12": -0.7272866370000001}, "spk13": {"room4": 2.212607145, "room12": 2.061107635}, "spk31": {"room10": -0.6356419320000001}, "spk6": {"room10": 1.037034273}, "spk3": {"room3": -1.156817555, "room5": 0.387363821, "room7": -0.9194930790000001, "room0": -0.82767725, "room2": -0.861940742, "room9": -0.7784242029999999}, "spk0": {"room3": 1.237793803}, "spk20": {"room10": -0.098200805}, "spk26": {"room2": 1.3819620609999999}, "spk16": {"room3": 1.760805011, "room4": -0.437348723, "room7": 1.21173203, "room12": -0.479806811, "room9": -0.8660776020000001}, "spk27": {"room5": 1.10835588, "room0": 0.39127478}, "spk25": {"room1": -0.34971255100000004}, "spk21": {"room3": 1.452160835, "room4": 0.769639313, "room2": 1.4735338690000002, "room12": 1.4193568230000002}, "spk30": {"room4": -0.051472496, "room2": -0.350501806, "room12": -0.11215207699999999}, "spk4": {"room6": -0.19351828100000001}, "spk14": {"room10": 2.4684069159999997}, "spk7": {"room12": -0.127920538}, "spk1": {"room5": 4.598683357, "room0": 4.426066875}}}