{"meta": {"speaker": "spk1", "room": "room0"}, "data": {"spk22": {"room0": 0.451330274}, "spk10": {"room4": 2.816282034, "room12": 2.698866606}, "spk18": {"room5": -1.534761786, "room0": -1.2308665509999999, "room2": -1.3370815520000001}, "spk29": {"room10": 2.9975636010000004}, "spk5": {"room3": 1.3800879719999999, "room5": 1.4221270080000001, "room0": 1.3165136579999999}, "spk9": {"room4": 1.447524905, "room7": 2.82443428, "room10": 1.6214205030000002, "room12": 1.45877552, "room9": 1.421069741}, "spk2": {"room5": 0.424802125, "room0": 1.452374101}, "spk23": {"room4": 2.4730780119999998, "room7": 1.8101892469999998, "room2": 2.403131008, "room10": 1.8698103430000002, "room12": 2.0865345, "room9": 2.86034441}, "spk15": {"room10": -0.664083302}, "spk28": {"room10": -1.076474905}, "spk24": {"room1": -0.5156787629999999}, "spk12": {"room10": -0.899646044}, "spk8": {"room10": -0.36875537}, "spk17": {"room5": 3.169293165, "room0": 2.917120457}, "spk11": {"room3": -0.13250905300000002, "room4": 0.851410687, "room7": -0.156879112, "room2": -0.270860761, "room12": 0.470817715, "room9": 0.06918503299999999}, "spk19": {"room4": -1.156357765, "room7": -0.686815858, "room12": -1.6914758680000002}, "spk13": {"room4": 2.6916434760000003, "room12": 2.447292566}, "spk31": {"room10": -1.749687791}, "spk6": {"room10": 0.42005896600000003}, "spk3": {"room3": -0.040491655, "room5": 0.667007565, "room7": -0.7850975990000001, "room0": -0.622968316, "room2": -0.626395166, "room9": -0.21609813}, "spk0": {"room3": 0.8686869140000001}, "spk20": {"room10": -1.103226781}, "spk26": {"room2": 0.073221423}, "spk16": {"room3": 0.605550647, "room4": 0.013657176000000002, "room7": -0.414916515, "room12": -0.5544588570000001, "room9": -0.47793731100000003}, "spk27": {"room5": 2.084442377, "room0": 2.159849882}, "spk25": {"room1": 2.014715433}, "spk21": {"room3": 2.0574481490000003, "room4": 2.641961336, "room2": 3.183678865, "room12": 2.252627134}, "spk30": {"room4": -1.003917813, "room2": -2.485550165, "room12": -1.440404534}, "spk4": {"room6": 0.935300887}, "spk14": {"room10": 0.726623893}, "spk7": {"room12": 0.568585396}, "spk1": {"room5": 3.122564077, "room0": 4.372521400000001}}}