{"meta": {"speaker": "spk15", "room": "room10"}, "data": {"spk22": {"room0": -0.454030395}, "spk10": {"room4": -0.549409926, "room12": 0.287163347}, "spk18": {"room5": -0.31739673, "room0": -0.717740953, "room2": -0.140291095}, "spk29": {"room10": -1.1289452309999999}, "spk5": {"room3": 0.45820412, "room5": -0.39943492399999997, "room0": 0.21762256300000002}, "spk9": {"room4": -0.932261527, "room7": -0.163347989, "room10": -0.945586562, "room12": -1.2504848240000002, "room9": -1.276111603}, "spk2": {"room5": -0.953282654, "room0": -1.505535364}, "spk23": {"room4": -0.472601473, "room7": 0.022570021000000003, "room2": -0.39386510799999996, "room10": -0.33520779, "room12": 0.087065443, "room9": -0.912738025}, "spk15": {"room10": 10.45191288}, "spk28": {"room10": 0.6129455570000001}, "spk24": {"room1": -1.523305058}, "spk12": {"room10": 1.5988768340000001}, "spk8": {"room10": 1.967011929}, "spk17": {"room5": 0.36344593799999997, "room0": -0.858828127}, "spk11": {"room3": -1.4490031, "room4": -1.448299646, "room7": -1.6296966080000002, "room2": -1.425688386, "room12": -1.099566579, "room9": -1.172289014}, "spk19": {"room4": -0.22641646899999998, "room7": -0.5511323810000001, "room12": 0.366838515}, "spk13": {"room4": -0.141150266, "room12": -1.2456990479999999}, "spk31": {"room10": 1.46659255}, "spk6": {"room10": 1.897844195}, "spk3": {"room3": -1.215299964, "room5": -0.282902688, "room7": -1.1723090409999999, "room0": -0.695746779, "room2": 0.114297152, "room9": -1.4297344680000001}, "spk0": {"room3": -0.11992049199999999}, "spk20": {"room10": 0.333914191}, "spk26": {"room2": -0.720868886}, "spk16": {"room3": -0.716448128, "room4": -0.283359975, "room7": -1.7219991680000002, "room12": -1.1630409959999999, "room9": -1.4287048580000001}, "spk27": {"room5": -1.026320457, "room0": -1.8329348559999998}, "spk25": {"room1": -0.688846827}, "spk21": {"room3": 1.159250498, "room4": 1.4834307430000002, "room2": 1.5567941669999998, "room12": 0.128844529}, "spk30": {"room4": -0.046500757000000004, "room2": -0.8716335890000001, "room12": 0.678617835}, "spk4": {"room6": 0.154605523}, "spk14": {"room10": 0.14686726}, "spk7": {"room12": -0.649202704}, "spk1": {"room5": -2.1439807419999997, "room0": -1.824192882}}}