{"meta": {"speaker": "spk15", "room": "room10"}, "data": {"spk22": {"room0": -0.563531995}, "spk10": {"room4": 0.060529701, "room12": 0.045635533}, "spk18": {"room5": -0.634236038, "room0": -0.602633774, "room2": -0.86711973}, "spk29": {"room10": -0.310645044}, "spk5": {"room3": -0.295932621, "room5": 0.060812544, "room0": 0.312642008}, "spk9": {"room4": -0.577729464, "room7": -0.124570891, "room10": -0.734415591, "room12": -0.5668228270000001, "room9": -0.36868122200000003}, "spk2": {"room5": -0.504599929, "room0": -1.084770203}, "spk23": {"room4": -0.276324362, "room7": -0.128232077, "room2": 0.39354100799999997, "room10": 0.113815308, "room12": -0.34248912299999995, "room9": -0.39729607100000003}, "spk15": {"room10": 6.395245075}, "spk28": {"room10": -0.351941764}, "spk24": {"room1": -1.134348154}, "spk12": {"room10": -0.112900957}, "spk8": {"room10": 0.92213732}, "spk17": {"room5": -0.6723662020000001, "room0": -0.7814539070000001}, "spk11": {"room3": -0.540411949, "room4": -0.571154535, "room7": -0.522775888, "room2": -0.576763809, "room12": -0.622941434, "room9": -0.949544787}, "spk19": {"room4": -0.696125448, "room7": 0.11603467199999999, "room12": -0.42475417299999996}, "spk13": {"room4": -0.42695269, "room12": -0.9526853559999999}, "spk31": {"room10": 0.08822909}, "spk6": {"room10": 0.393340677}, "spk3": {"room3": -0.098261595, "room5": -0.311870217, "room7": -1.017824888, "room0": -0.333267868, "room2": -0.5930455920000001, "room9": -1.322584033}, "spk0": {"room3": -0.573364854}, "spk20": {"room10": -0.053420089000000004}, "spk26": {"room2": -0.245599657}, "spk16": {"room3": -0.35101869700000005, "room4": -0.9179995059999999, "room7": -1.1612784859999998, "room12": -0.437802404, "room9": -0.75761348}, "spk27": {"room5": -0.679160953, "room0": -0.721149445}, "spk25": {"room1": 0.11830432}, "spk21": {"room3": 0.46791067700000005, "room4": 0.27349025, "room2": 0.6841079000000001, "room12": 0.23040024899999997}, "spk30": {"room4": -0.5510613320000001, "room2": -1.65894258, "room12": -0.23299895199999998}, "spk4": {"room6": 0.243241265}, "spk14": {"room10": -0.6839454770000001}, "spk7": {"room12": -0.50560087}, "spk1": {"room5": -0.741511345, "room0": -0.220283195}}}