{"meta": {"speaker": "spk15", "room": "room10"}, "data": {"spk22": {"room0": -1.063144445}, "spk10": {"room4": -1.1971998209999999, "room12": -0.612853467}, "spk18": {"room5": -1.079997897, "room0": -1.3635252709999999, "room2": -1.14121604}, "spk29": {"room10": -1.155511975}, "spk5": {"room3": -0.645038188, "room5": -0.552862406, "room0": -0.508354664}, "spk9": {"room4": -1.410220981, "room7": -0.371093899, "room10": -0.8843694329999999, "room12": -1.6865274909999999, "room9": -1.154774189}, "spk2": {"room5": -0.739716232, "room0": -1.015677333}, "spk23": {"room4": -0.63671875, "room7": -0.98419106, "room2": -0.517184615, "room10": -0.306392819, "room12": -0.9125958679999999, "room9": -1.246393204}, "spk15": {"room10": 5.697057247}, "spk28": {"room10": -0.659798801}, "spk24": {"room1": -1.7964533569999999}, "spk12": {"room10": 0.85586375}, "spk8": {"room10": 0.016577923999999997}, "spk17": {"room5": -0.169820085, "room0": -1.489361525}, "spk11": {"room3": -1.587962031, "room4": -1.615395069, "room7": -1.166187406, "room2": -0.47586551299999996, "room12": -0.647291005, "room9": -1.211051345}, "spk19": {"room4": -0.16252327, "room7": -0.908986926, "room12": 0.32084864399999996}, "spk13": {"room4": -0.550297141, "room12": -0.7537801270000001}, "spk31": {"room10": 1.411822915}, "spk6": {"room10": -0.307443798}, "spk3": {"room3": -1.350815296, "room5": -0.21854813399999998, "room7": -1.1390871999999999, "room0": -0.845557749, "room2": -0.641665995, "room9": -1.708444476}, "spk0": {"room3": -0.369776696}, "spk20": {"room10": 0.295749545}, "spk26": {"room2": -0.9669718740000001}, "spk16": {"room3": -1.7632366419999999, "room4": -0.846514285, "room7": -1.793281198, "room12": -0.7558177709999999, "room9": -2.0913088319999997}, "spk27": {"room5": 0.061671518, "room0": -1.342405558}, "spk25": {"room1": -0.5218707920000001}, "spk21": {"room3": -0.207834259, "room4": -0.129189879, "room2": -0.10122016800000001, "room12": -0.6794657709999999}, "spk30": {"room4": 0.179600388, "room2": -0.514658153, "room12": -0.19212934399999998}, "spk4": {"room6": -1.567965269}, "spk14": {"room10": -0.871722579}, "spk7": {"room12": -1.0877100229999999}, "spk1": {"room5": -1.177756906, "room0": -1.236095309}}}