{"meta": {"speaker": "spk15", "room": "room10"}, "data": {"spk22": {"room0": -0.529064536}, "spk10": {"room4": -0.63637048, "room12": -0.725306511}, "spk18": {"room5": -1.515699744, "room0": -1.430963755, "room2": -1.416636229}, "spk29": {"room10": -0.577494681}, "spk5": {"room3": -0.500141501, "room5": -0.911335468, "room0": 0.010107620999999999}, "spk9": {"room4": -1.153572083, "room7": -0.324563622, "room10": -1.738410234, "room12": -1.430235744, "room9": -1.198719621}, "spk2": {"room5": -0.5215562579999999, "room0": -0.88182193}, "spk23": {"room4": -0.602561831, "room7": -0.642648518, "room2": 0.065061457, "room10": 0.005864144, "room12": -0.16979886600000002, "room9": -0.10253127699999999}, "spk15": {"room10": 8.672429085}, "spk28": {"room10": -1.134825468}, "spk24": {"room1": -2.0229249}, "spk12": {"room10": 0.5405830739999999}, "spk8": {"room10": 1.08724165}, "spk17": {"room5": 0.132824779, "room0": -0.98187834}, "spk11": {"room3": -1.419003367, "room4": -1.634047627, "room7": -1.342499495, "room2": -1.441148043, "room12": -0.928830802, "room9": -1.219277978}, "spk19": {"room4": -0.37423932600000004, "room7": -0.19494783899999998, "room12": -0.042694997}, "spk13": {"room4": 0.236905277, "room12": -1.164001107}, "spk31": {"room10": 0.994230866}, "spk6": {"room10": 1.050571203}, "spk3": {"room3": -1.0157328840000002, "room5": 0.063333355, "room7": -1.076266885, "room0": 0.172533005, "room2": -0.263707757, "room9": -1.250850201}, "spk0": {"room3": 0.103128143}, "spk20": {"room10": 0.98469758}, "spk26": {"room2": -0.695043683}, "spk16": {"room3": -1.316298962, "room4": -0.418084502, "room7": -2.266188622, "room12": -1.025949121, "room9": -1.3972563740000001}, "spk27": {"room5": -1.055017591, "room0": -1.762586594}, "spk25": {"room1": -0.501332283}, "spk21": {"room3": 0.506773829, "room4": 0.8376550079999999, "room2": 0.8619844320000001, "room12": -0.380160779}, "spk30": {"room4": -0.6477625370000001, "room2": -1.04126811, "room12": -0.363887876}, "spk4": {"room6": -0.38637051}, "spk14": {"room10": -0.553709686}, "spk7": {"room12": -1.3490909340000001}, "spk1": {"room5": -1.715687156, "room0": -1.4986087080000001}}}