{"meta": {"speaker": "spk16", "room": "room8"}, "data": {"spk22": {"room0": 1.605784535}, "spk10": {"room4": 1.075113177, "room12": 0.37768536799999997}, "spk18": {"room5": -0.836679935, "room0": -1.024688721, "room2": -0.792126656}, "spk29": {"room10": 2.3692405219999997}, "spk5": {"room3": 1.6061384680000002, "room5": 1.980617404, "room0": 1.465762615}, "spk9": {"room4": 2.3777179719999997, "room7": 2.674868345, "room10": 2.568269014, "room12": 3.559450865, "room9": 2.851918936}, "spk2": {"room5": 1.315716863, "room0": 0.681949615}, "spk23": {"room4": 1.531712055, "room7": 1.87608552, "room2": 1.007315993, "room10": 0.8637766240000001, "room12": 1.280226469, "room9": 1.145590663}, "spk15": {"room10": 0.002664696}, "spk28": {"room10": -0.615507483}, "spk24": {"room1": 0.40007573399999996}, "spk12": {"room10": -0.45527938}, "spk8": {"room10": 0.257111788}, "spk17": {"room5": 0.80854094, "room0": 0.632980883}, "spk11": {"room3": 0.396871418, "room4": 0.95475769, "room7": 1.348785996, "room2": 0.440729052, "room12": 0.7813370820000001, "room9": 0.395400673}, "spk19": {"room4": -0.614907742, "room7": -0.547003627, "room12": -0.652612746}, "spk13": {"room4": 0.955851734, "room12": 0.542140365}, "spk31": {"room10": -0.74913615}, "spk6": {"room10": -0.534226537}, "spk3": {"room3": 0.6413627270000001, "room5": 1.244793057, "room7": 0.494415879, "room0": 1.16495645, "room2": 0.538875043, "room9": 0.615805805}, "spk0": {"room3": 0.114438914}, "spk20": {"room10": 0.146503955}, "spk26": {"room2": 0.406591535}, "spk16": {"room3": 4.935568333, "room4": 2.20943594, "room7": 3.008328915, "room12": 3.025023937, "room9": 4.002910614}, "spk27": {"room5": 1.246639132, "room0": 1.2743233440000001}, "spk25": {"room1": 0.9037150140000001}, "spk21": {"room3": 1.215969682, "room4": 0.86109519, "room2": 0.35332685700000005, "room12": 1.130391479}, "spk30": {"room4": -0.395965457, "room2": -0.895060837, "room12": -0.45558661200000006}, "spk4": {"room6": 0.40072006}, "spk14": {"room10": 0.058163915}, "spk7": {"room12": 0.971650302}, "spk1": {"room5": 1.1662987470000001, "room0": 0.412680775}}}