{"meta": {"speaker": "spk16", "room": "room9"}, "data": {"spk22": {"room0": 3.000419855}, "spk10": {"room4": 1.183757782, "room12": 0.368228525}, "spk18": {"room5": -0.41815897799999996, "room0": -0.24146229, "room2": -0.37040358799999995}, "spk29": {"room10": 1.180660129}, "spk5": {"room3": 0.799525797, "room5": 0.571682692, "room0": 0.285219371}, "spk9": {"room4": 4.051681042, "room7": 3.312244892, "room10": 3.9516236780000003, "room12": 4.84650898, "room9": 5.162234783}, "spk2": {"room5": 2.035513878, "room0": 1.4337713719999998}, "spk23": {"room4": 1.255269051, "room7": 1.60294652, "room2": 0.352285564, "room10": 0.44127667, "room12": 1.48998487, "room9": 2.3820857999999996}, "spk15": {"room10": -0.9281170959999999}, "spk28": {"room10": -0.32197991}, "spk24": {"room1": 0.740608335}, "spk12": {"room10": -0.5130196810000001}, "spk8": {"room10": 0.44629740700000003}, "spk17": {"room5": 0.989229262, "room0": 1.784925818}, "spk11": {"room3": 1.4408946040000001, "room4": 3.548757553, "room7": 3.857743263, "room2": 2.853854656, "room12": 4.467774868, "room9": 3.6419873239999996}, "spk19": {"room4": -0.7886680359999999, "room7": -0.793268442, "room12": -1.064801335}, "spk13": {"room4": 2.373242855, "room12": 1.2075428959999999}, "spk31": {"room10": -0.927921653}, "spk6": {"room10": -0.663118541}, "spk3": {"room3": 0.212527215, "room5": 2.63688612, "room7": 2.94277072, "room0": 2.1737010480000003, "room2": 1.681161284, "room9": 2.424264431}, "spk0": {"room3": 0.007578261}, "spk20": {"room10": 0.319850922}, "spk26": {"room2": 0.297929168}, "spk16": {"room3": 5.5432910920000005, "room4": 6.481522083, "room7": 8.164014816, "room12": 8.059316635, "room9": 9.327533722}, "spk27": {"room5": 0.112899944, "room0": 1.280115485}, "spk25": {"room1": 1.840777874}, "spk21": {"room3": -0.114977114, "room4": 0.34852877299999996, "room2": -0.5144647960000001, "room12": 1.034313917}, "spk30": {"room4": -0.785745203, "room2": -1.183425903, "room12": -0.9677973390000001}, "spk4": {"room6": -0.37959998799999994}, "spk14": {"room10": 0.8783543709999999}, "spk7": {"room12": 2.26290369}, "spk1": {"room5": 1.165112257, "room0": 1.1265252829999999}}}