{"meta": {"speaker": "spk16", "room": "room8"}, "data": {"spk22": {"room0": 0.370701671}, "spk10": {"room4": 0.6518116589999999, "room12": 0.546371222}, "spk18": {"room5": -0.705915868, "room0": -0.608507574, "room2": -0.38570603700000006}, "spk29": {"room10": 1.939991117}, "spk5": {"room3": 1.52299881, "room5": 1.752725244, "room0": 1.90273428}, "spk9": {"room4": 1.679982901, "room7": 1.8553855419999998, "room10": 3.303065777, "room12": 2.30914855, "room9": 2.593554974}, "spk2": {"room5": -0.031483274, "room0": 0.328682899}, "spk23": {"room4": 0.994178474, "room7": 0.969028473, "room2": 1.0310908559999998, "room10": 1.05114913, "room12": 0.972675145, "room9": 0.8240157370000001}, "spk15": {"room10": -0.486882359}, "spk28": {"room10": 0.11153155599999999}, "spk24": {"room1": 0.609303236}, "spk12": {"room10": -0.36655014799999996}, "spk8": {"room10": 0.533713937}, "spk17": {"room5": -0.01361173, "room0": 0.731737018}, "spk11": {"room3": -0.081293486, "room4": 0.29694801600000004, "room7": -0.10080507400000001, "room2": 0.745335758, "room12": 0.208870888, "room9": -0.079098165}, "spk19": {"room4": -0.499384671, "room7": -0.793746293, "room12": -0.584394336}, "spk13": {"room4": 1.791287422, "room12": 1.574931979}, "spk31": {"room10": -0.32457301}, "spk6": {"room10": -0.318910122}, "spk3": {"room3": 0.546763301, "room5": 0.7764477129999999, "room7": -0.403758675, "room0": 0.318711072, "room2": 0.5618529320000001, "room9": 0.151407108}, "spk0": {"room3": 0.794392347}, "spk20": {"room10": 0.024614942999999997}, "spk26": {"room2": 1.097863436}, "spk16": {"room3": 4.025471687, "room4": 2.739611149, "room7": 3.029350281, "room12": 2.832447529, "room9": 3.724250793}, "spk27": {"room5": 0.822203517, "room0": 1.159168959}, "spk25": {"room1": 0.37396466700000003}, "spk21": {"room3": 1.827738047, "room4": 0.407497793, "room2": 1.1840419770000001, "room12": 0.859997571}, "spk30": {"room4": -0.514946282, "room2": -1.098017573, "room12": -0.527790368}, "spk4": {"room6": 0.048249815}, "spk14": {"room10": 0.5407886510000001}, "spk7": {"room12": 1.474948168}, "spk1": {"room5": 0.9506748909999999, "room0": 0.5082139370000001}}}