{"meta": {"speaker": "spk16", "room": "room8"}, "data": {"spk22": {"room0": 1.470168233}, "spk10": {"room4": -0.078648545, "room12": -0.218383506}, "spk18": {"room5": -0.99081707, "room0": -1.0754443409999999, "room2": -0.883062065}, "spk29": {"room10": 1.5461152790000001}, "spk5": {"room3": 0.26610291, "room5": 0.9137032629999999, "room0": 0.054190807}, "spk9": {"room4": 1.528842449, "room7": 1.800290823, "room10": 3.214195251, "room12": 2.532287359, "room9": 2.686461687}, "spk2": {"room5": 0.129607931, "room0": 0.283393055}, "spk23": {"room4": 1.129725099, "room7": 1.014306188, "room2": 0.734059155, "room10": 0.452273339, "room12": 1.508364916, "room9": 0.625239491}, "spk15": {"room10": -1.0514180659999999}, "spk28": {"room10": -0.586654902}, "spk24": {"room1": 0.706412673}, "spk12": {"room10": -0.885996222}, "spk8": {"room10": 0.332978398}, "spk17": {"room5": 0.027677694, "room0": 0.498006344}, "spk11": {"room3": 0.10262914, "room4": 0.8768519159999999, "room7": 0.823261738, "room2": 1.162545562, "room12": 1.2700496909999999, "room9": 1.052751422}, "spk19": {"room4": -1.119551301, "room7": -1.18105197, "room12": -0.916723073}, "spk13": {"room4": 1.61681211, "room12": 1.413859725}, "spk31": {"room10": -1.2993185520000001}, "spk6": {"room10": -0.867054522}, "spk3": {"room3": 0.899278283, "room5": 0.712331176, "room7": 0.713982463, "room0": 0.822883368, "room2": 1.07717371, "room9": 0.02550555}, "spk0": {"room3": 0.459048271}, "spk20": {"room10": -0.627898335}, "spk26": {"room2": 0.34036395}, "spk16": {"room3": 4.7426071169999995, "room4": 1.636864305, "room7": 2.9432046410000003, "room12": 2.148681641, "room9": 2.785313129}, "spk27": {"room5": -0.47434493899999997, "room0": 0.7280880809999999}, "spk25": {"room1": -0.000597691}, "spk21": {"room3": 0.9933424590000001, "room4": -0.059015925999999996, "room2": 0.738453507, "room12": 0.928616345}, "spk30": {"room4": -0.94633925, "room2": -1.2864470479999999, "room12": -1.036966681}, "spk4": {"room6": -0.411518306}, "spk14": {"room10": 1.280322671}, "spk7": {"room12": 1.5518097880000001}, "spk1": {"room5": 0.261905491, "room0": 0.478503436}}}