{"meta": {"speaker": "spk16", "room": "room8"}, "data": {"spk22": {"room0": 1.5866587159999999}, "spk10": {"room4": 0.65493089, "room12": 0.520142794}, "spk18": {"room5": -0.154277876, "room0": -0.302513748, "room2": 0.044779547}, "spk29": {"room10": 1.042610645}, "spk5": {"room3": 0.9367886190000001, "room5": 1.353063464, "room0": 1.131132722}, "spk9": {"room4": 2.463816643, "room7": 1.791185737, "room10": 2.431988478, "room12": 2.74684453, "room9": 3.117178917}, "spk2": {"room5": 0.581557631, "room0": 1.684807181}, "spk23": {"room4": 0.585578024, "room7": 1.2006026509999999, "room2": 0.6894872190000001, "room10": 0.7417423129999999, "room12": 0.9358485940000001, "room9": 0.949491203}, "spk15": {"room10": -0.532256246}, "spk28": {"room10": -0.230744705}, "spk24": {"room1": 1.6081762309999998}, "spk12": {"room10": -0.365212679}, "spk8": {"room10": 0.02489648}, "spk17": {"room5": 0.330348372, "room0": 0.328068912}, "spk11": {"room3": 1.6178991790000001, "room4": 2.788623571, "room7": 2.7750144, "room2": 3.0426681039999997, "room12": 2.9251153469999998, "room9": 2.3974928859999998}, "spk19": {"room4": -0.41515818200000004, "room7": -0.49147996299999996, "room12": -0.246403784}, "spk13": {"room4": 2.483516216, "room12": 2.617352247}, "spk31": {"room10": -0.813603222}, "spk6": {"room10": -0.52793026}, "spk3": {"room3": 0.9249523279999999, "room5": 1.7391361, "room7": 1.3112205270000001, "room0": 1.2021524909999999, "room2": 1.73383069, "room9": 1.04833889}, "spk0": {"room3": 0.538577318}, "spk20": {"room10": 0.194027692}, "spk26": {"room2": 1.150570989}, "spk16": {"room3": 5.835819244, "room4": 4.554949284, "room7": 4.256876469, "room12": 4.047866344, "room9": 5.376568794}, "spk27": {"room5": -0.41232466700000003, "room0": 0.586819112}, "spk25": {"room1": 1.451239824}, "spk21": {"room3": 0.909153581, "room4": 0.624868512, "room2": 0.5549714570000001, "room12": 1.4378118519999998}, "spk30": {"room4": -0.547017574, "room2": -0.8515912290000001, "room12": -0.455924392}, "spk4": {"room6": 0.090608887}, "spk14": {"room10": 0.982738853}, "spk7": {"room12": 1.485045195}, "spk1": {"room5": 0.673380196, "room0": 0.9515450000000001}}}