{"meta": {"speaker": "spk16", "room": "room7"}, "data": {"spk22": {"room0": 2.5102961059999997}, "spk10": {"room4": 0.81202966, "room12": 0.754300773}, "spk18": {"room5": -0.07999341900000001, "room0": 0.119379245, "room2": 0.024131015}, "spk29": {"room10": 1.15626061}, "spk5": {"room3": 2.06046176, "room5": 1.6052212719999999, "room0": 1.251428127}, "spk9": {"room4": 4.428789616, "room7": 3.0285534860000003, "room10": 3.1740581989999996, "room12": 4.234645367, "room9": 5.4995384220000005}, "spk2": {"room5": 2.067654133, "room0": 2.4455308909999998}, "spk23": {"room4": 1.142239809, "room7": 0.983508408, "room2": 0.899079084, "room10": 0.919978321, "room12": 1.173184872, "room9": 1.410656095}, "spk15": {"room10": -1.4265044930000002}, "spk28": {"room10": 0.043210357000000005}, "spk24": {"room1": 1.3964651819999998}, "spk12": {"room10": 0.090135626}, "spk8": {"room10": 0.324282646}, "spk17": {"room5": 1.003140688, "room0": 1.436492801}, "spk11": {"room3": 0.717653573, "room4": 2.030672789, "room7": 1.848811626, "room2": 1.543664694, "room12": 2.166153193, "room9": 1.9925850630000002}, "spk19": {"room4": -0.325645298, "room7": -0.273604691, "room12": -0.424767584}, "spk13": {"room4": 1.696041822, "room12": 2.327386379}, "spk31": {"room10": -0.156418651}, "spk6": {"room10": -0.467607141}, "spk3": {"room3": 0.23161149, "room5": 2.097439289, "room7": 1.8725367780000002, "room0": 1.806421995, "room2": 0.529143155, "room9": 2.701671362}, "spk0": {"room3": 0.32955566}, "spk20": {"room10": 0.615748584}, "spk26": {"room2": 0.69340229}, "spk16": {"room3": 6.17484045, "room4": 8.85912323, "room7": 7.612155914, "room12": 9.29587841, "room9": 12.17511272}, "spk27": {"room5": 0.94641006, "room0": 2.277357578}, "spk25": {"room1": 0.99475807}, "spk21": {"room3": 0.21549859600000001, "room4": 0.397774309, "room2": -0.22394469399999997, "room12": 1.477363825}, "spk30": {"room4": -0.6897822020000001, "room2": -1.086577535, "room12": -0.537543118}, "spk4": {"room6": -0.151826233}, "spk14": {"room10": 1.168009281}, "spk7": {"room12": 1.9420715569999998}, "spk1": {"room5": 0.240830839, "room0": -0.282923847}}}