{"meta": {"speaker": "spk16", "room": "room8"}, "data": {"spk22": {"room0": 0.7946183090000001}, "spk10": {"room4": 1.151188731, "room12": 0.801546633}, "spk18": {"room5": -1.23148644, "room0": -1.124737382, "room2": -1.037127256}, "spk29": {"room10": 1.978693962}, "spk5": {"room3": 1.793401241, "room5": 2.252511501, "room0": 1.342429638}, "spk9": {"room4": 1.9629770519999998, "room7": 1.925653338, "room10": 1.8617707490000002, "room12": 2.184225559, "room9": 2.295461655}, "spk2": {"room5": 0.553764701, "room0": 0.468467772}, "spk23": {"room4": 1.642186046, "room7": 1.548958659, "room2": 0.33049860600000003, "room10": 0.998791456, "room12": 1.842648745, "room9": 1.779177904}, "spk15": {"room10": -0.610839009}, "spk28": {"room10": -0.716078222}, "spk24": {"room1": 0.007308236}, "spk12": {"room10": -0.87380898}, "spk8": {"room10": 0.139707416}, "spk17": {"room5": 0.36094489700000004, "room0": 1.085980892}, "spk11": {"room3": 0.8049436209999999, "room4": 1.165486813, "room7": 1.872676849, "room2": 1.183794022, "room12": 0.793534458, "room9": 0.816138804}, "spk19": {"room4": -0.8529263140000001, "room7": -0.866233945, "room12": -1.246061802}, "spk13": {"room4": 0.743543327, "room12": 0.464941502}, "spk31": {"room10": -1.29816246}, "spk6": {"room10": -0.590942383}, "spk3": {"room3": 1.299474359, "room5": 0.68100667, "room7": 1.350278139, "room0": 2.071279287, "room2": 0.57706511, "room9": 1.6821613309999999}, "spk0": {"room3": 0.18806763}, "spk20": {"room10": -0.507656515}, "spk26": {"room2": -0.415003568}, "spk16": {"room3": 4.732773304, "room4": 3.127498865, "room7": 3.2317254539999998, "room12": 2.9002273080000003, "room9": 3.7307965760000004}, "spk27": {"room5": 0.908796012, "room0": 1.7140442130000002}, "spk25": {"room1": 0.8615355490000001}, "spk21": {"room3": 1.23031795, "room4": -0.12790063, "room2": -0.079617493, "room12": 0.532084286}, "spk30": {"room4": -0.738670528, "room2": -1.077842951, "room12": -0.827070057}, "spk4": {"room6": 0.56950897}, "spk14": {"room10": 0.16173586199999998}, "spk7": {"room12": 2.140415907}, "spk1": {"room5": 0.374051571, "room0": 0.266672373}}}