{"meta": {"speaker": "spk16", "room": "room8"}, "data": {"spk22": {"room0": 1.175329328}, "spk10": {"room4": 0.383826405, "room12": -0.041418601}, "spk18": {"room5": -1.101503968, "room0": -1.111563802, "room2": -1.0041916370000001}, "spk29": {"room10": 0.791298985}, "spk5": {"room3": 0.30191496, "room5": 0.302007079, "room0": 0.060621865}, "spk9": {"room4": 1.09918189, "room7": 1.4267712830000001, "room10": 1.932376862, "room12": 1.601455092, "room9": 1.933647156}, "spk2": {"room5": 1.740476727, "room0": 1.503056526}, "spk23": {"room4": 1.42268157, "room7": 1.114684105, "room2": 0.832330287, "room10": 1.412595272, "room12": 1.8514120580000002, "room9": 1.12528348}, "spk15": {"room10": -1.307946801}, "spk28": {"room10": -0.940364242}, "spk24": {"room1": 0.23449292800000002}, "spk12": {"room10": -1.111064076}, "spk8": {"room10": -0.165626973}, "spk17": {"room5": -0.008678291, "room0": 1.1198726890000001}, "spk11": {"room3": 1.1692202090000001, "room4": 0.815055251, "room7": 1.053773522, "room2": 0.829632223, "room12": 0.544594765, "room9": 0.7630455490000001}, "spk19": {"room4": -1.160073876, "room7": -0.9460042120000001, "room12": -1.203165531}, "spk13": {"room4": 1.153188467, "room12": 1.254675865}, "spk31": {"room10": -1.177555084}, "spk6": {"room10": -0.560985088}, "spk3": {"room3": 0.052449144, "room5": 0.808289647, "room7": 0.772470295, "room0": 0.358911902, "room2": 0.819913089, "room9": 0.406586736}, "spk0": {"room3": 0.231252193}, "spk20": {"room10": -0.715622902}, "spk26": {"room2": 1.06462121}, "spk16": {"room3": 3.901299, "room4": 1.833360195, "room7": 2.274306059, "room12": 1.869751334, "room9": 3.357408524}, "spk27": {"room5": -0.198147357, "room0": 0.9032992120000001}, "spk25": {"room1": 0.501042843}, "spk21": {"room3": 0.6132975820000001, "room4": 0.176856741, "room2": -0.122039646, "room12": 0.95695883}, "spk30": {"room4": -1.199662805, "room2": -1.5349503759999998, "room12": -1.0790889259999998}, "spk4": {"room6": -0.56180656}, "spk14": {"room10": 1.232954025}, "spk7": {"room12": 1.169489861}, "spk1": {"room5": 0.422568321, "room0": 0.584216893}}}