{"meta": {"speaker": "spk16", "room": "room12"}, "data": {"spk22": {"room0": 3.802970171}, "spk10": {"room4": 0.9643374090000001, "room12": 0.33576405}, "spk18": {"room5": -0.027440676, "room0": -0.538405836, "room2": -0.364099711}, "spk29": {"room10": 0.832679987}, "spk5": {"room3": 0.36101123700000004, "room5": 0.08818621900000001, "room0": -0.165221021}, "spk9": {"room4": 2.971954823, "room7": 1.7531076669999999, "room10": 2.032065868, "room12": 3.167411566, "room9": 2.9001827239999995}, "spk2": {"room5": 1.0365002159999999, "room0": 1.078554869}, "spk23": {"room4": 0.48078993, "room7": 0.7188646790000001, "room2": -0.084721163, "room10": -0.186033532, "room12": 0.654093742, "room9": 0.9119876029999999}, "spk15": {"room10": -0.7936257720000001}, "spk28": {"room10": -0.172478452}, "spk24": {"room1": 0.451669991}, "spk12": {"room10": -0.18930320399999997}, "spk8": {"room10": -0.311738253}, "spk17": {"room5": 0.545480192, "room0": 0.550791264}, "spk11": {"room3": 2.335303545, "room4": 3.5585148330000003, "room7": 4.720201015, "room2": 3.48580575, "room12": 3.94115901, "room9": 3.4426035880000003}, "spk19": {"room4": -0.5569515820000001, "room7": -0.42840918899999997, "room12": -0.5551265479999999}, "spk13": {"room4": 2.049535513, "room12": 1.43482399}, "spk31": {"room10": -0.93347317}, "spk6": {"room10": -0.603049994}, "spk3": {"room3": 0.638780951, "room5": 1.238662481, "room7": 2.566894054, "room0": 1.681745768, "room2": 1.0336169, "room9": 1.6193264719999998}, "spk0": {"room3": 0.31859073}, "spk20": {"room10": 0.41764009}, "spk26": {"room2": 0.693544924}, "spk16": {"room3": 5.042293549, "room4": 7.075606346, "room7": 5.919534682999999, "room12": 8.252196312, "room9": 6.530043125}, "spk27": {"room5": 0.42375242700000004, "room0": 0.866213858}, "spk25": {"room1": 0.439535171}, "spk21": {"room3": -0.158709005, "room4": 0.03386585, "room2": -0.476230383, "room12": 0.321589291}, "spk30": {"room4": -0.096725665, "room2": -0.574809015, "room12": -0.41274681700000004}, "spk4": {"room6": -0.211390272}, "spk14": {"room10": 1.1594935659999999}, "spk7": {"room12": 1.178658128}, "spk1": {"room5": 0.159504518, "room0": 0.202438593}}}