{"meta": {"speaker": "spk16", "room": "room8"}, "data": {"spk22": {"room0": 1.302331567}, "spk10": {"room4": 1.284036994, "room12": 0.8025276659999999}, "spk18": {"room5": -0.984930575, "room0": -0.970020711, "room2": -0.827861726}, "spk29": {"room10": 1.5671691890000001}, "spk5": {"room3": 1.26191783, "room5": 0.8166761990000001, "room0": 0.312681019}, "spk9": {"room4": 0.291835517, "room7": 0.527409315, "room10": 1.360028148, "room12": 1.04674542, "room9": 1.197952151}, "spk2": {"room5": 0.7295187120000001, "room0": 1.371475697}, "spk23": {"room4": 1.14283967, "room7": 1.8153436180000002, "room2": 1.138265967, "room10": 1.224883199, "room12": 2.234601736, "room9": 1.3327357770000001}, "spk15": {"room10": -0.944545865}, "spk28": {"room10": -0.607519865}, "spk24": {"room1": 0.899674833}, "spk12": {"room10": -0.922349513}, "spk8": {"room10": 0.663468659}, "spk17": {"room5": 0.007756601, "room0": 1.496974349}, "spk11": {"room3": -0.209282458, "room4": 0.28899401399999997, "room7": 0.453789234, "room2": 0.566825032, "room12": -0.291354209, "room9": 0.62413013}, "spk19": {"room4": -1.074306369, "room7": -0.706200182, "room12": -1.006204486}, "spk13": {"room4": 1.9309507609999998, "room12": 1.487991929}, "spk31": {"room10": -0.8735563759999999}, "spk6": {"room10": 0.423881203}, "spk3": {"room3": 0.532892048, "room5": 0.39295682299999996, "room7": 0.749679804, "room0": 0.889184475, "room2": 0.550402641, "room9": 0.8411740659999999}, "spk0": {"room3": -0.468614906}, "spk20": {"room10": -0.410283506}, "spk26": {"room2": 1.076038718}, "spk16": {"room3": 3.9626655580000003, "room4": 1.062013507, "room7": 2.51564002, "room12": 1.061205745, "room9": 3.133293867}, "spk27": {"room5": -1.202997804, "room0": 0.599018931}, "spk25": {"room1": 0.978614509}, "spk21": {"room3": 1.1748651270000001, "room4": 1.03779304, "room2": 0.09256269, "room12": 1.3454078440000001}, "spk30": {"room4": -1.026215315, "room2": -1.098371267, "room12": -0.9724205140000001}, "spk4": {"room6": 0.7573985459999999}, "spk14": {"room10": 1.27833724}, "spk7": {"room12": 1.7507724759999999}, "spk1": {"room5": 0.441548496, "room0": 0.314297765}}}