{"meta": {"speaker": "spk16", "room": "room12"}, "data": {"spk22": {"room0": 1.962143183}, "spk10": {"room4": 0.7258256670000001, "room12": 0.054896109000000005}, "spk18": {"room5": -0.292248785, "room0": -0.37987458700000004, "room2": -0.11456009699999999}, "spk29": {"room10": 0.061610762}, "spk5": {"room3": -0.48780131299999996, "room5": 0.158947811, "room0": -0.577300668}, "spk9": {"room4": 3.5341279510000003, "room7": 1.9313567880000002, "room10": 2.987051487, "room12": 3.806090593, "room9": 3.961422682}, "spk2": {"room5": 1.321878433, "room0": 1.8574275969999998}, "spk23": {"room4": -0.247835025, "room7": -0.190729573, "room2": -1.07378161, "room10": -0.24538676399999998, "room12": 0.311486602, "room9": 0.365187675}, "spk15": {"room10": -0.9150354270000001}, "spk28": {"room10": -0.263505161}, "spk24": {"room1": 0.526890934}, "spk12": {"room10": -0.052509546}, "spk8": {"room10": -0.470992684}, "spk17": {"room5": 0.066311352, "room0": 0.631206274}, "spk11": {"room3": 1.7895649669999998, "room4": 3.337600708, "room7": 4.940405369, "room2": 3.8271770480000002, "room12": 3.876692057, "room9": 3.773316622}, "spk19": {"room4": -0.858248472, "room7": -0.987096548, "room12": -0.832721174}, "spk13": {"room4": 1.192769051, "room12": 1.3202050920000001}, "spk31": {"room10": -0.986171186}, "spk6": {"room10": -0.943674743}, "spk3": {"room3": -0.489414275, "room5": 0.7525613309999999, "room7": 1.4457796809999999, "room0": 0.9833082559999999, "room2": 0.77591747, "room9": 1.2643150090000002}, "spk0": {"room3": -0.158274546}, "spk20": {"room10": -0.24850881100000002}, "spk26": {"room2": 0.201738983}, "spk16": {"room3": 4.87830019, "room4": 8.412924767, "room7": 6.6903429029999995, "room12": 8.118200302, "room9": 7.904987812000001}, "spk27": {"room5": -0.466802746, "room0": 0.568862975}, "spk25": {"room1": 0.341148853}, "spk21": {"room3": -0.436654359, "room4": -0.657139778, "room2": -1.120890975, "room12": 0.08880917}, "spk30": {"room4": -0.57171303, "room2": -1.035102129, "room12": -0.8709536790000001}, "spk4": {"room6": -0.5516825320000001}, "spk14": {"room10": 0.749608457}, "spk7": {"room12": 1.274846435}, "spk1": {"room5": 0.013921451000000001, "room0": 0.068104669}}}