{"meta": {"speaker": "spk16", "room": "room12"}, "data": {"spk22": {"room0": 3.7756609919999997}, "spk10": {"room4": 1.7177459, "room12": 1.277549982}, "spk18": {"room5": -0.992913425, "room0": -0.840732217, "room2": -0.566189349}, "spk29": {"room10": 0.626581788}, "spk5": {"room3": -0.47204724, "room5": -0.027691444, "room0": -0.93055886}, "spk9": {"room4": 4.654787064, "room7": 2.707808495, "room10": 2.932274103, "room12": 3.8452947139999996, "room9": 3.695756435}, "spk2": {"room5": 2.0698506830000003, "room0": 2.9027931689999997}, "spk23": {"room4": 0.8494395020000001, "room7": 0.807333946, "room2": -0.6054195170000001, "room10": 0.157255128, "room12": 1.372843981, "room9": 0.670428813}, "spk15": {"room10": -0.48448112600000004}, "spk28": {"room10": -0.512551844}, "spk24": {"room1": 0.66304487}, "spk12": {"room10": -0.15209829800000002}, "spk8": {"room10": -0.123082303}, "spk17": {"room5": 0.07219284, "room0": 0.6766934990000001}, "spk11": {"room3": 2.29804945, "room4": 4.476497173, "room7": 5.388543606, "room2": 4.00113678, "room12": 4.6849412919999995, "room9": 4.471942901999999}, "spk19": {"room4": -0.47448712600000004, "room7": -0.368025482, "room12": -0.6861696840000001}, "spk13": {"room4": 1.709071159, "room12": 1.2179290059999999}, "spk31": {"room10": -0.660934687}, "spk6": {"room10": -0.44699937100000003}, "spk3": {"room3": 0.43974736299999995, "room5": 1.814625025, "room7": 3.813664675, "room0": 2.605972767, "room2": 1.3451486830000001, "room9": 2.281349659}, "spk0": {"room3": 0.360695124}, "spk20": {"room10": 0.017405557}, "spk26": {"room2": 0.140040696}, "spk16": {"room3": 5.71462059, "room4": 7.7368555070000005, "room7": 6.806063652000001, "room12": 9.077672957999999, "room9": 8.156636237999999}, "spk27": {"room5": -0.042678877999999996, "room0": 1.775004745}, "spk25": {"room1": 0.421722919}, "spk21": {"room3": -0.7370923159999999, "room4": -0.6193240879999999, "room2": -1.272667885, "room12": 0.24984271800000002}, "spk30": {"room4": -0.232257828, "room2": -0.938022673, "room12": -0.970163465}, "spk4": {"room6": -0.478558064}, "spk14": {"room10": 1.543753266}, "spk7": {"room12": 2.351843357}, "spk1": {"room5": 0.619306326, "room0": 0.556961536}}}