{"meta": {"speaker": "spk16", "room": "room8"}, "data": {"spk22": {"room0": 1.858349204}, "spk10": {"room4": 0.432039946, "room12": 0.367471129}, "spk18": {"room5": -0.980815172, "room0": -1.183835864, "room2": -0.609570324}, "spk29": {"room10": 1.4588252309999998}, "spk5": {"room3": 0.550043821, "room5": 0.699511468, "room0": 0.34853544799999997}, "spk9": {"room4": 2.095596552, "room7": 0.8546999690000001, "room10": 1.607450008, "room12": 1.143590212, "room9": 2.209317684}, "spk2": {"room5": 0.17974767100000003, "room0": 0.08743263800000001}, "spk23": {"room4": 0.5743538739999999, "room7": 0.7074082490000001, "room2": -0.063910358, "room10": -0.237739548, "room12": 0.741042793, "room9": 0.146107063}, "spk15": {"room10": -0.912352204}, "spk28": {"room10": -0.157514244}, "spk24": {"room1": -0.055441618}, "spk12": {"room10": -0.7445847390000001}, "spk8": {"room10": 0.307362139}, "spk17": {"room5": -0.625046909, "room0": 0.343854696}, "spk11": {"room3": 1.162355185, "room4": 1.343310475, "room7": 2.723352432, "room2": 2.306947947, "room12": 1.049422979, "room9": 1.282868266}, "spk19": {"room4": -0.36248332299999997, "room7": -0.512653649, "room12": -0.5201549529999999}, "spk13": {"room4": 0.473234683, "room12": 1.224788427}, "spk31": {"room10": -1.0932275059999998}, "spk6": {"room10": -0.6414001579999999}, "spk3": {"room3": 1.145917654, "room5": 0.034334388, "room7": 2.028992653, "room0": 1.184437752, "room2": 0.810109138, "room9": 0.786443412}, "spk0": {"room3": -0.222623467}, "spk20": {"room10": -0.119894095}, "spk26": {"room2": -0.49668732299999996}, "spk16": {"room3": 5.953351973999999, "room4": 4.568977833, "room7": 5.7294416429999995, "room12": 4.178080559, "room9": 4.7697086330000005}, "spk27": {"room5": -0.948099017, "room0": 0.7725508809999999}, "spk25": {"room1": -0.608728468}, "spk21": {"room3": 0.6988044379999999, "room4": -0.040225301, "room2": -0.006491632, "room12": 1.069679737}, "spk30": {"room4": -0.497425646, "room2": -0.720590889, "room12": -0.325663239}, "spk4": {"room6": -0.171364591}, "spk14": {"room10": 1.283806682}, "spk7": {"room12": 1.863392711}, "spk1": {"room5": 0.448017001, "room0": 0.862192988}}}