{"meta": {"speaker": "spk16", "room": "room8"}, "data": {"spk22": {"room0": 1.714318037}, "spk10": {"room4": 1.32136929, "room12": 0.5310477020000001}, "spk18": {"room5": -2.2119216919999998, "room0": -2.030899525, "room2": -1.5135726930000002}, "spk29": {"room10": 1.57346797}, "spk5": {"room3": 0.33323881, "room5": 1.1628419159999999, "room0": 0.8869194979999999}, "spk9": {"room4": 3.484964132, "room7": 1.8862110380000001, "room10": 1.7213751080000002, "room12": 2.8494222160000002, "room9": 2.7527484889999996}, "spk2": {"room5": 0.023513502999999998, "room0": 0.460718006}, "spk23": {"room4": 1.635465503, "room7": 1.233123302, "room2": 0.34198653700000003, "room10": -0.193243876, "room12": 0.9689329859999999, "room9": 0.912617087}, "spk15": {"room10": -0.519150853}, "spk28": {"room10": -0.276653469}, "spk24": {"room1": 0.11411330800000001}, "spk12": {"room10": -1.084677219}, "spk8": {"room10": 0.162744582}, "spk17": {"room5": -0.46004399700000004, "room0": 0.10118153699999999}, "spk11": {"room3": 1.548638582, "room4": 1.818247795, "room7": 3.1160392760000004, "room2": 2.429867506, "room12": 2.125408411, "room9": 2.084795952}, "spk19": {"room4": -0.607596695, "room7": -0.5046151879999999, "room12": -1.278482437}, "spk13": {"room4": 1.3209394220000001, "room12": 1.4272238019999999}, "spk31": {"room10": -2.473813295}, "spk6": {"room10": 0.232809529}, "spk3": {"room3": 1.032741189, "room5": 0.8247619270000001, "room7": 1.9349215030000002, "room0": 1.7272500990000001, "room2": 0.874436975, "room9": 0.9073062540000001}, "spk0": {"room3": 0.00405551}, "spk20": {"room10": -0.072049454}, "spk26": {"room2": -0.19689703}, "spk16": {"room3": 7.499937534, "room4": 5.393779755, "room7": 6.30290556, "room12": 6.373103619, "room9": 5.538738251}, "spk27": {"room5": 0.005890379, "room0": 2.065037727}, "spk25": {"room1": -0.20104739100000002}, "spk21": {"room3": 0.893049359, "room4": 0.04796996, "room2": -0.243509531, "room12": 1.592214346}, "spk30": {"room4": -0.338511467, "room2": -1.335485816, "room12": -0.803658545}, "spk4": {"room6": -0.005147191}, "spk14": {"room10": 2.636236906}, "spk7": {"room12": 1.523686886}, "spk1": {"room5": 0.9900498990000001, "room0": 0.377496094}}}