{"meta": {"speaker": "spk16", "room": "room8"}, "data": {"spk22": {"room0": 1.210657835}, "spk10": {"room4": 0.007747001, "room12": -0.179140463}, "spk18": {"room5": -0.547298551, "room0": -0.773166716, "room2": -0.7469697590000001}, "spk29": {"room10": 1.433470964}, "spk5": {"room3": 0.53411144, "room5": 0.575170279, "room0": 0.579339743}, "spk9": {"room4": 1.521515131, "room7": 1.224377394, "room10": 2.066124916, "room12": 1.4627292159999998, "room9": 2.315253019}, "spk2": {"room5": 0.8002251979999999, "room0": 0.567166865}, "spk23": {"room4": 0.33029764899999997, "room7": 0.840939522, "room2": 0.36586144600000003, "room10": 0.707370818, "room12": 0.656741977, "room9": 0.218491822}, "spk15": {"room10": -0.964579284}, "spk28": {"room10": -0.326317906}, "spk24": {"room1": 0.848008394}, "spk12": {"room10": -0.522474408}, "spk8": {"room10": 0.512859225}, "spk17": {"room5": -0.11685738, "room0": 0.799332142}, "spk11": {"room3": 0.7025167940000001, "room4": 0.495890379, "room7": 0.7962498659999999, "room2": 0.663885355, "room12": 0.399118572, "room9": 0.09514024900000001}, "spk19": {"room4": -0.318012893, "room7": -0.163976803, "room12": -0.60605514}, "spk13": {"room4": 0.784823418, "room12": 0.323105603}, "spk31": {"room10": -0.8180933000000001}, "spk6": {"room10": -0.738655746}, "spk3": {"room3": 0.132506058, "room5": 1.150553465, "room7": 0.123266995, "room0": 0.666231751, "room2": 0.402796805, "room9": 0.442059696}, "spk0": {"room3": 0.112743698}, "spk20": {"room10": 0.246590063}, "spk26": {"room2": -0.023897855}, "spk16": {"room3": 4.397857189, "room4": 2.03191328, "room7": 3.061430693, "room12": 2.305348158, "room9": 3.432824135}, "spk27": {"room5": 0.744047165, "room0": 1.78116715}, "spk25": {"room1": -0.6696140770000001}, "spk21": {"room3": 0.983103335, "room4": 0.16498673, "room2": 0.117417559, "room12": 0.44821739200000005}, "spk30": {"room4": -0.231740981, "room2": -0.823961973, "room12": -0.426879048}, "spk4": {"room6": -0.400473952}, "spk14": {"room10": 0.5884820820000001}, "spk7": {"room12": 0.845832646}, "spk1": {"room5": 0.7499793770000001, "room0": 0.162812069}}}