{"meta": {"speaker": "spk16", "room": "room8"}, "data": {"spk22": {"room0": 1.084148169}, "spk10": {"room4": 0.7747048740000001, "room12": 0.82548064}, "spk18": {"room5": -1.608237982, "room0": -1.4396698469999998, "room2": -0.987137794}, "spk29": {"room10": 1.36160779}, "spk5": {"room3": 2.1650438309999998, "room5": 2.3683705330000002, "room0": 1.9293864969999999}, "spk9": {"room4": 2.2708337309999997, "room7": 2.185326099, "room10": 1.826883316, "room12": 1.769592285, "room9": 2.734533548}, "spk2": {"room5": 1.432184696, "room0": 1.366487384}, "spk23": {"room4": 2.057348728, "room7": 2.1510598659999998, "room2": 2.0800218580000003, "room10": 1.7995854619999998, "room12": 2.7482316489999996, "room9": 1.65624392}, "spk15": {"room10": -0.017290643999999997}, "spk28": {"room10": -0.264160335}, "spk24": {"room1": 0.964661181}, "spk12": {"room10": -0.41562715200000006}, "spk8": {"room10": 0.755212605}, "spk17": {"room5": 1.690941095, "room0": 1.4035838840000001}, "spk11": {"room3": -0.180308312, "room4": 0.24516084800000001, "room7": 0.17395553, "room2": 0.154920265, "room12": 0.006209612, "room9": -0.258841187}, "spk19": {"room4": -0.421585441, "room7": -0.917942405, "room12": -0.693912387}, "spk13": {"room4": 1.798066497, "room12": 1.5730466840000001}, "spk31": {"room10": -1.770383477}, "spk6": {"room10": 0.613168359}, "spk3": {"room3": 0.7326320409999999, "room5": 1.286553144, "room7": 0.117696539, "room0": 0.880560219, "room2": -0.150972128, "room9": 0.225405931}, "spk0": {"room3": 1.5146089790000001}, "spk20": {"room10": -0.007778164000000001}, "spk26": {"room2": 0.542108357}, "spk16": {"room3": 5.354906082, "room4": 3.325387478, "room7": 4.298620701, "room12": 4.6527624130000005, "room9": 4.41280365}, "spk27": {"room5": 2.7592544560000003, "room0": 3.127447367}, "spk25": {"room1": 1.488304615}, "spk21": {"room3": 1.911974192, "room4": 0.818730235, "room2": 0.678557456, "room12": 1.7205412390000001}, "spk30": {"room4": -0.56343013, "room2": -1.426063418, "room12": -0.695910692}, "spk4": {"room6": 0.851204753}, "spk14": {"room10": 1.059706569}, "spk7": {"room12": 2.529586792}, "spk1": {"room5": 0.12706531599999998, "room0": 0.035424172999999996}}}