{"meta": {"speaker": "spk16", "room": "room8"}, "data": {"spk22": {"room0": 1.252472401}, "spk10": {"room4": 0.660410464, "room12": 0.121463954}, "spk18": {"room5": -0.910124719, "room0": -0.916042626, "room2": -0.455532283}, "spk29": {"room10": 1.789139986}, "spk5": {"room3": 0.594689429, "room5": 1.062193036, "room0": 0.316028595}, "spk9": {"room4": 1.723530173, "room7": 1.6774369480000002, "room10": 2.52847743, "room12": 2.559878349, "room9": 2.169320345}, "spk2": {"room5": 0.6763226990000001, "room0": 0.8232857579999999}, "spk23": {"room4": 1.125489593, "room7": 1.35403192, "room2": 0.933706522, "room10": 0.6546502710000001, "room12": 1.467445374, "room9": 1.1241348979999999}, "spk15": {"room10": -0.676109493}, "spk28": {"room10": -0.427562505}, "spk24": {"room1": 1.886099935}, "spk12": {"room10": -0.430600345}, "spk8": {"room10": -0.228041679}, "spk17": {"room5": 0.243236393, "room0": 0.45036605}, "spk11": {"room3": 0.314445585, "room4": 1.586791396, "room7": 0.622017801, "room2": 0.9497538209999999, "room12": 1.439149141, "room9": 1.756536961}, "spk19": {"room4": -0.806583345, "room7": -1.0679080490000001, "room12": -0.920263231}, "spk13": {"room4": 1.910111785, "room12": 1.054967523}, "spk31": {"room10": -1.595520139}, "spk6": {"room10": -0.5516328220000001}, "spk3": {"room3": 1.521960735, "room5": 1.807989955, "room7": 1.34242475, "room0": 1.3810611959999999, "room2": 1.712556124, "room9": 0.596277237}, "spk0": {"room3": 0.521905959}, "spk20": {"room10": -0.475681365}, "spk26": {"room2": 0.982443631}, "spk16": {"room3": 4.586851597, "room4": 1.170653462, "room7": 2.493793726, "room12": 2.169975519, "room9": 2.541433811}, "spk27": {"room5": 0.012726148, "room0": 0.990426123}, "spk25": {"room1": 0.540545225}, "spk21": {"room3": 0.9063282009999999, "room4": 0.693154693, "room2": 0.295565277, "room12": 1.287366033}, "spk30": {"room4": -0.693646669, "room2": -1.149874687, "room12": -0.532940626}, "spk4": {"room6": -0.48363280299999994}, "spk14": {"room10": 1.181149244}, "spk7": {"room12": 1.4087898730000001}, "spk1": {"room5": 0.9227160809999999, "room0": 1.1409367320000001}}}