{"meta": {"speaker": "spk16", "room": "room3"}, "data": {"spk22": {"room0": 2.685980797}, "spk10": {"room4": 1.146873951, "room12": 1.209818125}, "spk18": {"room5": -0.790229142, "room0": -0.589949965, "room2": -0.41292116}, "spk29": {"room10": 2.539026022}, "spk5": {"room3": 1.359948397, "room5": 0.875098765, "room0": 0.070969895}, "spk9": {"room4": 2.186748981, "room7": 2.156253338, "room10": 1.93863976, "room12": 2.262391567, "room9": 2.9266226289999997}, "spk2": {"room5": 1.688822269, "room0": 1.125074148}, "spk23": {"room4": 1.0045048, "room7": 1.9257606269999998, "room2": 0.538973093, "room10": 0.464489043, "room12": 1.636351705, "room9": 0.83157593}, "spk15": {"room10": -1.367147326}, "spk28": {"room10": -0.403475672}, "spk24": {"room1": -0.075754054}, "spk12": {"room10": -0.582069099}, "spk8": {"room10": 0.671474695}, "spk17": {"room5": 0.309378624, "room0": 1.482873678}, "spk11": {"room3": 1.129042864, "room4": 2.282044649, "room7": 2.660368204, "room2": 2.2529456619999997, "room12": 2.263611794, "room9": 2.226873159}, "spk19": {"room4": -0.757248282, "room7": -0.362032115, "room12": -0.679103076}, "spk13": {"room4": 1.448028207, "room12": 1.489994645}, "spk31": {"room10": -0.801145792}, "spk6": {"room10": -0.121861748}, "spk3": {"room3": 1.313338637, "room5": 1.960094213, "room7": 2.562837362, "room0": 2.582193851, "room2": 1.95130372, "room9": 2.015427589}, "spk0": {"room3": 0.73358351}, "spk20": {"room10": 0.039491202999999996}, "spk26": {"room2": 0.42744311700000004}, "spk16": {"room3": 5.69513607, "room4": 4.638735771, "room7": 5.025781155, "room12": 4.612902163999999, "room9": 6.011883736000001}, "spk27": {"room5": -0.002364343, "room0": 2.1657950880000003}, "spk25": {"room1": 0.883307517}, "spk21": {"room3": -0.126941249, "room4": -0.48089948299999996, "room2": -1.06794095, "room12": 0.454797655}, "spk30": {"room4": -0.57503581, "room2": -0.821092308, "room12": -0.6629353170000001}, "spk4": {"room6": -0.201488942}, "spk14": {"room10": 1.074301958}, "spk7": {"room12": 1.484992743}, "spk1": {"room5": 0.305276006, "room0": 0.292116165}}}