{"meta": {"speaker": "spk16", "room": "room7"}, "data": {"spk22": {"room0": 2.514524937}, "spk10": {"room4": 1.441748738, "room12": 1.462223768}, "spk18": {"room5": -0.563302457, "room0": -0.550414443, "room2": -0.62038976}, "spk29": {"room10": 1.1963121890000001}, "spk5": {"room3": 1.139885545, "room5": 0.765541792, "room0": 0.429438531}, "spk9": {"room4": 2.994819164, "room7": 1.892468691, "room10": 1.769085646, "room12": 2.710420132, "room9": 3.525428295}, "spk2": {"room5": 1.4388701919999998, "room0": 1.18578434}, "spk23": {"room4": 0.39463573700000004, "room7": 0.875005782, "room2": 1.095722198, "room10": -0.245082512, "room12": 1.4320093390000002, "room9": 0.5567082760000001}, "spk15": {"room10": -1.3143992420000001}, "spk28": {"room10": -0.229719266}, "spk24": {"room1": -0.04539929}, "spk12": {"room10": -0.49275779700000005}, "spk8": {"room10": 0.627015114}, "spk17": {"room5": 0.39196685, "room0": 1.051625848}, "spk11": {"room3": 1.275523663, "room4": 3.0371351239999997, "room7": 3.198143959, "room2": 2.779590368, "room12": 2.96396184, "room9": 2.8080792430000003}, "spk19": {"room4": -0.663474858, "room7": -0.373765379, "room12": -0.7616854909999999}, "spk13": {"room4": 1.7859641309999998, "room12": 1.732610226}, "spk31": {"room10": -0.8646808859999999}, "spk6": {"room10": -0.181030735}, "spk3": {"room3": 0.990196884, "room5": 1.551121235, "room7": 2.035108805, "room0": 1.84392345, "room2": 0.64549011, "room9": 1.98273778}, "spk0": {"room3": -0.008418228}, "spk20": {"room10": 0.08820261800000001}, "spk26": {"room2": -0.585945666}, "spk16": {"room3": 5.685404301, "room4": 6.713802814, "room7": 7.871783732999999, "room12": 8.059268951, "room9": 8.430297852}, "spk27": {"room5": -0.17243078399999998, "room0": 1.6574311259999999}, "spk25": {"room1": 1.187073469}, "spk21": {"room3": -0.006228018, "room4": -0.255045772, "room2": -0.110484354, "room12": 1.09317708}, "spk30": {"room4": -0.837917626, "room2": -1.436895728, "room12": -0.616686642}, "spk4": {"room6": -0.230639502}, "spk14": {"room10": 1.827961683}, "spk7": {"room12": 0.8447377090000001}, "spk1": {"room5": 0.7020377520000001, "room0": 1.065382123}}}