{"meta": {"speaker": "spk16", "room": "room9"}, "data": {"spk22": {"room0": 2.638566971}, "spk10": {"room4": 0.671427071, "room12": -0.22698974600000002}, "spk18": {"room5": 0.013452415, "room0": -0.055750642, "room2": -0.045341175}, "spk29": {"room10": 0.348197281}, "spk5": {"room3": 0.027099675, "room5": -0.108702496, "room0": -1.024083018}, "spk9": {"room4": 4.422215462, "room7": 3.7602810860000004, "room10": 3.762651682, "room12": 4.150817871, "room9": 5.169126511}, "spk2": {"room5": 2.282301426, "room0": 2.5896015169999997}, "spk23": {"room4": 0.7572888729999999, "room7": 0.606654346, "room2": -0.013114263000000001, "room10": 0.461256891, "room12": 0.610240817, "room9": 1.2279722690000001}, "spk15": {"room10": -0.9994004959999999}, "spk28": {"room10": -0.19242844}, "spk24": {"room1": 1.063175082}, "spk12": {"room10": -0.246576503}, "spk8": {"room10": 0.040985677000000005}, "spk17": {"room5": 0.751597703, "room0": 0.8535511490000001}, "spk11": {"room3": 1.095610857, "room4": 3.0331249239999996, "room7": 3.811288357, "room2": 2.8647239210000004, "room12": 4.076357841, "room9": 2.98106122}, "spk19": {"room4": -0.17303241800000002, "room7": -0.526205599, "room12": -0.163274705}, "spk13": {"room4": 1.7927204369999998, "room12": 1.438724995}, "spk31": {"room10": -0.581332088}, "spk6": {"room10": -0.242200285}, "spk3": {"room3": 0.17855514600000003, "room5": 2.400809288, "room7": 2.4551560880000003, "room0": 2.146419525, "room2": 1.430654883, "room9": 1.87110126}, "spk0": {"room3": 0.613445401}, "spk20": {"room10": 0.107504666}, "spk26": {"room2": 1.3565864559999998}, "spk16": {"room3": 4.961318493, "room4": 8.302126884, "room7": 7.147604465, "room12": 8.359235764, "room9": 8.633760452}, "spk27": {"room5": -0.029564463, "room0": 1.379271269}, "spk25": {"room1": 0.52257812}, "spk21": {"room3": -0.295866311, "room4": 0.343832374, "room2": -0.117433615, "room12": 0.48281446100000003}, "spk30": {"room4": -0.268223524, "room2": -0.45554304100000004, "room12": -0.626462221}, "spk4": {"room6": -0.44110208700000003}, "spk14": {"room10": 1.748275042}, "spk7": {"room12": 1.148522496}, "spk1": {"room5": 0.40356305200000003, "room0": 0.581038237}}}