{"meta": {"speaker": "spk16", "room": "room8"}, "data": {"spk22": {"room0": 1.209151506}, "spk10": {"room4": 1.506643414, "room12": 0.807630897}, "spk18": {"room5": -1.266416669, "room0": -1.286701441, "room2": -0.885407567}, "spk29": {"room10": 2.440700769}, "spk5": {"room3": 2.713871956, "room5": 2.433516979, "room0": 1.462784171}, "spk9": {"room4": 1.76242888, "room7": 1.9985116719999998, "room10": 2.221489429, "room12": 2.524112225, "room9": 2.214554548}, "spk2": {"room5": 0.7621583340000001, "room0": 0.770717025}, "spk23": {"room4": 1.313743591, "room7": 2.125436783, "room2": 1.601327181, "room10": 1.5618996619999999, "room12": 1.664572239, "room9": 1.4840934280000002}, "spk15": {"room10": -0.11186064}, "spk28": {"room10": -0.564884841}, "spk24": {"room1": 0.784359932}, "spk12": {"room10": -0.60540992}, "spk8": {"room10": 0.013572206000000002}, "spk17": {"room5": 0.462357521, "room0": 1.033946276}, "spk11": {"room3": 0.801405787, "room4": 1.683941603, "room7": 1.55584693, "room2": 1.5232265, "room12": 0.96427995, "room9": 1.55279839}, "spk19": {"room4": -0.8525056240000001, "room7": -1.000507236, "room12": -1.174273372}, "spk13": {"room4": 2.150998354, "room12": 1.7681236269999998}, "spk31": {"room10": -1.313775897}, "spk6": {"room10": -0.579023063}, "spk3": {"room3": 1.4097119569999998, "room5": 1.060483098, "room7": 1.801325202, "room0": 1.786019564, "room2": 1.03324461, "room9": 1.063123345}, "spk0": {"room3": 0.834963322}, "spk20": {"room10": -0.60565114}, "spk26": {"room2": -0.103910871}, "spk16": {"room3": 5.942704677999999, "room4": 2.715592384, "room7": 3.327948332, "room12": 1.939005256, "room9": 3.9761948589999996}, "spk27": {"room5": 0.788719356, "room0": 1.36149025}, "spk25": {"room1": 1.633146644}, "spk21": {"room3": 1.8738083840000002, "room4": 0.835635841, "room2": 1.246527433, "room12": 1.250365496}, "spk30": {"room4": -0.836597323, "room2": -1.259704113, "room12": -0.610131264}, "spk4": {"room6": 0.721524477}, "spk14": {"room10": 0.471667409}, "spk7": {"room12": 1.653552055}, "spk1": {"room5": 1.352128983, "room0": 0.984458685}}}