{"meta": {"speaker": "spk16", "room": "room4"}, "data": {"spk22": {"room0": 2.516490698}, "spk10": {"room4": 1.3066841359999999, "room12": 0.598164856}, "spk18": {"room5": -0.329806477, "room0": -0.541082859, "room2": -0.28273046}, "spk29": {"room10": 0.385787934}, "spk5": {"room3": -0.1777841, "room5": -0.157178193, "room0": -0.663582742}, "spk9": {"room4": 4.0472912789999995, "room7": 2.6912970539999996, "room10": 3.050045013, "room12": 3.919873238, "room9": 4.0954680439999995}, "spk2": {"room5": 0.805461526, "room0": 0.9928008909999999}, "spk23": {"room4": 0.217701107, "room7": 0.051495387999999996, "room2": 0.027546857, "room10": -0.477312177, "room12": 0.08450794199999999, "room9": 0.27916929100000004}, "spk15": {"room10": -1.037132978}, "spk28": {"room10": -0.397253126}, "spk24": {"room1": -0.15492145699999998}, "spk12": {"room10": -0.513860285}, "spk8": {"room10": -0.686408758}, "spk17": {"room5": -0.593116462, "room0": 0.064298347}, "spk11": {"room3": 3.0422132019999997, "room4": 4.184428215, "room7": 5.048303127, "room2": 4.35957098, "room12": 4.6586670880000005, "room9": 4.293251514}, "spk19": {"room4": -1.023651123, "room7": -0.9095163940000001, "room12": -1.0101996659999999}, "spk13": {"room4": 1.861624241, "room12": 1.7597795719999998}, "spk31": {"room10": -0.880641758}, "spk6": {"room10": -1.344329238}, "spk3": {"room3": 0.184118792, "room5": 0.492156208, "room7": 2.403477192, "room0": 1.9983351230000002, "room2": 0.459112972, "room9": 1.603424072}, "spk0": {"room3": -0.34836179}, "spk20": {"room10": -0.23565588899999998}, "spk26": {"room2": 0.0059803009999999995}, "spk16": {"room3": 4.41814661, "room4": 6.367793083, "room7": 6.176611423, "room12": 7.161081791, "room9": 5.663092136}, "spk27": {"room5": -0.313918769, "room0": 1.207436323}, "spk25": {"room1": 0.301075727}, "spk21": {"room3": -0.406411827, "room4": -0.6383346320000001, "room2": -0.99554503, "room12": -0.11584549400000001}, "spk30": {"room4": -0.547242939, "room2": -0.490106404, "room12": -0.8700137729999999}, "spk4": {"room6": -0.504391909}, "spk14": {"room10": 1.3569164280000001}, "spk7": {"room12": 0.8359513279999999}, "spk1": {"room5": 0.5264168379999999, "room0": 0.646317363}}}