{"meta": {"speaker": "spk16", "room": "room8"}, "data": {"spk22": {"room0": 1.395932674}, "spk10": {"room4": 0.712582886, "room12": 0.24891234899999998}, "spk18": {"room5": -1.274490237, "room0": -1.266131878, "room2": -0.857092738}, "spk29": {"room10": 0.865861297}, "spk5": {"room3": 0.005630535999999999, "room5": -0.106449895, "room0": -0.721978366}, "spk9": {"room4": 2.8581388, "room7": 1.38734448, "room10": 2.8924279210000003, "room12": 2.2869114880000003, "room9": 3.62515974}, "spk2": {"room5": 0.763657093, "room0": 1.074653268}, "spk23": {"room4": 0.999933422, "room7": 1.245501041, "room2": 0.396648347, "room10": 0.096428767, "room12": 1.405937791, "room9": 0.683003128}, "spk15": {"room10": -1.216641903}, "spk28": {"room10": -0.598125398}, "spk24": {"room1": 0.432318211}, "spk12": {"room10": -1.38612783}, "spk8": {"room10": 0.06810461}, "spk17": {"room5": -0.99274838, "room0": 0.9996461870000001}, "spk11": {"room3": 1.768409371, "room4": 1.6857498880000001, "room7": 2.039262533, "room2": 2.476336956, "room12": 2.151854992, "room9": 2.002558231}, "spk19": {"room4": -1.343343973, "room7": -1.384188056, "room12": -1.4471960069999998}, "spk13": {"room4": 1.8482391830000002, "room12": 2.459918261}, "spk31": {"room10": -1.46333766}, "spk6": {"room10": -0.92476666}, "spk3": {"room3": 0.38330939399999997, "room5": -0.24994874, "room7": 0.996477246, "room0": 0.663833499, "room2": -0.05924397, "room9": 0.22188268600000002}, "spk0": {"room3": 0.372444719}, "spk20": {"room10": -1.149338961}, "spk26": {"room2": 0.805903912}, "spk16": {"room3": 7.249169827, "room4": 4.560085297, "room7": 5.607875824, "room12": 5.084111691, "room9": 5.734859942999999}, "spk27": {"room5": -0.615694344, "room0": 1.1373184920000001}, "spk25": {"room1": 0.20001612600000002}, "spk21": {"room3": -0.188364968, "room4": -0.310977012, "room2": -0.872018635, "room12": 0.670791209}, "spk30": {"room4": -0.929894745, "room2": -1.32516408, "room12": -1.178872705}, "spk4": {"room6": -1.0245096679999999}, "spk14": {"room10": 2.002018929}, "spk7": {"room12": 1.884967923}, "spk1": {"room5": 0.701625347, "room0": 1.000013828}}}