{"meta": {"speaker": "spk16", "room": "room8"}, "data": {"spk22": {"room0": 1.7314831019999999}, "spk10": {"room4": 0.449287593, "room12": 0.157129407}, "spk18": {"room5": -1.132843375, "room0": -1.099065185, "room2": -0.88625437}, "spk29": {"room10": 1.149841666}, "spk5": {"room3": 0.470823586, "room5": 0.611203074, "room0": -0.33131718600000004}, "spk9": {"room4": 1.897224784, "room7": 1.606774449, "room10": 2.881871223, "room12": 2.107092619, "room9": 2.5888957980000002}, "spk2": {"room5": 0.266653597, "room0": 1.7291923759999999}, "spk23": {"room4": 0.422679454, "room7": 0.8046314720000001, "room2": 0.106016636, "room10": 0.06498024599999999, "room12": 1.018200994, "room9": 0.751125157}, "spk15": {"room10": -1.06957376}, "spk28": {"room10": -0.63482964}, "spk24": {"room1": 0.16226036800000002}, "spk12": {"room10": -0.887301922}, "spk8": {"room10": -0.07511568099999999}, "spk17": {"room5": -0.094539292, "room0": 1.012435317}, "spk11": {"room3": 0.7156576509999999, "room4": 1.299737811, "room7": 1.9797475340000001, "room2": 2.0663883690000002, "room12": 1.319966435, "room9": 1.5439842940000001}, "spk19": {"room4": -0.716315925, "room7": -0.995271087, "room12": -1.232288003}, "spk13": {"room4": 1.656477213, "room12": 2.2968485359999997}, "spk31": {"room10": -1.2788200379999999}, "spk6": {"room10": -0.43058297}, "spk3": {"room3": 0.072249599, "room5": 0.644379556, "room7": 0.656404674, "room0": 0.075209968, "room2": 0.669253886, "room9": 0.21119970100000002}, "spk0": {"room3": 0.033368785}, "spk20": {"room10": -0.750147164}, "spk26": {"room2": 0.6944748759999999}, "spk16": {"room3": 5.190774441, "room4": 4.67589283, "room7": 4.4347352980000005, "room12": 3.324648142, "room9": 5.525145053999999}, "spk27": {"room5": -0.9810234309999999, "room0": 0.84172219}, "spk25": {"room1": 0.359445244}, "spk21": {"room3": 0.244385585, "room4": 0.384944975, "room2": 0.050676998, "room12": 0.674645245}, "spk30": {"room4": -1.105948687, "room2": -1.310749412, "room12": -1.062474966}, "spk4": {"room6": -0.12640056}, "spk14": {"room10": 2.160073042}, "spk7": {"room12": 1.914747357}, "spk1": {"room5": -0.26056993, "room0": -0.088145345}}}