{"meta": {"speaker": "spk16", "room": "room8"}, "data": {"spk22": {"room0": 0.780311227}, "spk10": {"room4": 0.525440633, "room12": 0.6926242109999999}, "spk18": {"room5": -0.957397759, "room0": -0.9645680190000001, "room2": -0.810671866}, "spk29": {"room10": 0.633047819}, "spk5": {"room3": 0.524855316, "room5": 0.400904119, "room0": 0.154633254}, "spk9": {"room4": 2.058111668, "room7": 1.579037309, "room10": 2.6392052169999998, "room12": 2.511734724, "room9": 3.015641451}, "spk2": {"room5": 0.410529584, "room0": 1.3809734580000002}, "spk23": {"room4": 0.902562857, "room7": 0.44316572, "room2": 0.63364011, "room10": 0.5576443670000001, "room12": 0.94577992, "room9": 0.370514601}, "spk15": {"room10": -0.814840078}, "spk28": {"room10": -0.19686579699999998}, "spk24": {"room1": 0.18384569899999997}, "spk12": {"room10": -0.724291205}, "spk8": {"room10": 0.148010194}, "spk17": {"room5": -0.429213405, "room0": 0.654627562}, "spk11": {"room3": 0.743516505, "room4": 1.7937070130000001, "room7": 1.96960628, "room2": 1.177359223, "room12": 1.812277079, "room9": 1.3995224240000002}, "spk19": {"room4": -0.6778126959999999, "room7": -0.6965326070000001, "room12": -0.804289877}, "spk13": {"room4": 1.6740252969999998, "room12": 1.36564672}, "spk31": {"room10": -1.056827068}, "spk6": {"room10": 0.043808654}, "spk3": {"room3": 0.7280894520000001, "room5": 0.790367901, "room7": 1.065128446, "room0": 0.499110341, "room2": 0.569138944, "room9": 0.41932219299999995}, "spk0": {"room3": 1.067194343}, "spk20": {"room10": -0.696753919}, "spk26": {"room2": 1.020440936}, "spk16": {"room3": 6.201759338, "room4": 3.7875485419999997, "room7": 4.39782095, "room12": 4.49570179, "room9": 4.696481228000001}, "spk27": {"room5": -0.48108691, "room0": 0.9034798740000001}, "spk25": {"room1": -0.25471487600000003}, "spk21": {"room3": 0.840010107, "room4": 1.351033568, "room2": 0.48496449, "room12": 2.118394613}, "spk30": {"room4": -0.8578372, "room2": -1.505297303, "room12": -0.713320911}, "spk4": {"room6": -0.9055725929999999}, "spk14": {"room10": 2.147945642}, "spk7": {"room12": 0.877275765}, "spk1": {"room5": 0.7821993829999999, "room0": 0.27509376399999996}}}