{"meta": {"speaker": "spk16", "room": "room8"}, "data": {"spk22": {"room0": 0.35725674}, "spk10": {"room4": 1.2177243229999999, "room12": 2.2227342130000003}, "spk18": {"room5": -1.235585809, "room0": -1.298771501, "room2": -1.2559041979999999}, "spk29": {"room10": 3.0256869789999996}, "spk5": {"room3": 1.174897075, "room5": 1.3547463419999999, "room0": 1.363870502}, "spk9": {"room4": 0.80367744, "room7": 1.756747127, "room10": 1.232976437, "room12": 1.424636245, "room9": 1.222684741}, "spk2": {"room5": -0.14349736300000002, "room0": 0.38841816799999995}, "spk23": {"room4": 1.5103754999999999, "room7": 1.795601368, "room2": 1.583506227, "room10": 0.9553662540000001, "room12": 1.558410645, "room9": 1.550832629}, "spk15": {"room10": -1.164869666}, "spk28": {"room10": -0.41902431799999995}, "spk24": {"room1": -0.02725631}, "spk12": {"room10": -1.07613802}, "spk8": {"room10": -0.580519855}, "spk17": {"room5": 0.010076646, "room0": 1.341748595}, "spk11": {"room3": -0.024303496, "room4": 1.233742237, "room7": 0.984025776, "room2": -0.015246185, "room12": 0.70790869, "room9": 0.08637695}, "spk19": {"room4": -0.8778203729999999, "room7": -0.6798732279999999, "room12": -1.046309948}, "spk13": {"room4": 1.057862639, "room12": 1.783265829}, "spk31": {"room10": -1.3353587390000001}, "spk6": {"room10": 0.46921196600000004}, "spk3": {"room3": 1.015066981, "room5": 1.419717312, "room7": 0.61694026, "room0": 0.9569033379999999, "room2": 0.7707217340000001, "room9": 0.175216347}, "spk0": {"room3": 1.163206577}, "spk20": {"room10": -0.17275378100000002}, "spk26": {"room2": 1.2898786070000001}, "spk16": {"room3": 6.26649332, "room4": 3.8320016860000004, "room7": 5.064542294, "room12": 3.262503386, "room9": 5.1952109339999994}, "spk27": {"room5": -0.513076961, "room0": 1.420902729}, "spk25": {"room1": 0.28732630600000003}, "spk21": {"room3": 2.276954174, "room4": 1.3822736740000001, "room2": 0.499311268, "room12": 2.168056011}, "spk30": {"room4": -0.772359729, "room2": -1.432514787, "room12": -0.702517927}, "spk4": {"room6": 0.6826278570000001}, "spk14": {"room10": 1.919736505}, "spk7": {"room12": 1.5296366209999999}, "spk1": {"room5": 1.706858754, "room0": 1.3031290770000001}}}