{"meta": {"speaker": "spk16", "room": "room8"}, "data": {"spk22": {"room0": 0.841385305}, "spk10": {"room4": 0.515709758, "room12": 0.194857776}, "spk18": {"room5": -0.828542948, "room0": -1.188166022, "room2": -1.053405881}, "spk29": {"room10": 1.9865719080000002}, "spk5": {"room3": 1.190521955, "room5": 1.062926292, "room0": 1.0679918529999999}, "spk9": {"room4": 2.027877808, "room7": 1.5653417109999999, "room10": 2.096894979, "room12": 2.597095728, "room9": 1.881314874}, "spk2": {"room5": 0.549997628, "room0": 0.307295918}, "spk23": {"room4": 1.414736032, "room7": 0.962621808, "room2": 0.61381799, "room10": 0.785535753, "room12": 0.81357497, "room9": 0.73490262}, "spk15": {"room10": -0.452132463}, "spk28": {"room10": -0.551125705}, "spk24": {"room1": -0.124886699}, "spk12": {"room10": -0.755136073}, "spk8": {"room10": -0.238657087}, "spk17": {"room5": 0.397529155, "room0": 0.544313133}, "spk11": {"room3": 0.150128067, "room4": 0.974446952, "room7": 1.3851127619999999, "room2": 0.617321908, "room12": 0.798845053, "room9": 0.629538119}, "spk19": {"room4": -0.563511491, "room7": -0.38390138700000004, "room12": -0.670113921}, "spk13": {"room4": 0.600828767, "room12": 0.494449407}, "spk31": {"room10": -0.75037241}, "spk6": {"room10": -0.6933024529999999}, "spk3": {"room3": 0.8526481990000001, "room5": 1.339665174, "room7": 0.44827830799999996, "room0": 0.49581176, "room2": 0.689382672, "room9": 0.336233169}, "spk0": {"room3": 0.068519928}, "spk20": {"room10": -0.114578515}, "spk26": {"room2": 0.104720317}, "spk16": {"room3": 4.352284431, "room4": 2.202478647, "room7": 2.609850168, "room12": 2.32608676, "room9": 3.8475913999999998}, "spk27": {"room5": 0.7513883709999999, "room0": 1.526191592}, "spk25": {"room1": 0.022229934}, "spk21": {"room3": 1.3428969380000002, "room4": 0.662826061, "room2": 0.450107336, "room12": 0.817910969}, "spk30": {"room4": -0.551892936, "room2": -1.283798099, "room12": -0.452447593}, "spk4": {"room6": -0.024634052000000004}, "spk14": {"room10": 0.37970823}, "spk7": {"room12": 1.35768652}, "spk1": {"room5": 0.59760803, "room0": 0.777846277}}}