{"meta": {"speaker": "spk16", "room": "room7"}, "data": {"spk22": {"room0": 2.855895996}, "spk10": {"room4": 0.973134518, "room12": 0.38710048799999996}, "spk18": {"room5": -0.384479791, "room0": -0.34109860700000005, "room2": -0.303979754}, "spk29": {"room10": 2.035298824}, "spk5": {"room3": 2.119709253, "room5": 2.5281267169999997, "room0": 2.337885857}, "spk9": {"room4": 3.556994677, "room7": 3.29570508, "room10": 3.052131653, "room12": 3.978970766, "room9": 4.389914513}, "spk2": {"room5": 0.567916751, "room0": 2.211462975}, "spk23": {"room4": 2.017458677, "room7": 1.9850471019999998, "room2": 1.829397559, "room10": 1.587599039, "room12": 2.3546233180000002, "room9": 2.40885663}, "spk15": {"room10": -0.910562098}, "spk28": {"room10": -0.193621144}, "spk24": {"room1": 1.533063531}, "spk12": {"room10": -0.595768332}, "spk8": {"room10": -0.48918244200000005}, "spk17": {"room5": 1.186266303, "room0": 0.95733273}, "spk11": {"room3": -0.004382447, "room4": 1.6268998380000002, "room7": 2.328654528, "room2": 0.956340849, "room12": 1.1022439, "room9": 1.782090068}, "spk19": {"room4": -0.7510492209999999, "room7": -0.667923272, "room12": -0.808840275}, "spk13": {"room4": 2.1774775980000003, "room12": 1.7847118380000002}, "spk31": {"room10": -0.595928252}, "spk6": {"room10": -0.399840742}, "spk3": {"room3": 1.731691122, "room5": 2.02447319, "room7": 2.161133289, "room0": 2.584352255, "room2": 0.986307085, "room9": 3.289049387}, "spk0": {"room3": 1.0053176879999999}, "spk20": {"room10": 0.23327842399999998}, "spk26": {"room2": 1.444719195}, "spk16": {"room3": 5.7126021389999995, "room4": 7.099468708, "room7": 5.9208478929999995, "room12": 6.859242439, "room9": 9.412460327}, "spk27": {"room5": 1.095785737, "room0": 2.248132229}, "spk25": {"room1": 1.261863589}, "spk21": {"room3": 0.633129001, "room4": 1.354403615, "room2": 0.012319466000000001, "room12": 1.970094919}, "spk30": {"room4": -0.648195624, "room2": -0.9700784090000001, "room12": -0.853527129}, "spk4": {"room6": 0.514657974}, "spk14": {"room10": 1.042049885}, "spk7": {"room12": 2.167558193}, "spk1": {"room5": 0.807245255, "room0": 0.650524139}}}