{"meta": {"speaker": "spk16", "room": "room4"}, "data": {"spk22": {"room0": 2.176502466}, "spk10": {"room4": 1.295072794, "room12": 1.196906805}, "spk18": {"room5": -0.45943245299999996, "room0": -0.7152371409999999, "room2": -0.049968313}, "spk29": {"room10": 0.925295293}, "spk5": {"room3": 0.54859513, "room5": 0.862226188, "room0": -0.260365993}, "spk9": {"room4": 3.9955925939999997, "room7": 2.456192017, "room10": 3.6261343960000003, "room12": 4.462068081, "room9": 4.547566413999999}, "spk2": {"room5": 2.8830866810000004, "room0": 2.542510509}, "spk23": {"room4": 0.93212986, "room7": 0.9590913059999999, "room2": 0.370533854, "room10": 0.643862426, "room12": 1.777650476, "room9": 1.914402723}, "spk15": {"room10": -0.664040625}, "spk28": {"room10": -0.157032013}, "spk24": {"room1": 0.88081789}, "spk12": {"room10": -0.535769284}, "spk8": {"room10": 0.542797387}, "spk17": {"room5": 0.7303799990000001, "room0": 1.294186711}, "spk11": {"room3": 1.1443823579999999, "room4": 2.003680468, "room7": 3.942436695, "room2": 2.897845745, "room12": 2.551656246, "room9": 2.997975588}, "spk19": {"room4": -1.0376465320000001, "room7": -0.773949742, "room12": -1.272371888}, "spk13": {"room4": 2.2189524169999997, "room12": 1.179449081}, "spk31": {"room10": -0.7471318840000001}, "spk6": {"room10": -0.8927038909999999}, "spk3": {"room3": 0.656997025, "room5": 1.8919794559999998, "room7": 2.74017334, "room0": 2.65850544, "room2": 1.12817657, "room9": 3.0707845689999997}, "spk0": {"room3": 0.028828626}, "spk20": {"room10": 0.084397107}, "spk26": {"room2": 0.580085337}, "spk16": {"room3": 5.388027667999999, "room4": 6.348204612999999, "room7": 6.472652912, "room12": 8.121097565, "room9": 8.440875053}, "spk27": {"room5": 0.009427549, "room0": 1.872652411}, "spk25": {"room1": 1.793365836}, "spk21": {"room3": 0.179204002, "room4": -0.34704271, "room2": -0.151309252, "room12": 1.407678246}, "spk30": {"room4": -0.9743948579999999, "room2": -1.396470189, "room12": -0.809245586}, "spk4": {"room6": -0.317683935}, "spk14": {"room10": 1.068570733}, "spk7": {"room12": 2.112107992}, "spk1": {"room5": 0.450895965, "room0": 0.88909781}}}