{"meta": {"speaker": "spk16", "room": "room12"}, "data": {"spk22": {"room0": 3.2875859739999997}, "spk10": {"room4": 1.746275544, "room12": 0.550794005}, "spk18": {"room5": -0.196572915, "room0": -0.487820029, "room2": -0.065971784}, "spk29": {"room10": 0.42625516700000005}, "spk5": {"room3": 0.31429266899999997, "room5": 0.190279841, "room0": -0.979695082}, "spk9": {"room4": 4.533561707, "room7": 3.301140308, "room10": 3.440937757, "room12": 4.758456707, "room9": 4.806473732}, "spk2": {"room5": 2.7974348069999997, "room0": 2.398030758}, "spk23": {"room4": 0.6252220270000001, "room7": 0.325229198, "room2": -0.620370984, "room10": 0.07762669, "room12": 0.810601056, "room9": 1.034046054}, "spk15": {"room10": -0.485638529}, "spk28": {"room10": 0.19203499}, "spk24": {"room1": 1.334946156}, "spk12": {"room10": -0.301589698}, "spk8": {"room10": -0.270911098}, "spk17": {"room5": 0.486453354, "room0": 1.020289183}, "spk11": {"room3": 2.15015769, "room4": 3.7842967510000003, "room7": 5.413859367000001, "room2": 4.618448257, "room12": 4.632418633, "room9": 3.9997212889999996}, "spk19": {"room4": -0.650726676, "room7": -0.8380309340000001, "room12": -0.8710354570000001}, "spk13": {"room4": 1.6151775119999998, "room12": 1.353640199}, "spk31": {"room10": -0.5978890060000001}, "spk6": {"room10": -0.659807563}, "spk3": {"room3": -0.39348241700000003, "room5": 1.9773370030000001, "room7": 2.276829004, "room0": 2.5440974240000003, "room2": 1.154161334, "room9": 2.305457115}, "spk0": {"room3": -0.218398347}, "spk20": {"room10": 0.438985884}, "spk26": {"room2": 0.448975325}, "spk16": {"room3": 6.470737457, "room4": 8.988991737000001, "room7": 8.905917168, "room12": 11.81392956, "room9": 10.91911602}, "spk27": {"room5": 0.019538764, "room0": 0.92857331}, "spk25": {"room1": 1.9350510840000001}, "spk21": {"room3": -0.622477829, "room4": -0.264926672, "room2": -0.689631581, "room12": 0.264846116}, "spk30": {"room4": -0.39125523, "room2": -0.65722388, "room12": -0.33713409299999997}, "spk4": {"room6": -0.6356056929999999}, "spk14": {"room10": 0.986471236}, "spk7": {"room12": 1.6465866569999998}, "spk1": {"room5": 0.321954668, "room0": 0.38286215100000004}}}