{"meta": {"speaker": "spk16", "room": "room4"}, "data": {"spk22": {"room0": 2.560302973}, "spk10": {"room4": 1.599223971, "room12": 1.051314473}, "spk18": {"room5": -0.281826764, "room0": -0.638386786, "room2": -0.324990928}, "spk29": {"room10": 0.371840149}, "spk5": {"room3": -0.013575722, "room5": 0.18961650100000002, "room0": -0.372574687}, "spk9": {"room4": 3.4614243510000002, "room7": 1.7567012309999999, "room10": 3.359910965, "room12": 4.070132256, "room9": 4.016003132}, "spk2": {"room5": 2.2402431959999998, "room0": 2.371256828}, "spk23": {"room4": 0.679774642, "room7": 0.640833855, "room2": -0.318520904, "room10": 0.689672768, "room12": 1.334283948, "room9": 1.45148623}, "spk15": {"room10": -0.921524525}, "spk28": {"room10": -0.254323363}, "spk24": {"room1": 0.044278726}, "spk12": {"room10": -0.271753758}, "spk8": {"room10": -0.054927370999999996}, "spk17": {"room5": -0.155369163, "room0": 0.8466317059999999}, "spk11": {"room3": 2.02782917, "room4": 3.029093027, "room7": 4.265686512, "room2": 3.492121458, "room12": 3.8385078910000003, "room9": 3.345806599}, "spk19": {"room4": -0.601145089, "room7": -0.630933702, "room12": -0.870538175}, "spk13": {"room4": 1.30629456, "room12": 0.9743529559999999}, "spk31": {"room10": -0.6478680370000001}, "spk6": {"room10": -0.708448291}, "spk3": {"room3": -0.30618003, "room5": 1.240505338, "room7": 2.177819252, "room0": 1.006458879, "room2": 0.862781227, "room9": 1.117464185}, "spk0": {"room3": -0.892032981}, "spk20": {"room10": 0.020648396}, "spk26": {"room2": -0.502819121}, "spk16": {"room3": 5.354718208, "room4": 6.274819374, "room7": 6.620762825, "room12": 6.889585972000001, "room9": 7.764780997999999}, "spk27": {"room5": -0.5660784839999999, "room0": 1.127748728}, "spk25": {"room1": 0.526302814}, "spk21": {"room3": -0.238899678, "room4": -0.511800528, "room2": -1.098655105, "room12": 0.520435572}, "spk30": {"room4": -0.665999055, "room2": -1.1197630170000001, "room12": -0.524002194}, "spk4": {"room6": -0.679553092}, "spk14": {"room10": 0.439411163}, "spk7": {"room12": 1.3682075740000001}, "spk1": {"room5": 0.833856761, "room0": 1.319257736}}}