{"meta": {"speaker": "spk16", "room": "room8"}, "data": {"spk22": {"room0": 1.396181345}, "spk10": {"room4": 0.793308735, "room12": 0.430177808}, "spk18": {"room5": -1.4702814819999999, "room0": -1.5630604030000002, "room2": -1.1829079390000001}, "spk29": {"room10": 3.3469543460000004}, "spk5": {"room3": 1.586165905, "room5": 1.20818007, "room0": 1.307320714}, "spk9": {"room4": 3.102614403, "room7": 2.513362646, "room10": 2.0517625809999998, "room12": 1.944414616, "room9": 2.430341721}, "spk2": {"room5": -0.154092163, "room0": 0.525942206}, "spk23": {"room4": 2.644004822, "room7": 2.238695383, "room2": 2.147340298, "room10": 0.761590123, "room12": 1.9307830330000002, "room9": 1.494679093}, "spk15": {"room10": -1.321163297}, "spk28": {"room10": -0.38213750700000004}, "spk24": {"room1": 0.25906878699999997}, "spk12": {"room10": -1.069566011}, "spk8": {"room10": 0.5374501939999999}, "spk17": {"room5": -0.13425006, "room0": 0.514988363}, "spk11": {"room3": 0.62502408, "room4": 1.450936913, "room7": 0.8753259179999999, "room2": 1.244926333, "room12": 1.235972643, "room9": 0.8209591509999999}, "spk19": {"room4": -0.540470064, "room7": -0.992778718, "room12": -1.03219986}, "spk13": {"room4": 1.6445961, "room12": 1.3470526930000002}, "spk31": {"room10": -1.637300134}, "spk6": {"room10": -0.012073018000000001}, "spk3": {"room3": 1.5953001980000001, "room5": 1.127431273, "room7": 1.790572882, "room0": 2.554673672, "room2": 1.24260664, "room9": 1.244835854}, "spk0": {"room3": 0.742049098}, "spk20": {"room10": -0.363468885}, "spk26": {"room2": 1.255733848}, "spk16": {"room3": 7.755918026, "room4": 4.083857536, "room7": 5.271483421, "room12": 3.4093675610000003, "room9": 5.047956944}, "spk27": {"room5": 0.39975488200000003, "room0": 1.8169381619999998}, "spk25": {"room1": -0.14790383}, "spk21": {"room3": 0.8978157640000001, "room4": 0.619987607, "room2": 0.07509248, "room12": 1.040406227}, "spk30": {"room4": -0.43688988700000003, "room2": -1.052125454, "room12": -0.796885252}, "spk4": {"room6": 0.250653565}, "spk14": {"room10": 2.128178835}, "spk7": {"room12": 2.4382758140000003}, "spk1": {"room5": 0.923272491, "room0": 0.070233524}}}