{"meta": {"speaker": "spk16", "room": "room8"}, "data": {"spk22": {"room0": 1.148026228}, "spk10": {"room4": 0.120831646, "room12": -0.350465}, "spk18": {"room5": -0.593197703, "room0": -0.8848502640000001, "room2": -0.571856797}, "spk29": {"room10": 1.678135514}, "spk5": {"room3": 0.426722944, "room5": 0.561054349, "room0": 0.435217887}, "spk9": {"room4": 1.654860258, "room7": 1.9952452180000002, "room10": 2.971678495, "room12": 2.473609686, "room9": 2.157747269}, "spk2": {"room5": 0.0028203090000000004, "room0": 0.430426866}, "spk23": {"room4": 0.895863593, "room7": 0.7897623779999999, "room2": 0.786963165, "room10": -0.121892534, "room12": 0.9853616359999999, "room9": 0.47408106899999997}, "spk15": {"room10": -1.09130311}, "spk28": {"room10": -0.24047811300000002}, "spk24": {"room1": 1.542868137}, "spk12": {"room10": -0.6789644359999999}, "spk8": {"room10": -0.601511538}, "spk17": {"room5": -0.6568294170000001, "room0": -0.108202986}, "spk11": {"room3": 0.657149792, "room4": 1.671702981, "room7": 0.796846628, "room2": 0.8001816270000001, "room12": 1.553573132, "room9": 1.7929427619999998}, "spk19": {"room4": -0.984953105, "room7": -1.077450752, "room12": -1.013412356}, "spk13": {"room4": 1.486607194, "room12": 1.668411851}, "spk31": {"room10": -1.154136181}, "spk6": {"room10": -1.05173552}, "spk3": {"room3": 0.758613348, "room5": 1.330236912, "room7": 0.41199532200000005, "room0": 0.63677758, "room2": 1.478551507, "room9": -0.039870679}, "spk0": {"room3": 0.012748802}, "spk20": {"room10": -0.674786448}, "spk26": {"room2": 0.687663317}, "spk16": {"room3": 4.393275261, "room4": 1.187626719, "room7": 3.275209665, "room12": 2.121054649, "room9": 2.436949968}, "spk27": {"room5": -0.343159825, "room0": 0.585757554}, "spk25": {"room1": 0.026082411}, "spk21": {"room3": 0.5905899410000001, "room4": 0.5348362329999999, "room2": -0.060511432999999996, "room12": 1.1835383179999999}, "spk30": {"room4": -0.806900024, "room2": -1.032356262, "room12": -0.993842006}, "spk4": {"room6": -0.887535095}, "spk14": {"room10": 1.5227850680000001}, "spk7": {"room12": 1.2341145279999999}, "spk1": {"room5": 0.920432568, "room0": 1.045660496}}}