{"meta": {"speaker": "spk16", "room": "room7"}, "data": {"spk22": {"room0": 2.800744295}, "spk10": {"room4": 1.627184033, "room12": 1.78095746}, "spk18": {"room5": -0.320894212, "room0": -0.173408747, "room2": -0.02605463}, "spk29": {"room10": 0.10839074900000001}, "spk5": {"room3": 1.5549668069999998, "room5": 1.754724145, "room0": 1.038611531}, "spk9": {"room4": 3.8908848760000003, "room7": 3.4045128819999997, "room10": 1.920458078, "room12": 3.2656359669999997, "room9": 4.776767254}, "spk2": {"room5": 1.981902361, "room0": 1.943792105}, "spk23": {"room4": 0.942287683, "room7": 0.8940369490000001, "room2": 0.528847575, "room10": 0.24580054, "room12": 1.3441294430000001, "room9": 1.447994351}, "spk15": {"room10": -1.0930324790000001}, "spk28": {"room10": -0.348795921}, "spk24": {"room1": 0.720115662}, "spk12": {"room10": -0.080664933}, "spk8": {"room10": -0.452248275}, "spk17": {"room5": 0.25929740100000004, "room0": 1.064144611}, "spk11": {"room3": 0.322229385, "room4": 2.719976664, "room7": 3.2844896319999997, "room2": 2.118759155, "room12": 3.2562451360000004, "room9": 1.8995443580000002}, "spk19": {"room4": -0.609671116, "room7": -0.06973277, "room12": -0.666784704}, "spk13": {"room4": 1.3600291009999999, "room12": 1.350078464}, "spk31": {"room10": -0.263576031}, "spk6": {"room10": 0.275423795}, "spk3": {"room3": -0.24199242899999998, "room5": 1.2281390429999999, "room7": 2.837498665, "room0": 3.293343306, "room2": 0.197739556, "room9": 2.644184589}, "spk0": {"room3": -0.314113349}, "spk20": {"room10": 0.323743552}, "spk26": {"room2": -0.1498335}, "spk16": {"room3": 5.2749652860000005, "room4": 11.16692829, "room7": 9.020880699, "room12": 10.52813721, "room9": 11.77324963}, "spk27": {"room5": -0.385127664, "room0": 2.686759233}, "spk25": {"room1": 0.60309875}, "spk21": {"room3": -0.4255777, "room4": -0.29926401399999997, "room2": -0.8268443940000001, "room12": 1.105017185}, "spk30": {"room4": -0.370824218, "room2": -1.368324995, "room12": -0.895838976}, "spk4": {"room6": -0.46477946600000003}, "spk14": {"room10": 2.1767020230000003}, "spk7": {"room12": 1.634676456}, "spk1": {"room5": 0.716276705, "room0": 0.062014908}}}