{"meta": {"speaker": "spk16", "room": "room8"}, "data": {"spk22": {"room0": 1.522464395}, "spk10": {"room4": 0.595513761, "room12": 0.351176828}, "spk18": {"room5": -1.6474919319999999, "room0": -1.654867053, "room2": -1.089746475}, "spk29": {"room10": 2.395967245}, "spk5": {"room3": 1.9696632619999999, "room5": 1.852971435, "room0": 1.770327926}, "spk9": {"room4": 1.7841690780000001, "room7": 1.549388885, "room10": 1.579511881, "room12": 2.4806275369999997, "room9": 2.136793852}, "spk2": {"room5": 0.264558345, "room0": 0.13720840199999998}, "spk23": {"room4": 1.000885129, "room7": 1.656679749, "room2": 0.83124274, "room10": 0.7213529940000001, "room12": 1.215545654, "room9": 0.729621649}, "spk15": {"room10": -0.036710806}, "spk28": {"room10": -0.270521283}, "spk24": {"room1": 0.160837069}, "spk12": {"room10": -0.579755902}, "spk8": {"room10": 0.44479996}, "spk17": {"room5": 0.430642664, "room0": 0.936736047}, "spk11": {"room3": 0.28875035, "room4": 1.025984526, "room7": 1.6544587609999999, "room2": 0.689873636, "room12": 0.7815483809999999, "room9": 0.718803704}, "spk19": {"room4": -0.442489564, "room7": -0.555951834, "room12": -0.668160737}, "spk13": {"room4": 1.078876019, "room12": 0.910156071}, "spk31": {"room10": -1.270424604}, "spk6": {"room10": -0.32332712399999997}, "spk3": {"room3": 1.9759191269999998, "room5": 1.6010705230000002, "room7": 1.620567679, "room0": 1.76977694, "room2": 1.323288679, "room9": 1.364524364}, "spk0": {"room3": -0.30130016800000003}, "spk20": {"room10": 0.002310659}, "spk26": {"room2": 0.046724096}, "spk16": {"room3": 5.0503797530000005, "room4": 2.78998971, "room7": 3.629408836, "room12": 3.678521395, "room9": 4.471693516}, "spk27": {"room5": 0.2480032, "room0": 1.278108239}, "spk25": {"room1": 0.67061162}, "spk21": {"room3": 1.800076842, "room4": 0.415419906, "room2": 0.69938457, "room12": 1.151990056}, "spk30": {"room4": -0.51324594, "room2": -1.204280257, "room12": -0.12331187}, "spk4": {"room6": 0.353866726}, "spk14": {"room10": 0.414785534}, "spk7": {"room12": 1.480379343}, "spk1": {"room5": 1.051413178, "room0": 0.742879808}}}