{"meta": {"speaker": "spk16", "room": "room8"}, "data": {"spk22": {"room0": 0.5325778720000001}, "spk10": {"room4": 0.48024547100000003, "room12": 0.290760666}, "spk18": {"room5": -1.446612239, "room0": -1.50535059, "room2": -0.932148755}, "spk29": {"room10": 1.4577643869999999}, "spk5": {"room3": 1.820292234, "room5": 2.367243052, "room0": 2.165140629}, "spk9": {"room4": 2.93657589, "room7": 2.871149302, "room10": 1.896442533, "room12": 2.2817962169999997, "room9": 2.943677425}, "spk2": {"room5": 1.17984879, "room0": 1.316664696}, "spk23": {"room4": 2.374544382, "room7": 2.191268921, "room2": 1.674581885, "room10": 1.706023335, "room12": 2.415608406, "room9": 1.801401377}, "spk15": {"room10": 0.09654383400000001}, "spk28": {"room10": -0.36345765}, "spk24": {"room1": 0.867233515}, "spk12": {"room10": -0.583913028}, "spk8": {"room10": 0.6899655459999999}, "spk17": {"room5": 0.8075960870000001, "room0": 1.335602164}, "spk11": {"room3": -0.152811244, "room4": 0.336226672, "room7": 1.073447943, "room2": 0.156310841, "room12": 0.224469334, "room9": -0.26310262100000004}, "spk19": {"room4": -0.562936485, "room7": -0.706576705, "room12": -0.735156953}, "spk13": {"room4": 1.442491055, "room12": 1.005835414}, "spk31": {"room10": -1.2780939340000002}, "spk6": {"room10": 0.750578105}, "spk3": {"room3": 0.983841717, "room5": 0.84654361, "room7": 0.7323548790000001, "room0": 1.3674993519999998, "room2": -0.335490704, "room9": 0.257503808}, "spk0": {"room3": 0.650221586}, "spk20": {"room10": 0.032086872}, "spk26": {"room2": 0.46169731}, "spk16": {"room3": 4.308655739, "room4": 5.2666597369999995, "room7": 3.507781267, "room12": 3.856399775, "room9": 4.750619411000001}, "spk27": {"room5": 2.482740164, "room0": 3.061870575}, "spk25": {"room1": 1.664789915}, "spk21": {"room3": 1.9692194459999999, "room4": 1.072234035, "room2": 0.5781413910000001, "room12": 1.598904371}, "spk30": {"room4": -0.765545487, "room2": -1.3900744919999999, "room12": -0.47747287200000005}, "spk4": {"room6": 1.180467248}, "spk14": {"room10": 0.876484096}, "spk7": {"room12": 2.482333899}, "spk1": {"room5": 0.330778271, "room0": -0.34545928200000003}}}