{"meta": {"speaker": "spk16", "room": "room4"}, "data": {"spk22": {"room0": 2.9314014910000004}, "spk10": {"room4": 1.4729069469999998, "room12": 1.492162108}, "spk18": {"room5": 5.03e-05, "room0": -0.280738086, "room2": -0.101911537}, "spk29": {"room10": 1.2958118920000001}, "spk5": {"room3": 0.313762367, "room5": 0.6824118490000001, "room0": 0.481399268}, "spk9": {"room4": 3.6168863769999997, "room7": 2.717621803, "room10": 3.3530843260000003, "room12": 4.219003677, "room9": 4.802340984}, "spk2": {"room5": 2.557552814, "room0": 1.9049521680000001}, "spk23": {"room4": 1.0030003790000002, "room7": 1.4386340380000002, "room2": 0.762617707, "room10": 0.9384678009999999, "room12": 1.56383884, "room9": 0.996220708}, "spk15": {"room10": -1.010817528}, "spk28": {"room10": -0.401713282}, "spk24": {"room1": 0.673967957}, "spk12": {"room10": -0.130453631}, "spk8": {"room10": 0.857873142}, "spk17": {"room5": 0.438028634, "room0": 1.4518152480000002}, "spk11": {"room3": 1.54109025, "room4": 1.99484551, "room7": 3.069957018, "room2": 2.8528664110000004, "room12": 2.615050793, "room9": 2.324945688}, "spk19": {"room4": -0.770895958, "room7": -0.5940904020000001, "room12": -0.699713767}, "spk13": {"room4": 2.236140966, "room12": 1.925904036}, "spk31": {"room10": -0.68901974}, "spk6": {"room10": -0.5255886320000001}, "spk3": {"room3": 0.135581091, "room5": 1.185784698, "room7": 1.7694299219999998, "room0": 1.821825385, "room2": 0.18643251100000002, "room9": 1.9016960859999998}, "spk0": {"room3": -0.018354317}, "spk20": {"room10": 0.20039013}, "spk26": {"room2": 0.190262035}, "spk16": {"room3": 4.8514699939999995, "room4": 7.331880569, "room7": 6.987557411, "room12": 8.359360695, "room9": 9.129597664}, "spk27": {"room5": 0.43602958299999994, "room0": 1.998523235}, "spk25": {"room1": 0.6758589740000001}, "spk21": {"room3": 0.050005604, "room4": -0.297632188, "room2": -0.6903911229999999, "room12": 1.0189986229999999}, "spk30": {"room4": -0.411919296, "room2": -0.9129750729999999, "room12": -0.247001112}, "spk4": {"room6": -0.45742276299999995}, "spk14": {"room10": 1.196593642}, "spk7": {"room12": 1.491523266}, "spk1": {"room5": 0.430871934, "room0": 0.17100817}}}