{"meta": {"speaker": "spk16", "room": "room8"}, "data": {"spk22": {"room0": 1.489108324}, "spk10": {"room4": 0.954466701, "room12": 0.7907286290000001}, "spk18": {"room5": -0.193916559, "room0": -0.264522225, "room2": -0.255624175}, "spk29": {"room10": 1.34281373}, "spk5": {"room3": 0.271030545, "room5": 0.7945256829999999, "room0": 0.066276371}, "spk9": {"room4": 1.412298799, "room7": 0.6895893809999999, "room10": 2.6200160980000002, "room12": 2.025488138, "room9": 2.17295742}, "spk2": {"room5": 0.6872387529999999, "room0": 1.4272277359999999}, "spk23": {"room4": 0.722415149, "room7": 0.517547011, "room2": 0.381920308, "room10": 0.546387315, "room12": 1.029727936, "room9": 0.8298174140000001}, "spk15": {"room10": -0.590952873}, "spk28": {"room10": -0.147268862}, "spk24": {"room1": 0.840323508}, "spk12": {"room10": -0.59752667}, "spk8": {"room10": 0.288310021}, "spk17": {"room5": -0.135732666, "room0": 0.207192972}, "spk11": {"room3": 1.28743422, "room4": 1.160857558, "room7": 2.375393629, "room2": 2.368231058, "room12": 1.571490049, "room9": 1.679663181}, "spk19": {"room4": -0.233860552, "room7": -0.49642443700000005, "room12": -0.570347309}, "spk13": {"room4": 1.947292566, "room12": 1.507712364}, "spk31": {"room10": -0.6726105809999999}, "spk6": {"room10": -0.5821929570000001}, "spk3": {"room3": 0.551534295, "room5": 1.549352765, "room7": 1.2729549409999998, "room0": 1.128483772, "room2": 1.057972908, "room9": 0.59645766}, "spk0": {"room3": -0.065803118}, "spk20": {"room10": 0.047327105}, "spk26": {"room2": 0.613966465}, "spk16": {"room3": 5.482435226000001, "room4": 4.52217865, "room7": 4.147927284, "room12": 4.178228378, "room9": 5.54527235}, "spk27": {"room5": -0.83397609, "room0": 1.088230968}, "spk25": {"room1": 0.459852844}, "spk21": {"room3": 1.07090497, "room4": 0.230253667, "room2": -0.441767067, "room12": 1.09282577}, "spk30": {"room4": -0.439752728, "room2": -0.87471348, "room12": -0.39038097899999996}, "spk4": {"room6": 0.125483796}, "spk14": {"room10": 0.984615624}, "spk7": {"room12": 1.732693911}, "spk1": {"room5": 0.766037524, "room0": 0.85268718}}}