{"meta": {"speaker": "spk16", "room": "room3"}, "data": {"spk22": {"room0": 2.753002644}, "spk10": {"room4": 1.187152982, "room12": 2.069610596}, "spk18": {"room5": -0.799616992, "room0": -0.8825544120000001, "room2": -0.7621850370000001}, "spk29": {"room10": 1.077616572}, "spk5": {"room3": 0.267668277, "room5": -0.405815989, "room0": -0.454616904}, "spk9": {"room4": 2.881186247, "room7": 2.1558973790000002, "room10": 2.59082818, "room12": 2.507913351, "room9": 3.0624639989999998}, "spk2": {"room5": 3.2308495039999996, "room0": 3.48334384}, "spk23": {"room4": 1.389215827, "room7": 0.166112944, "room2": 1.609912157, "room10": 1.656288147, "room12": 1.205096006, "room9": 0.9432427290000001}, "spk15": {"room10": -0.965935588}, "spk28": {"room10": -0.630102515}, "spk24": {"room1": -0.212891012}, "spk12": {"room10": 0.02285625}, "spk8": {"room10": 0.6127704979999999}, "spk17": {"room5": 1.5359293219999999, "room0": 1.216476798}, "spk11": {"room3": 0.434950501, "room4": 1.5402743819999998, "room7": 1.26295352, "room2": 1.409389138, "room12": 1.7488061190000002, "room9": 0.795211375}, "spk19": {"room4": -0.19150473199999998, "room7": -0.584497571, "room12": -0.487975657}, "spk13": {"room4": 2.690896511, "room12": 1.8346008059999999}, "spk31": {"room10": -1.110278487}, "spk6": {"room10": 1.323015571}, "spk3": {"room3": 0.40237942299999996, "room5": 2.123905659, "room7": 1.030789375, "room0": 1.120614529, "room2": 0.240035534, "room9": 0.8530287740000001}, "spk0": {"room3": 0.72877878}, "spk20": {"room10": 0.528536081}, "spk26": {"room2": 0.52393806}, "spk16": {"room3": 4.046353817, "room4": 5.012629509, "room7": 3.421343088, "room12": 5.89599371, "room9": 5.207716942}, "spk27": {"room5": 1.267952085, "room0": 2.9835023880000002}, "spk25": {"room1": 0.6762269740000001}, "spk21": {"room3": -0.09525323699999999, "room4": -0.144900665, "room2": 0.150306731, "room12": 0.19591800899999998}, "spk30": {"room4": -0.211325005, "room2": -1.4018541569999998, "room12": -0.165791288}, "spk4": {"room6": -0.247868568}, "spk14": {"room10": 1.4793376919999999}, "spk7": {"room12": 0.607987165}, "spk1": {"room5": -0.307381511, "room0": -0.111131132}}}