{"meta": {"speaker": "spk16", "room": "room4"}, "data": {"spk22": {"room0": 4.341342449}, "spk10": {"room4": 0.887918711, "room12": 0.8301156759999999}, "spk18": {"room5": 0.39143011, "room0": 0.09965595599999999, "room2": -0.013021037}, "spk29": {"room10": 1.059916615}, "spk5": {"room3": 0.259231985, "room5": 0.257720143, "room0": -0.24855039999999998}, "spk9": {"room4": 4.07818985, "room7": 2.850914955, "room10": 4.12388134, "room12": 5.202593327, "room9": 5.741609097}, "spk2": {"room5": 2.430439234, "room0": 2.092377901}, "spk23": {"room4": 0.388278186, "room7": 0.544531882, "room2": 0.335576624, "room10": 0.663690388, "room12": 1.09384203, "room9": 0.851396024}, "spk15": {"room10": -0.478825241}, "spk28": {"room10": -0.48879185299999994}, "spk24": {"room1": -0.363511264}, "spk12": {"room10": -0.012026731}, "spk8": {"room10": 0.74980092}, "spk17": {"room5": 0.760956407, "room0": 0.7706323270000001}, "spk11": {"room3": 0.609243393, "room4": 2.374889612, "room7": 2.859052896, "room2": 1.939010739, "room12": 3.585762978, "room9": 2.7072741989999995}, "spk19": {"room4": -0.376656502, "room7": -0.481020212, "room12": -0.628175199}, "spk13": {"room4": 2.300206661, "room12": 1.15872252}, "spk31": {"room10": -0.55687964}, "spk6": {"room10": -0.8975904579999999}, "spk3": {"room3": 0.0042164329999999995, "room5": 1.4510059359999998, "room7": 0.9416903259999999, "room0": 0.652529657, "room2": 0.512912691, "room9": 0.836640835}, "spk0": {"room3": 0.288917512}, "spk20": {"room10": 0.154110253}, "spk26": {"room2": -0.12072510300000001}, "spk16": {"room3": 4.763103008, "room4": 6.247401237, "room7": 5.136118412, "room12": 9.049750328, "room9": 7.331161498999999}, "spk27": {"room5": 1.085192561, "room0": 1.878939867}, "spk25": {"room1": 0.617810726}, "spk21": {"room3": 0.7016261220000001, "room4": 0.140262708, "room2": -0.16550579699999998, "room12": 0.7263209820000001}, "spk30": {"room4": -0.06720116, "room2": -1.364679575, "room12": -0.316258997}, "spk4": {"room6": 0.135057181}, "spk14": {"room10": 0.828511715}, "spk7": {"room12": 0.801727891}, "spk1": {"room5": 0.161983475, "room0": 0.070423841}}}