{"meta": {"speaker": "spk16", "room": "room8"}, "data": {"spk22": {"room0": 1.457153916}, "spk10": {"room4": 0.525228322, "room12": 0.31396755600000004}, "spk18": {"room5": -1.087434292, "room0": -0.808730125, "room2": -0.344907194}, "spk29": {"room10": 1.8365811109999999}, "spk5": {"room3": 1.323301911, "room5": 1.183777452, "room0": 0.7314556240000001}, "spk9": {"room4": 2.206465244, "room7": 1.500153065, "room10": 2.336055756, "room12": 1.896349549, "room9": 2.106424809}, "spk2": {"room5": -0.076412164, "room0": 1.270080686}, "spk23": {"room4": 0.625414491, "room7": 1.338933706, "room2": 0.713916123, "room10": 0.501897693, "room12": 0.871122003, "room9": 0.942522526}, "spk15": {"room10": -0.7716854809999999}, "spk28": {"room10": 0.12594713300000002}, "spk24": {"room1": 1.175176382}, "spk12": {"room10": -0.438393831}, "spk8": {"room10": 0.065281264}, "spk17": {"room5": -0.317491233, "room0": 0.789610028}, "spk11": {"room3": 1.003480434, "room4": 1.0750620370000001, "room7": 1.698706985, "room2": 2.122807741, "room12": 1.168390155, "room9": 0.903427005}, "spk19": {"room4": -0.278051078, "room7": -0.653960228, "room12": -0.472768426}, "spk13": {"room4": 1.3370125290000001, "room12": 1.5752607580000002}, "spk31": {"room10": -0.871367812}, "spk6": {"room10": 0.050940003}, "spk3": {"room3": 0.5996345279999999, "room5": 1.098579645, "room7": 1.1509829759999999, "room0": 1.0419291259999999, "room2": 1.067855239, "room9": 1.164833903}, "spk0": {"room3": 0.29945462899999997}, "spk20": {"room10": -0.243321404}, "spk26": {"room2": 1.175862908}, "spk16": {"room3": 5.6344614029999995, "room4": 5.33297348, "room7": 4.09348011, "room12": 3.832638264, "room9": 5.8085422520000005}, "spk27": {"room5": -0.30740267, "room0": 0.8722144959999999}, "spk25": {"room1": 0.658674836}, "spk21": {"room3": 0.559384763, "room4": 0.545456171, "room2": 0.526832402, "room12": 0.85139066}, "spk30": {"room4": -0.551002026, "room2": -0.929300487, "room12": -0.422973007}, "spk4": {"room6": 0.132080287}, "spk14": {"room10": 1.8617643119999998}, "spk7": {"room12": 2.086966991}, "spk1": {"room5": 0.234692693, "room0": 0.5307363270000001}}}