{"meta": {"speaker": "spk16", "room": "room9"}, "data": {"spk22": {"room0": 2.6135506630000003}, "spk10": {"room4": 1.110603452, "room12": 1.276402831}, "spk18": {"room5": -0.629400253, "room0": -0.74219507, "room2": -0.637182832}, "spk29": {"room10": 0.419054985}, "spk5": {"room3": -1.142445803, "room5": -0.475008219, "room0": -1.271975279}, "spk9": {"room4": 4.129517078, "room7": 2.296653986, "room10": 2.719471931, "room12": 3.336663961, "room9": 3.893921852}, "spk2": {"room5": 1.3798611159999998, "room0": 1.039646268}, "spk23": {"room4": 0.226108134, "room7": 0.30236709100000003, "room2": -0.216225967, "room10": 0.134151474, "room12": 0.563187659, "room9": -0.12939029900000001}, "spk15": {"room10": -1.246011853}, "spk28": {"room10": -0.8059442640000001}, "spk24": {"room1": -0.271370381}, "spk12": {"room10": -0.709067225}, "spk8": {"room10": -0.34599807899999996}, "spk17": {"room5": 0.004403291, "room0": 0.638834059}, "spk11": {"room3": 3.014261007, "room4": 3.479895115, "room7": 4.21499157, "room2": 3.8153681760000002, "room12": 4.062904358, "room9": 3.64818573}, "spk19": {"room4": -0.884821594, "room7": -1.110622525, "room12": -1.1194169520000001}, "spk13": {"room4": 1.61171639, "room12": 1.9373383519999998}, "spk31": {"room10": -1.157255888}, "spk6": {"room10": -1.11499095}, "spk3": {"room3": 0.469090551, "room5": 1.189815998, "room7": 2.211332798, "room0": 1.373726845, "room2": 0.516670585, "room9": 1.3311105970000001}, "spk0": {"room3": 0.342179656}, "spk20": {"room10": -0.22980652699999998}, "spk26": {"room2": -0.326690823}, "spk16": {"room3": 5.651455878999999, "room4": 5.616170883, "room7": 7.130901814, "room12": 8.027979851, "room9": 6.300774574}, "spk27": {"room5": 0.391035408, "room0": 1.982838154}, "spk25": {"room1": 0.269129485}, "spk21": {"room3": -0.49433136, "room4": -0.826132894, "room2": -1.146355033, "room12": 0.11950410199999999}, "spk30": {"room4": -0.7772952320000001, "room2": -1.031253219, "room12": -1.212564588}, "spk4": {"room6": -1.319594264}, "spk14": {"room10": 1.649659038}, "spk7": {"room12": 0.772333622}, "spk1": {"room5": 0.370197147, "room0": 0.7193088529999999}}}