{"meta": {"speaker": "spk16", "room": "room3"}, "data": {"spk22": {"room0": 3.581706524}, "spk10": {"room4": 1.833756566, "room12": 1.4154438969999998}, "spk18": {"room5": -1.01318109, "room0": -1.09356451, "room2": -0.7128297690000001}, "spk29": {"room10": 1.2159436940000001}, "spk5": {"room3": 0.302290946, "room5": 0.47239375100000003, "room0": -0.203562662}, "spk9": {"room4": 3.362276793, "room7": 2.681840897, "room10": 2.944229126, "room12": 3.010228157, "room9": 3.9379403589999997}, "spk2": {"room5": 2.4514904019999997, "room0": 2.4286172390000003}, "spk23": {"room4": 0.313790232, "room7": 1.013718724, "room2": -0.290704966, "room10": 0.304739743, "room12": 0.955426872, "room9": 0.6715323329999999}, "spk15": {"room10": -0.704486132}, "spk28": {"room10": -0.47611162100000004}, "spk24": {"room1": 0.030097363999999998}, "spk12": {"room10": -0.6823588009999999}, "spk8": {"room10": 0.25202333899999996}, "spk17": {"room5": 0.21554777, "room0": 1.2058382029999999}, "spk11": {"room3": 2.663601398, "room4": 3.824628592, "room7": 3.9040446280000003, "room2": 3.571934223, "room12": 3.955166101, "room9": 3.186166525}, "spk19": {"room4": -0.475503147, "room7": -0.8119544390000001, "room12": -1.261752009}, "spk13": {"room4": 2.5122537609999998, "room12": 2.753515482}, "spk31": {"room10": -1.439668179}, "spk6": {"room10": -0.824841678}, "spk3": {"room3": 0.8558792470000001, "room5": 1.5142750740000002, "room7": 2.590945005, "room0": 2.191400766, "room2": 1.12169981, "room9": 1.693084478}, "spk0": {"room3": -0.445577949}, "spk20": {"room10": -0.177397117}, "spk26": {"room2": 0.132754266}, "spk16": {"room3": 7.160954475, "room4": 7.194580555, "room7": 6.600964069, "room12": 7.968806267000001, "room9": 7.9235215189999995}, "spk27": {"room5": 0.296337157, "room0": 2.300969601}, "spk25": {"room1": 0.9206539990000001}, "spk21": {"room3": -0.002405748, "room4": -0.298202276, "room2": -0.646350443, "room12": 0.580239952}, "spk30": {"room4": -0.39348995700000006, "room2": -1.7054041619999998, "room12": -0.532203019}, "spk4": {"room6": -0.46145013}, "spk14": {"room10": 2.2300095559999997}, "spk7": {"room12": 0.64732933}, "spk1": {"room5": 0.9718593959999999, "room0": 1.035172939}}}