{"meta": {"speaker": "spk16", "room": "room4"}, "data": {"spk22": {"room0": 2.722446203}, "spk10": {"room4": 1.382172823, "room12": 0.744790912}, "spk18": {"room5": -0.37524974299999997, "room0": -0.788648129, "room2": -0.639664114}, "spk29": {"room10": 0.55997622}, "spk5": {"room3": -0.032261033, "room5": 0.031323217, "room0": -0.530503273}, "spk9": {"room4": 3.155368567, "room7": 2.348076105, "room10": 2.702238083, "room12": 3.038604259, "room9": 3.66401577}, "spk2": {"room5": 1.43128407, "room0": 1.377732515}, "spk23": {"room4": 0.38725724799999994, "room7": 0.44430285700000005, "room2": -0.35446173, "room10": -0.034640919, "room12": 0.186725527, "room9": 0.665770292}, "spk15": {"room10": -1.1064522270000001}, "spk28": {"room10": -0.509275675}, "spk24": {"room1": 0.32798361800000003}, "spk12": {"room10": -0.544593573}, "spk8": {"room10": -0.533149302}, "spk17": {"room5": 0.10226552900000001, "room0": 0.465092897}, "spk11": {"room3": 2.631390572, "room4": 3.0454919339999997, "room7": 4.778429508, "room2": 3.789897442, "room12": 3.26655817, "room9": 3.112325191}, "spk19": {"room4": -0.860647142, "room7": -0.703461826, "room12": -1.0696530340000001}, "spk13": {"room4": 1.351823211, "room12": 1.126673579}, "spk31": {"room10": -1.3622642759999999}, "spk6": {"room10": -0.47420710299999996}, "spk3": {"room3": 0.615025222, "room5": 0.76414454, "room7": 3.206123114, "room0": 2.506249905, "room2": 1.287935138, "room9": 1.9638327359999999}, "spk0": {"room3": 0.04261158}, "spk20": {"room10": -0.291714013}, "spk26": {"room2": 0.222115785}, "spk16": {"room3": 4.975530624, "room4": 6.419420242, "room7": 6.725719452000001, "room12": 6.9558081629999995, "room9": 6.931686401}, "spk27": {"room5": -0.597303331, "room0": 0.720240891}, "spk25": {"room1": 0.228006139}, "spk21": {"room3": -0.7609927059999999, "room4": -0.323423743, "room2": -1.0387793779999999, "room12": 0.252478957}, "spk30": {"room4": -0.539908469, "room2": -0.480475903, "room12": -0.691004515}, "spk4": {"room6": -0.544066846}, "spk14": {"room10": 1.336339951}, "spk7": {"room12": 1.2292748690000002}, "spk1": {"room5": 0.68893671, "room0": 1.337444186}}}