{"meta": {"speaker": "spk16", "room": "room8"}, "data": {"spk22": {"room0": -0.044699412}, "spk10": {"room4": 0.47803562899999996, "room12": 0.067570947}, "spk18": {"room5": -1.121323466, "room0": -0.91762948, "room2": -0.736948967}, "spk29": {"room10": 0.438627571}, "spk5": {"room3": 0.554494381, "room5": 0.5572153329999999, "room0": 0.24522103399999998}, "spk9": {"room4": 2.1297826769999997, "room7": 1.5589431519999999, "room10": 2.064222336, "room12": 1.258313537, "room9": 2.455384016}, "spk2": {"room5": 1.183939934, "room0": 1.303170443}, "spk23": {"room4": 1.909411907, "room7": 1.42191565, "room2": 1.5362463, "room10": 1.230822325, "room12": 2.137935877, "room9": 1.717751622}, "spk15": {"room10": -0.659759939}, "spk28": {"room10": -0.473041922}, "spk24": {"room1": -0.178713709}, "spk12": {"room10": -0.650532305}, "spk8": {"room10": 0.868613422}, "spk17": {"room5": 0.259885639, "room0": 1.6491563319999998}, "spk11": {"room3": 0.734255195, "room4": 0.60203141, "room7": 1.248154163, "room2": 1.063803315, "room12": 1.06317091, "room9": 0.351300031}, "spk19": {"room4": -0.501229107, "room7": -0.901961327, "room12": -0.551930487}, "spk13": {"room4": 1.7742589709999999, "room12": 1.423913002}, "spk31": {"room10": -1.1243677140000001}, "spk6": {"room10": 0.5596034529999999}, "spk3": {"room3": -0.085643955, "room5": -0.331452578, "room7": 0.458832711, "room0": 0.190310493, "room2": -0.831560552, "room9": -0.199509844}, "spk0": {"room3": 1.83088243}, "spk20": {"room10": -0.535640895}, "spk26": {"room2": 1.378688216}, "spk16": {"room3": 4.7644734380000004, "room4": 3.96685195, "room7": 4.3716821669999995, "room12": 3.608482599, "room9": 3.798578262}, "spk27": {"room5": 0.579107523, "room0": 1.698409915}, "spk25": {"room1": -0.10599339}, "spk21": {"room3": 0.907901347, "room4": 0.794893324, "room2": 0.34020945399999997, "room12": 1.7678718569999998}, "spk30": {"room4": -1.158247709, "room2": -1.0166274309999999, "room12": -0.724144518}, "spk4": {"room6": -0.117063247}, "spk14": {"room10": 1.796807408}, "spk7": {"room12": 1.9041192530000002}, "spk1": {"room5": 0.095811941, "room0": -0.014617126000000001}}}