{"meta": {"speaker": "spk16", "room": "room8"}, "data": {"spk22": {"room0": 1.164358258}, "spk10": {"room4": 0.30791780399999996, "room12": -0.683333933}, "spk18": {"room5": -1.3887573480000002, "room0": -1.257566094, "room2": -1.046055317}, "spk29": {"room10": 1.400396585}, "spk5": {"room3": 0.9288845659999999, "room5": 1.027089834, "room0": -0.23905298100000003}, "spk9": {"room4": 1.9918583630000002, "room7": 1.347433567, "room10": 1.927295685, "room12": 2.0378448959999997, "room9": 2.392444849}, "spk2": {"room5": 1.335332513, "room0": 0.765749812}, "spk23": {"room4": 0.727325797, "room7": 1.4553198809999999, "room2": 0.134476915, "room10": 0.18499729, "room12": 0.96278137, "room9": 0.7908455129999999}, "spk15": {"room10": -1.046380997}, "spk28": {"room10": -0.7639606}, "spk24": {"room1": 0.7478209729999999}, "spk12": {"room10": -1.473942995}, "spk8": {"room10": 0.655997217}, "spk17": {"room5": 0.007713143, "room0": 1.812174439}, "spk11": {"room3": 0.952917755, "room4": 0.978608668, "room7": 1.166154265, "room2": 1.240581036, "room12": 0.590985596, "room9": 0.6770824790000001}, "spk19": {"room4": -0.9410646559999999, "room7": -1.124128819, "room12": -1.12372303}, "spk13": {"room4": 0.826159537, "room12": 0.685605943}, "spk31": {"room10": -1.263748169}, "spk6": {"room10": -0.775021732}, "spk3": {"room3": 1.092011571, "room5": 0.918835044, "room7": 1.3491152519999998, "room0": 1.268590927, "room2": 1.262252688, "room9": 0.76056999}, "spk0": {"room3": -0.010530996}, "spk20": {"room10": -0.597283185}, "spk26": {"room2": 0.879987538}, "spk16": {"room3": 4.951442242, "room4": 2.387217045, "room7": 3.6446094510000004, "room12": 3.103750706, "room9": 4.385180473}, "spk27": {"room5": -0.435181081, "room0": 1.040375352}, "spk25": {"room1": 0.385113031}, "spk21": {"room3": 0.502936542, "room4": 0.17601235199999998, "room2": -0.01848595, "room12": 1.2063740490000001}, "spk30": {"room4": -1.05926764, "room2": -1.5214499240000001, "room12": -1.14217329}, "spk4": {"room6": -0.20108607399999998}, "spk14": {"room10": 1.026950121}, "spk7": {"room12": 1.550212979}, "spk1": {"room5": 0.749526858, "room0": 0.747451842}}}