{"meta": {"speaker": "spk16", "room": "room3"}, "data": {"spk22": {"room0": 1.308328986}, "spk10": {"room4": 0.780997515, "room12": 1.4009488819999998}, "spk18": {"room5": -0.41219624899999996, "room0": -0.483932555, "room2": -0.262922227}, "spk29": {"room10": 1.304111719}, "spk5": {"room3": 0.016845057, "room5": -0.167222708, "room0": -0.30424279}, "spk9": {"room4": 1.7061921359999999, "room7": 1.3436816930000002, "room10": 1.87353909, "room12": 1.470789075, "room9": 2.428160429}, "spk2": {"room5": 0.089381255, "room0": 1.090483785}, "spk23": {"room4": 0.541003346, "room7": 0.57919991, "room2": 0.29510805, "room10": 0.12992391, "room12": 0.766638279, "room9": 0.435705125}, "spk15": {"room10": -0.890476763}, "spk28": {"room10": -1.1492511029999999}, "spk24": {"room1": -0.20775573}, "spk12": {"room10": -0.203538314}, "spk8": {"room10": -0.168044358}, "spk17": {"room5": 0.49897325, "room0": 0.594168901}, "spk11": {"room3": 1.483335972, "room4": 2.139328241, "room7": 1.988540769, "room2": 2.495590925, "room12": 2.18956542, "room9": 2.090588093}, "spk19": {"room4": -1.20274806, "room7": -1.379889488, "room12": -1.481989026}, "spk13": {"room4": 2.4500589369999997, "room12": 2.108237267}, "spk31": {"room10": -1.088303447}, "spk6": {"room10": 1.406321049}, "spk3": {"room3": 0.19964253899999998, "room5": 1.077696681, "room7": 0.756601095, "room0": 0.560113251, "room2": 0.18928875, "room9": 0.228814378}, "spk0": {"room3": 1.6060745719999998}, "spk20": {"room10": 0.077800483}, "spk26": {"room2": 1.138332486}, "spk16": {"room3": 5.01964283, "room4": 6.508099556, "room7": 4.617607594, "room12": 5.260658264, "room9": 4.921665668}, "spk27": {"room5": -0.460781038, "room0": 1.77530551}, "spk25": {"room1": 0.327615201}, "spk21": {"room3": -0.144963518, "room4": -0.17384102899999998, "room2": -0.38908869, "room12": -0.309952766}, "spk30": {"room4": -0.880623996, "room2": -1.433519006, "room12": -0.918328464}, "spk4": {"room6": -0.08947797099999999}, "spk14": {"room10": 2.219530106}, "spk7": {"room12": 0.948800147}, "spk1": {"room5": -0.27679988699999997, "room0": -0.27701422600000003}}}