{"meta": {"speaker": "spk16", "room": "room3"}, "data": {"spk22": {"room0": 2.913211346}, "spk10": {"room4": 1.200261593, "room12": 1.40368855}, "spk18": {"room5": -1.205543756, "room0": -1.011393666, "room2": -1.18208909}, "spk29": {"room10": 1.13370645}, "spk5": {"room3": 0.722356498, "room5": -0.254087061, "room0": -0.5654358270000001}, "spk9": {"room4": 2.364440203, "room7": 2.4974822999999997, "room10": 2.26558423, "room12": 2.2972433569999997, "room9": 2.730887413}, "spk2": {"room5": 0.57434237, "room0": 1.776474476}, "spk23": {"room4": 0.682284832, "room7": 0.851009369, "room2": 0.417207241, "room10": 0.340166539, "room12": 0.66446048, "room9": 0.760261118}, "spk15": {"room10": -1.4615274669999998}, "spk28": {"room10": -0.8656079170000001}, "spk24": {"room1": -0.078469016}, "spk12": {"room10": -1.0581247809999998}, "spk8": {"room10": -0.541876674}, "spk17": {"room5": -0.61412102, "room0": -0.086937241}, "spk11": {"room3": 2.006289005, "room4": 3.710883617, "room7": 2.991180182, "room2": 3.664745331, "room12": 3.4123640060000002, "room9": 3.377082109}, "spk19": {"room4": -1.196773767, "room7": -1.039656758, "room12": -1.3651080130000002}, "spk13": {"room4": 2.121235132, "room12": 2.589477301}, "spk31": {"room10": -1.459157944}, "spk6": {"room10": -0.74070406}, "spk3": {"room3": 1.004992962, "room5": 1.198335648, "room7": 4.284739017, "room0": 2.15110755, "room2": 1.845213175, "room9": 1.642284751}, "spk0": {"room3": 0.137904868}, "spk20": {"room10": -0.93132031}, "spk26": {"room2": 0.12183135699999999}, "spk16": {"room3": 6.442439079, "room4": 5.211303234, "room7": 5.639974594, "room12": 5.251086235, "room9": 6.166594028}, "spk27": {"room5": -0.6779506209999999, "room0": 1.001936078}, "spk25": {"room1": 0.119183965}, "spk21": {"room3": -0.349695653, "room4": -0.491174877, "room2": -0.18989324600000002, "room12": -0.149896964}, "spk30": {"room4": -0.95063287, "room2": -1.693277955, "room12": -1.184883237}, "spk4": {"room6": -0.5549864170000001}, "spk14": {"room10": 2.345514059}, "spk7": {"room12": 0.192599595}, "spk1": {"room5": -0.051025695999999995, "room0": 0.089507364}}}