{"meta": {"speaker": "spk16", "room": "room8"}, "data": {"spk22": {"room0": 1.436111212}, "spk10": {"room4": 0.575122833, "room12": 0.331115991}, "spk18": {"room5": -1.092804909, "room0": -1.203601122, "room2": -0.8993359209999999}, "spk29": {"room10": 1.546462297}, "spk5": {"room3": 1.4977871180000002, "room5": 1.5762768980000001, "room0": 1.204993367}, "spk9": {"room4": 1.370562911, "room7": 1.5699369909999998, "room10": 2.276693344, "room12": 1.820368767, "room9": 2.277271271}, "spk2": {"room5": 0.405963808, "room0": 0.970513403}, "spk23": {"room4": 0.8123980759999999, "room7": 1.158058524, "room2": 1.039667487, "room10": 0.8148977159999999, "room12": 1.267481446, "room9": 1.072896123}, "spk15": {"room10": -0.758201122}, "spk28": {"room10": -0.7177507879999999}, "spk24": {"room1": 0.962129056}, "spk12": {"room10": -0.945896029}, "spk8": {"room10": 0.057393715}, "spk17": {"room5": 0.17210297300000002, "room0": 0.672059119}, "spk11": {"room3": 1.085904837, "room4": 1.702927232, "room7": 1.540691495, "room2": 1.8576439619999998, "room12": 1.221717596, "room9": 1.4776604180000001}, "spk19": {"room4": -1.041187525, "room7": -1.014432311, "room12": -1.142747045}, "spk13": {"room4": 1.2390477659999999, "room12": 1.326286674}, "spk31": {"room10": -1.330536962}, "spk6": {"room10": -0.579570115}, "spk3": {"room3": 1.090202928, "room5": 0.880568027, "room7": 1.595590115, "room0": 1.150756478, "room2": 1.044818759, "room9": 0.975164831}, "spk0": {"room3": 0.272629499}, "spk20": {"room10": -0.5518895979999999}, "spk26": {"room2": -0.352847189}, "spk16": {"room3": 5.055370808, "room4": 3.12445879, "room7": 3.809930325, "room12": 2.414609671, "room9": 4.3078866}, "spk27": {"room5": -0.024342597999999997, "room0": 1.24933362}, "spk25": {"room1": 0.57517159}, "spk21": {"room3": 1.305817842, "room4": 0.462346286, "room2": 0.666110456, "room12": 0.9317426679999999}, "spk30": {"room4": -0.785295665, "room2": -1.336245418, "room12": -0.8207246659999999}, "spk4": {"room6": 0.409781337}, "spk14": {"room10": 0.837012291}, "spk7": {"room12": 1.608099937}, "spk1": {"room5": 0.799890161, "room0": 0.547383547}}}