{"meta": {"speaker": "spk16", "room": "room8"}, "data": {"spk22": {"room0": 2.9948654169999998}, "spk10": {"room4": 1.045227051, "room12": 1.153550267}, "spk18": {"room5": -2.1079409119999997, "room0": -1.8922828440000001, "room2": -1.1359108690000002}, "spk29": {"room10": 0.937850893}, "spk5": {"room3": 0.38969782, "room5": 0.529327154, "room0": 0.288120985}, "spk9": {"room4": 3.7480626110000004, "room7": 1.914551497, "room10": 1.845324397, "room12": 2.6305089, "room9": 3.733000517}, "spk2": {"room5": 0.678184748, "room0": 1.593250036}, "spk23": {"room4": 2.406634808, "room7": 2.2490384580000002, "room2": 1.0216069220000001, "room10": 0.593917489, "room12": 2.394593716, "room9": 1.6685189009999999}, "spk15": {"room10": -1.052713394}, "spk28": {"room10": -0.722851813}, "spk24": {"room1": 0.07030192}, "spk12": {"room10": -1.107315063}, "spk8": {"room10": -0.173509255}, "spk17": {"room5": 0.273583323, "room0": 1.4169560669999999}, "spk11": {"room3": 1.283984542, "room4": 1.5638278719999998, "room7": 3.453526735, "room2": 3.019479752, "room12": 2.151509523, "room9": 2.281013727}, "spk19": {"room4": -0.58873713, "room7": -0.770992875, "room12": -1.106702089}, "spk13": {"room4": 2.25581789, "room12": 2.169332027}, "spk31": {"room10": -2.16616869}, "spk6": {"room10": 0.39452782299999994}, "spk3": {"room3": 0.940399647, "room5": 0.420284361, "room7": 1.807706714, "room0": 1.565739751, "room2": -0.20600237, "room9": 0.736391783}, "spk0": {"room3": 0.037791319}, "spk20": {"room10": -0.581955016}, "spk26": {"room2": 0.162040025}, "spk16": {"room3": 8.677999496, "room4": 8.598779678, "room7": 7.180772305, "room12": 7.592825413, "room9": 7.347296715}, "spk27": {"room5": 0.238235146, "room0": 2.6806643009999997}, "spk25": {"room1": 0.250326395}, "spk21": {"room3": 0.655471981, "room4": 1.27547431, "room2": -0.585498631, "room12": 2.0129206180000003}, "spk30": {"room4": -0.967996657, "room2": -1.531089425, "room12": -0.862419963}, "spk4": {"room6": 0.1007948}, "spk14": {"room10": 3.0722732539999997}, "spk7": {"room12": 2.51842165}, "spk1": {"room5": 0.341064304, "room0": -0.32483062100000004}}}