{"meta": {"speaker": "spk16", "room": "room9"}, "data": {"spk22": {"room0": 3.174720526}, "spk10": {"room4": 0.9528526070000001, "room12": 0.418275595}, "spk18": {"room5": -0.498551011, "room0": -0.594142556, "room2": -0.357848525}, "spk29": {"room10": 1.014673471}, "spk5": {"room3": 0.892047942, "room5": 1.272200108, "room0": 0.213842198}, "spk9": {"room4": 6.184889792999999, "room7": 5.456017017000001, "room10": 4.743786335, "room12": 6.483554363, "room9": 6.894448757}, "spk2": {"room5": 2.551694155, "room0": 2.293481827}, "spk23": {"room4": 1.2099542620000001, "room7": 1.621628881, "room2": 0.140325308, "room10": 1.195659637, "room12": 1.276581526, "room9": 1.3774033780000001}, "spk15": {"room10": -0.156983152}, "spk28": {"room10": -0.8568337559999999}, "spk24": {"room1": 1.1396874190000001}, "spk12": {"room10": -0.131342649}, "spk8": {"room10": 0.478416026}, "spk17": {"room5": 0.9881929759999999, "room0": 1.8080732819999998}, "spk11": {"room3": 1.6519283059999998, "room4": 3.2956783769999998, "room7": 3.926916838, "room2": 3.14582634, "room12": 4.300115108, "room9": 2.33479166}, "spk19": {"room4": -0.540377676, "room7": -0.446183115, "room12": -0.68358469}, "spk13": {"room4": 2.300722361, "room12": 1.000681877}, "spk31": {"room10": -0.917532325}, "spk6": {"room10": -0.097053431}, "spk3": {"room3": 0.8924354309999999, "room5": 2.913909912, "room7": 2.739916325, "room0": 2.880124807, "room2": 1.223242044, "room9": 2.951384783}, "spk0": {"room3": 0.586976707}, "spk20": {"room10": 0.6184375289999999}, "spk26": {"room2": 0.7639954090000001}, "spk16": {"room3": 5.084577084, "room4": 7.815986156, "room7": 6.661932468, "room12": 8.998316765, "room9": 9.619245529}, "spk27": {"room5": 1.099200368, "room0": 3.497092962}, "spk25": {"room1": 1.318208456}, "spk21": {"room3": 0.22106342, "room4": -0.027431217999999997, "room2": 0.043562542999999995, "room12": 1.290974021}, "spk30": {"room4": -0.27795973399999996, "room2": -0.914727747, "room12": -0.589491844}, "spk4": {"room6": -0.258940965}, "spk14": {"room10": 0.416983396}, "spk7": {"room12": 2.366514683}, "spk1": {"room5": 0.7780938740000001, "room0": 0.135644823}}}