{"meta": {"speaker": "spk16", "room": "room7"}, "data": {"spk22": {"room0": 2.393027306}, "spk10": {"room4": 1.402793765, "room12": 0.93756181}, "spk18": {"room5": -0.288375854, "room0": -0.24288857, "room2": -0.561891854}, "spk29": {"room10": 1.071479201}, "spk5": {"room3": 0.45569673200000005, "room5": -0.194096088, "room0": -0.290318638}, "spk9": {"room4": 3.839060307, "room7": 2.7245726589999997, "room10": 3.8112363819999997, "room12": 3.890972853, "room9": 4.548178196}, "spk2": {"room5": 0.429627866, "room0": 0.4153983}, "spk23": {"room4": -0.34750354299999997, "room7": -0.364264697, "room2": -0.33331033600000004, "room10": -0.984608293, "room12": -0.12734706699999998, "room9": 0.305493593}, "spk15": {"room10": -1.549916267}, "spk28": {"room10": -0.34056291}, "spk24": {"room1": -0.045348037}, "spk12": {"room10": -0.437991798}, "spk8": {"room10": -0.486252874}, "spk17": {"room5": 0.428243279, "room0": 0.8412714}, "spk11": {"room3": 1.367327809, "room4": 3.32618618, "room7": 3.78813076, "room2": 3.336021423, "room12": 4.239356518, "room9": 3.115684509}, "spk19": {"room4": -0.290921718, "room7": -0.353316069, "room12": -0.611487806}, "spk13": {"room4": 2.14815712, "room12": 2.572736025}, "spk31": {"room10": -0.637379467}, "spk6": {"room10": -0.903263688}, "spk3": {"room3": 0.16089588400000002, "room5": 1.130921721, "room7": 1.553146839, "room0": 1.180425406, "room2": 0.04945628, "room9": 1.231429935}, "spk0": {"room3": -0.317873329}, "spk20": {"room10": 0.151340738}, "spk26": {"room2": -0.592127979}, "spk16": {"room3": 4.26154232, "room4": 6.932956218999999, "room7": 7.528425217000001, "room12": 8.831892014, "room9": 8.432795525}, "spk27": {"room5": -0.513303697, "room0": 0.9123346809999999}, "spk25": {"room1": 0.485391378}, "spk21": {"room3": -0.164840892, "room4": -0.6997322440000001, "room2": 0.391270131, "room12": 0.384200066}, "spk30": {"room4": -0.161697134, "room2": -1.129593611, "room12": -0.7487050890000001}, "spk4": {"room6": -0.510306895}, "spk14": {"room10": 1.80110693}, "spk7": {"room12": 0.66571027}, "spk1": {"room5": 0.377943963, "room0": 0.571900249}}}