{"meta": {"speaker": "spk16", "room": "room3"}, "data": {"spk22": {"room0": 2.434111118}, "spk10": {"room4": 1.5259073969999999, "room12": 1.925936818}, "spk18": {"room5": -1.5792328119999999, "room0": -1.811336875, "room2": -1.45517838}, "spk29": {"room10": 1.1983278990000001}, "spk5": {"room3": -0.314776003, "room5": 0.038137267999999995, "room0": -0.288220465}, "spk9": {"room4": 3.055592775, "room7": 2.010515213, "room10": 2.127841234, "room12": 2.836701155, "room9": 2.5445907119999998}, "spk2": {"room5": 1.0167634490000002, "room0": 2.0819695}, "spk23": {"room4": 1.515995026, "room7": 0.91281867, "room2": 1.495359898, "room10": 0.976828933, "room12": 1.283278823, "room9": 1.642301559}, "spk15": {"room10": -1.192217946}, "spk28": {"room10": -0.852094531}, "spk24": {"room1": -0.28370291}, "spk12": {"room10": -0.071818799}, "spk8": {"room10": -0.407960624}, "spk17": {"room5": 0.879889846, "room0": 1.150451064}, "spk11": {"room3": 0.868124962, "room4": 1.8653161530000002, "room7": 1.3055293559999999, "room2": 1.994245887, "room12": 1.6986891030000002, "room9": 1.325840235}, "spk19": {"room4": -0.662685573, "room7": -1.055995107, "room12": -1.240372419}, "spk13": {"room4": 2.762900352, "room12": 1.847602844}, "spk31": {"room10": -1.702279925}, "spk6": {"room10": 0.88981092}, "spk3": {"room3": 0.264870733, "room5": 1.1534614559999998, "room7": 0.679130673, "room0": 0.528716683, "room2": 0.216070414, "room9": 0.7363798020000001}, "spk0": {"room3": 0.704280317}, "spk20": {"room10": -0.707800865}, "spk26": {"room2": 1.511352181}, "spk16": {"room3": 5.619432926, "room4": 5.934252739, "room7": 4.953383446, "room12": 5.5846600529999995, "room9": 5.631834507000001}, "spk27": {"room5": -0.045464303, "room0": 1.519631505}, "spk25": {"room1": 1.5719065669999999}, "spk21": {"room3": 0.256382942, "room4": 0.695341885, "room2": -0.463330239, "room12": 0.873190343}, "spk30": {"room4": -0.535543025, "room2": -1.567029953, "room12": -0.981352448}, "spk4": {"room6": 0.123912759}, "spk14": {"room10": 2.482127666}, "spk7": {"room12": 1.116804004}, "spk1": {"room5": -0.22355765100000002, "room0": -0.21105033199999998}}}