{"meta": {"speaker": "spk2", "room": "room5"}, "data": {"spk22": {"room0": 2.546937227}, "spk10": {"room4": 1.1315525770000001, "room12": -0.23187950300000001}, "spk18": {"room5": -0.509231865, "room0": -0.07094674599999999, "room2": -1.058349848}, "spk29": {"room10": 0.598665059}, "spk5": {"room3": -0.026303029, "room5": -0.17251075800000001, "room0": -0.628235519}, "spk9": {"room4": 1.969915748, "room7": 2.384962797, "room10": 1.718081474, "room12": 1.8487858769999999, "room9": 2.8638977999999997}, "spk2": {"room5": 9.748380661, "room0": 8.28931427}, "spk23": {"room4": 2.0118079190000002, "room7": 2.455678225, "room2": 0.9696812029999999, "room10": 3.053409815, "room12": 3.676054478, "room9": 2.344976902}, "spk15": {"room10": -0.92366302}, "spk28": {"room10": -0.8040645120000001}, "spk24": {"room1": 1.876574516}, "spk12": {"room10": -1.3783730269999999}, "spk8": {"room10": 2.117243528}, "spk17": {"room5": 3.141348362, "room0": 2.68973875}, "spk11": {"room3": 0.47037330299999996, "room4": 0.5222601889999999, "room7": 0.48347696700000004, "room2": 0.038811948, "room12": 0.387152761, "room9": 0.632303238}, "spk19": {"room4": -0.82519114, "room7": -0.7613838909999999, "room12": -1.273049951}, "spk13": {"room4": 0.698442876, "room12": -0.022980904}, "spk31": {"room10": -1.2338596579999999}, "spk6": {"room10": 0.72374022}, "spk3": {"room3": -0.15207812199999998, "room5": 3.095470905, "room7": 2.32885313, "room0": 2.187306166, "room2": 1.137976766, "room9": 2.497382879}, "spk0": {"room3": 1.2560527320000001}, "spk20": {"room10": -0.702956021}, "spk26": {"room2": 0.975168884}, "spk16": {"room3": 1.429795146, "room4": 1.477251887, "room7": 0.7592849140000001, "room12": 1.244962692, "room9": 1.6909700630000002}, "spk27": {"room5": 2.091106176, "room0": 1.5250457530000001}, "spk25": {"room1": 1.560058236}, "spk21": {"room3": 0.11409446599999999, "room4": 0.988496065, "room2": 0.158954129, "room12": 2.056428194}, "spk30": {"room4": -0.8929237720000001, "room2": -1.79004395, "room12": -1.4891697169999998}, "spk4": {"room6": -0.0465165}, "spk14": {"room10": 2.4918682580000002}, "spk7": {"room12": 1.7550807000000002}, "spk1": {"room5": 0.47980141600000004, "room0": -0.031187322000000003}}}