{"meta": {"speaker": "spk2", "room": "room5"}, "data": {"spk22": {"room0": 3.3084473610000003}, "spk10": {"room4": 0.896304607, "room12": 1.437383175}, "spk18": {"room5": -0.800934672, "room0": -0.619718015, "room2": -0.8542020920000001}, "spk29": {"room10": 1.654497862}, "spk5": {"room3": 0.09595634, "room5": -0.154462412, "room0": -0.65681982}, "spk9": {"room4": 2.936839581, "room7": 2.627043486, "room10": 2.220947027, "room12": 2.967274189, "room9": 3.232856274}, "spk2": {"room5": 7.312095165, "room0": 5.7459402079999995}, "spk23": {"room4": 2.483511686, "room7": 2.595679045, "room2": 1.791372061, "room10": 3.0990626810000004, "room12": 3.567451239, "room9": 1.7164950369999998}, "spk15": {"room10": -0.830259144}, "spk28": {"room10": -0.46242246}, "spk24": {"room1": 2.0457355980000003}, "spk12": {"room10": -0.790287912}, "spk8": {"room10": 1.031606436}, "spk17": {"room5": 3.124379158, "room0": 3.2192997930000002}, "spk11": {"room3": 1.5330172780000002, "room4": 2.3033649919999997, "room7": 1.34332931, "room2": 1.668585658, "room12": 2.050086737, "room9": 2.12584281}, "spk19": {"room4": -1.064740062, "room7": -1.043275714, "room12": -0.965912819}, "spk13": {"room4": 2.4530506130000003, "room12": 1.202377915}, "spk31": {"room10": -1.429512739}, "spk6": {"room10": 0.48117914799999995}, "spk3": {"room3": 0.734786391, "room5": 2.606740952, "room7": 1.526248693, "room0": 2.321336269, "room2": 1.5677845480000001, "room9": 1.78749764}, "spk0": {"room3": 0.92779237}, "spk20": {"room10": -0.996231675}, "spk26": {"room2": 0.09102226}, "spk16": {"room3": 2.0493807790000003, "room4": 0.9555389879999999, "room7": 1.318197727, "room12": 1.492563128, "room9": 2.217859745}, "spk27": {"room5": 1.773226261, "room0": 1.548324585}, "spk25": {"room1": 2.026527643}, "spk21": {"room3": 0.323612124, "room4": 0.602934003, "room2": 0.8614881040000001, "room12": 1.02880466}, "spk30": {"room4": -1.624643922, "room2": -1.300777316, "room12": -1.233563542}, "spk4": {"room6": 0.11501169900000001}, "spk14": {"room10": 1.914238811}, "spk7": {"room12": 0.783238888}, "spk1": {"room5": 0.466596037, "room0": 1.01202035}}}