{"meta": {"speaker": "spk2", "room": "room5"}, "data": {"spk22": {"room0": 3.0091831680000003}, "spk10": {"room4": 1.418101549, "room12": 0.642911196}, "spk18": {"room5": -1.19745934, "room0": -1.022888303, "room2": -1.470566988}, "spk29": {"room10": 0.907207012}, "spk5": {"room3": -0.043922272000000005, "room5": -0.904975712, "room0": -0.868090928}, "spk9": {"room4": 2.086268425, "room7": 1.7702747580000002, "room10": 2.051493645, "room12": 1.8194956780000002, "room9": 2.6996941569999997}, "spk2": {"room5": 11.16246033, "room0": 8.040952682}, "spk23": {"room4": 2.59520793, "room7": 2.8402507310000003, "room2": 1.561603785, "room10": 2.431890726, "room12": 4.099599361, "room9": 1.414824605}, "spk15": {"room10": -2.001178026}, "spk28": {"room10": -1.285158515}, "spk24": {"room1": 1.285074592}, "spk12": {"room10": -2.0147647859999998}, "spk8": {"room10": 1.258584857}, "spk17": {"room5": 3.080929756, "room0": 2.256023645}, "spk11": {"room3": 1.950340867, "room4": 1.186080337, "room7": 1.2293080090000001, "room2": 1.178613186, "room12": 1.7429109809999999, "room9": 1.759570479}, "spk19": {"room4": -1.311598182, "room7": -0.772243738, "room12": -1.500111341}, "spk13": {"room4": 1.224482536, "room12": 0.86834687}, "spk31": {"room10": -1.450672984}, "spk6": {"room10": 0.470612198}, "spk3": {"room3": 0.15607200599999999, "room5": 2.9831061360000004, "room7": 1.9190092090000002, "room0": 2.699270248, "room2": 0.982598603, "room9": 1.434159756}, "spk0": {"room3": 0.253720105}, "spk20": {"room10": -0.645353198}, "spk26": {"room2": -0.45179480299999997}, "spk16": {"room3": 0.548288703, "room4": 0.886515081, "room7": 0.45748546700000003, "room12": 1.8638417719999998, "room9": 1.117593527}, "spk27": {"room5": 1.984580755, "room0": 1.699475527}, "spk25": {"room1": 1.078283787}, "spk21": {"room3": 0.070998646, "room4": 0.531038463, "room2": 0.33768755200000006, "room12": 1.326047897}, "spk30": {"room4": -1.4122861619999998, "room2": -2.215942621, "room12": -1.725706816}, "spk4": {"room6": -0.315661907}, "spk14": {"room10": 1.7402845619999998}, "spk7": {"room12": 0.49793931799999996}, "spk1": {"room5": 1.336217046, "room0": 0.010787678}}}