{"meta": {"speaker": "spk2", "room": "room0"}, "data": {"spk22": {"room0": 3.206727028}, "spk10": {"room4": 1.294246554, "room12": 1.3897473809999998}, "spk18": {"room5": -1.193526149, "room0": -1.308157802, "room2": -1.178270102}, "spk29": {"room10": 0.7734045979999999}, "spk5": {"room3": 0.060222693, "room5": 0.115994744, "room0": -0.196591958}, "spk9": {"room4": 1.641149402, "room7": 1.5014928580000002, "room10": 1.6627053019999998, "room12": 2.555356026, "room9": 2.196571112}, "spk2": {"room5": 6.014847755, "room0": 6.298313618}, "spk23": {"room4": 2.289907694, "room7": 1.6712141040000001, "room2": 1.303623796, "room10": 3.344070196, "room12": 3.839932442, "room9": 1.4789133069999998}, "spk15": {"room10": -1.074718833}, "spk28": {"room10": -0.683329403}, "spk24": {"room1": 1.026424408}, "spk12": {"room10": -1.025809884}, "spk8": {"room10": 0.8572493790000001}, "spk17": {"room5": 2.178301811, "room0": 1.798990846}, "spk11": {"room3": 0.06560991, "room4": 1.409404635, "room7": 1.1895592209999999, "room2": 0.154341072, "room12": 0.8174769279999999, "room9": 0.802955449}, "spk19": {"room4": -1.2176152470000001, "room7": -1.056073427, "room12": -1.053357959}, "spk13": {"room4": 1.6553971769999998, "room12": 0.5246129039999999}, "spk31": {"room10": -1.2242383959999998}, "spk6": {"room10": 0.277939528}, "spk3": {"room3": -0.6143985989999999, "room5": 2.986126423, "room7": 1.8022741080000002, "room0": 2.13671422, "room2": 1.402478576, "room9": 2.044836283}, "spk0": {"room3": 0.6125133629999999}, "spk20": {"room10": -0.651919544}, "spk26": {"room2": 0.581343651}, "spk16": {"room3": 1.487850785, "room4": 2.118403196, "room7": 1.029424191, "room12": 1.73952651, "room9": 1.9662727119999999}, "spk27": {"room5": 1.095478415, "room0": 0.9505366679999999}, "spk25": {"room1": 1.5456519130000002}, "spk21": {"room3": 0.365134716, "room4": 0.4478347, "room2": -0.101645485, "room12": 0.979930758}, "spk30": {"room4": -1.4011192319999999, "room2": -1.675186157, "room12": -1.4574376340000001}, "spk4": {"room6": 0.36391761899999997}, "spk14": {"room10": 2.056695461}, "spk7": {"room12": 1.182472467}, "spk1": {"room5": 0.324504167, "room0": 0.23060850800000002}}}