{"meta": {"speaker": "spk2", "room": "room0"}, "data": {"spk22": {"room0": 2.9165449139999997}, "spk10": {"room4": 1.6275446409999998, "room12": 1.9153721330000002}, "spk18": {"room5": -0.967974722, "room0": -0.966003776, "room2": -1.146803737}, "spk29": {"room10": 1.2004072670000001}, "spk5": {"room3": 0.100437, "room5": -0.264186233, "room0": -0.28592416600000004}, "spk9": {"room4": 1.949153185, "room7": 1.880132794, "room10": 1.865520597, "room12": 2.436395884, "room9": 2.47079134}, "spk2": {"room5": 6.9330844879999995, "room0": 7.0444512370000005}, "spk23": {"room4": 2.457341909, "room7": 1.93540132, "room2": 1.91710341, "room10": 3.686471462, "room12": 3.278894663, "room9": 1.489482641}, "spk15": {"room10": -0.783177137}, "spk28": {"room10": -0.66420722}, "spk24": {"room1": 1.0538506509999999}, "spk12": {"room10": -0.514631391}, "spk8": {"room10": 0.696633518}, "spk17": {"room5": 2.402614355, "room0": 2.30680728}, "spk11": {"room3": 0.981055558, "room4": 2.042985439, "room7": 1.5267615319999999, "room2": -0.007022881, "room12": 1.269866705, "room9": 1.535109162}, "spk19": {"room4": -0.519041359, "room7": -0.18139803399999999, "room12": -0.618903935}, "spk13": {"room4": 1.92887187, "room12": 0.937233269}, "spk31": {"room10": -0.715007842}, "spk6": {"room10": 0.7759811879999999}, "spk3": {"room3": 0.014565066000000002, "room5": 2.052562475, "room7": 2.036519289, "room0": 2.000511169, "room2": 0.727715969, "room9": 1.731791377}, "spk0": {"room3": 0.7179771659999999}, "spk20": {"room10": -0.189596221}, "spk26": {"room2": 0.26813885600000004}, "spk16": {"room3": 1.9593065980000002, "room4": 1.734571695, "room7": 0.522321045, "room12": 1.0669856070000001, "room9": 1.262879252}, "spk27": {"room5": 1.319010496, "room0": 0.827766597}, "spk25": {"room1": 1.802092314}, "spk21": {"room3": 0.748464048, "room4": 0.438609391, "room2": 0.12869799099999998, "room12": 0.9056709999999999}, "spk30": {"room4": -0.6890699859999999, "room2": -1.273847818, "room12": -1.023774505}, "spk4": {"room6": 0.39932549}, "spk14": {"room10": 2.995175362}, "spk7": {"room12": 1.591990948}, "spk1": {"room5": 0.466294974, "room0": 0.149319798}}}