{"meta": {"speaker": "spk2", "room": "room5"}, "data": {"spk22": {"room0": 3.860488653}, "spk10": {"room4": 1.221425653, "room12": 1.25314796}, "spk18": {"room5": -0.603655219, "room0": -0.517074227, "room2": -0.8562643529999999}, "spk29": {"room10": 1.6296741959999999}, "spk5": {"room3": 0.023783917999999998, "room5": 0.056521602000000004, "room0": -0.619009197}, "spk9": {"room4": 2.60947299, "room7": 2.312701464, "room10": 1.914655447, "room12": 2.998613596, "room9": 2.8786549569999997}, "spk2": {"room5": 6.848780632, "room0": 6.083763123}, "spk23": {"room4": 2.162898064, "room7": 2.198232412, "room2": 1.501383781, "room10": 2.462459564, "room12": 2.9388811589999997, "room9": 1.7546776530000001}, "spk15": {"room10": -0.132789448}, "spk28": {"room10": -0.11993695800000001}, "spk24": {"room1": 1.566205382}, "spk12": {"room10": -0.515535414}, "spk8": {"room10": 1.0526582}, "spk17": {"room5": 2.970268965, "room0": 1.887127042}, "spk11": {"room3": 0.890063405, "room4": 1.834599853, "room7": 2.0419969559999998, "room2": 1.7584673169999998, "room12": 1.7708408830000002, "room9": 2.4177231790000002}, "spk19": {"room4": -0.434996903, "room7": -0.608161092, "room12": -0.459845126}, "spk13": {"room4": 1.585039377, "room12": 1.048602819}, "spk31": {"room10": -0.7064926029999999}, "spk6": {"room10": 0.331751525}, "spk3": {"room3": -0.023196493999999998, "room5": 2.7465827469999997, "room7": 1.3885190490000001, "room0": 1.703903556, "room2": 0.8872256279999999, "room9": 1.62168777}, "spk0": {"room3": 0.630916536}, "spk20": {"room10": -0.057336437999999997}, "spk26": {"room2": -0.6771714090000001}, "spk16": {"room3": 2.2280786040000002, "room4": 1.884183526, "room7": 1.7072489259999999, "room12": 2.388779879, "room9": 2.43514967}, "spk27": {"room5": 2.295079231, "room0": 1.7215068340000002}, "spk25": {"room1": 1.668675661}, "spk21": {"room3": 0.518027723, "room4": 0.52354455, "room2": 0.371561766, "room12": 1.6122728590000002}, "spk30": {"room4": -0.280700445, "room2": -0.9318112129999999, "room12": -0.407006949}, "spk4": {"room6": 0.927127302}, "spk14": {"room10": 1.125267625}, "spk7": {"room12": 1.233525991}, "spk1": {"room5": 0.11486370900000001, "room0": 0.054808780999999994}}}