{"meta": {"speaker": "spk2", "room": "room0"}, "data": {"spk22": {"room0": 3.197385073}, "spk10": {"room4": 1.8241131309999998, "room12": 1.296838164}, "spk18": {"room5": -0.740404427, "room0": -0.282102674, "room2": -0.707231045}, "spk29": {"room10": 1.7108882669999999}, "spk5": {"room3": 1.251303792, "room5": 0.9159156079999999, "room0": 0.529404521}, "spk9": {"room4": 4.835470676, "room7": 4.391693592, "room10": 3.119154692, "room12": 5.469059944, "room9": 5.528875827999999}, "spk2": {"room5": 8.361309052000001, "room0": 10.36371231}, "spk23": {"room4": 3.297961473, "room7": 2.997337103, "room2": 3.0798273089999997, "room10": 4.219377995, "room12": 4.376831532, "room9": 2.781067133}, "spk15": {"room10": -0.327249438}, "spk28": {"room10": -0.9644030929999999}, "spk24": {"room1": 3.9847960469999997}, "spk12": {"room10": -0.6214908960000001}, "spk8": {"room10": 1.707289934}, "spk17": {"room5": 3.9807834630000003, "room0": 3.2102754119999997}, "spk11": {"room3": 0.720839262, "room4": 3.394642591, "room7": 3.154415846, "room2": 1.173716068, "room12": 2.820466042, "room9": 2.712229967}, "spk19": {"room4": -1.235732436, "room7": -1.435289025, "room12": -1.047314525}, "spk13": {"room4": 3.256526947, "room12": 2.454333067}, "spk31": {"room10": -1.223720551}, "spk6": {"room10": 0.652507484}, "spk3": {"room3": -0.15570262099999999, "room5": 5.449143887000001, "room7": 3.246320963, "room0": 3.162579775, "room2": 2.490386724, "room9": 3.956544876}, "spk0": {"room3": 1.529519677}, "spk20": {"room10": -0.367959648}, "spk26": {"room2": 1.9006162880000002}, "spk16": {"room3": 2.6012086869999997, "room4": 4.050050735, "room7": 1.854106426, "room12": 2.371620178, "room9": 3.89691186}, "spk27": {"room5": 2.908456326, "room0": 1.821467161}, "spk25": {"room1": 2.445751905}, "spk21": {"room3": 1.1567735670000001, "room4": 1.237437487, "room2": 0.937293053, "room12": 2.096349001}, "spk30": {"room4": -0.985039234, "room2": -1.821226597, "room12": -1.103412986}, "spk4": {"room6": 0.165123045}, "spk14": {"room10": 2.687028885}, "spk7": {"room12": 2.7058210369999998}, "spk1": {"room5": 0.797720671, "room0": 0.932846427}}}