{"meta": {"speaker": "spk2", "room": "room0"}, "data": {"spk22": {"room0": 4.254844666}, "spk10": {"room4": 0.9370701309999999, "room12": 0.9249902959999999}, "spk18": {"room5": -0.79305917, "room0": -1.0067706109999999, "room2": -1.141562223}, "spk29": {"room10": 1.1338303090000001}, "spk5": {"room3": -0.020167403, "room5": -0.7363383170000001, "room0": -0.8487097020000001}, "spk9": {"room4": 3.5602457519999997, "room7": 3.218754768, "room10": 3.6495020389999997, "room12": 4.5787553789999995, "room9": 4.676632881000001}, "spk2": {"room5": 6.598243237, "room0": 5.7913956639999995}, "spk23": {"room4": 2.245609522, "room7": 2.186462164, "room2": 1.42996037, "room10": 3.02752018, "room12": 3.668703318, "room9": 1.34305644}, "spk15": {"room10": -1.035933971}, "spk28": {"room10": -0.257074922}, "spk24": {"room1": 1.140365839}, "spk12": {"room10": -0.826684535}, "spk8": {"room10": 1.506606102}, "spk17": {"room5": 1.716975451, "room0": 2.18569541}, "spk11": {"room3": 1.5306558609999998, "room4": 2.378709316, "room7": 1.4729537959999999, "room2": 1.4652028080000001, "room12": 1.749567747, "room9": 2.438698053}, "spk19": {"room4": -0.831219137, "room7": -1.060399532, "room12": -0.944518566}, "spk13": {"room4": 1.69110465, "room12": 1.303328276}, "spk31": {"room10": -1.252477407}, "spk6": {"room10": -0.22341591100000002}, "spk3": {"room3": 0.324372828, "room5": 2.4941079619999997, "room7": 2.370964527, "room0": 1.573212981, "room2": 1.314665079, "room9": 1.441297531}, "spk0": {"room3": 0.505804539}, "spk20": {"room10": -0.42808806899999996}, "spk26": {"room2": 0.120369658}, "spk16": {"room3": 3.534273624, "room4": 2.263297319, "room7": 2.047860622, "room12": 2.09294486, "room9": 2.5407996180000003}, "spk27": {"room5": 1.890727401, "room0": 1.550554514}, "spk25": {"room1": 1.8403156999999999}, "spk21": {"room3": 0.410288155, "room4": 0.147715554, "room2": 0.184567869, "room12": 1.097370505}, "spk30": {"room4": -1.071422935, "room2": -1.715488195, "room12": -1.202617407}, "spk4": {"room6": -0.018834734}, "spk14": {"room10": 2.719422817}, "spk7": {"room12": 1.658513427}, "spk1": {"room5": 1.025545359, "room0": 0.9509242179999999}}}