{"meta": {"speaker": "spk2", "room": "room5"}, "data": {"spk22": {"room0": 2.946362495}, "spk10": {"room4": 0.6910992859999999, "room12": 0.12771774800000002}, "spk18": {"room5": -0.756213784, "room0": -0.569735587, "room2": -0.777375996}, "spk29": {"room10": 0.26003858399999996}, "spk5": {"room3": -0.095005594, "room5": -0.22933782600000002, "room0": -0.303296626}, "spk9": {"room4": 1.605708718, "room7": 1.7672649619999998, "room10": 2.6804475780000003, "room12": 2.36533165, "room9": 3.4694068430000002}, "spk2": {"room5": 9.670780182, "room0": 6.7903490070000005}, "spk23": {"room4": 0.875832498, "room7": 1.501803994, "room2": 0.900572121, "room10": 2.8461413380000002, "room12": 2.523283958, "room9": 0.615035295}, "spk15": {"room10": -1.480324149}, "spk28": {"room10": -0.973796546}, "spk24": {"room1": 2.176100731}, "spk12": {"room10": -1.021264195}, "spk8": {"room10": 0.61953944}, "spk17": {"room5": 1.9328606130000001, "room0": 2.228574514}, "spk11": {"room3": 1.529461622, "room4": 1.285220027, "room7": 1.7551420930000001, "room2": 1.509839177, "room12": 1.552858949, "room9": 1.371798158}, "spk19": {"room4": -1.2860122920000001, "room7": -1.221724868, "room12": -1.511602163}, "spk13": {"room4": 0.711676359, "room12": -0.076747075}, "spk31": {"room10": -1.371683955}, "spk6": {"room10": 0.435408801}, "spk3": {"room3": -0.7364266509999999, "room5": 1.9868441819999998, "room7": 1.013765216, "room0": 1.525036931, "room2": 0.183808208, "room9": 0.909773409}, "spk0": {"room3": -0.003345355}, "spk20": {"room10": -0.445339173}, "spk26": {"room2": -0.004087958}, "spk16": {"room3": 0.571417272, "room4": 0.035710141, "room7": 0.7437765000000001, "room12": 1.5100948809999999, "room9": 1.3338912729999999}, "spk27": {"room5": 1.936862946, "room0": 1.962081075}, "spk25": {"room1": 1.7882924080000002}, "spk21": {"room3": 0.008365733, "room4": 0.171380654, "room2": 0.7001168729999999, "room12": 1.382676721}, "spk30": {"room4": -1.338917375, "room2": -1.660996914, "room12": -0.775146782}, "spk4": {"room6": -0.180341527}, "spk14": {"room10": 1.5628691909999999}, "spk7": {"room12": 0.406117082}, "spk1": {"room5": 0.46491468, "room0": -0.09812197800000001}}}