{"meta": {"speaker": "spk2", "room": "room0"}, "data": {"spk22": {"room0": 3.906941175}, "spk10": {"room4": 1.7431473730000002, "room12": 1.262117743}, "spk18": {"room5": -0.745604396, "room0": -0.456907183, "room2": -1.2725406890000002}, "spk29": {"room10": 0.590600431}, "spk5": {"room3": -0.11495575300000001, "room5": -0.122326702, "room0": -0.527743936}, "spk9": {"room4": 4.802837372, "room7": 4.1822052, "room10": 3.6889877319999997, "room12": 4.661357403, "room9": 5.461414337000001}, "spk2": {"room5": 10.09087181, "room0": 9.560452461}, "spk23": {"room4": 2.7152886389999997, "room7": 2.68757844, "room2": 1.6550337080000002, "room10": 3.3762998580000003, "room12": 4.833376884, "room9": 2.727418423}, "spk15": {"room10": -0.48904916600000004}, "spk28": {"room10": -0.944968998}, "spk24": {"room1": 1.0206693409999998}, "spk12": {"room10": -0.981862962}, "spk8": {"room10": 2.8997774119999997}, "spk17": {"room5": 3.122959375, "room0": 2.964896202}, "spk11": {"room3": 1.168744802, "room4": 2.704182863, "room7": 1.603728414, "room2": 0.419670373, "room12": 2.0557606219999998, "room9": 1.41333425}, "spk19": {"room4": -0.418731928, "room7": -0.722396374, "room12": -1.075032234}, "spk13": {"room4": 3.018951416, "room12": 1.664810181}, "spk31": {"room10": -0.85383898}, "spk6": {"room10": 0.25316301}, "spk3": {"room3": -0.047960978, "room5": 3.648844719, "room7": 2.76777339, "room0": 2.7703945639999996, "room2": 1.153694749, "room9": 2.634554863}, "spk0": {"room3": 1.160662055}, "spk20": {"room10": -0.491081625}, "spk26": {"room2": 1.329808831}, "spk16": {"room3": 2.34859848, "room4": 3.8219959739999996, "room7": 2.450463295, "room12": 2.9043917660000003, "room9": 3.2468371389999997}, "spk27": {"room5": 3.0952382089999997, "room0": 2.069988012}, "spk25": {"room1": 1.9246366019999999}, "spk21": {"room3": 0.343220621, "room4": 0.439023286, "room2": -0.032290172, "room12": 2.086763382}, "spk30": {"room4": -1.273241758, "room2": -2.267097235, "room12": -1.0510474440000002}, "spk4": {"room6": 0.187086165}, "spk14": {"room10": 3.000008106}, "spk7": {"room12": 2.7421197889999998}, "spk1": {"room5": 1.424456, "room0": 1.041045427}}}