{"meta": {"speaker": "spk2", "room": "room0"}, "data": {"spk22": {"room0": 3.12134099}, "spk10": {"room4": 0.95132792, "room12": 0.990894437}, "spk18": {"room5": -0.828538597, "room0": -1.161484599, "room2": -1.359208584}, "spk29": {"room10": 0.783756495}, "spk5": {"room3": 0.470422596, "room5": -0.173672408, "room0": -0.615524054}, "spk9": {"room4": 1.959356546, "room7": 1.535588861, "room10": 2.223870516, "room12": 2.5437450409999998, "room9": 2.987687826}, "spk2": {"room5": 5.64040041, "room0": 5.11762619}, "spk23": {"room4": 0.526092827, "room7": 1.148438811, "room2": 0.754312515, "room10": 1.6068923469999998, "room12": 1.369526625, "room9": 0.190691158}, "spk15": {"room10": -0.678373516}, "spk28": {"room10": -1.214382172}, "spk24": {"room1": 0.8404956459999999}, "spk12": {"room10": -1.068154216}, "spk8": {"room10": 0.135397151}, "spk17": {"room5": 1.341349959, "room0": 0.64876914}, "spk11": {"room3": 1.063330412, "room4": 1.895467639, "room7": 1.631207228, "room2": 0.881163061, "room12": 1.57049799, "room9": 1.7770078180000002}, "spk19": {"room4": -1.17092979, "room7": -1.312256336, "room12": -1.335452795}, "spk13": {"room4": 1.012809753, "room12": 0.756331325}, "spk31": {"room10": -1.282964826}, "spk6": {"room10": -0.34270826}, "spk3": {"room3": -0.13925433199999998, "room5": 2.46049428, "room7": 1.185409546, "room0": 1.612356305, "room2": 1.4047729969999998, "room9": 1.921758294}, "spk0": {"room3": 0.363161832}, "spk20": {"room10": -0.77332896}, "spk26": {"room2": 0.068981282}, "spk16": {"room3": 1.3721005919999998, "room4": 1.290983677, "room7": 1.3985993859999999, "room12": 1.9628385309999998, "room9": 1.4276044369999998}, "spk27": {"room5": 2.176239491, "room0": 1.46852386}, "spk25": {"room1": 0.7575544120000001}, "spk21": {"room3": 0.648979485, "room4": -0.09442467199999999, "room2": 0.431194961, "room12": 0.5873948929999999}, "spk30": {"room4": -1.1844310759999999, "room2": -1.9156781440000001, "room12": -1.251395702}, "spk4": {"room6": -0.120290108}, "spk14": {"room10": 1.823623896}, "spk7": {"room12": 0.706464112}, "spk1": {"room5": 0.7220982909999999, "room0": 0.095451355}}}