{"meta": {"speaker": "spk2", "room": "room5"}, "data": {"spk22": {"room0": 3.5691545010000003}, "spk10": {"room4": 1.068460584, "room12": 0.517643631}, "spk18": {"room5": -1.146561742, "room0": -0.7125294209999999, "room2": -1.202064872}, "spk29": {"room10": 0.30771488}, "spk5": {"room3": -0.06751175200000001, "room5": 0.140293106, "room0": -0.839541852}, "spk9": {"room4": 2.680080414, "room7": 1.056182027, "room10": 1.566541791, "room12": 2.410489321, "room9": 3.1420319080000003}, "spk2": {"room5": 9.678274155, "room0": 6.644340037999999}, "spk23": {"room4": 1.5538752080000002, "room7": 2.469074726, "room2": 0.23860231, "room10": 2.559849501, "room12": 3.0689904689999996, "room9": 1.6161578890000001}, "spk15": {"room10": -1.104541898}, "spk28": {"room10": -0.582816839}, "spk24": {"room1": 1.098619342}, "spk12": {"room10": -1.069869399}, "spk8": {"room10": 1.966697454}, "spk17": {"room5": 2.595074177, "room0": 3.2746162410000004}, "spk11": {"room3": 0.89293611, "room4": 1.521346569, "room7": 2.406197071, "room2": 0.9156336190000001, "room12": 1.5621522669999999, "room9": 1.9324910640000001}, "spk19": {"room4": -0.8477612729999999, "room7": -0.6099408270000001, "room12": -0.8606302140000001}, "spk13": {"room4": 0.9272288679999999, "room12": 0.332576632}, "spk31": {"room10": -0.634303153}, "spk6": {"room10": -0.029199816}, "spk3": {"room3": -1.506392121, "room5": 1.272090435, "room7": 1.182590246, "room0": 1.63534987, "room2": -0.617041528, "room9": 1.3754098419999998}, "spk0": {"room3": -0.719722509}, "spk20": {"room10": -0.8761439320000001}, "spk26": {"room2": -1.0150719879999999}, "spk16": {"room3": 0.7034723159999999, "room4": 1.461098194, "room7": 1.281974673, "room12": 2.1432650090000003, "room9": 2.576889753}, "spk27": {"room5": 2.629526138, "room0": 2.8143570419999997}, "spk25": {"room1": 1.365991473}, "spk21": {"room3": -0.035731517000000004, "room4": 0.390948206, "room2": 0.39765781200000005, "room12": 1.4928039309999999}, "spk30": {"room4": -1.307207346, "room2": -1.9507809880000002, "room12": -0.9093886609999999}, "spk4": {"room6": 0.308611423}, "spk14": {"room10": 1.4311780930000002}, "spk7": {"room12": 1.232474685}, "spk1": {"room5": 0.551169455, "room0": -0.9729710220000001}}}