{"meta": {"speaker": "spk18", "room": "room9"}, "data": {"spk22": {"room0": -0.617708921}, "spk10": {"room4": -1.186304808, "room12": -0.5901893970000001}, "spk18": {"room5": 10.15271473, "room0": 8.53496933, "room2": 6.13684845}, "spk29": {"room10": -1.220676422}, "spk5": {"room3": -1.269624472, "room5": -1.452046037, "room0": -0.983848512}, "spk9": {"room4": -1.250539184, "room7": -0.635563374, "room10": -0.887628794, "room12": -1.394264936, "room9": -0.796038389}, "spk2": {"room5": -0.588435948, "room0": -0.829771996}, "spk23": {"room4": -0.59527123, "room7": -0.552512288, "room2": -0.78039372, "room10": -0.7603424190000001, "room12": -0.527404785, "room9": -1.020118475}, "spk15": {"room10": -0.48503994899999997}, "spk28": {"room10": 0.476649046}, "spk24": {"room1": -0.97494936}, "spk12": {"room10": 2.271263123}, "spk8": {"room10": -0.19164778300000002}, "spk17": {"room5": -0.693084776, "room0": -0.793392181}, "spk11": {"room3": -0.603358209, "room4": -1.038176298, "room7": -0.7056183220000001, "room2": -0.46210858200000005, "room12": -0.590304136, "room9": -0.9759778379999999}, "spk19": {"room4": -0.005562635, "room7": 0.615374863, "room12": 0.200760365}, "spk13": {"room4": -0.26729226100000003, "room12": -0.484537661}, "spk31": {"room10": 1.9687316419999998}, "spk6": {"room10": -0.381219804}, "spk3": {"room3": -1.612496972, "room5": -0.534525394, "room7": -1.374957681, "room0": -0.952041805, "room2": -0.9834299679999999, "room9": -1.323098063}, "spk0": {"room3": 0.49871969200000005}, "spk20": {"room10": 0.788362384}, "spk26": {"room2": -0.145737156}, "spk16": {"room3": -1.193194747, "room4": -0.466545731, "room7": -0.90634799, "room12": 0.021389201, "room9": -0.888459206}, "spk27": {"room5": -0.842817128, "room0": -0.78314209}, "spk25": {"room1": -1.139451385}, "spk21": {"room3": -0.970843017, "room4": -0.787776589, "room2": -0.618256509, "room12": -0.844174564}, "spk30": {"room4": 0.17766967399999997, "room2": -0.338481486, "room12": 0.288453847}, "spk4": {"room6": -0.7489317659999999}, "spk14": {"room10": -0.308386832}, "spk7": {"room12": -0.988006115}, "spk1": {"room5": -0.7450698609999999, "room0": -0.553716302}}}