{"meta": {"speaker": "spk18", "room": "room8"}, "data": {"spk22": {"room0": -1.0100408790000002}, "spk10": {"room4": -1.810769677, "room12": -1.09197402}, "spk18": {"room5": 0.649941027, "room0": 0.674243748, "room2": 1.3858864309999999}, "spk29": {"room10": -1.033277392}, "spk5": {"room3": -1.7017934319999999, "room5": -1.4912722109999998, "room0": -1.4473819730000002}, "spk9": {"room4": -1.255036235, "room7": -1.424627066, "room10": -1.488647461, "room12": -1.4167275430000001, "room9": -1.538856864}, "spk2": {"room5": -1.066663623, "room0": -1.242411852}, "spk23": {"room4": -1.709560156, "room7": -1.127606034, "room2": -1.9729228019999998, "room10": -1.478317857, "room12": -1.686920762, "room9": -2.174041033}, "spk15": {"room10": -0.643515229}, "spk28": {"room10": 1.02239871}, "spk24": {"room1": -1.174935579}, "spk12": {"room10": 0.995153427}, "spk8": {"room10": -1.006351352}, "spk17": {"room5": -0.925066829, "room0": -1.2314289809999999}, "spk11": {"room3": -0.564789891, "room4": -2.158038378, "room7": -1.240758896, "room2": -0.9698667529999999, "room12": -1.023434401, "room9": -1.6523789169999998}, "spk19": {"room4": 0.68235749, "room7": 0.155919254, "room12": 0.6335524920000001}, "spk13": {"room4": -0.63404429, "room12": -1.849491715}, "spk31": {"room10": 0.557897687}, "spk6": {"room10": -0.726938009}, "spk3": {"room3": -2.0584630969999997, "room5": -0.513168275, "room7": -1.690752506, "room0": -1.6806511880000001, "room2": -0.601566434, "room9": -1.589323878}, "spk0": {"room3": 0.040109545}, "spk20": {"room10": -0.30229193}, "spk26": {"room2": -0.394423783}, "spk16": {"room3": -1.214398742, "room4": -0.725222945, "room7": -1.169130087, "room12": -1.1083379979999999, "room9": -0.818941653}, "spk27": {"room5": -0.94702065, "room0": -1.4581277369999999}, "spk25": {"room1": -1.646932364}, "spk21": {"room3": -1.645458817, "room4": -0.9777725340000001, "room2": -1.059200406, "room12": -1.4040385480000002}, "spk30": {"room4": 1.433740854, "room2": 1.782627225, "room12": 2.163434505}, "spk4": {"room6": -1.409630299}, "spk14": {"room10": -0.5459338429999999}, "spk7": {"room12": -1.1217546459999999}, "spk1": {"room5": -1.204930067, "room0": -1.555257916}}}