{"meta": {"speaker": "spk18", "room": "room8"}, "data": {"spk22": {"room0": -0.8532485959999999}, "spk10": {"room4": -1.3886412380000002, "room12": -1.282753348}, "spk18": {"room5": 3.666381598, "room0": 2.895366907, "room2": 5.368077755}, "spk29": {"room10": -1.3728851080000002}, "spk5": {"room3": -1.3686020369999998, "room5": -1.213342309, "room0": -1.0988056659999998}, "spk9": {"room4": -0.7638860940000001, "room7": -0.49693983799999997, "room10": -1.18283093, "room12": -1.131170273, "room9": -1.0924962759999999}, "spk2": {"room5": -1.038797855, "room0": -0.8394126890000001}, "spk23": {"room4": -0.9135435820000001, "room7": -0.793935835, "room2": -1.17040062, "room10": -1.062521458, "room12": -1.151008725, "room9": -1.484548926}, "spk15": {"room10": -0.023351333999999998}, "spk28": {"room10": 0.235997021}, "spk24": {"room1": -1.049075365}, "spk12": {"room10": 2.407388449}, "spk8": {"room10": -0.991740823}, "spk17": {"room5": -0.8803783059999999, "room0": -1.136216879}, "spk11": {"room3": -0.6960657240000001, "room4": -1.848402858, "room7": -1.025887728, "room2": -0.98080492, "room12": -0.729450941, "room9": -1.465311646}, "spk19": {"room4": 0.176479235, "room7": -0.455588669, "room12": 0.520204425}, "spk13": {"room4": -0.277912915, "room12": -1.010509372}, "spk31": {"room10": 1.151013255}, "spk6": {"room10": -0.15430986900000002}, "spk3": {"room3": -2.053275347, "room5": -0.76470989, "room7": -1.317804694, "room0": -1.3788046840000001, "room2": -1.247394562, "room9": -1.319463134}, "spk0": {"room3": 0.744484305}, "spk20": {"room10": 0.6596364379999999}, "spk26": {"room2": -0.106386364}, "spk16": {"room3": -1.535847187, "room4": -0.324860066, "room7": -1.2509044409999999, "room12": -0.6339811089999999, "room9": -0.7714849109999999}, "spk27": {"room5": -1.049917698, "room0": -1.261947751}, "spk25": {"room1": -1.7288403509999999}, "spk21": {"room3": -0.871969283, "room4": -0.252463549, "room2": -0.765397847, "room12": -0.743420422}, "spk30": {"room4": -0.635376632, "room2": -1.02564168, "room12": -0.822109878}, "spk4": {"room6": -1.322146416}, "spk14": {"room10": -0.05245221}, "spk7": {"room12": -0.300526172}, "spk1": {"room5": -0.83656764, "room0": -1.291535258}}}