{"meta": {"speaker": "spk18", "room": "room5"}, "data": {"spk22": {"room0": 0.47297436}, "spk10": {"room4": 0.127866447, "room12": 0.540510178}, "spk18": {"room5": 11.11710262, "room0": 10.21421623, "room2": 3.963208914}, "spk29": {"room10": -0.125659272}, "spk5": {"room3": -1.213425398, "room5": -1.3813631530000001, "room0": -1.26541996}, "spk9": {"room4": -0.874511898, "room7": -0.530370176, "room10": -0.044824839000000005, "room12": -1.036807895, "room9": -0.29254031199999997}, "spk2": {"room5": -0.219606325, "room0": 0.659197748}, "spk23": {"room4": -0.080320463, "room7": -0.227690905, "room2": 0.254492879, "room10": 0.098196022, "room12": -0.270014495, "room9": -0.794457495}, "spk15": {"room10": -0.036009241000000004}, "spk28": {"room10": 0.668262541}, "spk24": {"room1": -0.578662336}, "spk12": {"room10": 2.59832716}, "spk8": {"room10": 1.1805602309999998}, "spk17": {"room5": -0.697095275, "room0": -0.239589676}, "spk11": {"room3": 0.594532967, "room4": -0.319461256, "room7": 0.218784422, "room2": 0.589648366, "room12": -0.08433345699999999, "room9": 0.38055282799999995}, "spk19": {"room4": 0.332143247, "room7": 0.16664087800000002, "room12": 0.326637745}, "spk13": {"room4": 0.6464796070000001, "room12": 0.847142935}, "spk31": {"room10": 1.607188344}, "spk6": {"room10": 0.794430256}, "spk3": {"room3": -0.983882666, "room5": -0.095001265, "room7": -1.016769648, "room0": -0.73793751, "room2": -0.834818304, "room9": -0.91426301}, "spk0": {"room3": 0.7094534640000001}, "spk20": {"room10": -0.08098936799999999}, "spk26": {"room2": 1.150673628}, "spk16": {"room3": -0.396624684, "room4": -0.20116020699999998, "room7": -0.076404557, "room12": 0.441511452, "room9": -0.039555173}, "spk27": {"room5": -0.582955778, "room0": -0.230700061}, "spk25": {"room1": -0.6184391379999999}, "spk21": {"room3": -0.666007221, "room4": -0.211813852, "room2": 0.080880068, "room12": -0.410331964}, "spk30": {"room4": 0.044035237000000005, "room2": -0.307628691, "room12": 0.38642963799999996}, "spk4": {"room6": -0.198286459}, "spk14": {"room10": 0.69408077}, "spk7": {"room12": -0.549664736}, "spk1": {"room5": -0.554950535, "room0": 0.059104692}}}