{"meta": {"speaker": "spk18", "room": "room8"}, "data": {"spk22": {"room0": -1.061586857}, "spk10": {"room4": -1.786342144, "room12": -1.6319445369999999}, "spk18": {"room5": 2.101601601, "room0": 2.384744167, "room2": 4.763287544}, "spk29": {"room10": -1.714502096}, "spk5": {"room3": -1.116834283, "room5": -1.00061667, "room0": -1.13860321}, "spk9": {"room4": -1.3544200659999999, "room7": -0.85800612, "room10": -1.538120985, "room12": -1.3825083969999998, "room9": -1.2575730090000001}, "spk2": {"room5": -1.033068299, "room0": -1.277035117}, "spk23": {"room4": -1.601070046, "room7": -1.244666338, "room2": -1.591393113, "room10": -1.138562799, "room12": -1.618664265, "room9": -1.556643248}, "spk15": {"room10": -0.810045302}, "spk28": {"room10": 1.020249844}, "spk24": {"room1": -0.660271704}, "spk12": {"room10": 0.7345225209999999}, "spk8": {"room10": -1.187470794}, "spk17": {"room5": -1.188485622, "room0": -0.935782135}, "spk11": {"room3": -1.062837362, "room4": -1.8134598730000002, "room7": -1.006726027, "room2": -1.230351806, "room12": -0.665163398, "room9": -1.776547909}, "spk19": {"room4": 1.30221355, "room7": 0.08283839400000001, "room12": 1.017591834}, "spk13": {"room4": -0.713979542, "room12": -1.472599983}, "spk31": {"room10": 1.022375822}, "spk6": {"room10": -0.162105188}, "spk3": {"room3": -1.639182806, "room5": -0.326994747, "room7": -1.42905426, "room0": -1.070912004, "room2": -0.836007059, "room9": -1.158632398}, "spk0": {"room3": -0.35467276}, "spk20": {"room10": 0.194245175}, "spk26": {"room2": -0.052695575999999994}, "spk16": {"room3": -1.2464579340000002, "room4": -0.37009999200000004, "room7": -0.9041504859999999, "room12": -1.128373265, "room9": -0.69616437}, "spk27": {"room5": -1.297898054, "room0": -1.460660934}, "spk25": {"room1": -1.320795774}, "spk21": {"room3": -1.1040091509999999, "room4": -0.8086829190000001, "room2": -0.667349458, "room12": -1.354992867}, "spk30": {"room4": 1.296352148, "room2": 0.432951242, "room12": 1.089054823}, "spk4": {"room6": -1.467672944}, "spk14": {"room10": -0.20821416399999998}, "spk7": {"room12": -0.857754171}, "spk1": {"room5": -1.05256331, "room0": -1.485391259}}}