{"meta": {"speaker": "spk18", "room": "room8"}, "data": {"spk22": {"room0": -0.6744654179999999}, "spk10": {"room4": -1.588980913, "room12": -0.938492358}, "spk18": {"room5": 2.881386757, "room0": 2.394818068, "room2": 3.679487228}, "spk29": {"room10": -1.224852562}, "spk5": {"room3": -1.074806809, "room5": -1.085031033, "room0": -1.09645474}, "spk9": {"room4": -0.66358912, "room7": -0.46254617, "room10": -1.155418396, "room12": -0.598872721, "room9": -0.711207211}, "spk2": {"room5": -0.7941965459999999, "room0": -1.018334389}, "spk23": {"room4": -1.470545292, "room7": -0.8813688159999999, "room2": -1.4593694209999999, "room10": -0.9746627809999999, "room12": -1.2817525859999999, "room9": -1.583065867}, "spk15": {"room10": -0.421576679}, "spk28": {"room10": 0.029815456}, "spk24": {"room1": -1.04996419}, "spk12": {"room10": 2.040886402}, "spk8": {"room10": -0.812794685}, "spk17": {"room5": -0.8803672790000001, "room0": -0.75411737}, "spk11": {"room3": -0.531075835, "room4": -1.431092143, "room7": -0.6865771409999999, "room2": -0.758132935, "room12": -0.562142491, "room9": -1.5401564840000002}, "spk19": {"room4": 0.746247232, "room7": 0.460383415, "room12": 1.1226618290000001}, "spk13": {"room4": -0.462816894, "room12": -1.177642345}, "spk31": {"room10": 0.834151089}, "spk6": {"room10": -0.806501865}, "spk3": {"room3": -1.774751186, "room5": -0.56313765, "room7": -0.860946298, "room0": -1.033429623, "room2": -0.9186714890000001, "room9": -0.918752015}, "spk0": {"room3": 0.094575077}, "spk20": {"room10": 0.110492423}, "spk26": {"room2": -0.565739155}, "spk16": {"room3": -0.9948912259999999, "room4": -0.341579825, "room7": -0.904544771, "room12": -0.695211887, "room9": -0.627310693}, "spk27": {"room5": -0.781575978, "room0": -1.100883007}, "spk25": {"room1": -1.2945942879999999}, "spk21": {"room3": -0.889779985, "room4": -0.429852635, "room2": -0.72035569, "room12": -0.90392679}, "spk30": {"room4": -0.323106915, "room2": -0.281933278, "room12": -0.512958944}, "spk4": {"room6": -1.1369950770000001}, "spk14": {"room10": -0.408272862}, "spk7": {"room12": -0.672356725}, "spk1": {"room5": -0.830147803, "room0": -1.020088077}}}