{"meta": {"speaker": "spk18", "room": "room8"}, "data": {"spk22": {"room0": 0.230691642}, "spk10": {"room4": -0.347995788, "room12": 0.24842929800000002}, "spk18": {"room5": 2.778262377, "room0": 2.68301177, "room2": 2.207566977}, "spk29": {"room10": -0.91365093}, "spk5": {"room3": -0.21222139899999998, "room5": -0.6847200990000001, "room0": -0.33665174200000003}, "spk9": {"room4": -0.6688827279999999, "room7": -0.465380371, "room10": -1.483756065, "room12": -1.105422735, "room9": -0.845228016}, "spk2": {"room5": -0.670808554, "room0": -0.406936646}, "spk23": {"room4": -0.292795837, "room7": 0.393093884, "room2": -0.029377677999999997, "room10": 0.563012421, "room12": 0.093277074, "room9": -0.268505871}, "spk15": {"room10": 1.2273857590000001}, "spk28": {"room10": -0.332719266}, "spk24": {"room1": -0.9412785770000001}, "spk12": {"room10": 4.528982639}, "spk8": {"room10": 0.09773901800000001}, "spk17": {"room5": 1.335439324, "room0": -0.090458654}, "spk11": {"room3": -1.620027661, "room4": -2.031311035, "room7": -0.391179889, "room2": -1.828301072, "room12": -0.8861885070000001, "room9": -1.880738854}, "spk19": {"room4": 1.100563049, "room7": 1.808538914, "room12": 0.736330032}, "spk13": {"room4": 0.18101421, "room12": -0.785544455}, "spk31": {"room10": 0.930077136}, "spk6": {"room10": 0.9204862709999999}, "spk3": {"room3": -2.133038044, "room5": 0.11482486900000001, "room7": -0.6567159889999999, "room0": -1.820045471, "room2": -1.4711647030000001, "room9": -0.644372761}, "spk0": {"room3": 0.116827846}, "spk20": {"room10": 2.375623465}, "spk26": {"room2": 1.5635919569999999}, "spk16": {"room3": -1.507525206, "room4": 0.254146844, "room7": -1.508870959, "room12": -0.5720383520000001, "room9": -0.376326472}, "spk27": {"room5": -0.499768615, "room0": -0.466141701}, "spk25": {"room1": -0.268307179}, "spk21": {"room3": 1.425090432, "room4": 2.545030355, "room2": 0.842089415, "room12": 1.654284716}, "spk30": {"room4": -0.365895301, "room2": -1.418064833, "room12": -0.193427354}, "spk4": {"room6": 0.379147112}, "spk14": {"room10": -0.146214336}, "spk7": {"room12": -0.9646457429999999}, "spk1": {"room5": -0.177489743, "room0": -0.69724524}}}