{"meta": {"speaker": "spk18", "room": "room7"}, "data": {"spk22": {"room0": 0.5941452979999999}, "spk10": {"room4": -0.204398036, "room12": 0.18647702}, "spk18": {"room5": 8.154849052000001, "room0": 8.737885475, "room2": 3.5114407539999997}, "spk29": {"room10": -0.564975977}, "spk5": {"room3": -0.951347947, "room5": -1.02511692, "room0": -0.783257544}, "spk9": {"room4": -0.6063495870000001, "room7": -0.12199182800000001, "room10": -0.19566513600000002, "room12": -0.73958528, "room9": -0.157460809}, "spk2": {"room5": -0.596004426, "room0": 0.508401096}, "spk23": {"room4": 0.42591550899999997, "room7": -0.227677613, "room2": 0.457918227, "room10": 0.752567112, "room12": -0.15028502, "room9": -0.049508061}, "spk15": {"room10": 0.08743750300000001}, "spk28": {"room10": -0.13891039800000002}, "spk24": {"room1": -0.290893584}, "spk12": {"room10": 2.481673717}, "spk8": {"room10": 0.116616972}, "spk17": {"room5": -0.106220417, "room0": -0.223823771}, "spk11": {"room3": -0.29073303899999997, "room4": -0.197533563, "room7": -0.22761292800000002, "room2": 0.155641243, "room12": -0.10757084199999999, "room9": -0.337895334}, "spk19": {"room4": 0.10799825199999999, "room7": 0.66189009, "room12": -0.208349973}, "spk13": {"room4": 0.382125229, "room12": 0.533249497}, "spk31": {"room10": 0.94206506}, "spk6": {"room10": 0.209488288}, "spk3": {"room3": -0.93947947, "room5": 0.270872891, "room7": -0.435985863, "room0": -0.670142293, "room2": -0.671414554, "room9": -0.377036482}, "spk0": {"room3": 0.735273898}, "spk20": {"room10": 0.059042520999999994}, "spk26": {"room2": 0.848170102}, "spk16": {"room3": -0.622819304, "room4": 0.095142111, "room7": -0.49156010200000005, "room12": 0.186221838, "room9": -0.66803509}, "spk27": {"room5": 0.156107679, "room0": 0.087057546}, "spk25": {"room1": -0.60025394}, "spk21": {"room3": -0.672720671, "room4": 0.003212058, "room2": 0.725488901, "room12": 0.487423062}, "spk30": {"room4": 0.08635845800000001, "room2": -0.68259728, "room12": 0.403734565}, "spk4": {"room6": -0.772087693}, "spk14": {"room10": 0.314683855}, "spk7": {"room12": -0.542810738}, "spk1": {"room5": -0.556151092, "room0": 0.025959915}}}