{"meta": {"speaker": "spk18", "room": "room8"}, "data": {"spk22": {"room0": -1.027270913}, "spk10": {"room4": -2.057302237, "room12": -1.108599663}, "spk18": {"room5": 4.065930367, "room0": 3.1550788880000002, "room2": 4.101510525}, "spk29": {"room10": -1.627649665}, "spk5": {"room3": -1.825880289, "room5": -1.8354886769999998, "room0": -1.5791679619999999}, "spk9": {"room4": -1.7133803369999998, "room7": -0.895700753, "room10": -1.183205366, "room12": -1.63702333, "room9": -1.43504405}, "spk2": {"room5": -1.138164282, "room0": -0.6712118979999999}, "spk23": {"room4": -1.888163328, "room7": -1.933327675, "room2": -0.8188598159999999, "room10": -1.240244269, "room12": -1.781906486, "room9": -1.828953981}, "spk15": {"room10": -0.221355245}, "spk28": {"room10": -0.030734473999999998}, "spk24": {"room1": -2.048066378}, "spk12": {"room10": 0.8640050290000001}, "spk8": {"room10": -0.98921454}, "spk17": {"room5": -1.2437515259999998, "room0": -1.779322505}, "spk11": {"room3": -1.229352236, "room4": -1.4859365219999998, "room7": -1.13795507, "room2": -1.4127551319999998, "room12": -0.900181353, "room9": -1.6551384930000002}, "spk19": {"room4": 0.186679304, "room7": -0.15177522599999999, "room12": 0.481316507}, "spk13": {"room4": -1.129060507, "room12": -0.894759834}, "spk31": {"room10": 0.986708522}, "spk6": {"room10": -0.392571419}, "spk3": {"room3": -2.502685308, "room5": -0.722245276, "room7": -2.125451088, "room0": -1.435330987, "room2": -1.632178903, "room9": -1.5809961559999999}, "spk0": {"room3": -0.418390334}, "spk20": {"room10": 0.23001711100000002}, "spk26": {"room2": -0.403555065}, "spk16": {"room3": -1.839751124, "room4": -0.846703172, "room7": -1.623318672, "room12": -0.809328675, "room9": -1.025427938}, "spk27": {"room5": -1.467339039, "room0": -1.471547961}, "spk25": {"room1": -1.638169169}, "spk21": {"room3": -0.5325272679999999, "room4": -0.745461404, "room2": -0.598947644, "room12": -1.180890322}, "spk30": {"room4": -0.166991353, "room2": -1.146309733, "room12": -0.08808516699999999}, "spk4": {"room6": -1.625561595}, "spk14": {"room10": -0.518881083}, "spk7": {"room12": -1.44549644}, "spk1": {"room5": -0.895066202, "room0": -1.00214839}}}