{"meta": {"speaker": "spk18", "room": "room0"}, "data": {"spk22": {"room0": 0.066434316}, "spk10": {"room4": -0.382196575, "room12": -0.03022016}, "spk18": {"room5": 8.810017586, "room0": 7.913572788, "room2": 3.346108198}, "spk29": {"room10": -0.721286833}, "spk5": {"room3": -0.579688549, "room5": -0.571443558, "room0": -0.762745917}, "spk9": {"room4": -0.7315812709999999, "room7": -0.179756865, "room10": 0.012901244, "room12": -0.383393645, "room9": -0.324182779}, "spk2": {"room5": 0.491799265, "room0": 0.9020714759999999}, "spk23": {"room4": -0.38214036799999995, "room7": -0.750047207, "room2": -0.110001385, "room10": -0.012646781000000001, "room12": -0.436254263, "room9": -0.503666043}, "spk15": {"room10": 0.33214032600000004}, "spk28": {"room10": 0.464025289}, "spk24": {"room1": -0.548604667}, "spk12": {"room10": 2.925346851}, "spk8": {"room10": -0.083228901}, "spk17": {"room5": -0.154102236, "room0": -0.49535852700000005}, "spk11": {"room3": -0.036078352, "room4": -0.325817943, "room7": -0.03668943, "room2": 0.129745007, "room12": -0.04860178, "room9": -0.3464908}, "spk19": {"room4": -0.054015882, "room7": 0.035580713, "room12": 0.20786483600000003}, "spk13": {"room4": 0.12458194800000001, "room12": 0.140079692}, "spk31": {"room10": 0.732222736}, "spk6": {"room10": 0.140490308}, "spk3": {"room3": -1.244143605, "room5": -0.058558632, "room7": -0.762344658, "room0": -1.013711333, "room2": -0.715079784, "room9": -0.643578112}, "spk0": {"room3": 0.8531814809999999}, "spk20": {"room10": 0.49979171200000005}, "spk26": {"room2": 0.697283924}, "spk16": {"room3": -0.306746185, "room4": -0.13281773, "room7": -0.002592045, "room12": 0.310567141, "room9": -0.326514423}, "spk27": {"room5": -0.267255366, "room0": 0.054748133}, "spk25": {"room1": -0.65101099}, "spk21": {"room3": -0.9249809379999999, "room4": -0.36782187200000005, "room2": 0.390645266, "room12": 0.058805548}, "spk30": {"room4": 0.02403928, "room2": -0.758272052, "room12": 0.395625681}, "spk4": {"room6": -0.7072157259999999}, "spk14": {"room10": 0.17485910699999999}, "spk7": {"room12": -0.429379076}, "spk1": {"room5": -0.320756227, "room0": -0.26876741600000004}}}