{"meta": {"speaker": "spk18", "room": "room7"}, "data": {"spk22": {"room0": -0.881313145}, "spk10": {"room4": -0.7010601759999999, "room12": -0.127859116}, "spk18": {"room5": 10.15996933, "room0": 9.482995033, "room2": 4.993478775}, "spk29": {"room10": -0.993452728}, "spk5": {"room3": -1.529738188, "room5": -1.880719781, "room0": -1.654929876}, "spk9": {"room4": -1.110372663, "room7": -0.910983145, "room10": -1.178635597, "room12": -1.524361134, "room9": -0.959489822}, "spk2": {"room5": -1.3501448630000001, "room0": -0.595988512}, "spk23": {"room4": -0.8130813840000001, "room7": -0.9949548840000001, "room2": -0.643811047, "room10": -0.8824040890000001, "room12": -0.7769899370000001, "room9": -1.148863912}, "spk15": {"room10": -0.5181475879999999}, "spk28": {"room10": 0.29800874}, "spk24": {"room1": -1.325532556}, "spk12": {"room10": 2.390626192}, "spk8": {"room10": 0.212533191}, "spk17": {"room5": -0.408946961, "room0": -0.53433305}, "spk11": {"room3": -0.9493331309999999, "room4": -1.7520453930000002, "room7": -1.172300696, "room2": -0.732027292, "room12": -1.107283473, "room9": -1.197355151}, "spk19": {"room4": 0.687752128, "room7": 0.8341493609999999, "room12": 0.06426599599999999}, "spk13": {"room4": -0.37369772799999995, "room12": -0.529244125}, "spk31": {"room10": 1.348084092}, "spk6": {"room10": -0.193458155}, "spk3": {"room3": -1.517691374, "room5": -0.49761593299999995, "room7": -1.6182365419999998, "room0": -1.399403095, "room2": -1.763710499, "room9": -1.307287812}, "spk0": {"room3": 0.48367095}, "spk20": {"room10": 1.048452973}, "spk26": {"room2": -0.001929525}, "spk16": {"room3": -1.5410808319999998, "room4": -0.95633626, "room7": -1.194087148, "room12": -0.23617561199999998, "room9": -1.140912533}, "spk27": {"room5": -0.5860982539999999, "room0": -0.35738834700000005}, "spk25": {"room1": -1.2374025579999999}, "spk21": {"room3": -1.011546969, "room4": -0.329058886, "room2": -0.418371499, "room12": -0.565065086}, "spk30": {"room4": 0.044125002, "room2": -0.658905447, "room12": 0.044184159}, "spk4": {"room6": -1.012468338}, "spk14": {"room10": -0.41967043299999995}, "spk7": {"room12": -1.6554120780000001}, "spk1": {"room5": -1.357434511, "room0": -1.24026978}}}