{"meta": {"speaker": "spk18", "room": "room9"}, "data": {"spk22": {"room0": -0.295819879}, "spk10": {"room4": -1.009365082, "room12": -0.25592649}, "spk18": {"room5": 7.7719912529999995, "room0": 7.172187805, "room2": 4.795300007}, "spk29": {"room10": -0.310997277}, "spk5": {"room3": -0.835238039, "room5": -0.868806422, "room0": -0.722294331}, "spk9": {"room4": -0.822581351, "room7": -0.5482570529999999, "room10": -0.49782863299999996, "room12": -0.931060433, "room9": -0.617224097}, "spk2": {"room5": -0.917541742, "room0": -0.654233932}, "spk23": {"room4": -0.43505966700000004, "room7": -0.224920675, "room2": -0.193623632, "room10": -0.3333233, "room12": -0.6248071789999999, "room9": -0.43535950799999995}, "spk15": {"room10": -0.593301833}, "spk28": {"room10": 0.17338199899999998}, "spk24": {"room1": -0.570056498}, "spk12": {"room10": 2.2873697280000003}, "spk8": {"room10": 0.23907843199999998}, "spk17": {"room5": -0.6188349129999999, "room0": -0.391717046}, "spk11": {"room3": -0.047651205, "room4": -0.7758705020000001, "room7": -0.5606424210000001, "room2": -0.17861159100000001, "room12": -0.582290292, "room9": -0.7469962840000001}, "spk19": {"room4": -0.076179735, "room7": 0.694852948, "room12": -0.40816620000000003}, "spk13": {"room4": -0.251853406, "room12": -0.08530806}, "spk31": {"room10": 1.5423995259999999}, "spk6": {"room10": -0.32952237100000004}, "spk3": {"room3": -0.68041116, "room5": -0.344760031, "room7": -0.550426602, "room0": -0.613546073, "room2": -0.48248997299999996, "room9": -0.764730692}, "spk0": {"room3": -0.245196238}, "spk20": {"room10": 0.883487165}, "spk26": {"room2": 0.026015987999999997}, "spk16": {"room3": -0.521196604, "room4": -0.401406616, "room7": -0.142140433, "room12": 0.33551633399999997, "room9": -0.701067269}, "spk27": {"room5": -0.6972833279999999, "room0": -0.39753612899999996}, "spk25": {"room1": -0.43458852200000003}, "spk21": {"room3": -0.695640624, "room4": -0.40571159100000004, "room2": -0.407565296, "room12": -0.371527702}, "spk30": {"room4": 0.170317948, "room2": -0.635042429, "room12": 0.051460255}, "spk4": {"room6": -0.387185723}, "spk14": {"room10": -0.167345271}, "spk7": {"room12": -0.872166216}, "spk1": {"room5": -0.782093644, "room0": -0.504614294}}}