{"meta": {"speaker": "spk18", "room": "room8"}, "data": {"spk22": {"room0": -1.4824492930000002}, "spk10": {"room4": -1.3830572369999998, "room12": -1.044219971}, "spk18": {"room5": 1.29632628, "room0": 0.648304105, "room2": 1.9217088219999998}, "spk29": {"room10": -2.23767972}, "spk5": {"room3": -1.7219774719999998, "room5": -1.801401615, "room0": -1.7533856630000002}, "spk9": {"room4": -1.991601229, "room7": -1.5159760709999999, "room10": -2.111997604, "room12": -1.7996635440000002, "room9": -1.938713312}, "spk2": {"room5": -1.5812053680000002, "room0": -1.364794254}, "spk23": {"room4": -1.5818115469999998, "room7": -1.941810489, "room2": -1.5185176130000002, "room10": -1.150091171, "room12": -1.327573299, "room9": -1.651382685}, "spk15": {"room10": -0.292388082}, "spk28": {"room10": -0.011045708999999999}, "spk24": {"room1": -1.54346776}, "spk12": {"room10": 0.8490762709999999}, "spk8": {"room10": 0.053878915}, "spk17": {"room5": -0.585650504, "room0": -1.166865826}, "spk11": {"room3": -1.8675625319999998, "room4": -1.858951688, "room7": -1.656192899, "room2": -2.117213249, "room12": -1.3906773330000002, "room9": -1.455762982}, "spk19": {"room4": 2.248443842, "room7": 1.32333672, "room12": 1.2136209009999999}, "spk13": {"room4": -1.3282836679999999, "room12": -1.385401487}, "spk31": {"room10": 1.1677984}, "spk6": {"room10": -0.39679375299999997}, "spk3": {"room3": -2.51213789, "room5": -1.026804209, "room7": -1.988802552, "room0": -1.6690666680000001, "room2": -1.495886803, "room9": -2.082334042}, "spk0": {"room3": -0.446839899}, "spk20": {"room10": 0.638922811}, "spk26": {"room2": -0.893708229}, "spk16": {"room3": -2.603100777, "room4": -1.181470871, "room7": -2.1410686969999997, "room12": -1.6872265340000001, "room9": -2.054473162}, "spk27": {"room5": -1.208769083, "room0": -2.108371258}, "spk25": {"room1": -2.112677574}, "spk21": {"room3": -0.7043217420000001, "room4": -1.170055866, "room2": -0.614477038, "room12": -1.020273566}, "spk30": {"room4": 0.13383288699999998, "room2": -0.752231717, "room12": 0.527684212}, "spk4": {"room6": -1.622957706}, "spk14": {"room10": -1.30472374}, "spk7": {"room12": -1.83204174}, "spk1": {"room5": -1.7790725230000002, "room0": -1.1457990409999999}}}