{"meta": {"speaker": "spk18", "room": "room8"}, "data": {"spk22": {"room0": -0.857182503}, "spk10": {"room4": -1.742301464, "room12": -0.929619014}, "spk18": {"room5": 3.231105804, "room0": 3.297544479, "room2": 3.0195569989999997}, "spk29": {"room10": -1.35362196}, "spk5": {"room3": -1.2613917590000001, "room5": -1.251361728, "room0": -1.627432346}, "spk9": {"room4": -1.2498630290000001, "room7": -0.695371807, "room10": -1.209513187, "room12": -1.1346246000000002, "room9": -1.067712545}, "spk2": {"room5": -0.48676759, "room0": -0.63127327}, "spk23": {"room4": -1.31996572, "room7": -1.394521356, "room2": -0.742991567, "room10": -0.514151812, "room12": -0.8521360159999999, "room9": -1.214914441}, "spk15": {"room10": 0.143847227}, "spk28": {"room10": 0.7414557340000001}, "spk24": {"room1": -1.2530907390000001}, "spk12": {"room10": -0.10098358199999999}, "spk8": {"room10": -0.304785013}, "spk17": {"room5": -1.040509462, "room0": -1.185892701}, "spk11": {"room3": -0.794339418, "room4": -1.224318147, "room7": -0.627841234, "room2": -0.833995461, "room12": -0.789505005, "room9": -1.196717978}, "spk19": {"room4": 0.585933626, "room7": 0.21528703, "room12": 0.484419316}, "spk13": {"room4": -0.47101637700000004, "room12": -1.0960786340000002}, "spk31": {"room10": 0.9520238040000001}, "spk6": {"room10": -0.612317741}, "spk3": {"room3": -1.778840899, "room5": -0.378442228, "room7": -1.463337779, "room0": -1.113535762, "room2": -0.992258787, "room9": -1.280569792}, "spk0": {"room3": -0.324001759}, "spk20": {"room10": -0.9182991979999999}, "spk26": {"room2": -0.225611433}, "spk16": {"room3": -1.345546484, "room4": -0.7786778209999999, "room7": -1.244826317, "room12": -0.7806026340000001, "room9": -0.927795768}, "spk27": {"room5": -1.094981432, "room0": -1.44513762}, "spk25": {"room1": -1.5874350069999998}, "spk21": {"room3": -0.658203423, "room4": -0.689801276, "room2": -0.328123719, "room12": -0.850318372}, "spk30": {"room4": -0.07402098900000001, "room2": -0.47442114399999996, "room12": 0.302131176}, "spk4": {"room6": -1.465225935}, "spk14": {"room10": -0.31620135899999996}, "spk7": {"room12": -1.152137756}, "spk1": {"room5": -0.8759106990000001, "room0": -0.957644582}}}