{"meta": {"speaker": "spk18", "room": "room2"}, "data": {"spk22": {"room0": -0.445746601}, "spk10": {"room4": -1.457538486, "room12": -0.627289116}, "spk18": {"room5": 7.825478554, "room0": 7.577541827999999, "room2": 8.02064991}, "spk29": {"room10": -0.83671093}, "spk5": {"room3": -0.9481999870000001, "room5": -0.95448041, "room0": -0.756296933}, "spk9": {"room4": -1.310967684, "room7": -0.519299567, "room10": -1.040356517, "room12": -0.803442359, "room9": -1.082928658}, "spk2": {"room5": -1.33313036, "room0": -1.138843894}, "spk23": {"room4": -1.44438076, "room7": -0.9007629159999999, "room2": -1.46312058, "room10": -0.938364089, "room12": -1.405890226, "room9": -1.544114828}, "spk15": {"room10": -0.703033626}, "spk28": {"room10": 0.7263041140000001}, "spk24": {"room1": -1.398955584}, "spk12": {"room10": 2.253116131}, "spk8": {"room10": -0.790623486}, "spk17": {"room5": -1.293232322, "room0": -1.076512098}, "spk11": {"room3": -0.20077499699999998, "room4": -1.166281939, "room7": -0.534060955, "room2": -0.397891402, "room12": -0.53261894, "room9": -1.121466279}, "spk19": {"room4": -0.624081731, "room7": -0.008469909, "room12": -0.7835077640000001}, "spk13": {"room4": -0.23338395399999998, "room12": -0.68378973}, "spk31": {"room10": 1.90342176}, "spk6": {"room10": -0.12994098699999998}, "spk3": {"room3": -0.8172329070000001, "room5": -0.545857728, "room7": -0.8396012190000001, "room0": -0.546815574, "room2": -0.497785032, "room9": -0.800263762}, "spk0": {"room3": 0.8615006209999999}, "spk20": {"room10": 1.4656453130000002}, "spk26": {"room2": 0.12921983}, "spk16": {"room3": -0.9613327979999999, "room4": -0.223663747, "room7": -0.682489157, "room12": -0.592496097, "room9": -0.657022595}, "spk27": {"room5": -1.251373649, "room0": -1.311900735}, "spk25": {"room1": -1.136961937}, "spk21": {"room3": -0.504771531, "room4": -0.576042116, "room2": -0.76366657, "room12": -0.9005059000000001}, "spk30": {"room4": 0.147988662, "room2": 1.061829448, "room12": 0.432354778}, "spk4": {"room6": -0.707107782}, "spk14": {"room10": -0.009255672}, "spk7": {"room12": -0.62416625}, "spk1": {"room5": -0.756669879, "room0": -0.611849844}}}