{"meta": {"speaker": "spk18", "room": "room8"}, "data": {"spk22": {"room0": -0.180095315}, "spk10": {"room4": -1.5589500669999998, "room12": -0.349636227}, "spk18": {"room5": 4.177621841000001, "room0": 4.4016566280000005, "room2": 7.043522835}, "spk29": {"room10": -1.636912823}, "spk5": {"room3": -0.158317491, "room5": -0.652189314, "room0": -0.217013195}, "spk9": {"room4": -0.881802678, "room7": -0.570999444, "room10": -0.914166033, "room12": -0.579159677, "room9": -0.192460313}, "spk2": {"room5": -0.314296752, "room0": -0.156038851}, "spk23": {"room4": -0.6562722329999999, "room7": -0.065447628, "room2": -0.185805589, "room10": -0.345106691, "room12": -0.639197826, "room9": -0.8785923720000001}, "spk15": {"room10": -0.06405983900000001}, "spk28": {"room10": 0.020972725}, "spk24": {"room1": -0.548220932}, "spk12": {"room10": 2.027534008}, "spk8": {"room10": -0.446965903}, "spk17": {"room5": -0.17970623100000002, "room0": -0.332306653}, "spk11": {"room3": -0.733167171, "room4": -0.919578612, "room7": -0.44084981100000004, "room2": -1.1185890440000001, "room12": -0.160686687, "room9": -0.605797052}, "spk19": {"room4": 0.716646314, "room7": -0.030018657, "room12": 0.562471986}, "spk13": {"room4": -0.476624131, "room12": -0.5750266310000001}, "spk31": {"room10": 1.236184955}, "spk6": {"room10": 0.474881619}, "spk3": {"room3": -1.440513968, "room5": -0.05486859, "room7": -0.7061507109999999, "room0": -0.722950339, "room2": -0.8165764809999999, "room9": -0.6999231579999999}, "spk0": {"room3": 0.161370546}, "spk20": {"room10": 1.690756559}, "spk26": {"room2": 0.370850831}, "spk16": {"room3": -1.300438166, "room4": 0.17037262, "room7": -1.064633012, "room12": -0.570118308, "room9": -0.347735256}, "spk27": {"room5": -0.294050217, "room0": -0.49842113299999996}, "spk25": {"room1": -0.658092439}, "spk21": {"room3": 0.624515533, "room4": 0.954387605, "room2": 0.37526851899999997, "room12": 0.42723015}, "spk30": {"room4": -0.266594023, "room2": -1.151726246, "room12": 0.09766785800000001}, "spk4": {"room6": -0.417836845}, "spk14": {"room10": 0.12131697699999999}, "spk7": {"room12": -0.490168095}, "spk1": {"room5": -0.370722741, "room0": -0.7228037709999999}}}