{"meta": {"speaker": "spk18", "room": "room5"}, "data": {"spk22": {"room0": -0.26472100600000004}, "spk10": {"room4": -0.505512953, "room12": -0.314464688}, "spk18": {"room5": 9.849938393, "room0": 9.061037064, "room2": 5.1380867960000005}, "spk29": {"room10": -0.388529897}, "spk5": {"room3": -1.031677604, "room5": -1.11637938, "room0": -0.88200146}, "spk9": {"room4": -0.8893876079999999, "room7": -0.49937617799999995, "room10": -0.5110117789999999, "room12": -0.708480716, "room9": -0.608159304}, "spk2": {"room5": -0.34976887700000003, "room0": -0.089172982}, "spk23": {"room4": -0.710457146, "room7": -0.6900749209999999, "room2": -0.49125462799999997, "room10": -0.385765344, "room12": -0.736014843, "room9": -0.819610715}, "spk15": {"room10": -0.647389352}, "spk28": {"room10": 0.143784523}, "spk24": {"room1": -0.802348435}, "spk12": {"room10": 3.37748313}, "spk8": {"room10": 0.46476516100000004}, "spk17": {"room5": -0.841114163, "room0": -0.581595302}, "spk11": {"room3": -0.51767993, "room4": -0.9131000640000001, "room7": -0.616067767, "room2": -0.145213589, "room12": -0.343482137, "room9": -0.647756815}, "spk19": {"room4": 0.542078197, "room7": 0.28214493399999996, "room12": -0.23628194600000002}, "spk13": {"room4": 0.20194470899999997, "room12": 0.082337134}, "spk31": {"room10": 1.02251029}, "spk6": {"room10": -0.264295787}, "spk3": {"room3": -1.318459034, "room5": 0.016491702, "room7": -0.97052592, "room0": -0.8245882990000001, "room2": -0.600373864, "room9": -0.9011372329999999}, "spk0": {"room3": 0.069605477}, "spk20": {"room10": 0.878222644}, "spk26": {"room2": 0.525734127}, "spk16": {"room3": -0.47012001299999995, "room4": -0.549978435, "room7": -0.618691027, "room12": -0.03805387, "room9": -0.6788685320000001}, "spk27": {"room5": -0.6861915590000001, "room0": -0.632411301}, "spk25": {"room1": -0.492417455}, "spk21": {"room3": -0.46952629100000004, "room4": 0.000498858, "room2": 0.438334048, "room12": -0.324762225}, "spk30": {"room4": -0.16260723800000002, "room2": -1.239021182, "room12": -0.454887241}, "spk4": {"room6": -0.256307781}, "spk14": {"room10": 0.063947663}, "spk7": {"room12": -0.555130541}, "spk1": {"room5": -0.8263114090000001, "room0": -0.275272489}}}