{"meta": {"speaker": "spk18", "room": "room8"}, "data": {"spk22": {"room0": -1.357238054}, "spk10": {"room4": -1.7903521059999998, "room12": -1.251855612}, "spk18": {"room5": 3.2368824480000002, "room0": 3.200774908, "room2": 4.035095215}, "spk29": {"room10": -1.78943038}, "spk5": {"room3": -1.368670106, "room5": -1.73934114, "room0": -1.272258162}, "spk9": {"room4": -1.84812808, "room7": -1.326434493, "room10": -1.3676295280000001, "room12": -1.741699219, "room9": -1.7808569669999998}, "spk2": {"room5": -1.569835424, "room0": -0.863999665}, "spk23": {"room4": -1.677653551, "room7": -1.8370023969999998, "room2": -1.239027858, "room10": -0.956522167, "room12": -1.536701083, "room9": -1.6731959580000002}, "spk15": {"room10": 0.595034599}, "spk28": {"room10": 0.369349986}, "spk24": {"room1": -1.962275386}, "spk12": {"room10": 2.45876193}, "spk8": {"room10": -0.82702899}, "spk17": {"room5": -1.142582178, "room0": -1.709667206}, "spk11": {"room3": -1.504046917, "room4": -1.9787551159999999, "room7": -1.550395131, "room2": -1.6370265480000001, "room12": -1.3867402080000002, "room9": -1.955213785}, "spk19": {"room4": 1.067698836, "room7": 1.232335925, "room12": 0.860819042}, "spk13": {"room4": -1.117583394, "room12": -0.9587320090000001}, "spk31": {"room10": 1.098036408}, "spk6": {"room10": -0.557024896}, "spk3": {"room3": -2.366516352, "room5": -0.48209109899999997, "room7": -1.863238811, "room0": -1.831694603, "room2": -1.7325656409999999, "room9": -1.9171065090000001}, "spk0": {"room3": -0.458370358}, "spk20": {"room10": 1.0328230859999998}, "spk26": {"room2": -0.23378922}, "spk16": {"room3": -2.059870243, "room4": -0.8537418840000001, "room7": -1.765554309, "room12": -1.264089823, "room9": -1.086383104}, "spk27": {"room5": -1.581151009, "room0": -1.8593453169999998}, "spk25": {"room1": -1.9813101290000001}, "spk21": {"room3": -0.909614444, "room4": -0.806710184, "room2": -0.36269903200000003, "room12": -1.103997707}, "spk30": {"room4": 0.140450984, "room2": -0.291526258, "room12": 0.695328891}, "spk4": {"room6": -1.3501544}, "spk14": {"room10": -0.679615915}, "spk7": {"room12": -1.3302354809999999}, "spk1": {"room5": -1.009474993, "room0": -1.105868101}}}