{"meta": {"speaker": "spk18", "room": "room5"}, "data": {"spk22": {"room0": -0.357320309}, "spk10": {"room4": -0.502863824, "room12": 0.142262414}, "spk18": {"room5": 8.887663841, "room0": 7.318004131, "room2": 4.013452053}, "spk29": {"room10": -0.581485033}, "spk5": {"room3": -0.852566004, "room5": -0.972536325, "room0": -0.35759031799999996}, "spk9": {"room4": -0.868524015, "room7": -0.266067117, "room10": -0.44310060100000004, "room12": -0.8627014759999999, "room9": -0.615294695}, "spk2": {"room5": -0.823333263, "room0": -0.472232282}, "spk23": {"room4": -0.14016105199999998, "room7": -0.598918438, "room2": 0.468613595, "room10": -0.1010608, "room12": -0.584099472, "room9": -0.353461385}, "spk15": {"room10": -0.240851715}, "spk28": {"room10": 0.211483434}, "spk24": {"room1": -0.906912982}, "spk12": {"room10": 2.743052483}, "spk8": {"room10": -0.11808148}, "spk17": {"room5": -0.456094503, "room0": -0.849987268}, "spk11": {"room3": -0.402927011, "room4": -0.45261275799999995, "room7": -0.438688785, "room2": -0.470959365, "room12": -0.36270991, "room9": -0.5114058260000001}, "spk19": {"room4": -0.38830536600000004, "room7": 0.220015615, "room12": -0.49630436299999997}, "spk13": {"room4": 0.16752314599999998, "room12": -0.078271896}, "spk31": {"room10": 1.2215626240000002}, "spk6": {"room10": 0.478464276}, "spk3": {"room3": -0.666124105, "room5": 0.174018919, "room7": -0.727506161, "room0": -0.640362203, "room2": -0.676913023, "room9": -0.456376106}, "spk0": {"room3": 0.452445298}, "spk20": {"room10": 1.08523643}, "spk26": {"room2": 0.34471499899999997}, "spk16": {"room3": -0.8101484179999999, "room4": -0.276963353, "room7": -0.705391943, "room12": -0.032831676000000004, "room9": -0.8124387259999999}, "spk27": {"room5": -0.608772337, "room0": -0.13824562699999998}, "spk25": {"room1": -0.5782004589999999}, "spk21": {"room3": -0.068695277, "room4": -0.11914204800000001, "room2": 0.11077436800000001, "room12": -0.091913454}, "spk30": {"room4": 0.510524988, "room2": -0.299581826, "room12": 0.583494425}, "spk4": {"room6": -0.43657779700000005}, "spk14": {"room10": 0.23604981600000002}, "spk7": {"room12": -0.641494811}, "spk1": {"room5": -0.621733606, "room0": -0.24078042800000002}}}