{"meta": {"speaker": "spk18", "room": "room8"}, "data": {"spk22": {"room0": -0.498764306}, "spk10": {"room4": -1.422638655, "room12": -0.454551786}, "spk18": {"room5": 5.132487297, "room0": 4.715258121000001, "room2": 5.272357464}, "spk29": {"room10": -0.932305753}, "spk5": {"room3": -0.446192056, "room5": -0.40482491299999995, "room0": -0.294641912}, "spk9": {"room4": -0.154055119, "room7": 0.41359639200000003, "room10": 0.025393862000000003, "room12": -0.35887897, "room9": -0.042617731}, "spk2": {"room5": -0.19000482600000002, "room0": -0.149752736}, "spk23": {"room4": -0.16028066, "room7": -0.569844007, "room2": -0.458230525, "room10": -0.35200989200000005, "room12": -0.21737639600000003, "room9": -0.788532317}, "spk15": {"room10": 0.233633697}, "spk28": {"room10": 0.166786283}, "spk24": {"room1": 0.08477617800000001}, "spk12": {"room10": 1.703916073}, "spk8": {"room10": -0.242319256}, "spk17": {"room5": -0.101845875, "room0": -0.527872324}, "spk11": {"room3": -0.355116159, "room4": -0.914606512, "room7": -0.593082845, "room2": -0.527728856, "room12": -0.283451885, "room9": -0.869704068}, "spk19": {"room4": -0.33256036, "room7": -0.20429244600000002, "room12": 0.294536293}, "spk13": {"room4": 0.290695429, "room12": 0.13882263}, "spk31": {"room10": 1.3668003080000002}, "spk6": {"room10": 0.49686712}, "spk3": {"room3": -1.4680356980000002, "room5": 0.173734322, "room7": -0.9481433029999999, "room0": -0.312870145, "room2": -0.38589432799999995, "room9": -0.581074655}, "spk0": {"room3": 0.9636046290000001}, "spk20": {"room10": 0.526019275}, "spk26": {"room2": 0.338254392}, "spk16": {"room3": -0.888246775, "room4": 0.278485566, "room7": -0.963232458, "room12": -0.157901123, "room9": -0.398574948}, "spk27": {"room5": -0.588205576, "room0": -0.781214595}, "spk25": {"room1": -0.856211245}, "spk21": {"room3": -0.08565259, "room4": 0.047158044, "room2": 0.36940792200000006, "room12": -0.285528094}, "spk30": {"room4": 0.041117713, "room2": 0.5748353, "room12": -0.164995059}, "spk4": {"room6": -0.45090124}, "spk14": {"room10": 0.358197063}, "spk7": {"room12": -0.039133616}, "spk1": {"room5": -0.396738529, "room0": -0.45136287799999997}}}