{"meta": {"speaker": "spk18", "room": "room8"}, "data": {"spk22": {"room0": -1.252450585}, "spk10": {"room4": -1.5607485769999998, "room12": -1.3303688759999999}, "spk18": {"room5": 3.786761522, "room0": 3.909299612, "room2": 4.036140442}, "spk29": {"room10": -1.9258744719999998}, "spk5": {"room3": -1.5533732180000002, "room5": -1.755123496, "room0": -1.525434375}, "spk9": {"room4": -1.79857707, "room7": -1.084642887, "room10": -1.41942215, "room12": -1.654686093, "room9": -1.4410861730000002}, "spk2": {"room5": -1.132749677, "room0": -0.89208132}, "spk23": {"room4": -1.273600101, "room7": -1.300993085, "room2": -1.390350819, "room10": -1.0085468290000001, "room12": -1.42738843, "room9": -1.330346704}, "spk15": {"room10": -0.656842053}, "spk28": {"room10": 0.111730903}, "spk24": {"room1": -1.925904989}, "spk12": {"room10": 1.244393349}, "spk8": {"room10": -0.5482323170000001}, "spk17": {"room5": -1.7153154609999999, "room0": -1.208873987}, "spk11": {"room3": -0.790022731, "room4": -1.8628962040000001, "room7": -1.186633587, "room2": -1.138226509, "room12": -1.056255698, "room9": -1.485251307}, "spk19": {"room4": 0.921417892, "room7": 0.5793449279999999, "room12": 1.4134032730000001}, "spk13": {"room4": -1.054900289, "room12": -1.068331122}, "spk31": {"room10": 1.361228585}, "spk6": {"room10": -0.906220496}, "spk3": {"room3": -2.165845871, "room5": -0.9522427920000001, "room7": -1.595633149, "room0": -1.5456721780000002, "room2": -1.508117914, "room9": -1.60249877}, "spk0": {"room3": -0.529199779}, "spk20": {"room10": 0.34124735}, "spk26": {"room2": -0.644888282}, "spk16": {"room3": -1.187361717, "room4": -1.017010927, "room7": -1.227020264, "room12": -0.888150036, "room9": -0.9968243240000001}, "spk27": {"room5": -1.722055197, "room0": -1.4716367719999999}, "spk25": {"room1": -1.7326885459999999}, "spk21": {"room3": -1.11677134, "room4": -0.8542490009999999, "room2": -0.560026348, "room12": -0.605287015}, "spk30": {"room4": -0.869244218, "room2": -1.120877266, "room12": -0.36152645899999997}, "spk4": {"room6": -1.138805866}, "spk14": {"room10": -0.800530493}, "spk7": {"room12": -1.257340908}, "spk1": {"room5": -1.055017591, "room0": -0.997988105}}}