{"meta": {"speaker": "spk18", "room": "room5"}, "data": {"spk22": {"room0": -0.301801592}, "spk10": {"room4": -0.9399028420000001, "room12": 0.051245574}, "spk18": {"room5": 11.01106358, "room0": 10.11359692, "room2": 5.22282505}, "spk29": {"room10": -0.318804115}, "spk5": {"room3": -0.785455227, "room5": -0.9576753379999999, "room0": -1.160905957}, "spk9": {"room4": -1.298433304, "room7": -0.39111223799999995, "room10": -0.37456637600000003, "room12": -1.458763003, "room9": -1.164301276}, "spk2": {"room5": -1.078335047, "room0": -0.787341297}, "spk23": {"room4": -0.39255219700000005, "room7": -0.64087528, "room2": -0.44250533, "room10": -0.242872626, "room12": -0.6929728390000001, "room9": -0.677117407}, "spk15": {"room10": -0.718180418}, "spk28": {"room10": 0.6134186389999999}, "spk24": {"room1": -0.70410496}, "spk12": {"room10": 2.904216051}, "spk8": {"room10": 0.456313729}, "spk17": {"room5": -1.0052641629999999, "room0": -0.573251545}, "spk11": {"room3": -0.028774132999999997, "room4": -0.6388134360000001, "room7": -0.29462328600000004, "room2": 0.010537872, "room12": -0.917371035, "room9": -0.353043228}, "spk19": {"room4": 0.251027644, "room7": 0.740721703, "room12": -0.434746504}, "spk13": {"room4": 0.041500947999999996, "room12": 0.382362187}, "spk31": {"room10": 0.8983185890000001}, "spk6": {"room10": 0.097980686}, "spk3": {"room3": -1.1805602309999998, "room5": 0.24640414100000002, "room7": -0.744921684, "room0": -0.884207726, "room2": -0.26509279, "room9": -0.7235749359999999}, "spk0": {"room3": 0.209641948}, "spk20": {"room10": -0.156685874}, "spk26": {"room2": 0.6869812009999999}, "spk16": {"room3": -0.822285116, "room4": -0.764714122, "room7": -0.86428833, "room12": -0.41322013700000004, "room9": -0.9999647140000001}, "spk27": {"room5": -0.7933273909999999, "room0": -0.384097129}, "spk25": {"room1": -0.538839936}, "spk21": {"room3": -0.588245094, "room4": -0.06177778900000001, "room2": -0.22446699399999998, "room12": -0.13934142900000002}, "spk30": {"room4": 1.167737842, "room2": -0.11304754800000001, "room12": 0.9442505840000001}, "spk4": {"room6": -0.530829966}, "spk14": {"room10": 0.149051964}, "spk7": {"room12": -1.037590861}, "spk1": {"room5": -1.052769184, "room0": -0.32420697800000003}}}