{"meta": {"speaker": "spk18", "room": "room9"}, "data": {"spk22": {"room0": -0.144943267}, "spk10": {"room4": -0.35190197799999995, "room12": -0.021891924}, "spk18": {"room5": 8.203237534, "room0": 7.780536175, "room2": 4.926215172}, "spk29": {"room10": -0.7474939820000001}, "spk5": {"room3": -1.06679976, "room5": -1.1765996220000001, "room0": -0.861406207}, "spk9": {"room4": -0.763837636, "room7": -0.506161332, "room10": -0.768497705, "room12": -0.8259463909999999, "room9": -0.498973638}, "spk2": {"room5": -0.529671133, "room0": -0.21308659}, "spk23": {"room4": -0.41633436100000004, "room7": -0.154341862, "room2": 0.09293086800000001, "room10": -0.22634555399999998, "room12": -0.144138977, "room9": -0.7918236259999999}, "spk15": {"room10": -0.5109082460000001}, "spk28": {"room10": 0.556035697}, "spk24": {"room1": -0.778647482}, "spk12": {"room10": 2.298749447}, "spk8": {"room10": 0.5715190170000001}, "spk17": {"room5": -0.34709715799999996, "room0": -0.39582476}, "spk11": {"room3": -0.36542913299999996, "room4": -0.584202111, "room7": -0.520690262, "room2": -0.48325359799999995, "room12": -0.6746413109999999, "room9": -0.492192209}, "spk19": {"room4": 0.60833925, "room7": 0.37961760200000005, "room12": 0.304508835}, "spk13": {"room4": 0.037141521000000004, "room12": 0.10143414099999999}, "spk31": {"room10": 1.3985991480000002}, "spk6": {"room10": -0.17731660600000002}, "spk3": {"room3": -1.234029412, "room5": -0.493854135, "room7": -0.9191754459999999, "room0": -0.719363034, "room2": -0.9888981579999999, "room9": -0.863561392}, "spk0": {"room3": 0.112427771}, "spk20": {"room10": 1.316108346}, "spk26": {"room2": 0.046385504}, "spk16": {"room3": -1.157991171, "room4": -0.625442803, "room7": -0.582333267, "room12": 0.23759621399999997, "room9": -0.853901565}, "spk27": {"room5": -0.380999565, "room0": -0.220791757}, "spk25": {"room1": -0.905720532}, "spk21": {"room3": -0.727522552, "room4": 0.092042714, "room2": -0.044073510999999996, "room12": -0.026669191000000002}, "spk30": {"room4": -0.13354922800000002, "room2": -0.691513479, "room12": -0.177312285}, "spk4": {"room6": -0.450000584}, "spk14": {"room10": 0.007939689}, "spk7": {"room12": -0.8660480979999999}, "spk1": {"room5": -0.485567659, "room0": -0.37816867200000004}}}