{"meta": {"speaker": "spk18", "room": "room7"}, "data": {"spk22": {"room0": -0.39250388700000005}, "spk10": {"room4": -0.684520125, "room12": -0.658816874}, "spk18": {"room5": 6.010355473, "room0": 5.506080627, "room2": 4.708706379}, "spk29": {"room10": -1.130605578}, "spk5": {"room3": -1.039702415, "room5": -1.043486118, "room0": -0.621522486}, "spk9": {"room4": -0.586857617, "room7": -0.635308146, "room10": -0.8388084170000001, "room12": -0.781142473, "room9": -0.510075033}, "spk2": {"room5": -0.96249944, "room0": -0.509468496}, "spk23": {"room4": -0.031631734, "room7": -0.235610485, "room2": -0.270852447, "room10": -0.11650379, "room12": -0.26901269, "room9": -0.271143794}, "spk15": {"room10": -0.501368344}, "spk28": {"room10": -0.305964172}, "spk24": {"room1": -0.917012095}, "spk12": {"room10": 1.574468374}, "spk8": {"room10": 0.044440582}, "spk17": {"room5": -0.605107844, "room0": -0.674648345}, "spk11": {"room3": -0.572518468, "room4": -1.0927412509999999, "room7": -0.981382489, "room2": -0.40932923600000004, "room12": -0.9657383559999999, "room9": -0.74513489}, "spk19": {"room4": 0.822993159, "room7": 0.61683327, "room12": 0.361610472}, "spk13": {"room4": 0.024026731000000003, "room12": 0.134777278}, "spk31": {"room10": 0.9200310709999999}, "spk6": {"room10": -0.636670113}, "spk3": {"room3": -1.529471993, "room5": -0.667345941, "room7": -0.729919076, "room0": -1.218765616, "room2": -1.203782558, "room9": -0.900941908}, "spk0": {"room3": 0.025581463999999998}, "spk20": {"room10": 0.471201926}, "spk26": {"room2": 0.56851536}, "spk16": {"room3": -1.056035042, "room4": -0.41568610100000003, "room7": -0.9965619440000001, "room12": -0.158581898, "room9": -0.573634684}, "spk27": {"room5": -1.220926404, "room0": -0.658451617}, "spk25": {"room1": -0.8798313740000001}, "spk21": {"room3": -0.520657182, "room4": 0.30079928, "room2": -0.114628606, "room12": 0.19613640000000002}, "spk30": {"room4": -0.427636445, "room2": -0.820746779, "room12": -0.064215668}, "spk4": {"room6": -0.586916804}, "spk14": {"room10": -0.292396009}, "spk7": {"room12": -0.740021706}, "spk1": {"room5": -0.650841117, "room0": -0.583732665}}}