{"meta": {"speaker": "spk18", "room": "room8"}, "data": {"spk22": {"room0": -0.42116236700000004}, "spk10": {"room4": -1.286653042, "room12": -0.9705060120000001}, "spk18": {"room5": 4.057413101, "room0": 3.574093103, "room2": 7.765334129}, "spk29": {"room10": -1.203829765}, "spk5": {"room3": -0.99437058, "room5": -0.539010346, "room0": -0.471305698}, "spk9": {"room4": -0.48200786100000004, "room7": -0.406371474, "room10": -0.7879527209999999, "room12": -0.553612828, "room9": -0.593002796}, "spk2": {"room5": -0.592839777, "room0": -0.643391311}, "spk23": {"room4": -1.2756990190000002, "room7": -1.06794703, "room2": -1.6699026819999998, "room10": -0.979505002, "room12": -1.34808445, "room9": -1.31227541}, "spk15": {"room10": -0.30217486600000004}, "spk28": {"room10": 0.584499538}, "spk24": {"room1": -0.6215740439999999}, "spk12": {"room10": 3.82248497}, "spk8": {"room10": -0.522077382}, "spk17": {"room5": -0.577701509, "room0": -0.11726661}, "spk11": {"room3": -1.060757399, "room4": -1.338472128, "room7": -0.490899265, "room2": -0.810715735, "room12": -0.19830118100000002, "room9": -1.16504848}, "spk19": {"room4": 1.3199859859999998, "room7": 0.0012689510000000002, "room12": 1.1373946670000001}, "spk13": {"room4": -0.265392125, "room12": -1.011452198}, "spk31": {"room10": 1.1154493090000002}, "spk6": {"room10": 0.07462785400000001}, "spk3": {"room3": -1.56623435, "room5": 0.370493591, "room7": -0.518932521, "room0": -0.679950953, "room2": -0.609229505, "room9": -0.395893514}, "spk0": {"room3": 0.33759710200000004}, "spk20": {"room10": 2.064534426}, "spk26": {"room2": 0.5867502689999999}, "spk16": {"room3": -1.018678308, "room4": 0.184791729, "room7": -0.588352323, "room12": -0.443768829, "room9": -0.21605642100000003}, "spk27": {"room5": -1.8854128119999998, "room0": -1.3539789919999998}, "spk25": {"room1": -1.119136095}, "spk21": {"room3": -0.6503579620000001, "room4": -0.008757225, "room2": -0.611449361, "room12": -0.651562929}, "spk30": {"room4": -0.206185251, "room2": -0.9543350340000001, "room12": -0.9353212120000001}, "spk4": {"room6": -0.540188074}, "spk14": {"room10": 0.204200238}, "spk7": {"room12": -0.22129872399999997}, "spk1": {"room5": -0.351317823, "room0": -0.875424445}}}