{"meta": {"speaker": "spk18", "room": "room8"}, "data": {"spk22": {"room0": -0.822574735}, "spk10": {"room4": -1.5897022490000001, "room12": -1.02242434}, "spk18": {"room5": 5.154605865, "room0": 4.911002159, "room2": 5.841376305}, "spk29": {"room10": -1.571507096}, "spk5": {"room3": -0.934094965, "room5": -0.53877455, "room0": -0.593685448}, "spk9": {"room4": -0.9023544790000001, "room7": -0.587127209, "room10": -0.90593791, "room12": -0.786164403, "room9": -0.7508072259999999}, "spk2": {"room5": -1.099154949, "room0": -1.502280831}, "spk23": {"room4": -1.426319718, "room7": -1.174331427, "room2": -1.4408030509999998, "room10": -1.234664679, "room12": -1.241030455, "room9": -1.810654283}, "spk15": {"room10": 0.05024828}, "spk28": {"room10": 0.35724782899999996}, "spk24": {"room1": -0.960021198}, "spk12": {"room10": 2.508078814}, "spk8": {"room10": -0.005888056}, "spk17": {"room5": -0.820243657, "room0": -0.841644108}, "spk11": {"room3": -0.8683691020000001, "room4": -1.881215572, "room7": -0.866748214, "room2": -0.8901174070000001, "room12": -0.85867101, "room9": -1.775292039}, "spk19": {"room4": 1.410211682, "room7": -0.5409149529999999, "room12": 1.4368346930000002}, "spk13": {"room4": -0.498353183, "room12": -1.2432897090000001}, "spk31": {"room10": 1.433529735}, "spk6": {"room10": -0.549302995}, "spk3": {"room3": -1.74012053, "room5": -0.11086074300000001, "room7": -0.9867993, "room0": -0.928868771, "room2": -0.409969419, "room9": -0.8750480409999999}, "spk0": {"room3": 0.6931668520000001}, "spk20": {"room10": 1.112954855}, "spk26": {"room2": 0.231899962}, "spk16": {"room3": -1.059383392, "room4": -0.48889681700000004, "room7": -0.7267904279999999, "room12": -0.8045847420000001, "room9": -0.488187075}, "spk27": {"room5": -1.349338531, "room0": -1.68453455}, "spk25": {"room1": -1.314948201}, "spk21": {"room3": -0.520693362, "room4": -0.378262252, "room2": -0.537162244, "room12": -0.731434464}, "spk30": {"room4": -0.42282974700000003, "room2": -0.45916006, "room12": -0.37722227}, "spk4": {"room6": -1.19435811}, "spk14": {"room10": -0.323070675}, "spk7": {"room12": -0.639179587}, "spk1": {"room5": -0.944454074, "room0": -0.862003565}}}