{"meta": {"speaker": "spk18", "room": "room8"}, "data": {"spk22": {"room0": -0.781895399}, "spk10": {"room4": -1.496548891, "room12": -0.420163512}, "spk18": {"room5": 5.126349449, "room0": 5.102092743, "room2": 4.861926556}, "spk29": {"room10": -0.887823164}, "spk5": {"room3": -1.48027575, "room5": -1.185412765, "room0": -1.158364177}, "spk9": {"room4": -0.7783276440000001, "room7": -0.609159708, "room10": -0.584240735, "room12": -0.9423380490000001, "room9": -0.85943222}, "spk2": {"room5": -0.529655993, "room0": -0.7193226220000001}, "spk23": {"room4": -0.18475300100000003, "room7": -0.47618451700000003, "room2": -0.555878043, "room10": -0.28454449800000003, "room12": -0.6780135629999999, "room9": -1.1312427520000001}, "spk15": {"room10": 0.5993859770000001}, "spk28": {"room10": -0.083655708}, "spk24": {"room1": -0.969378829}, "spk12": {"room10": 3.420589685}, "spk8": {"room10": -0.151232436}, "spk17": {"room5": -0.6359725, "room0": -0.578935564}, "spk11": {"room3": -0.767689168, "room4": -1.207790017, "room7": -0.377428859, "room2": -0.722188473, "room12": -0.35876920799999995, "room9": -1.078157425}, "spk19": {"room4": -0.226125523, "room7": -0.479656398, "room12": 0.073919766}, "spk13": {"room4": 0.19479708399999998, "room12": -0.623930216}, "spk31": {"room10": 1.1236945390000002}, "spk6": {"room10": 0.243662417}, "spk3": {"room3": -1.7196179630000001, "room5": -0.29746091399999997, "room7": -1.083499789, "room0": -1.117469788, "room2": -0.98644805, "room9": -0.761257172}, "spk0": {"room3": 0.438091844}, "spk20": {"room10": 0.620923817}, "spk26": {"room2": 0.870242834}, "spk16": {"room3": -1.316952229, "room4": -0.26413905600000004, "room7": -1.135657787, "room12": -0.35705360799999997, "room9": -0.6858886479999999}, "spk27": {"room5": -0.9928646090000001, "room0": -0.51065141}, "spk25": {"room1": -1.296557188}, "spk21": {"room3": -0.458091229, "room4": -0.002086516, "room2": -0.659572244, "room12": -0.507717848}, "spk30": {"room4": -0.615847409, "room2": -0.48659148799999996, "room12": 0.013441897}, "spk4": {"room6": -0.9657831790000001}, "spk14": {"room10": 0.17121093}, "spk7": {"room12": -0.755145609}, "spk1": {"room5": -0.32391423, "room0": -0.419562757}}}