{"meta": {"speaker": "spk18", "room": "room8"}, "data": {"spk22": {"room0": -1.5733428}, "spk10": {"room4": -2.446460009, "room12": -1.6712187530000002}, "spk18": {"room5": 3.443907499, "room0": 2.980708838, "room2": 2.753448009}, "spk29": {"room10": -2.137543917}, "spk5": {"room3": -1.653253555, "room5": -2.020361423, "room0": -1.787431479}, "spk9": {"room4": -2.0628299709999998, "room7": -1.4281660319999998, "room10": -1.662135005, "room12": -2.093073606, "room9": -1.886407375}, "spk2": {"room5": -1.794671655, "room0": -1.51931715}, "spk23": {"room4": -2.2804098130000003, "room7": -1.5945624109999998, "room2": -2.29317832, "room10": -1.618132591, "room12": -2.078788757, "room9": -2.33619976}, "spk15": {"room10": -0.643482089}, "spk28": {"room10": 0.8588670490000001}, "spk24": {"room1": -1.967447639}, "spk12": {"room10": 0.632998168}, "spk8": {"room10": -1.418724537}, "spk17": {"room5": -2.265647888, "room0": -1.812359929}, "spk11": {"room3": -1.327891588, "room4": -2.257605791, "room7": -1.792812347, "room2": -1.958625674, "room12": -1.402217031, "room9": -2.190874338}, "spk19": {"room4": 0.9182741640000001, "room7": 0.866751611, "room12": 1.008142114}, "spk13": {"room4": -1.835211277, "room12": -1.102280736}, "spk31": {"room10": 1.544484138}, "spk6": {"room10": -1.3636661769999998}, "spk3": {"room3": -2.734860182, "room5": -1.191215992, "room7": -2.105997086, "room0": -1.78736341, "room2": -1.61597836, "room9": -2.454987526}, "spk0": {"room3": -1.0790520909999999}, "spk20": {"room10": 0.23418974899999997}, "spk26": {"room2": -1.515616536}, "spk16": {"room3": -1.688064575, "room4": -1.182091832, "room7": -1.748067856, "room12": -1.326767325, "room9": -1.344906926}, "spk27": {"room5": -1.990725875, "room0": -1.647188783}, "spk25": {"room1": -2.0325191019999997}, "spk21": {"room3": -1.255124211, "room4": -1.1627879140000001, "room2": -0.577021778, "room12": -1.105687261}, "spk30": {"room4": -0.613890409, "room2": -0.6410903929999999, "room12": 0.807437181}, "spk4": {"room6": -1.8434810640000001}, "spk14": {"room10": -1.081642032}, "spk7": {"room12": -1.657936811}, "spk1": {"room5": -1.410621285, "room0": -1.385206461}}}