{"meta": {"speaker": "spk18", "room": "room8"}, "data": {"spk22": {"room0": -0.918176532}, "spk10": {"room4": -1.300991297, "room12": -0.13868469}, "spk18": {"room5": 4.4976215360000005, "room0": 3.352942467, "room2": 5.031299591000001}, "spk29": {"room10": -1.157544255}, "spk5": {"room3": -0.7400970459999999, "room5": -0.599086821, "room0": -0.40748122299999995}, "spk9": {"room4": -0.638304651, "room7": -0.407692671, "room10": -1.3915359969999999, "room12": -1.1398570540000001, "room9": -0.600076377}, "spk2": {"room5": -1.086013675, "room0": -0.688316226}, "spk23": {"room4": -0.751630068, "room7": -0.571944833, "room2": -0.30909276, "room10": -0.41797810799999996, "room12": -1.046745777, "room9": -1.365226269}, "spk15": {"room10": 0.544988394}, "spk28": {"room10": -0.3552441}, "spk24": {"room1": -1.063783765}, "spk12": {"room10": 2.7462751869999997}, "spk8": {"room10": -0.026856164}, "spk17": {"room5": 0.265389115, "room0": -0.8969900009999999}, "spk11": {"room3": -1.37132895, "room4": -2.248672247, "room7": -1.8224139209999999, "room2": -1.771147251, "room12": -1.6863689419999999, "room9": -2.126832247}, "spk19": {"room4": 0.952104807, "room7": 0.948786855, "room12": 1.091932178}, "spk13": {"room4": -0.476977795, "room12": -0.737888515}, "spk31": {"room10": 1.137264729}, "spk6": {"room10": 0.500374079}, "spk3": {"room3": -1.5612653490000001, "room5": -0.022992561, "room7": -1.38324666, "room0": -1.180222631, "room2": -1.238145351, "room9": -1.112143397}, "spk0": {"room3": 0.647622108}, "spk20": {"room10": 1.94331944}, "spk26": {"room2": 0.56609875}, "spk16": {"room3": -1.4661718609999999, "room4": -0.270771623, "room7": -1.484590888, "room12": -0.749798298, "room9": -1.060055494}, "spk27": {"room5": -0.094308741, "room0": -0.272562295}, "spk25": {"room1": -0.9262601140000001}, "spk21": {"room3": 0.553930104, "room4": 1.239186764, "room2": 0.241498515, "room12": 0.027618036000000002}, "spk30": {"room4": -0.875287294, "room2": -1.870511293, "room12": -1.093570828}, "spk4": {"room6": -0.324895382}, "spk14": {"room10": -0.11946313800000001}, "spk7": {"room12": -1.27573359}, "spk1": {"room5": -0.829316258, "room0": -0.642674148}}}