{"meta": {"speaker": "spk18", "room": "room8"}, "data": {"spk22": {"room0": -0.184003398}, "spk10": {"room4": -1.212172627, "room12": -0.150809392}, "spk18": {"room5": 4.272721291, "room0": 4.203930855, "room2": 2.487491131}, "spk29": {"room10": -0.886019588}, "spk5": {"room3": -0.540793359, "room5": -1.080767751, "room0": -0.7918403740000001}, "spk9": {"room4": -1.0552917720000001, "room7": -0.5618636610000001, "room10": -0.334705412, "room12": -0.8823495509999999, "room9": -0.816978812}, "spk2": {"room5": -0.313241214, "room0": -0.084655896}, "spk23": {"room4": -0.549895287, "room7": -0.506793857, "room2": -0.248215303, "room10": -0.19055156399999998, "room12": -0.670832813, "room9": -0.578039169}, "spk15": {"room10": 0.054635558}, "spk28": {"room10": -0.252023399}, "spk24": {"room1": -1.008613348}, "spk12": {"room10": 1.929785371}, "spk8": {"room10": 0.34059912}, "spk17": {"room5": -0.574491978, "room0": -0.579226971}, "spk11": {"room3": -0.144327283, "room4": -0.25875052800000004, "room7": -0.027412366, "room2": 0.213735968, "room12": -0.22968071699999998, "room9": -0.03929691}, "spk19": {"room4": 0.162552446, "room7": 0.868549109, "room12": 0.800559998}, "spk13": {"room4": -0.102698781, "room12": 0.315846652}, "spk31": {"room10": 1.4464728830000002}, "spk6": {"room10": -0.461205542}, "spk3": {"room3": -1.261748552, "room5": -0.23793250300000002, "room7": -0.482253611, "room0": -0.723229885, "room2": -0.399119079, "room9": -0.7074497340000001}, "spk0": {"room3": 0.118522115}, "spk20": {"room10": 0.744696975}, "spk26": {"room2": -0.02378748}, "spk16": {"room3": -0.415925682, "room4": -0.365876496, "room7": -0.537949324, "room12": -0.033498399, "room9": -0.677826643}, "spk27": {"room5": -1.011229873, "room0": -0.8972529770000001}, "spk25": {"room1": -1.3112231490000001}, "spk21": {"room3": -0.347262949, "room4": -0.303903222, "room2": 0.089293808, "room12": -0.091195524}, "spk30": {"room4": -0.45941352799999996, "room2": -0.304617971, "room12": 0.20592029399999998}, "spk4": {"room6": -0.64075017}, "spk14": {"room10": 0.079777084}, "spk7": {"room12": -0.623290062}, "spk1": {"room5": 0.107489124, "room0": 0.07764139}}}