{"meta": {"speaker": "spk18", "room": "room7"}, "data": {"spk22": {"room0": -0.369589061}, "spk10": {"room4": -1.505643487, "room12": -0.573277354}, "spk18": {"room5": 7.866803169, "room0": 7.977051735, "room2": 6.380775452000001}, "spk29": {"room10": -1.310400605}, "spk5": {"room3": -1.014162898, "room5": -0.810710609, "room0": -0.744148791}, "spk9": {"room4": -0.796985388, "room7": -0.483647764, "room10": -0.7361479999999999, "room12": -0.7809345129999999, "room9": -0.729284465}, "spk2": {"room5": -1.0424703359999998, "room0": -0.680497348}, "spk23": {"room4": -0.793136597, "room7": -0.7402430179999999, "room2": -0.686430097, "room10": -0.6554813389999999, "room12": -0.770124197, "room9": -1.2439042329999999}, "spk15": {"room10": -0.794445217}, "spk28": {"room10": 0.793822825}, "spk24": {"room1": -0.591613352}, "spk12": {"room10": 2.436553717}, "spk8": {"room10": -0.374789804}, "spk17": {"room5": -0.343043238, "room0": -0.8271451}, "spk11": {"room3": -0.759028375, "room4": -1.024871707, "room7": -0.794432342, "room2": -0.43288990899999996, "room12": -0.7161609529999999, "room9": -0.921121895}, "spk19": {"room4": -0.545891106, "room7": 0.24194769600000002, "room12": -0.710605383}, "spk13": {"room4": -0.258972615, "room12": -0.4585751}, "spk31": {"room10": 1.51572299}, "spk6": {"room10": -0.486084044}, "spk3": {"room3": -1.283927441, "room5": -0.429181188, "room7": -1.142205238, "room0": -1.035147309, "room2": -0.778847396, "room9": -0.9963016509999999}, "spk0": {"room3": -0.147687569}, "spk20": {"room10": 1.617139101}, "spk26": {"room2": -0.199627683}, "spk16": {"room3": -1.013106465, "room4": -0.569469213, "room7": -0.970145702, "room12": -0.620870888, "room9": -0.8578819040000001}, "spk27": {"room5": -0.091583095, "room0": 0.00763507}, "spk25": {"room1": -0.7594979409999999}, "spk21": {"room3": -0.774946809, "room4": -0.26354125100000003, "room2": 0.028826235, "room12": -0.690410376}, "spk30": {"room4": 1.246411324, "room2": 0.261699229, "room12": 0.93930769}, "spk4": {"room6": -0.84476912}, "spk14": {"room10": -0.138475865}, "spk7": {"room12": -1.128283262}, "spk1": {"room5": -1.3728506569999999, "room0": -0.9721392390000001}}}