{"meta": {"speaker": "spk18", "room": "room0"}, "data": {"spk22": {"room0": 0.16810904399999999}, "spk10": {"room4": -0.136146918, "room12": 0.934478879}, "spk18": {"room5": 7.617481709, "room0": 7.333393574, "room2": 3.809729338}, "spk29": {"room10": 0.058497965}, "spk5": {"room3": -0.548367381, "room5": -0.45297980299999996, "room0": -0.410754949}, "spk9": {"room4": -0.32232263699999997, "room7": 0.214502618, "room10": -0.006672694, "room12": -0.269102097, "room9": 0.008154024000000001}, "spk2": {"room5": 0.004829354, "room0": 0.556577384}, "spk23": {"room4": 0.184678167, "room7": -0.157049358, "room2": 0.526645362, "room10": 0.65081054, "room12": -0.045136235999999996, "room9": -0.20348069100000002}, "spk15": {"room10": 0.11148385}, "spk28": {"room10": 0.277144909}, "spk24": {"room1": -0.6431336999999999}, "spk12": {"room10": 3.3547484869999997}, "spk8": {"room10": -0.101259559}, "spk17": {"room5": -0.09844586300000001, "room0": 0.142733842}, "spk11": {"room3": 0.377124876, "room4": -0.22511667, "room7": 0.031505585, "room2": 0.145832077, "room12": 0.252463877, "room9": 0.074929565}, "spk19": {"room4": -0.230950341, "room7": 0.043188597999999995, "room12": -0.40210452700000004}, "spk13": {"room4": 0.630727053, "room12": 0.490159988}, "spk31": {"room10": 0.73724997}, "spk6": {"room10": 0.551139295}, "spk3": {"room3": -0.612768114, "room5": 0.298817396, "room7": -0.324039638, "room0": -0.289231807, "room2": -0.37069445799999995, "room9": -0.559856355}, "spk0": {"room3": 0.780213594}, "spk20": {"room10": 1.0946844820000001}, "spk26": {"room2": 0.35523986799999996}, "spk16": {"room3": -0.51816088, "room4": 0.360990286, "room7": -0.35654798200000004, "room12": 0.310315192, "room9": -0.003774403}, "spk27": {"room5": 0.804003716, "room0": 0.75620842}, "spk25": {"room1": -0.45985168200000004}, "spk21": {"room3": -0.0019608489999999998, "room4": 0.21090266100000002, "room2": 0.6141799689999999, "room12": 0.09939944}, "spk30": {"room4": -0.050166402, "room2": -0.918688893, "room12": -0.043385219}, "spk4": {"room6": 0.105096534}, "spk14": {"room10": 0.8039599059999999}, "spk7": {"room12": -0.10747996}, "spk1": {"room5": 0.007597451999999999, "room0": 0.304520607}}}