{"meta": {"speaker": "spk18", "room": "room8"}, "data": {"spk22": {"room0": -1.4781605009999998}, "spk10": {"room4": -2.631973982, "room12": -2.314376116}, "spk18": {"room5": 2.4347660540000002, "room0": 1.78418839, "room2": 6.439531326}, "spk29": {"room10": -2.379420996}, "spk5": {"room3": -1.8401147130000002, "room5": -1.756118298, "room0": -1.460294604}, "spk9": {"room4": -2.1240592, "room7": -1.7374713419999999, "room10": -2.364159107, "room12": -2.152783155, "room9": -1.75429976}, "spk2": {"room5": -1.930862784, "room0": -1.6454445119999999}, "spk23": {"room4": -1.734533906, "room7": -1.477766156, "room2": -2.244879961, "room10": -1.9144406319999998, "room12": -1.7204570769999998, "room9": -2.599019527}, "spk15": {"room10": -0.95836848}, "spk28": {"room10": -0.34275794}, "spk24": {"room1": -2.432775736}, "spk12": {"room10": 2.361935377}, "spk8": {"room10": -0.901385963}, "spk17": {"room5": -1.21370542, "room0": -1.118116736}, "spk11": {"room3": -1.7095025780000002, "room4": -2.676590204, "room7": -1.7941898109999999, "room2": -1.999246716, "room12": -1.230249524, "room9": -2.231312752}, "spk19": {"room4": 1.32923317, "room7": 0.536154747, "room12": 1.6949012280000002}, "spk13": {"room4": -1.133833528, "room12": -1.7004076240000001}, "spk31": {"room10": 1.121245384}, "spk6": {"room10": -0.725627363}, "spk3": {"room3": -2.8466606139999997, "room5": -0.9137365820000001, "room7": -2.22100091, "room0": -1.868649721, "room2": -1.9965493680000002, "room9": -1.9319334030000002}, "spk0": {"room3": -0.059581067}, "spk20": {"room10": 1.33980763}, "spk26": {"room2": 0.115824237}, "spk16": {"room3": -1.480333567, "room4": -0.709285378, "room7": -1.50225997, "room12": -0.6109901670000001, "room9": -0.578944445}, "spk27": {"room5": -2.11250186, "room0": -2.594427109}, "spk25": {"room1": -1.857177615}, "spk21": {"room3": -0.673145711, "room4": -0.44753676700000006, "room2": -0.911296129, "room12": -0.712577879}, "spk30": {"room4": -0.639594674, "room2": -0.612459302, "room12": -0.303918988}, "spk4": {"room6": -1.3114885090000001}, "spk14": {"room10": -0.8282331820000001}, "spk7": {"room12": -1.444985271}, "spk1": {"room5": -1.721865296, "room0": -1.38766408}}}