{"meta": {"speaker": "spk18", "room": "room8"}, "data": {"spk22": {"room0": -0.883483052}, "spk10": {"room4": -2.2577970030000003, "room12": -0.571600378}, "spk18": {"room5": 3.335937977, "room0": 2.251357794, "room2": 4.169882298}, "spk29": {"room10": -2.685220718}, "spk5": {"room3": -1.128245592, "room5": -1.53981781, "room0": -1.150917172}, "spk9": {"room4": -1.4901534319999998, "room7": -1.1492275, "room10": -2.046530724, "room12": -2.34824419, "room9": -1.186503053}, "spk2": {"room5": -0.425579637, "room0": 0.075228214}, "spk23": {"room4": -0.906507075, "room7": -0.776344478, "room2": -0.8053487540000001, "room10": -0.543267131, "room12": -1.0425909759999998, "room9": -1.304515481}, "spk15": {"room10": 0.508141458}, "spk28": {"room10": -0.5226319429999999}, "spk24": {"room1": -1.7761048080000001}, "spk12": {"room10": 3.905879736}, "spk8": {"room10": 0.069058001}, "spk17": {"room5": 0.48387911899999997, "room0": -0.464439034}, "spk11": {"room3": -1.439916134, "room4": -2.8503606319999997, "room7": -1.9370036130000001, "room2": -2.445697546, "room12": -1.402711391, "room9": -2.257136345}, "spk19": {"room4": -0.052279305, "room7": 0.439206958, "room12": 0.820494354}, "spk13": {"room4": -0.825137913, "room12": -1.329145432}, "spk31": {"room10": -0.584929645}, "spk6": {"room10": 0.45022571100000003}, "spk3": {"room3": -3.023958445, "room5": -1.3813750740000001, "room7": -2.271011353, "room0": -1.6099374290000001, "room2": -2.788175106, "room9": -1.915551424}, "spk0": {"room3": 0.439405471}, "spk20": {"room10": 1.1865683790000001}, "spk26": {"room2": -0.15787257300000002}, "spk16": {"room3": -2.452501535, "room4": -0.917613626, "room7": -2.529881716, "room12": -0.901904404, "room9": -0.937408626}, "spk27": {"room5": 0.33365827800000003, "room0": -0.437721938}, "spk25": {"room1": -1.237401009}, "spk21": {"room3": 1.121747732, "room4": 1.4096183780000002, "room2": -0.075983681, "room12": 1.032339573}, "spk30": {"room4": -1.388328671, "room2": -2.242128849, "room12": -1.482485056}, "spk4": {"room6": -0.632463872}, "spk14": {"room10": -0.293040961}, "spk7": {"room12": -1.470691323}, "spk1": {"room5": -0.8803310390000001, "room0": -0.891430855}}}