{"meta": {"speaker": "spk18", "room": "room8"}, "data": {"spk22": {"room0": -0.788347661}, "spk10": {"room4": -0.774840415, "room12": -0.24641566}, "spk18": {"room5": 3.8206572530000003, "room0": 2.7037930489999997, "room2": 2.110389471}, "spk29": {"room10": -1.159511805}, "spk5": {"room3": -0.777209878, "room5": -0.918260992, "room0": -0.7260113359999999}, "spk9": {"room4": -0.5880708689999999, "room7": -0.628696084, "room10": -0.9293360709999999, "room12": -1.421875954, "room9": -1.0495882029999999}, "spk2": {"room5": -0.588053226, "room0": 0.84525013}, "spk23": {"room4": -0.6311444039999999, "room7": -0.46677449299999996, "room2": -0.671051443, "room10": -0.292970002, "room12": -0.18349248199999998, "room9": -0.814554214}, "spk15": {"room10": 1.443366766}, "spk28": {"room10": -0.28466019}, "spk24": {"room1": -1.202612519}, "spk12": {"room10": 4.2517476080000005}, "spk8": {"room10": -0.562262535}, "spk17": {"room5": 0.714350879, "room0": -0.23351840699999998}, "spk11": {"room3": -0.844187438, "room4": -1.696292996, "room7": -0.8904440999999998, "room2": -1.112333894, "room12": -0.832572579, "room9": -0.8907244209999999}, "spk19": {"room4": 0.503549039, "room7": 1.169765711, "room12": 1.1596890690000001}, "spk13": {"room4": 0.23504956100000002, "room12": -0.49247852}, "spk31": {"room10": 0.439496815}, "spk6": {"room10": 1.14197588}, "spk3": {"room3": -1.8271477219999999, "room5": -0.008971475, "room7": -1.086520195, "room0": -1.003216982, "room2": -1.0644534829999999, "room9": -0.795882165}, "spk0": {"room3": -0.37219181700000004}, "spk20": {"room10": 0.7525065540000001}, "spk26": {"room2": 0.55777216}, "spk16": {"room3": -1.309618592, "room4": 0.09777147300000001, "room7": -1.2509229179999999, "room12": -0.301428914, "room9": -0.454100966}, "spk27": {"room5": -0.5236303210000001, "room0": -0.7118791940000001}, "spk25": {"room1": -0.7460544709999999}, "spk21": {"room3": 0.5685489770000001, "room4": 1.356116176, "room2": 0.588172913, "room12": 1.136739254}, "spk30": {"room4": -0.5664339070000001, "room2": -1.268259048, "room12": -0.347106576}, "spk4": {"room6": -0.60828346}, "spk14": {"room10": 0.17875231800000002}, "spk7": {"room12": -0.7898553009999999}, "spk1": {"room5": -0.66612035, "room0": -1.0842765570000001}}}