{"meta": {"speaker": "spk18", "room": "room8"}, "data": {"spk22": {"room0": -0.436886847}, "spk10": {"room4": -0.981973112, "room12": -0.578979135}, "spk18": {"room5": 3.2433655260000003, "room0": 3.8896102910000003, "room2": 3.907208204}, "spk29": {"room10": -0.8859425190000001}, "spk5": {"room3": -0.889317632, "room5": -0.984589279, "room0": -1.03907609}, "spk9": {"room4": -0.944963813, "room7": -0.77916342, "room10": -1.0657008890000002, "room12": -0.765933573, "room9": -0.991069317}, "spk2": {"room5": -0.887061834, "room0": -1.008779764}, "spk23": {"room4": -0.986274242, "room7": -0.884664655, "room2": -0.7504339809999999, "room10": -0.37330395, "room12": -0.736960113, "room9": -1.250102043}, "spk15": {"room10": -0.02207415}, "spk28": {"room10": 0.058688345999999995}, "spk24": {"room1": -0.9185570479999999}, "spk12": {"room10": 1.9657572509999999}, "spk8": {"room10": -0.38611269}, "spk17": {"room5": -0.7864469890000001, "room0": -0.8796215059999999}, "spk11": {"room3": -0.587069154, "room4": -1.174083352, "room7": -0.892095089, "room2": -0.723102987, "room12": -0.732306659, "room9": -1.383421421}, "spk19": {"room4": 0.663124681, "room7": -0.035336513, "room12": 1.027591586}, "spk13": {"room4": -0.504503965, "room12": -0.810512424}, "spk31": {"room10": 0.9108725790000001}, "spk6": {"room10": -0.703917027}, "spk3": {"room3": -1.10020721, "room5": -0.605551541, "room7": -0.87305665, "room0": -0.874891579, "room2": -0.915193796, "room9": -1.041315794}, "spk0": {"room3": -0.40828675}, "spk20": {"room10": 0.290254921}, "spk26": {"room2": -0.598498344}, "spk16": {"room3": -0.996201277, "room4": -0.5269714, "room7": -0.692094326, "room12": -0.66394484, "room9": -0.727891207}, "spk27": {"room5": -1.043252707, "room0": -1.3018262390000002}, "spk25": {"room1": -1.701966286}, "spk21": {"room3": -0.887849212, "room4": -0.5127735139999999, "room2": -0.667442262, "room12": -0.566295922}, "spk30": {"room4": -0.35879275200000005, "room2": -0.9634572859999999, "room12": -0.502597392}, "spk4": {"room6": -1.125290275}, "spk14": {"room10": -0.566755235}, "spk7": {"room12": -0.73603189}, "spk1": {"room5": -0.9925329690000001, "room0": -1.092046499}}}