{"meta": {"speaker": "spk14", "room": "room10"}, "data": {"spk22": {"room0": 0.899384379}, "spk10": {"room4": 0.6826264259999999, "room12": 1.309956312}, "spk18": {"room5": -2.082771063, "room0": -2.06522131, "room2": -1.700183988}, "spk29": {"room10": 0.37807303700000006}, "spk5": {"room3": -1.174638033, "room5": -1.5901101830000002, "room0": -1.225812078}, "spk9": {"room4": 0.75068903, "room7": 1.2100825309999999, "room10": 1.13513577, "room12": 1.4791451690000001, "room9": 1.9359138009999999}, "spk2": {"room5": 1.370487213, "room0": 2.648239136}, "spk23": {"room4": 1.085616946, "room7": -0.07370897400000001, "room2": 2.112001181, "room10": 1.5498523709999998, "room12": 2.598823309, "room9": 0.294731528}, "spk15": {"room10": -1.280566573}, "spk28": {"room10": -0.724188864}, "spk24": {"room1": 1.32223928}, "spk12": {"room10": -1.537381411}, "spk8": {"room10": -1.541887045}, "spk17": {"room5": 1.191534758, "room0": 0.944547653}, "spk11": {"room3": 0.082829885, "room4": 2.123000383, "room7": 0.935233057, "room2": 0.355989605, "room12": 2.177545309, "room9": 1.95449841}, "spk19": {"room4": -2.050862074, "room7": -1.835547447, "room12": -2.054052114}, "spk13": {"room4": 1.96260035, "room12": 2.500091314}, "spk31": {"room10": -1.6071624759999998}, "spk6": {"room10": 1.264223576}, "spk3": {"room3": -1.02651155, "room5": 0.924661994, "room7": 0.87112999, "room0": 1.475148559, "room2": 0.157958269, "room9": 1.568207741}, "spk0": {"room3": 1.699686289}, "spk20": {"room10": -0.932338715}, "spk26": {"room2": 1.213926792}, "spk16": {"room3": 1.4468113180000002, "room4": 1.331094027, "room7": 2.406864166, "room12": 1.61615479, "room9": 1.815130711}, "spk27": {"room5": -0.274830908, "room0": 0.849554062}, "spk25": {"room1": -1.4954842330000002}, "spk21": {"room3": -0.062581539, "room4": 0.128686994, "room2": 0.293735117, "room12": 0.7330483790000001}, "spk30": {"room4": -1.424335599, "room2": -2.027254105, "room12": -1.44748044}, "spk4": {"room6": -0.8887482290000001}, "spk14": {"room10": 6.716870308}, "spk7": {"room12": -0.344933867}, "spk1": {"room5": 0.159197003, "room0": -0.331665635}}}