{"meta": {"speaker": "spk24", "room": "room1"}, "data": {"spk22": {"room0": 2.7177882189999996}, "spk10": {"room4": 0.089072064, "room12": -1.078971863}, "spk18": {"room5": -1.82165885, "room0": -1.350403905, "room2": -0.264818281}, "spk29": {"room10": 1.227687716}, "spk5": {"room3": 0.887369692, "room5": 1.28682518, "room0": 0.605607688}, "spk9": {"room4": 2.912064791, "room7": 3.170020103, "room10": 3.1754083630000003, "room12": 3.719272375, "room9": 2.621935368}, "spk2": {"room5": 2.173414707, "room0": 2.727584124}, "spk23": {"room4": 1.405792475, "room7": 1.94453454, "room2": 2.56027174, "room10": 1.6942514180000001, "room12": 1.6142474409999998, "room9": 1.6740674969999998}, "spk15": {"room10": -1.135697365}, "spk28": {"room10": -0.962896168}, "spk24": {"room1": 10.50793648}, "spk12": {"room10": -1.059476018}, "spk8": {"room10": 0.7420297859999999}, "spk17": {"room5": 3.2699255939999996, "room0": 2.132349253}, "spk11": {"room3": 0.38764694299999997, "room4": 1.144448876, "room7": 0.686242461, "room2": 0.04271625, "room12": 1.596888661, "room9": 1.080534101}, "spk19": {"room4": -1.2255296709999999, "room7": -1.562254071, "room12": -1.411981463}, "spk13": {"room4": 3.524372578, "room12": 0.973044872}, "spk31": {"room10": -1.6085784440000002}, "spk6": {"room10": 0.9234005809999999}, "spk3": {"room3": 0.059342634000000005, "room5": 4.202072144, "room7": 0.42417261, "room0": 1.930508018, "room2": 2.2514803409999997, "room9": 2.07255888}, "spk0": {"room3": 1.4572932719999998}, "spk20": {"room10": -1.5972601180000001}, "spk26": {"room2": 2.5231075290000002}, "spk16": {"room3": 0.360941589, "room4": 1.147155643, "room7": 0.364779681, "room12": 1.170584798, "room9": 1.353184462}, "spk27": {"room5": 2.249884844, "room0": 0.855844855}, "spk25": {"room1": 4.046852112}, "spk21": {"room3": 0.379507273, "room4": 2.743872166, "room2": 1.286474586, "room12": 1.7633985280000002}, "spk30": {"room4": -1.6680589909999999, "room2": -1.796447158, "room12": -1.4781465530000002}, "spk4": {"room6": -0.699340045}, "spk14": {"room10": 0.7639772890000001}, "spk7": {"room12": 2.134538889}, "spk1": {"room5": -0.164610922, "room0": 0.309919596}}}