{"meta": {"speaker": "spk24", "room": "room1"}, "data": {"spk22": {"room0": 2.683046579}, "spk10": {"room4": 0.587919891, "room12": 0.169440046}, "spk18": {"room5": -1.64240396, "room0": -0.9210785029999999, "room2": -0.65177685}, "spk29": {"room10": 1.300207615}, "spk5": {"room3": -0.44322761899999996, "room5": 0.082566768, "room0": -0.168618023}, "spk9": {"room4": 2.606876373, "room7": 2.727356195, "room10": 2.8168594839999996, "room12": 3.35948205, "room9": 2.290565729}, "spk2": {"room5": 2.026980639, "room0": 2.283798933}, "spk23": {"room4": 0.72360754, "room7": 0.8516862390000001, "room2": 1.417735577, "room10": 0.6858714220000001, "room12": 1.199926853, "room9": 1.128339052}, "spk15": {"room10": -0.9498932959999999}, "spk28": {"room10": -0.523849189}, "spk24": {"room1": 6.840433121}, "spk12": {"room10": -1.0969482659999998}, "spk8": {"room10": 1.330462813}, "spk17": {"room5": 2.6393070219999997, "room0": 1.97484827}, "spk11": {"room3": 0.590394318, "room4": 1.0543648, "room7": 0.237349555, "room2": 0.689359844, "room12": 0.634999931, "room9": 1.369081855}, "spk19": {"room4": -0.47544974100000004, "room7": -0.5527409320000001, "room12": -0.90432024}, "spk13": {"room4": 2.252120733, "room12": 0.970829785}, "spk31": {"room10": -1.634805083}, "spk6": {"room10": -0.031128155}, "spk3": {"room3": -0.034802485, "room5": 2.344878912, "room7": -0.406097353, "room0": 0.295439005, "room2": 0.554472923, "room9": 0.510707676}, "spk0": {"room3": 0.6514660720000001}, "spk20": {"room10": -0.601623654}, "spk26": {"room2": 1.676530361}, "spk16": {"room3": 0.59627229, "room4": 0.31029117100000003, "room7": -0.153266504, "room12": 0.46140277399999996, "room9": 0.29289957899999997}, "spk27": {"room5": 1.735175014, "room0": 0.519618809}, "spk25": {"room1": 0.999133527}, "spk21": {"room3": 0.6649773720000001, "room4": 1.329162598, "room2": 1.0206557509999998, "room12": 1.247961283}, "spk30": {"room4": -0.461514324, "room2": -1.60899508, "room12": -0.901055515}, "spk4": {"room6": -0.700324655}, "spk14": {"room10": 1.20324862}, "spk7": {"room12": 1.347179055}, "spk1": {"room5": 0.263533652, "room0": 0.139727518}}}