{"meta": {"speaker": "spk24", "room": "room1"}, "data": {"spk22": {"room0": 1.4459470509999999}, "spk10": {"room4": -0.04924785, "room12": -0.39102846399999996}, "spk18": {"room5": -1.326592803, "room0": -1.341518402, "room2": -0.353373528}, "spk29": {"room10": 0.92618984}, "spk5": {"room3": 1.133691311, "room5": 0.71806109, "room0": 0.8255972859999999}, "spk9": {"room4": 1.147399545, "room7": 1.2528760429999999, "room10": 1.606411576, "room12": 1.542372584, "room9": 1.37174654}, "spk2": {"room5": 1.03549099, "room0": 0.976297677}, "spk23": {"room4": 1.008312702, "room7": 0.7753183840000001, "room2": 0.9401295190000001, "room10": 1.343003392, "room12": 0.8485749359999999, "room9": 0.9530855420000001}, "spk15": {"room10": -1.494085789}, "spk28": {"room10": -1.223367095}, "spk24": {"room1": 8.19661808}, "spk12": {"room10": -0.853785276}, "spk8": {"room10": 0.6745030879999999}, "spk17": {"room5": 1.4777140619999998, "room0": 0.49566257}, "spk11": {"room3": 0.150910661, "room4": 0.229544163, "room7": -0.159459993, "room2": -0.20305477100000002, "room12": 0.475287497, "room9": 0.9007376429999999}, "spk19": {"room4": -1.054329157, "room7": -1.120912552, "room12": -0.683807135}, "spk13": {"room4": 1.418521643, "room12": 0.018688188999999997}, "spk31": {"room10": -1.6262397769999999}, "spk6": {"room10": 1.322106719}, "spk3": {"room3": -0.112160571, "room5": 2.212587595, "room7": 0.53314054, "room0": 1.3978860380000002, "room2": 1.570550203, "room9": 1.106656551}, "spk0": {"room3": 0.319127738}, "spk20": {"room10": -1.0908167359999998}, "spk26": {"room2": 2.337698221}, "spk16": {"room3": 0.398836821, "room4": 0.370982617, "room7": -0.251610607, "room12": 0.289711088, "room9": 0.38471573600000003}, "spk27": {"room5": 0.13949020199999998, "room0": -0.312964022}, "spk25": {"room1": 1.4943932290000002}, "spk21": {"room3": -0.19130426600000003, "room4": 1.136228681, "room2": 0.856352806, "room12": 0.170432329}, "spk30": {"room4": -0.867022574, "room2": -1.384767294, "room12": -1.210965633}, "spk4": {"room6": -0.44349879}, "spk14": {"room10": 1.073402166}, "spk7": {"room12": 1.374791026}, "spk1": {"room5": -0.059328492999999996, "room0": 0.373578012}}}