{"meta": {"speaker": "spk3", "room": "room0"}, "data": {"spk22": {"room0": 1.323431373}, "spk10": {"room4": 0.151734754, "room12": 0.340759546}, "spk18": {"room5": -1.4999657869999998, "room0": -1.232064962, "room2": -0.931032538}, "spk29": {"room10": 3.2659168239999996}, "spk5": {"room3": 3.020275354, "room5": 3.391187429, "room0": 3.028898716}, "spk9": {"room4": 1.980230331, "room7": 2.2604813580000003, "room10": 1.305500388, "room12": 2.233616114, "room9": 2.300983906}, "spk2": {"room5": 0.813953757, "room0": 0.5597853660000001}, "spk23": {"room4": 2.215732336, "room7": 2.07768178, "room2": 1.58804059, "room10": 1.6191061740000001, "room12": 2.029260159, "room9": 2.161884546}, "spk15": {"room10": -0.299137712}, "spk28": {"room10": -0.245845273}, "spk24": {"room1": 1.235681057}, "spk12": {"room10": -0.880890965}, "spk8": {"room10": 0.234475598}, "spk17": {"room5": 1.401461005, "room0": 1.01180768}, "spk11": {"room3": -0.384325057, "room4": 1.054103255, "room7": -0.575792551, "room2": -0.617907703, "room12": 0.676443219, "room9": 0.62272644}, "spk19": {"room4": -0.588370383, "room7": -0.352465719, "room12": -0.790665925}, "spk13": {"room4": 1.979464889, "room12": 0.36156255}, "spk31": {"room10": -0.831713557}, "spk6": {"room10": 0.343898475}, "spk3": {"room3": 5.282326698, "room5": 4.687975407, "room7": 4.608994484, "room0": 7.0478634829999995, "room2": 5.937656402999999, "room9": 6.50842762}, "spk0": {"room3": -0.12839031199999998}, "spk20": {"room10": -0.06884348400000001}, "spk26": {"room2": 0.000988508}, "spk16": {"room3": 0.9739909170000001, "room4": 0.447780609, "room7": 0.6407535670000001, "room12": 0.528922617, "room9": 1.633096576}, "spk27": {"room5": 0.687813461, "room0": 1.5767835380000002}, "spk25": {"room1": 2.9964787960000003}, "spk21": {"room3": 1.430000305, "room4": 1.6237233880000002, "room2": 0.913627326, "room12": 1.187094331}, "spk30": {"room4": -0.809458256, "room2": -1.4216085669999998, "room12": -0.898666799}, "spk4": {"room6": 1.443171978}, "spk14": {"room10": 1.089254856}, "spk7": {"room12": 1.7282516959999998}, "spk1": {"room5": 0.230690256, "room0": 1.63820827}}}