{"meta": {"speaker": "spk3", "room": "room9"}, "data": {"spk22": {"room0": 2.784457922}, "spk10": {"room4": 0.09192428, "room12": -0.017853254}, "spk18": {"room5": -1.6687818769999998, "room0": -1.24659884, "room2": -1.242293954}, "spk29": {"room10": 2.53947401}, "spk5": {"room3": 2.210871935, "room5": 2.326112509, "room0": 2.252156973}, "spk9": {"room4": 3.1886715889999997, "room7": 2.7316432, "room10": 2.158649921, "room12": 3.6318869589999996, "room9": 3.055026054}, "spk2": {"room5": 2.005047321, "room0": 2.2136437890000003}, "spk23": {"room4": 2.523834229, "room7": 1.9964466090000001, "room2": 1.734831214, "room10": 1.59186554, "room12": 2.424695969, "room9": 2.590861082}, "spk15": {"room10": -0.8184149270000001}, "spk28": {"room10": -0.528032005}, "spk24": {"room1": 1.837811351}, "spk12": {"room10": -0.767783463}, "spk8": {"room10": -0.29880923}, "spk17": {"room5": 0.383542895, "room0": 1.042716861}, "spk11": {"room3": 0.31290862, "room4": 1.557534814, "room7": 0.79659462, "room2": 0.646757126, "room12": 1.149614692, "room9": 1.258324027}, "spk19": {"room4": -0.964398742, "room7": -0.6828927990000001, "room12": -1.099700332}, "spk13": {"room4": 1.8911116119999998, "room12": 0.8790913220000001}, "spk31": {"room10": -0.96094501}, "spk6": {"room10": -0.173945397}, "spk3": {"room3": 4.367938995, "room5": 6.499156475, "room7": 5.859775066, "room0": 7.856122017000001, "room2": 6.777261734, "room9": 8.580137253}, "spk0": {"room3": -0.383707374}, "spk20": {"room10": -0.834065795}, "spk26": {"room2": 0.711307943}, "spk16": {"room3": 1.536085844, "room4": 0.335563093, "room7": 1.4692531819999999, "room12": 1.3032134770000001, "room9": 2.8120975489999998}, "spk27": {"room5": 1.020081162, "room0": 1.385142446}, "spk25": {"room1": 2.615056515}, "spk21": {"room3": 0.540878117, "room4": 1.018492818, "room2": 0.9627693890000001, "room12": 0.997936547}, "spk30": {"room4": -1.272473335, "room2": -1.7111845019999998, "room12": -1.540203571}, "spk4": {"room6": 1.275535107}, "spk14": {"room10": 1.265122056}, "spk7": {"room12": 3.136975288}, "spk1": {"room5": -0.22859458600000002, "room0": 1.0260869259999998}}}