{"meta": {"speaker": "spk3", "room": "room9"}, "data": {"spk22": {"room0": 3.8912692069999997}, "spk10": {"room4": 0.693389833, "room12": -0.129632771}, "spk18": {"room5": -2.403866291, "room0": -1.930726051, "room2": -1.6800391669999999}, "spk29": {"room10": 2.152000904}, "spk5": {"room3": 1.9504212140000001, "room5": 1.9434456830000002, "room0": 1.72041738}, "spk9": {"room4": 3.548252583, "room7": 3.7407543660000004, "room10": 2.473913908, "room12": 4.708723545, "room9": 3.309240341}, "spk2": {"room5": 1.883684516, "room0": 1.9775227309999999}, "spk23": {"room4": 2.9032552239999996, "room7": 2.170759201, "room2": 0.958733022, "room10": 1.7056273219999998, "room12": 2.157966137, "room9": 2.943881512}, "spk15": {"room10": -0.55452919}, "spk28": {"room10": -0.47852745700000004}, "spk24": {"room1": 2.181624413}, "spk12": {"room10": -0.617215693}, "spk8": {"room10": -0.30759507399999997}, "spk17": {"room5": 1.166648984, "room0": 0.736754}, "spk11": {"room3": 0.066209324, "room4": 2.148588181, "room7": 0.7659788129999999, "room2": 0.873659313, "room12": 1.8839948180000001, "room9": 1.353452325}, "spk19": {"room4": -0.8127187490000001, "room7": -0.568720043, "room12": -1.2727012629999999}, "spk13": {"room4": 2.122333288, "room12": 0.663276196}, "spk31": {"room10": -1.802277684}, "spk6": {"room10": 0.098001346}, "spk3": {"room3": 4.488616943, "room5": 6.607850075, "room7": 7.188239574, "room0": 7.171245575, "room2": 6.6084442139999995, "room9": 8.460410117999999}, "spk0": {"room3": -0.805875778}, "spk20": {"room10": -0.5859552029999999}, "spk26": {"room2": 0.600886166}, "spk16": {"room3": 1.767161608, "room4": 1.712214231, "room7": 1.497719169, "room12": 1.643180251, "room9": 3.1794316769999997}, "spk27": {"room5": 1.57795465, "room0": 1.8111562730000001}, "spk25": {"room1": 2.8713335989999997}, "spk21": {"room3": 0.394874722, "room4": 1.065901279, "room2": 0.6841173770000001, "room12": 1.268741012}, "spk30": {"room4": -0.505172312, "room2": -1.111361504, "room12": -1.0977083440000002}, "spk4": {"room6": 0.597850084}, "spk14": {"room10": 1.5596157309999998}, "spk7": {"room12": 2.046711445}, "spk1": {"room5": -0.091092251, "room0": 0.6954309940000001}}}