{"meta": {"speaker": "spk3", "room": "room9"}, "data": {"spk22": {"room0": 2.197594643}, "spk10": {"room4": -0.034912635, "room12": 0.25836917800000003}, "spk18": {"room5": -1.854951859, "room0": -1.575819969, "room2": -1.33048141}, "spk29": {"room10": 1.537179232}, "spk5": {"room3": 1.366755009, "room5": 2.076402664, "room0": 1.286457062}, "spk9": {"room4": 2.094477892, "room7": 2.14462924, "room10": 1.5464910269999999, "room12": 3.020115852, "room9": 2.2535808090000002}, "spk2": {"room5": 2.065759897, "room0": 2.1940162180000002}, "spk23": {"room4": 1.5859748130000002, "room7": 2.265605211, "room2": 1.032853842, "room10": 1.909897208, "room12": 2.3344271180000002, "room9": 2.234008551}, "spk15": {"room10": -0.642052889}, "spk28": {"room10": -0.298034519}, "spk24": {"room1": 2.1369392869999997}, "spk12": {"room10": -1.23139286}, "spk8": {"room10": 0.38102105299999994}, "spk17": {"room5": 0.746912122, "room0": 0.409522444}, "spk11": {"room3": 0.20255942600000001, "room4": 1.207041144, "room7": -0.150931507, "room2": 0.528276026, "room12": 0.7676510809999999, "room9": 0.828114748}, "spk19": {"room4": -0.582948208, "room7": -0.479543895, "room12": -1.219754934}, "spk13": {"room4": 2.088077784, "room12": 0.647077322}, "spk31": {"room10": -1.486783028}, "spk6": {"room10": 0.168025762}, "spk3": {"room3": 3.402084827, "room5": 5.115917683, "room7": 4.81007719, "room0": 6.897881507999999, "room2": 5.576069355, "room9": 7.314994812}, "spk0": {"room3": -0.413917661}, "spk20": {"room10": -0.5880131129999999}, "spk26": {"room2": 0.57534641}, "spk16": {"room3": 1.174576163, "room4": 1.261025429, "room7": 1.504235864, "room12": 1.4852740759999998, "room9": 2.546649218}, "spk27": {"room5": 0.8144269590000001, "room0": 0.9179010390000001}, "spk25": {"room1": 3.439833403}, "spk21": {"room3": 0.271260321, "room4": 0.981701851, "room2": 0.78147155, "room12": 1.085375309}, "spk30": {"room4": -0.6711742279999999, "room2": -1.3283871409999999, "room12": -1.026470065}, "spk4": {"room6": 0.615804076}, "spk14": {"room10": 1.27369225}, "spk7": {"room12": 1.4415302280000002}, "spk1": {"room5": 0.021628691000000002, "room0": 0.8615628479999999}}}