{"meta": {"speaker": "spk3", "room": "room0"}, "data": {"spk22": {"room0": 1.3755069969999998}, "spk10": {"room4": 0.348125666, "room12": 0.5108177070000001}, "spk18": {"room5": -2.062601089, "room0": -1.7688722609999998, "room2": -1.287203074}, "spk29": {"room10": 2.641102552}, "spk5": {"room3": 2.63809824, "room5": 2.3627450469999998, "room0": 2.297566175}, "spk9": {"room4": 1.1003487109999999, "room7": 1.046104074, "room10": 0.82831037, "room12": 1.071462035, "room9": 1.475989461}, "spk2": {"room5": 0.440478176, "room0": 0.033537541000000004}, "spk23": {"room4": 2.267858267, "room7": 2.187597752, "room2": 1.147045851, "room10": 1.056663513, "room12": 1.636140585, "room9": 1.890435576}, "spk15": {"room10": -0.234064728}, "spk28": {"room10": -0.914084375}, "spk24": {"room1": 0.808092952}, "spk12": {"room10": -1.101134777}, "spk8": {"room10": -0.15372099}, "spk17": {"room5": 0.8353026509999999, "room0": 0.905643702}, "spk11": {"room3": -0.665609777, "room4": 0.744392574, "room7": -0.496510923, "room2": -0.6974550490000001, "room12": 0.601408064, "room9": 0.805869043}, "spk19": {"room4": -0.8682433959999999, "room7": -0.7808520790000001, "room12": -1.032305241}, "spk13": {"room4": 1.633036494, "room12": 0.302698046}, "spk31": {"room10": -1.270655513}, "spk6": {"room10": 0.75010246}, "spk3": {"room3": 4.588545322, "room5": 3.8499197960000004, "room7": 3.7528650760000004, "room0": 5.432291508, "room2": 4.9410996439999995, "room9": 5.3408694269999994}, "spk0": {"room3": -0.324661821}, "spk20": {"room10": -0.356176734}, "spk26": {"room2": 0.532010436}, "spk16": {"room3": 0.8249486090000001, "room4": 0.42275363200000005, "room7": 0.877247155, "room12": 0.237991244, "room9": 0.9164140820000001}, "spk27": {"room5": 0.067883953, "room0": 0.7878047229999999}, "spk25": {"room1": 2.410757542}, "spk21": {"room3": 1.210561275, "room4": 1.741942048, "room2": 1.296208024, "room12": 0.85478431}, "spk30": {"room4": -1.171607018, "room2": -1.49838531, "room12": -1.146402597}, "spk4": {"room6": 1.930831552}, "spk14": {"room10": 0.572668493}, "spk7": {"room12": 1.209715605}, "spk1": {"room5": 0.254479975, "room0": 1.191883683}}}