{"meta": {"speaker": "spk3", "room": "room7"}, "data": {"spk22": {"room0": 2.8109371660000004}, "spk10": {"room4": 1.248127341, "room12": 0.646736205}, "spk18": {"room5": -1.252699494, "room0": -1.0415550470000001, "room2": -0.927946925}, "spk29": {"room10": 2.825477839}, "spk5": {"room3": 1.748581648, "room5": 1.710391402, "room0": 1.050087094}, "spk9": {"room4": 2.275088072, "room7": 2.202574015, "room10": 1.524064064, "room12": 2.574816942, "room9": 3.1540479660000003}, "spk2": {"room5": 1.438487649, "room0": 1.381469131}, "spk23": {"room4": 1.9385042190000001, "room7": 2.676560879, "room2": 0.18183296899999998, "room10": 1.175862074, "room12": 2.094324827, "room9": 2.2502958769999997}, "spk15": {"room10": -1.229304075}, "spk28": {"room10": -0.7730680109999999}, "spk24": {"room1": 0.415482432}, "spk12": {"room10": -0.8463482259999999}, "spk8": {"room10": 0.20228806100000002}, "spk17": {"room5": 0.8849730490000001, "room0": 1.096052051}, "spk11": {"room3": 0.052882835, "room4": 2.48639226, "room7": 1.22911346, "room2": 0.39034190799999996, "room12": 2.194904804, "room9": 2.1354315280000002}, "spk19": {"room4": -0.746780097, "room7": -0.334419161, "room12": -1.254841328}, "spk13": {"room4": 1.8201544280000002, "room12": 0.539045036}, "spk31": {"room10": -1.349190593}, "spk6": {"room10": -0.12560001}, "spk3": {"room3": 4.861017227, "room5": 4.651404381, "room7": 8.098239899, "room0": 7.06275034, "room2": 5.7490329739999995, "room9": 8.44382}, "spk0": {"room3": -0.21460153199999998}, "spk20": {"room10": -0.8083437090000001}, "spk26": {"room2": -0.10923519}, "spk16": {"room3": 2.206652641, "room4": 2.072596073, "room7": 1.97369206, "room12": 1.113140702, "room9": 2.227952719}, "spk27": {"room5": 0.612012863, "room0": 1.3378851409999999}, "spk25": {"room1": 2.050537586}, "spk21": {"room3": 0.41589775700000003, "room4": 1.035298109, "room2": -0.314267099, "room12": 1.4449766869999998}, "spk30": {"room4": -0.857046485, "room2": -1.316823244, "room12": -1.190976381}, "spk4": {"room6": 1.006605983}, "spk14": {"room10": 2.27354908}, "spk7": {"room12": 1.9225512740000001}, "spk1": {"room5": 0.21988976, "room0": 0.527524114}}}