{"meta": {"speaker": "spk3", "room": "room0"}, "data": {"spk22": {"room0": 1.793165445}, "spk10": {"room4": 0.548692703, "room12": 0.521551251}, "spk18": {"room5": -1.7907935380000002, "room0": -1.236981034, "room2": -1.379062295}, "spk29": {"room10": 2.8734197619999997}, "spk5": {"room3": 1.998986006, "room5": 1.8816902640000002, "room0": 1.329810619}, "spk9": {"room4": 0.6044325229999999, "room7": 1.504768848, "room10": 0.90698874, "room12": 1.59431684, "room9": 0.9664005640000001}, "spk2": {"room5": 0.82767868, "room0": 1.196929097}, "spk23": {"room4": 1.527633309, "room7": 2.220763683, "room2": 0.940457523, "room10": 1.654715657, "room12": 1.9631843569999998, "room9": 2.0829372409999998}, "spk15": {"room10": -0.040999666000000004}, "spk28": {"room10": -0.5654485229999999}, "spk24": {"room1": 1.281416535}, "spk12": {"room10": -1.168414116}, "spk8": {"room10": -0.554334283}, "spk17": {"room5": 0.995821595, "room0": 1.0127002}, "spk11": {"room3": 0.298186362, "room4": 0.57341969, "room7": -0.369680315, "room2": -0.051186785, "room12": 0.382508695, "room9": 0.42478188899999997}, "spk19": {"room4": -0.549479127, "room7": -0.531428695, "room12": -1.093989253}, "spk13": {"room4": 1.616431594, "room12": 0.061046813}, "spk31": {"room10": -1.472823262}, "spk6": {"room10": 0.48061797}, "spk3": {"room3": 4.095960617, "room5": 5.464268683999999, "room7": 4.858736992, "room0": 6.818462848999999, "room2": 5.827098846, "room9": 6.11738205}, "spk0": {"room3": -0.324403793}, "spk20": {"room10": -0.7984750270000001}, "spk26": {"room2": 0.726761043}, "spk16": {"room3": 1.231862783, "room4": 0.173293963, "room7": 0.39969959899999996, "room12": 0.48827076, "room9": 0.562607586}, "spk27": {"room5": 0.046480905, "room0": -0.07814178599999999}, "spk25": {"room1": 2.155842066}, "spk21": {"room3": 0.7022782559999999, "room4": 0.732658148, "room2": 0.704117298, "room12": 0.698900819}, "spk30": {"room4": -0.8455436829999999, "room2": -1.557746291, "room12": -0.792222559}, "spk4": {"room6": 1.794548869}, "spk14": {"room10": 1.214926958}, "spk7": {"room12": 1.856712818}, "spk1": {"room5": -0.028078317999999998, "room0": 0.7720195059999999}}}