{"meta": {"speaker": "spk3", "room": "room3"}, "data": {"spk22": {"room0": 0.608973503}, "spk10": {"room4": 0.9694434999999999, "room12": 0.914515376}, "spk18": {"room5": -0.9665241240000001, "room0": -0.192165941, "room2": -0.155193314}, "spk29": {"room10": 1.961059093}, "spk5": {"room3": 2.8206632139999996, "room5": 2.426045418, "room0": 3.009600878}, "spk9": {"room4": -1.121838927, "room7": -0.760169566, "room10": -0.555834174, "room12": -0.136571184, "room9": -0.3903552}, "spk2": {"room5": -0.17708507199999998, "room0": 0.32069242}, "spk23": {"room4": 0.8699281809999999, "room7": 0.779714823, "room2": 0.246835843, "room10": 0.6333252189999999, "room12": 0.391479939, "room9": 0.878522694}, "spk15": {"room10": 0.716197431}, "spk28": {"room10": -0.11769275400000001}, "spk24": {"room1": 0.76129216}, "spk12": {"room10": 0.228329733}, "spk8": {"room10": 1.077233076}, "spk17": {"room5": 0.08240634200000001, "room0": 0.006439126}, "spk11": {"room3": -0.436521858, "room4": -0.264696568, "room7": -0.621833801, "room2": -1.480938792, "room12": -0.677683532, "room9": -1.167271733}, "spk19": {"room4": -0.368789524, "room7": 0.366993278, "room12": -0.328057736}, "spk13": {"room4": 0.44172912799999997, "room12": -0.45965886100000003}, "spk31": {"room10": 0.12050799300000001}, "spk6": {"room10": 1.174231052}, "spk3": {"room3": 3.745000839, "room5": 1.89714694, "room7": 3.374529362, "room0": 2.572338104, "room2": 3.200345755, "room9": 2.5302486419999997}, "spk0": {"room3": -0.12311557699999999}, "spk20": {"room10": 0.7315867540000001}, "spk26": {"room2": 0.846046627}, "spk16": {"room3": 0.35892611700000004, "room4": -0.008805877, "room7": 0.32367593100000003, "room12": -0.013109383999999998, "room9": -0.07449135900000001}, "spk27": {"room5": -0.8973789809999999, "room0": -1.201130748}, "spk25": {"room1": 0.553368807}, "spk21": {"room3": 2.195567369, "room4": 1.00257957, "room2": 1.016314983, "room12": 0.899380863}, "spk30": {"room4": -0.8279047009999999, "room2": -1.0961793659999999, "room12": -0.154994056}, "spk4": {"room6": 2.437224388}, "spk14": {"room10": 1.337260246}, "spk7": {"room12": 1.2749080659999998}, "spk1": {"room5": 0.25551593300000003, "room0": 0.284940243}}}