{"meta": {"speaker": "spk3", "room": "room3"}, "data": {"spk22": {"room0": 1.3173977140000002}, "spk10": {"room4": 0.670566976, "room12": 1.105238676}, "spk18": {"room5": -1.230424404, "room0": -0.716872156, "room2": -0.940814495}, "spk29": {"room10": 2.88351202}, "spk5": {"room3": 3.154301405, "room5": 2.565784454, "room0": 3.1011233330000003}, "spk9": {"room4": 0.093608908, "room7": 1.071345448, "room10": 1.181937218, "room12": 1.328229308, "room9": 0.450540781}, "spk2": {"room5": 0.6876098509999999, "room0": 0.9536882040000001}, "spk23": {"room4": 2.011642218, "room7": 2.268946648, "room2": 2.171715736, "room10": 1.767532229, "room12": 2.274403095, "room9": 1.87820673}, "spk15": {"room10": -0.016672295}, "spk28": {"room10": -0.9920974370000001}, "spk24": {"room1": 1.277473211}, "spk12": {"room10": -0.706531584}, "spk8": {"room10": 0.7351875309999999}, "spk17": {"room5": 0.6994512079999999, "room0": 0.81992662}, "spk11": {"room3": -0.41680899299999996, "room4": 0.626398385, "room7": -0.410237849, "room2": -0.898537815, "room12": -0.248498827, "room9": 0.094901741}, "spk19": {"room4": -1.250101686, "room7": -0.71890837, "room12": -1.263741851}, "spk13": {"room4": 1.45761013, "room12": 0.21573495899999998}, "spk31": {"room10": -0.831113338}, "spk6": {"room10": 0.534996092}, "spk3": {"room3": 4.815093994, "room5": 4.054077625, "room7": 3.1654205319999997, "room0": 4.302257538, "room2": 4.642897606, "room9": 3.917324305}, "spk0": {"room3": 0.032673858}, "spk20": {"room10": -0.329402983}, "spk26": {"room2": 1.164660215}, "spk16": {"room3": 1.327480912, "room4": -0.37582466, "room7": 0.35480693, "room12": -0.455730617, "room9": 0.177609265}, "spk27": {"room5": 0.029752518999999998, "room0": 0.09418162}, "spk25": {"room1": 1.652758121}, "spk21": {"room3": 2.002229691, "room4": 1.4743837119999998, "room2": 1.078132391, "room12": 0.755958974}, "spk30": {"room4": -1.113207817, "room2": -1.408390403, "room12": -0.8035880329999999}, "spk4": {"room6": 1.793195128}, "spk14": {"room10": 1.595698714}, "spk7": {"room12": 1.087249398}, "spk1": {"room5": 0.421361119, "room0": 1.750008225}}}