{"meta": {"speaker": "spk3", "room": "room7"}, "data": {"spk22": {"room0": 3.1708247660000004}, "spk10": {"room4": 1.9669458869999998, "room12": 1.354609966}, "spk18": {"room5": -1.63094461, "room0": -1.4521100519999999, "room2": -0.989900887}, "spk29": {"room10": 2.38553071}, "spk5": {"room3": 1.556955576, "room5": 1.176310301, "room0": 0.815731823}, "spk9": {"room4": 1.725924969, "room7": 1.334430695, "room10": 0.6953398590000001, "room12": 2.043900013, "room9": 2.7307116989999995}, "spk2": {"room5": 0.98534894, "room0": 1.004260778}, "spk23": {"room4": 1.527279735, "room7": 2.292446613, "room2": -0.019222613, "room10": 0.494921684, "room12": 1.536534071, "room9": 2.000538111}, "spk15": {"room10": -0.531393886}, "spk28": {"room10": -0.633523583}, "spk24": {"room1": 0.316832215}, "spk12": {"room10": -0.742067754}, "spk8": {"room10": 0.42778942}, "spk17": {"room5": 2.559291601, "room0": 2.175421238}, "spk11": {"room3": 0.24328713100000002, "room4": 1.539372444, "room7": 0.440912426, "room2": -0.232104838, "room12": 1.07347405, "room9": 1.9021661280000002}, "spk19": {"room4": -0.685815215, "room7": -0.229294196, "room12": -1.332113743}, "spk13": {"room4": 1.323506355, "room12": 0.845055401}, "spk31": {"room10": -1.628712535}, "spk6": {"room10": 0.35039252}, "spk3": {"room3": 3.648434162, "room5": 2.6325421330000003, "room7": 7.085284232999999, "room0": 4.334268093, "room2": 3.5261607169999998, "room9": 6.267406464}, "spk0": {"room3": 0.017727511}, "spk20": {"room10": -0.656339169}, "spk26": {"room2": -0.574768126}, "spk16": {"room3": 2.277182102, "room4": 1.5394043919999998, "room7": 0.43431040600000004, "room12": 1.054004312, "room9": 1.6805132630000001}, "spk27": {"room5": 1.417788506, "room0": 1.299502373}, "spk25": {"room1": 1.48214376}, "spk21": {"room3": 0.430317193, "room4": 0.9995255470000001, "room2": 0.056736428, "room12": 1.633441567}, "spk30": {"room4": -0.598090351, "room2": -1.225945234, "room12": -1.2110509870000001}, "spk4": {"room6": 1.0914834740000001}, "spk14": {"room10": 1.918031216}, "spk7": {"room12": 0.659943879}, "spk1": {"room5": 0.35379371, "room0": 0.020028139}}}