{"meta": {"speaker": "spk3", "room": "room2"}, "data": {"spk22": {"room0": 1.834659338}, "spk10": {"room4": 0.625582278, "room12": 0.12222310900000001}, "spk18": {"room5": -1.50874877, "room0": -0.7498855590000001, "room2": -0.690496922}, "spk29": {"room10": 2.510779381}, "spk5": {"room3": 1.964662313, "room5": 2.049812794, "room0": 1.283491492}, "spk9": {"room4": -0.214930519, "room7": 0.635234773, "room10": -0.332030475, "room12": 0.61294198, "room9": 0.09460061800000001}, "spk2": {"room5": 1.4190530780000001, "room0": 0.529779911}, "spk23": {"room4": 1.3978524209999998, "room7": 1.875457287, "room2": 0.917714655, "room10": 1.680918455, "room12": 1.747619033, "room9": 1.2835119959999999}, "spk15": {"room10": -0.34855639899999996}, "spk28": {"room10": 0.155453816}, "spk24": {"room1": 0.6128165720000001}, "spk12": {"room10": -0.76269567}, "spk8": {"room10": 1.247309566}, "spk17": {"room5": 0.775876582, "room0": 1.054046512}, "spk11": {"room3": 1.319083691, "room4": 0.575803459, "room7": -0.29163864300000003, "room2": 0.877551615, "room12": 0.04341398900000001, "room9": 0.23477430600000002}, "spk19": {"room4": -0.452391386, "room7": -0.04454994599999999, "room12": -0.5760766270000001}, "spk13": {"room4": 0.8543088440000001, "room12": -0.120833889}, "spk31": {"room10": -0.9833209509999999}, "spk6": {"room10": -0.250640184}, "spk3": {"room3": 3.6490147110000004, "room5": 5.121978283, "room7": 5.506182194, "room0": 4.376318455, "room2": 6.5082707410000005, "room9": 4.76811552}, "spk0": {"room3": -1.341705322}, "spk20": {"room10": -0.18366769}, "spk26": {"room2": 0.13664179999999998}, "spk16": {"room3": 2.514522314, "room4": -0.27500289699999997, "room7": 1.087324381, "room12": 0.37968009700000005, "room9": 1.0347335340000001}, "spk27": {"room5": -0.44190982, "room0": 0.040525779}, "spk25": {"room1": 2.381955624}, "spk21": {"room3": 0.713183045, "room4": 0.543176591, "room2": 0.106523119, "room12": 0.296161324}, "spk30": {"room4": -0.048630732999999995, "room2": -0.13022804300000002, "room12": 0.360224724}, "spk4": {"room6": 1.0393093820000001}, "spk14": {"room10": 1.91569829}, "spk7": {"room12": 0.132085666}, "spk1": {"room5": 0.15066126, "room0": 0.9114595059999999}}}