{"meta": {"speaker": "spk3", "room": "room9"}, "data": {"spk22": {"room0": 3.0235857960000003}, "spk10": {"room4": 0.7197378870000001, "room12": 0.42156493700000003}, "spk18": {"room5": -2.012511969, "room0": -1.486825824, "room2": -1.355256796}, "spk29": {"room10": 2.469747066}, "spk5": {"room3": 1.478412509, "room5": 1.896726608, "room0": 1.124093413}, "spk9": {"room4": 2.733356953, "room7": 2.440483332, "room10": 1.6562873130000002, "room12": 2.9328415389999996, "room9": 2.739258528}, "spk2": {"room5": 1.57974124, "room0": 1.369519234}, "spk23": {"room4": 1.5771386619999999, "room7": 1.8568990230000002, "room2": 1.090841532, "room10": 1.299182653, "room12": 1.8629236219999998, "room9": 1.982823491}, "spk15": {"room10": -1.023408294}, "spk28": {"room10": -0.613778591}, "spk24": {"room1": 2.093362331}, "spk12": {"room10": -1.258615136}, "spk8": {"room10": -0.021273712}, "spk17": {"room5": 0.35842314399999997, "room0": 0.9908930659999999}, "spk11": {"room3": 0.24057173699999998, "room4": 1.649179935, "room7": 0.76146853, "room2": 1.133648872, "room12": 1.33752346, "room9": 1.56473887}, "spk19": {"room4": -0.9037500620000001, "room7": -0.636432111, "room12": -1.220176697}, "spk13": {"room4": 1.604992867, "room12": 0.901429534}, "spk31": {"room10": -1.415505767}, "spk6": {"room10": -0.24169907}, "spk3": {"room3": 4.058920383, "room5": 4.958853722, "room7": 5.889166355, "room0": 6.51612854, "room2": 5.428813457, "room9": 7.309128761}, "spk0": {"room3": -0.831230342}, "spk20": {"room10": -1.036638856}, "spk26": {"room2": 0.499705911}, "spk16": {"room3": 1.957748413, "room4": 1.7202737330000002, "room7": 2.337382555, "room12": 2.118937969, "room9": 3.3037223819999997}, "spk27": {"room5": 0.508839309, "room0": 1.53441155}, "spk25": {"room1": 2.936022758}, "spk21": {"room3": 0.154288098, "room4": 1.236469388, "room2": 0.318242431, "room12": 0.957397699}, "spk30": {"room4": -0.943372488, "room2": -1.308013916, "room12": -1.142930388}, "spk4": {"room6": 1.105977535}, "spk14": {"room10": 1.554091811}, "spk7": {"room12": 2.830853701}, "spk1": {"room5": -0.24332107600000003, "room0": 0.494045466}}}