{"meta": {"speaker": "spk3", "room": "room9"}, "data": {"spk22": {"room0": 2.759397745}, "spk10": {"room4": 0.43401855200000006, "room12": 0.306356043}, "spk18": {"room5": -1.716216564, "room0": -1.4531056880000002, "room2": -0.908131063}, "spk29": {"room10": 1.6248760219999998}, "spk5": {"room3": 2.140613079, "room5": 1.898299694, "room0": 1.624447584}, "spk9": {"room4": 2.917643309, "room7": 2.672684669, "room10": 2.207177877, "room12": 3.4047942160000004, "room9": 3.086407185}, "spk2": {"room5": 1.926397324, "room0": 1.779153585}, "spk23": {"room4": 1.9423487190000002, "room7": 2.050260305, "room2": 0.93359977, "room10": 1.901299953, "room12": 2.258092165, "room9": 2.275779486}, "spk15": {"room10": -0.750574291}, "spk28": {"room10": -0.52139169}, "spk24": {"room1": 2.282633305}, "spk12": {"room10": -1.034261823}, "spk8": {"room10": -0.059767589}, "spk17": {"room5": 0.912640035, "room0": 0.6822533009999999}, "spk11": {"room3": -0.084423989, "room4": 1.890691996, "room7": 0.52010715, "room2": 0.492911428, "room12": 1.4275590180000002, "room9": 1.4216462369999998}, "spk19": {"room4": -0.661580801, "room7": -0.598940492, "room12": -1.102141023}, "spk13": {"room4": 2.136757612, "room12": 0.431141347}, "spk31": {"room10": -1.063938498}, "spk6": {"room10": -0.35487577299999995}, "spk3": {"room3": 3.7582612039999996, "room5": 5.441057682, "room7": 5.53175354, "room0": 7.306458472999999, "room2": 6.133162975, "room9": 7.879538059}, "spk0": {"room3": -0.467906415}, "spk20": {"room10": -0.992806435}, "spk26": {"room2": 0.5036338570000001}, "spk16": {"room3": 1.541142464, "room4": 1.6957281830000002, "room7": 2.025593519, "room12": 1.9266871209999998, "room9": 2.9878079889999998}, "spk27": {"room5": 0.850350857, "room0": 1.244791389}, "spk25": {"room1": 2.723214865}, "spk21": {"room3": 0.9196639059999999, "room4": 1.602351308, "room2": 0.8467020390000001, "room12": 0.952454448}, "spk30": {"room4": -0.9773637059999999, "room2": -1.330971718, "room12": -1.116479158}, "spk4": {"room6": 0.8262674809999999}, "spk14": {"room10": 1.485160112}, "spk7": {"room12": 1.967342138}, "spk1": {"room5": 0.014353528, "room0": 1.1240122320000001}}}