{"meta": {"speaker": "spk3", "room": "room0"}, "data": {"spk22": {"room0": 2.231595993}, "spk10": {"room4": 0.7144975659999999, "room12": 0.505523205}, "spk18": {"room5": -1.810090899, "room0": -1.444377065, "room2": -1.170432925}, "spk29": {"room10": 2.6270926}, "spk5": {"room3": 2.775232553, "room5": 2.3617899419999997, "room0": 1.6575019359999998}, "spk9": {"room4": 2.477366447, "room7": 2.840474129, "room10": 2.2097289559999997, "room12": 2.906053305, "room9": 2.698812485}, "spk2": {"room5": 1.299996495, "room0": 0.887882471}, "spk23": {"room4": 2.352016926, "room7": 2.497016907, "room2": 0.719951928, "room10": 1.861382246, "room12": 2.474659443, "room9": 2.070414782}, "spk15": {"room10": -0.438792676}, "spk28": {"room10": -0.560396731}, "spk24": {"room1": 0.600819409}, "spk12": {"room10": -0.97873348}, "spk8": {"room10": 0.078597575}, "spk17": {"room5": 1.189211488, "room0": 1.402689099}, "spk11": {"room3": 0.337068319, "room4": 1.464389324, "room7": 0.35728192299999995, "room2": 0.519394159, "room12": 0.889576197, "room9": 1.0342149729999999}, "spk19": {"room4": -0.480253547, "room7": -0.33710709200000005, "room12": -0.7998474240000001}, "spk13": {"room4": 1.667386174, "room12": 1.090334535}, "spk31": {"room10": -1.5042930840000002}, "spk6": {"room10": -0.297966689}, "spk3": {"room3": 3.9035534860000003, "room5": 3.571327448, "room7": 4.17524147, "room0": 5.144738674, "room2": 4.194089413, "room9": 4.013736248}, "spk0": {"room3": -0.148273394}, "spk20": {"room10": -0.372496039}, "spk26": {"room2": -0.20466876}, "spk16": {"room3": 1.6142375469999999, "room4": 1.077350497, "room7": 0.934076488, "room12": 1.038872242, "room9": 1.4068812130000001}, "spk27": {"room5": 0.88044554, "room0": 1.52591598}, "spk25": {"room1": 2.23042345}, "spk21": {"room3": 1.7770110369999998, "room4": 1.155576468, "room2": 0.839829385, "room12": 1.3392604590000001}, "spk30": {"room4": -0.784153283, "room2": -1.193783522, "room12": -0.79545027}, "spk4": {"room6": 2.040424585}, "spk14": {"room10": 0.820895433}, "spk7": {"room12": 1.114404917}, "spk1": {"room5": 0.681013703, "room0": 1.273377299}}}