{"meta": {"speaker": "spk3", "room": "room2"}, "data": {"spk22": {"room0": 2.60041666}, "spk10": {"room4": 0.488729656, "room12": 0.305911869}, "spk18": {"room5": -1.054199457, "room0": -0.845130622, "room2": -0.8362801670000001}, "spk29": {"room10": 3.0020446780000003}, "spk5": {"room3": 1.7688790559999998, "room5": 1.940877676, "room0": 1.6587054730000002}, "spk9": {"room4": 1.702470779, "room7": 2.533505201, "room10": 1.733941674, "room12": 2.493932724, "room9": 1.9659152030000002}, "spk2": {"room5": 1.618853092, "room0": 0.279312223}, "spk23": {"room4": 2.020882845, "room7": 2.5572230819999997, "room2": 1.3722881080000002, "room10": 2.221640825, "room12": 1.949595094, "room9": 1.8679040669999998}, "spk15": {"room10": -0.575528443}, "spk28": {"room10": -0.391943127}, "spk24": {"room1": 1.171056151}, "spk12": {"room10": -0.632199824}, "spk8": {"room10": 0.49121263600000004}, "spk17": {"room5": 1.09484303, "room0": 1.080025673}, "spk11": {"room3": 1.167194128, "room4": 1.055231214, "room7": -0.045025635999999994, "room2": 0.898270428, "room12": 0.7065286040000001, "room9": 0.938427448}, "spk19": {"room4": -0.577535629, "room7": -0.220351562, "room12": -0.7167943720000001}, "spk13": {"room4": 1.017828584, "room12": 0.33928704299999995}, "spk31": {"room10": -0.888704717}, "spk6": {"room10": -0.42790067200000004}, "spk3": {"room3": 3.65830183, "room5": 5.137717724, "room7": 5.135950089, "room0": 4.417813778, "room2": 6.398797989, "room9": 4.666519642}, "spk0": {"room3": -0.742551625}, "spk20": {"room10": 0.314900339}, "spk26": {"room2": 0.5457161070000001}, "spk16": {"room3": 2.7181148530000003, "room4": -0.082208358, "room7": 1.2955170870000001, "room12": 0.8245221970000001, "room9": 1.589921832}, "spk27": {"room5": 0.7345675229999999, "room0": 1.486108899}, "spk25": {"room1": 2.573702097}, "spk21": {"room3": 1.0434736009999999, "room4": 0.44070935200000005, "room2": 0.7564907670000001, "room12": 0.428713202}, "spk30": {"room4": -0.34164026399999997, "room2": -0.49810078700000004, "room12": -0.379234105}, "spk4": {"room6": 0.640695572}, "spk14": {"room10": 1.728704929}, "spk7": {"room12": 1.317095995}, "spk1": {"room5": 0.612385511, "room0": 1.5640660519999998}}}