{"meta": {"speaker": "spk3", "room": "room7"}, "data": {"spk22": {"room0": 2.4949119090000003}, "spk10": {"room4": 1.23805964, "room12": 0.880871713}, "spk18": {"room5": -2.03684783, "room0": -1.527208805, "room2": -1.595464826}, "spk29": {"room10": 2.145009995}, "spk5": {"room3": 1.5679504869999998, "room5": 1.03478241, "room0": 1.175568223}, "spk9": {"room4": 1.31219244, "room7": 1.6329743859999999, "room10": 1.070301294, "room12": 1.8502428530000001, "room9": 2.39628458}, "spk2": {"room5": 0.776034117, "room0": 1.299362779}, "spk23": {"room4": 1.84805131, "room7": 2.902335405, "room2": 0.418419331, "room10": 0.823343754, "room12": 1.9837116000000001, "room9": 2.408394575}, "spk15": {"room10": -1.7740809919999998}, "spk28": {"room10": -1.560843945}, "spk24": {"room1": 0.60244}, "spk12": {"room10": -1.582203984}, "spk8": {"room10": -0.597474992}, "spk17": {"room5": 1.041806579, "room0": 1.4161201719999998}, "spk11": {"room3": 0.792779267, "room4": 1.996332884, "room7": 0.8571937079999999, "room2": 0.462809443, "room12": 1.2900086640000001, "room9": 1.69568181}, "spk19": {"room4": -1.655410051, "room7": -1.060432076, "room12": -2.135162354}, "spk13": {"room4": 1.256186128, "room12": 0.361007333}, "spk31": {"room10": -2.369848013}, "spk6": {"room10": 0.194007605}, "spk3": {"room3": 4.580255985, "room5": 3.802092075, "room7": 7.268498421, "room0": 6.102592467999999, "room2": 5.692342281, "room9": 6.926240921000001}, "spk0": {"room3": -0.246179283}, "spk20": {"room10": -1.4926943780000002}, "spk26": {"room2": -0.108647861}, "spk16": {"room3": 1.978904605, "room4": 1.35572803, "room7": 1.971937895, "room12": 1.096780777, "room9": 2.279809952}, "spk27": {"room5": -0.00405668, "room0": 0.8024855259999999}, "spk25": {"room1": 1.9423991440000001}, "spk21": {"room3": 0.162249267, "room4": 0.575613976, "room2": -0.44559440000000006, "room12": 0.808300793}, "spk30": {"room4": -1.677067876, "room2": -2.105117083, "room12": -2.0056562419999997}, "spk4": {"room6": 1.410203934}, "spk14": {"room10": 1.93383503}, "spk7": {"room12": 1.7198616269999998}, "spk1": {"room5": 0.529066861, "room0": 1.236628056}}}