{"meta": {"speaker": "spk3", "room": "room7"}, "data": {"spk22": {"room0": 4.2827095989999995}, "spk10": {"room4": 1.29150331, "room12": 0.7886508109999999}, "spk18": {"room5": -1.251096129, "room0": -0.9966784120000001, "room2": -0.874279916}, "spk29": {"room10": 2.490526676}, "spk5": {"room3": 1.416080356, "room5": 0.929554641, "room0": 0.651468694}, "spk9": {"room4": 3.1436717510000003, "room7": 2.95717454, "room10": 1.8628188369999998, "room12": 3.6678965089999997, "room9": 3.51772356}, "spk2": {"room5": 2.095628023, "room0": 1.757198691}, "spk23": {"room4": 2.122800589, "room7": 1.914484501, "room2": 0.402623743, "room10": 0.8846811059999999, "room12": 1.7374036309999998, "room9": 1.6909475330000001}, "spk15": {"room10": -0.915415823}, "spk28": {"room10": -0.566652834}, "spk24": {"room1": 1.993058085}, "spk12": {"room10": -0.8761067990000001}, "spk8": {"room10": 0.33498579300000003}, "spk17": {"room5": 1.795840621, "room0": 1.729479671}, "spk11": {"room3": 0.767390728, "room4": 2.5754072669999997, "room7": 1.6743019819999998, "room2": 0.670449793, "room12": 2.455547094, "room9": 2.9362137319999997}, "spk19": {"room4": -0.863480508, "room7": -0.6724051240000001, "room12": -1.27064693}, "spk13": {"room4": 2.514585018, "room12": 1.258684039}, "spk31": {"room10": -0.992414117}, "spk6": {"room10": 0.37028825299999996}, "spk3": {"room3": 5.138885975, "room5": 4.729339599999999, "room7": 7.691258907000001, "room0": 6.924417019, "room2": 5.590800762000001, "room9": 7.961508274}, "spk0": {"room3": 0.573059082}, "spk20": {"room10": -0.42763313700000005}, "spk26": {"room2": -0.33162868}, "spk16": {"room3": 2.071517229, "room4": 2.485173225, "room7": 2.60052681, "room12": 3.067060947, "room9": 3.081456423}, "spk27": {"room5": 1.5309631819999998, "room0": 1.7099082469999998}, "spk25": {"room1": 2.613125563}, "spk21": {"room3": -0.046186052000000005, "room4": 1.0963730809999999, "room2": -0.09485609099999999, "room12": 1.107538104}, "spk30": {"room4": -1.0279692409999999, "room2": -1.4627597330000002, "room12": -1.502283216}, "spk4": {"room6": 1.18448472}, "spk14": {"room10": 2.620613575}, "spk7": {"room12": 1.55493629}, "spk1": {"room5": -0.010741403, "room0": 0.22349511100000002}}}