{"meta": {"speaker": "spk3", "room": "room3"}, "data": {"spk22": {"room0": 1.504265785}, "spk10": {"room4": 1.008516669, "room12": 2.280809402}, "spk18": {"room5": -1.88883698, "room0": -1.6571757790000001, "room2": -1.5406271219999998}, "spk29": {"room10": 2.8430159089999996}, "spk5": {"room3": 2.325082779, "room5": 2.351529598, "room0": 3.022496939}, "spk9": {"room4": 0.9180092809999999, "room7": 2.65612936, "room10": 1.8330734969999998, "room12": 2.159264088, "room9": 1.9377198219999998}, "spk2": {"room5": 0.419465989, "room0": 0.42342302200000004}, "spk23": {"room4": 1.274149299, "room7": 1.743219733, "room2": 1.7821097369999999, "room10": 1.212913156, "room12": 1.921308517, "room9": 1.4615341419999999}, "spk15": {"room10": 0.508467078}, "spk28": {"room10": -0.643544674}, "spk24": {"room1": 0.73435849}, "spk12": {"room10": -0.8256665470000001}, "spk8": {"room10": 0.17808345}, "spk17": {"room5": 0.806930125, "room0": 0.577724516}, "spk11": {"room3": 0.21760872, "room4": 1.2687587740000001, "room7": 0.286575615, "room2": -0.18205086899999998, "room12": 0.774109423, "room9": 0.647260487}, "spk19": {"room4": -1.3907573219999998, "room7": -1.041290522, "room12": -1.729070544}, "spk13": {"room4": 1.293288708, "room12": 0.688445091}, "spk31": {"room10": -1.23824966}, "spk6": {"room10": 0.28240457199999996}, "spk3": {"room3": 5.09825325, "room5": 3.5385952000000005, "room7": 2.14871645, "room0": 4.8970966339999995, "room2": 3.8271331789999996, "room9": 4.431005001}, "spk0": {"room3": 1.028949022}, "spk20": {"room10": 0.529305756}, "spk26": {"room2": 0.338835239}, "spk16": {"room3": 1.9026328330000002, "room4": -0.634465039, "room7": 0.726726592, "room12": 0.130660847, "room9": 0.770729005}, "spk27": {"room5": 0.742482126, "room0": 1.260945678}, "spk25": {"room1": 1.634276628}, "spk21": {"room3": 4.369549274, "room4": 1.8538913730000002, "room2": 1.455595255, "room12": 1.740440369}, "spk30": {"room4": -0.876764655, "room2": -1.3054512740000002, "room12": -0.8780684470000001}, "spk4": {"room6": 1.492693663}, "spk14": {"room10": 1.9482231140000001}, "spk7": {"room12": -0.187729836}, "spk1": {"room5": 1.630648255, "room0": 1.853131294}}}