{"meta": {"speaker": "spk3", "room": "room2"}, "data": {"spk22": {"room0": 2.06050539}, "spk10": {"room4": 0.589836597, "room12": 0.29335531600000003}, "spk18": {"room5": -1.8840531109999998, "room0": -1.2284675840000001, "room2": -1.10980022}, "spk29": {"room10": 2.85893774}, "spk5": {"room3": 1.8799039130000001, "room5": 1.6792867180000002, "room0": 1.046922207}, "spk9": {"room4": 1.14132607, "room7": 1.320831299, "room10": 0.580871284, "room12": 1.385104299, "room9": 0.92398268}, "spk2": {"room5": 1.269435167, "room0": 0.48426330100000003}, "spk23": {"room4": 1.834619761, "room7": 1.931025624, "room2": 0.724954665, "room10": 1.973328948, "room12": 1.728373051, "room9": 1.076302528}, "spk15": {"room10": -0.862024844}, "spk28": {"room10": -0.38118377299999995}, "spk24": {"room1": 1.336650729}, "spk12": {"room10": -0.910818815}, "spk8": {"room10": 0.43713414700000003}, "spk17": {"room5": 0.619150937, "room0": 1.155884266}, "spk11": {"room3": 1.158088446, "room4": 0.672833204, "room7": -0.09346102199999999, "room2": 0.967279315, "room12": 0.281163514, "room9": 0.576395452}, "spk19": {"room4": -0.7674527170000001, "room7": -0.42396709299999996, "room12": -1.065934777}, "spk13": {"room4": 0.967257202, "room12": 0.43458622700000005}, "spk31": {"room10": -1.280122757}, "spk6": {"room10": 0.003937527}, "spk3": {"room3": 4.542247295, "room5": 5.9223775860000005, "room7": 5.946716309, "room0": 5.97303772, "room2": 8.156006813, "room9": 6.28267622}, "spk0": {"room3": -0.8227008579999999}, "spk20": {"room10": -0.341955274}, "spk26": {"room2": 0.809537232}, "spk16": {"room3": 2.222053528, "room4": -0.545353711, "room7": 0.957243919, "room12": 0.685070992, "room9": 1.320691109}, "spk27": {"room5": 0.309145302, "room0": 0.916175187}, "spk25": {"room1": 2.107536077}, "spk21": {"room3": 0.8404091, "room4": 0.803043067, "room2": 0.41116398600000004, "room12": 0.443811059}, "spk30": {"room4": -0.7179583909999999, "room2": -0.9967409970000001, "room12": -0.823183179}, "spk4": {"room6": 0.882192612}, "spk14": {"room10": 1.2816259859999999}, "spk7": {"room12": 0.7389587759999999}, "spk1": {"room5": 0.285848945, "room0": 1.3808823819999998}}}