{"meta": {"speaker": "spk9", "room": "room11"}, "data": {"spk22": {"room0": 2.265610695}, "spk10": {"room4": 0.822578013, "room12": 0.412473649}, "spk18": {"room5": -0.951929927, "room0": -1.037813187, "room2": -1.1807129379999999}, "spk29": {"room10": 1.145181894}, "spk5": {"room3": 1.495292544, "room5": 1.223616362, "room0": 1.760539174}, "spk9": {"room4": 3.2447473999999996, "room7": 5.167288303, "room10": 3.2414858339999997, "room12": 5.086541653, "room9": 4.221198082}, "spk2": {"room5": 2.073616743, "room0": 1.620558977}, "spk23": {"room4": 1.749047518, "room7": 1.931243181, "room2": 2.037641764, "room10": 2.514083385, "room12": 2.172948837, "room9": 1.200700879}, "spk15": {"room10": -0.18476449}, "spk28": {"room10": -0.802544415}, "spk24": {"room1": 0.945561588}, "spk12": {"room10": -0.66357708}, "spk8": {"room10": 1.2707523109999999}, "spk17": {"room5": 1.6577160359999998, "room0": 1.935935259}, "spk11": {"room3": -0.22331284, "room4": 1.864190459, "room7": 0.7556736470000001, "room2": 0.7106279129999999, "room12": 1.6108031269999998, "room9": 1.009084105}, "spk19": {"room4": -0.551477015, "room7": -0.412716895, "room12": -1.034518003}, "spk13": {"room4": 2.276916265, "room12": 1.235320568}, "spk31": {"room10": -0.977829218}, "spk6": {"room10": -0.020741098}, "spk3": {"room3": 0.898011208, "room5": 2.139395952, "room7": 0.486542463, "room0": 1.401059628, "room2": 1.674032807, "room9": 1.804238081}, "spk0": {"room3": 0.18905122600000002}, "spk20": {"room10": -0.002166271}, "spk26": {"room2": 0.8091949820000001}, "spk16": {"room3": 1.5718770030000002, "room4": 1.084338784, "room7": 1.351819515, "room12": 1.144813776, "room9": 2.838453054}, "spk27": {"room5": 1.343649626, "room0": 1.351414561}, "spk25": {"room1": 0.8275499340000001}, "spk21": {"room3": 1.7719477419999998, "room4": 1.058066487, "room2": 1.21874547, "room12": 1.601107955}, "spk30": {"room4": -0.629376292, "room2": -1.68938446, "room12": -0.620250881}, "spk4": {"room6": 0.176288903}, "spk14": {"room10": 0.913891375}, "spk7": {"room12": 0.8229761720000001}, "spk1": {"room5": 0.158184871, "room0": 0.402489692}}}