{"meta": {"speaker": "spk9", "room": "room13"}, "data": {"spk22": {"room0": 2.67462492}, "spk10": {"room4": 1.160693049, "room12": 0.267326534}, "spk18": {"room5": -1.397773504, "room0": -1.3599314690000002, "room2": -1.104607701}, "spk29": {"room10": 2.267017126}, "spk5": {"room3": 1.6243543619999998, "room5": 1.273234487, "room0": 1.26509428}, "spk9": {"room4": 3.6206727030000003, "room7": 5.042274952, "room10": 3.993682384, "room12": 4.674298286, "room9": 3.98081708}, "spk2": {"room5": 0.821238995, "room0": 1.039904237}, "spk23": {"room4": 2.1251895430000003, "room7": 1.9397001269999998, "room2": 2.014938593, "room10": 1.83358562, "room12": 1.90852356, "room9": 1.9968549009999998}, "spk15": {"room10": -0.46966028200000004}, "spk28": {"room10": -1.007868767}, "spk24": {"room1": 1.287237287}, "spk12": {"room10": -0.842808604}, "spk8": {"room10": 0.312763274}, "spk17": {"room5": 1.33436203, "room0": 1.4109550709999998}, "spk11": {"room3": 1.849571586, "room4": 2.492462158, "room7": 1.043223858, "room2": 1.81470418, "room12": 1.738107085, "room9": 1.492331386}, "spk19": {"room4": -1.186958671, "room7": -1.000882864, "room12": -1.4451152090000001}, "spk13": {"room4": 2.21612072, "room12": 1.977059603}, "spk31": {"room10": -1.410856247}, "spk6": {"room10": 0.167883828}, "spk3": {"room3": 1.638210535, "room5": 1.726832867, "room7": 1.3799530269999998, "room0": 1.943095326, "room2": 1.852206707, "room9": 2.310937881}, "spk0": {"room3": 0.667670012}, "spk20": {"room10": -0.7103158829999999}, "spk26": {"room2": 1.409820199}, "spk16": {"room3": 3.061630726, "room4": 1.855313182, "room7": 1.184144855, "room12": 1.6352784630000001, "room9": 2.114613056}, "spk27": {"room5": 1.176609397, "room0": 1.718551636}, "spk25": {"room1": 2.20669055}, "spk21": {"room3": 1.18050766, "room4": 0.528739214, "room2": 0.524252594, "room12": 0.575676024}, "spk30": {"room4": -0.947783113, "room2": -1.356786251, "room12": -1.055267096}, "spk4": {"room6": 0.576746285}, "spk14": {"room10": 1.142047286}, "spk7": {"room12": 1.2819553609999998}, "spk1": {"room5": 0.150238231, "room0": 0.498178959}}}