{"meta": {"speaker": "spk9", "room": "room11"}, "data": {"spk22": {"room0": 2.9035320280000003}, "spk10": {"room4": 0.963103473, "room12": 0.256387621}, "spk18": {"room5": -1.299128294, "room0": -1.255632162, "room2": -0.996002376}, "spk29": {"room10": 1.5036556719999998}, "spk5": {"room3": 0.8546006079999999, "room5": 0.615627944, "room0": 0.44937825200000003}, "spk9": {"room4": 5.107075214, "room7": 5.603215218, "room10": 4.622296333, "room12": 6.1608681679999995, "room9": 5.4196381570000005}, "spk2": {"room5": 2.15662241, "room0": 1.321974277}, "spk23": {"room4": 1.6263858080000002, "room7": 1.620152235, "room2": 1.312101603, "room10": 1.787874699, "room12": 2.056791067, "room9": 1.443112493}, "spk15": {"room10": -1.108974218}, "spk28": {"room10": -0.9698167440000001}, "spk24": {"room1": 0.521524608}, "spk12": {"room10": -1.069418907}, "spk8": {"room10": 0.912655294}, "spk17": {"room5": 1.165314913, "room0": 2.074765444}, "spk11": {"room3": -0.014851719, "room4": 1.785797715, "room7": 1.0903500320000001, "room2": 0.594473124, "room12": 1.369644165, "room9": 0.806608021}, "spk19": {"room4": -1.094732761, "room7": -1.0484526159999998, "room12": -1.413518667}, "spk13": {"room4": 2.032731295, "room12": 0.8051800729999999}, "spk31": {"room10": -1.3662028309999998}, "spk6": {"room10": -0.5759121779999999}, "spk3": {"room3": 1.03402102, "room5": 1.758096933, "room7": 0.601584375, "room0": 1.7450872659999999, "room2": 1.014345407, "room9": 1.6984522340000001}, "spk0": {"room3": -0.309185386}, "spk20": {"room10": -0.457053572}, "spk26": {"room2": -0.231793374}, "spk16": {"room3": 1.629829645, "room4": 1.7840403319999998, "room7": 2.395161152, "room12": 2.061673164, "room9": 3.331309557}, "spk27": {"room5": 1.7935315369999998, "room0": 2.32230401}, "spk25": {"room1": 0.98611939}, "spk21": {"room3": 0.602148652, "room4": 0.308172464, "room2": 0.82937777, "room12": 0.859778762}, "spk30": {"room4": -0.945234418, "room2": -1.91934824, "room12": -1.259926677}, "spk4": {"room6": -0.021048417000000003}, "spk14": {"room10": 0.494267195}, "spk7": {"room12": 0.436352164}, "spk1": {"room5": 0.64689219, "room0": 0.628318727}}}