{"meta": {"speaker": "spk9", "room": "room11"}, "data": {"spk22": {"room0": 3.37540555}, "spk10": {"room4": 0.648467302, "room12": 1.2018059490000002}, "spk18": {"room5": -1.134348273, "room0": -1.320649385, "room2": -0.958082199}, "spk29": {"room10": 1.978229761}, "spk5": {"room3": 0.340381324, "room5": 0.528349221, "room0": 1.0864188670000001}, "spk9": {"room4": 3.6568636889999997, "room7": 5.508117199, "room10": 3.310217142, "room12": 4.410587788, "room9": 4.392580509}, "spk2": {"room5": 0.49070897700000005, "room0": 1.207412124}, "spk23": {"room4": 1.6096502540000002, "room7": 1.6946841480000001, "room2": 3.17126298, "room10": 1.928202033, "room12": 1.917654753, "room9": 1.822112203}, "spk15": {"room10": -0.9774698620000001}, "spk28": {"room10": -0.726417303}, "spk24": {"room1": 0.803865492}, "spk12": {"room10": -0.274837732}, "spk8": {"room10": 0.639780104}, "spk17": {"room5": 1.7744040490000001, "room0": 1.271511674}, "spk11": {"room3": 0.381346315, "room4": 1.9016983509999998, "room7": -0.289930046, "room2": 0.442707002, "room12": 1.736857533, "room9": 0.96848619}, "spk19": {"room4": -0.9722979070000001, "room7": -0.8847198490000001, "room12": -1.350086451}, "spk13": {"room4": 3.096615553, "room12": 2.3234713080000002}, "spk31": {"room10": -0.9497728940000001}, "spk6": {"room10": 0.754083097}, "spk3": {"room3": 1.421626329, "room5": 3.2675354480000003, "room7": 1.608923197, "room0": 2.284628391, "room2": 2.284142256, "room9": 2.600257397}, "spk0": {"room3": 1.12447989}, "spk20": {"room10": -0.709821343}, "spk26": {"room2": 0.414319813}, "spk16": {"room3": 2.186789274, "room4": 0.866477251, "room7": 1.0089631079999999, "room12": 1.4693511719999999, "room9": 1.99862957}, "spk27": {"room5": 2.276268244, "room0": 2.082370043}, "spk25": {"room1": 1.793118119}, "spk21": {"room3": 1.211158514, "room4": 0.268892556, "room2": 0.7917231920000001, "room12": 0.7883918879999999}, "spk30": {"room4": -0.616358459, "room2": -1.88877368, "room12": -1.062404394}, "spk4": {"room6": -0.176469445}, "spk14": {"room10": 3.693154097}, "spk7": {"room12": 1.214156628}, "spk1": {"room5": 0.342407078, "room0": 0.5144937039999999}}}