{"meta": {"speaker": "spk9", "room": "room13"}, "data": {"spk22": {"room0": 2.506341457}, "spk10": {"room4": 0.35885331, "room12": 0.252475679}, "spk18": {"room5": -0.850747406, "room0": -0.860358298, "room2": -0.724865854}, "spk29": {"room10": 2.03413558}, "spk5": {"room3": 1.406087399, "room5": 1.4815537930000002, "room0": 1.707046986}, "spk9": {"room4": 4.120491505, "room7": 4.421011925, "room10": 4.367320061, "room12": 4.866177082, "room9": 4.628065109}, "spk2": {"room5": 0.60799855, "room0": 0.7726880309999999}, "spk23": {"room4": 1.74514246, "room7": 1.888995886, "room2": 2.237915993, "room10": 1.560184002, "room12": 2.057982206, "room9": 1.039381742}, "spk15": {"room10": -0.840024054}, "spk28": {"room10": -0.504918575}, "spk24": {"room1": 1.192939639}, "spk12": {"room10": -0.10559698199999999}, "spk8": {"room10": 0.7169641259999999}, "spk17": {"room5": 0.786523581, "room0": 1.07566762}, "spk11": {"room3": 0.67130214, "room4": 1.524797916, "room7": 0.074111037, "room2": 1.652860761, "room12": 1.030921578, "room9": 0.964927495}, "spk19": {"room4": -0.576164246, "room7": -0.609960437, "room12": -0.8087549209999999}, "spk13": {"room4": 2.6590275759999997, "room12": 2.107372999}, "spk31": {"room10": -0.517738283}, "spk6": {"room10": -0.228102639}, "spk3": {"room3": 0.93029511, "room5": 1.277423024, "room7": 1.474341989, "room0": 1.356133819, "room2": 1.5355080369999998, "room9": 2.037925005}, "spk0": {"room3": 0.59214294}, "spk20": {"room10": 0.21137362699999998}, "spk26": {"room2": 0.502671719}, "spk16": {"room3": 1.994792104, "room4": 1.9097700119999999, "room7": 1.684594631, "room12": 1.7645874019999999, "room9": 3.020999193}, "spk27": {"room5": 1.439282656, "room0": 1.7835778000000002}, "spk25": {"room1": 1.183977008}, "spk21": {"room3": 0.78891319, "room4": 0.846542597, "room2": 0.125714093, "room12": 0.246370494}, "spk30": {"room4": -0.236963585, "room2": -0.882151425, "room12": -0.604601085}, "spk4": {"room6": 0.158201516}, "spk14": {"room10": 1.889091969}, "spk7": {"room12": 1.6546514030000001}, "spk1": {"room5": -0.163739458, "room0": 0.392902136}}}