{"meta": {"speaker": "spk9", "room": "room4"}, "data": {"spk22": {"room0": 3.217496157}, "spk10": {"room4": 0.49801749, "room12": -0.083851151}, "spk18": {"room5": -0.7110127209999999, "room0": -0.952362895, "room2": -0.7231242059999999}, "spk29": {"room10": 2.0092549319999997}, "spk5": {"room3": 1.37899971, "room5": 1.520202518, "room0": 0.8555143479999999}, "spk9": {"room4": 7.862457275, "room7": 7.025819778, "room10": 6.638551712000001, "room12": 8.455465317, "room9": 8.352274895}, "spk2": {"room5": 2.404112577, "room0": 2.797834158}, "spk23": {"room4": 1.40495038, "room7": 0.95931977, "room2": 1.2183824779999999, "room10": 1.408785582, "room12": 1.6087155340000001, "room9": 1.660804987}, "spk15": {"room10": -0.32487449}, "spk28": {"room10": -0.678123116}, "spk24": {"room1": 1.068644047}, "spk12": {"room10": -0.013200273}, "spk8": {"room10": 0.577511132}, "spk17": {"room5": 1.735950708, "room0": 1.504251838}, "spk11": {"room3": 1.163942575, "room4": 2.286603689, "room7": 2.557676792, "room2": 1.308265448, "room12": 2.111536503, "room9": 1.565544724}, "spk19": {"room4": -0.161871865, "room7": -0.353066385, "room12": -0.42862138200000005}, "spk13": {"room4": 2.819416046, "room12": 2.521955967}, "spk31": {"room10": -0.856020868}, "spk6": {"room10": -0.06645751700000001}, "spk3": {"room3": 0.621537447, "room5": 1.387042046, "room7": 1.212139249, "room0": 1.530685186, "room2": 0.777094781, "room9": 2.0289487840000002}, "spk0": {"room3": 1.491793275}, "spk20": {"room10": 0.168127045}, "spk26": {"room2": 0.379828304}, "spk16": {"room3": 3.338589191, "room4": 2.8650505539999997, "room7": 2.063821077, "room12": 2.907115221, "room9": 4.536097527}, "spk27": {"room5": 2.6939275260000004, "room0": 2.993062258}, "spk25": {"room1": 2.003211498}, "spk21": {"room3": 1.07927382, "room4": 1.1558812859999998, "room2": 0.410470545, "room12": 1.4383617640000002}, "spk30": {"room4": -0.496462256, "room2": -1.2703590390000001, "room12": -0.611675441}, "spk4": {"room6": 0.094411626}, "spk14": {"room10": 1.093630195}, "spk7": {"room12": 1.714776993}, "spk1": {"room5": 0.023954295, "room0": -0.39236778}}}