{"meta": {"speaker": "spk9", "room": "room11"}, "data": {"spk22": {"room0": 2.4408848290000003}, "spk10": {"room4": 1.154113054, "room12": 1.660277724}, "spk18": {"room5": -1.070349574, "room0": -0.798479617, "room2": -1.091680765}, "spk29": {"room10": 1.230993271}, "spk5": {"room3": 0.015300877, "room5": 0.202581242, "room0": 1.183288932}, "spk9": {"room4": 4.827526569, "room7": 6.373897552000001, "room10": 4.611508369, "room12": 6.2048759460000005, "room9": 5.722357272999999}, "spk2": {"room5": 1.041056275, "room0": 2.7713627819999997}, "spk23": {"room4": 2.080529213, "room7": 0.970380485, "room2": 3.053264141, "room10": 2.40486002, "room12": 2.3651247019999997, "room9": 1.7207245830000002}, "spk15": {"room10": -0.7591516970000001}, "spk28": {"room10": -1.13801074}, "spk24": {"room1": 0.708223403}, "spk12": {"room10": -0.37557151899999996}, "spk8": {"room10": 0.39337521799999997}, "spk17": {"room5": 0.9581450220000001, "room0": 1.130293369}, "spk11": {"room3": -1.037595153, "room4": 1.3776007890000002, "room7": -0.939911783, "room2": -0.9593927859999999, "room12": 1.014725447, "room9": -0.458937317}, "spk19": {"room4": -1.3641970159999999, "room7": -0.9687612059999999, "room12": -1.29262042}, "spk13": {"room4": 4.295662403, "room12": 3.438362122}, "spk31": {"room10": -1.5155590769999998}, "spk6": {"room10": 1.1126747129999999}, "spk3": {"room3": 1.111647367, "room5": 2.11032486, "room7": 0.533255696, "room0": 1.80795157, "room2": 1.0437856909999998, "room9": 1.8284316059999999}, "spk0": {"room3": 0.749673247}, "spk20": {"room10": -0.65235877}, "spk26": {"room2": 1.056819439}, "spk16": {"room3": 1.98104465, "room4": 2.132705688, "room7": 1.75306952, "room12": 1.8618961569999999, "room9": 3.486035347}, "spk27": {"room5": 1.7627298830000002, "room0": 1.202515125}, "spk25": {"room1": 1.410973668}, "spk21": {"room3": 1.240315318, "room4": 0.671995103, "room2": 0.668144345, "room12": 1.7650779490000001}, "spk30": {"room4": -1.407391429, "room2": -2.2231407169999997, "room12": -1.502339721}, "spk4": {"room6": -0.99790293}, "spk14": {"room10": 3.826836824}, "spk7": {"room12": 0.830246866}, "spk1": {"room5": 1.159573555, "room0": 0.949659467}}}