{"meta": {"speaker": "spk9", "room": "room13"}, "data": {"spk22": {"room0": 2.836116552}, "spk10": {"room4": 1.194045663, "room12": 0.255881846}, "spk18": {"room5": -1.040835738, "room0": -1.191843867, "room2": -0.636927009}, "spk29": {"room10": 2.474793673}, "spk5": {"room3": 2.227057457, "room5": 1.778316617, "room0": 1.622632265}, "spk9": {"room4": 4.00232029, "room7": 4.984538555, "room10": 3.7305111889999996, "room12": 5.143836975, "room9": 4.109932423}, "spk2": {"room5": 0.421474576, "room0": -0.05743454}, "spk23": {"room4": 1.881461382, "room7": 2.2271175380000003, "room2": 2.551386595, "room10": 1.538492322, "room12": 1.911012769, "room9": 1.6159423590000002}, "spk15": {"room10": -0.491479933}, "spk28": {"room10": -0.277763993}, "spk24": {"room1": 2.010491133}, "spk12": {"room10": 0.090624936}, "spk8": {"room10": 0.36913994}, "spk17": {"room5": 1.4485082630000001, "room0": 1.457431674}, "spk11": {"room3": 0.8372214440000001, "room4": 1.426104784, "room7": 0.022482687999999997, "room2": 1.141495585, "room12": 1.230284333, "room9": 1.324612141}, "spk19": {"room4": -0.568817377, "room7": -0.429565907, "room12": -0.871187747}, "spk13": {"room4": 2.29400301, "room12": 1.992721081}, "spk31": {"room10": -0.797024429}, "spk6": {"room10": 0.06391833}, "spk3": {"room3": 1.565820456, "room5": 0.8631985190000001, "room7": 1.286955833, "room0": 1.513812304, "room2": 1.408075809, "room9": 1.6772900819999998}, "spk0": {"room3": 0.856143653}, "spk20": {"room10": -0.102229849}, "spk26": {"room2": 1.266372681}, "spk16": {"room3": 2.924251795, "room4": 1.621410966, "room7": 2.055011511, "room12": 1.927489877, "room9": 2.443053484}, "spk27": {"room5": 1.4873144630000001, "room0": 1.371677876}, "spk25": {"room1": 2.268940926}, "spk21": {"room3": 1.065354109, "room4": 0.86029464, "room2": 1.287720084, "room12": 0.444509834}, "spk30": {"room4": 0.035119697000000005, "room2": -0.814633846, "room12": -0.664130449}, "spk4": {"room6": 0.429344296}, "spk14": {"room10": 1.1007840629999999}, "spk7": {"room12": 1.5761436219999998}, "spk1": {"room5": 0.38250485100000003, "room0": 0.616459489}}}