{"meta": {"speaker": "spk9", "room": "room11"}, "data": {"spk22": {"room0": 2.3397097590000002}, "spk10": {"room4": 0.5748433470000001, "room12": 0.233627483}, "spk18": {"room5": -1.38793385, "room0": -1.2958493229999999, "room2": -1.197399735}, "spk29": {"room10": 1.24018538}, "spk5": {"room3": 0.6417154070000001, "room5": 0.447676539, "room0": 0.872605205}, "spk9": {"room4": 3.225911617, "room7": 3.991135597, "room10": 4.177634239, "room12": 4.57295084, "room9": 4.068277359}, "spk2": {"room5": 1.488422155, "room0": 1.089244485}, "spk23": {"room4": 1.662441969, "room7": 1.422217965, "room2": 1.7938410040000001, "room10": 1.958799481, "room12": 2.2909264559999998, "room9": 1.503846049}, "spk15": {"room10": -1.261252165}, "spk28": {"room10": -0.706964135}, "spk24": {"room1": 2.114674807}, "spk12": {"room10": -1.236771345}, "spk8": {"room10": 0.628321946}, "spk17": {"room5": 1.192454815, "room0": 1.9727041719999998}, "spk11": {"room3": -0.716186821, "room4": 0.796681702, "room7": -0.678418815, "room2": -0.407458425, "room12": 0.44748786100000004, "room9": 0.14053502699999998}, "spk19": {"room4": -1.08059144, "room7": -1.175974488, "room12": -1.567980051}, "spk13": {"room4": 1.610432506, "room12": 0.969349265}, "spk31": {"room10": -1.4319289919999998}, "spk6": {"room10": -0.566274822}, "spk3": {"room3": 0.959698617, "room5": 2.129210234, "room7": 0.122020252, "room0": 1.070001125, "room2": 1.280943274, "room9": 2.051362514}, "spk0": {"room3": -0.323642105}, "spk20": {"room10": -0.744408607}, "spk26": {"room2": 1.515795112}, "spk16": {"room3": 1.704805374, "room4": 1.019723296, "room7": 1.726026535, "room12": 0.9569907190000001, "room9": 3.1034739019999997}, "spk27": {"room5": 1.339521646, "room0": 0.904025435}, "spk25": {"room1": 1.029991627}, "spk21": {"room3": 1.921956658, "room4": 1.272972822, "room2": 0.7142477629999999, "room12": 1.173164487}, "spk30": {"room4": -0.8423895840000001, "room2": -1.941987991, "room12": -1.155613422}, "spk4": {"room6": 0.409394383}, "spk14": {"room10": 1.783596873}, "spk7": {"room12": 1.083726406}, "spk1": {"room5": 0.783921957, "room0": 1.384392262}}}