{"meta": {"speaker": "spk9", "room": "room13"}, "data": {"spk22": {"room0": 2.904592514}, "spk10": {"room4": 1.24264729, "room12": 0.85758847}, "spk18": {"room5": -0.882822812, "room0": -0.786759973, "room2": -0.39736563}, "spk29": {"room10": 2.800383568}, "spk5": {"room3": 1.6733478309999998, "room5": 1.4776179790000001, "room0": 1.434739113}, "spk9": {"room4": 4.306314945, "room7": 5.636238575, "room10": 3.529475451, "room12": 5.540094376, "room9": 4.171873093}, "spk2": {"room5": 0.9094811079999999, "room0": 0.621962428}, "spk23": {"room4": 1.908535004, "room7": 2.172133446, "room2": 2.2226898669999997, "room10": 1.802623749, "room12": 1.6704849, "room9": 1.6911919119999999}, "spk15": {"room10": -0.17711980600000002}, "spk28": {"room10": -0.285065293}, "spk24": {"room1": 1.527187824}, "spk12": {"room10": 0.311567843}, "spk8": {"room10": 0.6319510939999999}, "spk17": {"room5": 1.8805369140000001, "room0": 1.691098809}, "spk11": {"room3": 0.846321344, "room4": 1.643670678, "room7": 0.476150811, "room2": 1.4038842919999999, "room12": 1.316972971, "room9": 1.078432798}, "spk19": {"room4": -0.49532610200000005, "room7": -0.63443017, "room12": -0.8683024640000001}, "spk13": {"room4": 2.223009586, "room12": 1.470832944}, "spk31": {"room10": -0.8016581540000001}, "spk6": {"room10": 0.432547987}, "spk3": {"room3": 1.1636289359999998, "room5": 1.467645764, "room7": 1.57107985, "room0": 1.8737971780000002, "room2": 1.7259371280000002, "room9": 2.161410332}, "spk0": {"room3": 0.98023814}, "spk20": {"room10": 0.16182634199999998}, "spk26": {"room2": 1.104791045}, "spk16": {"room3": 2.366714954, "room4": 1.620308399, "room7": 1.360605478, "room12": 1.124681234, "room9": 2.4775459769999997}, "spk27": {"room5": 2.503455877, "room0": 1.9028892519999998}, "spk25": {"room1": 1.6149817709999998}, "spk21": {"room3": 1.118508935, "room4": 0.729534328, "room2": 0.7819172740000001, "room12": 0.262370527}, "spk30": {"room4": 0.19492574, "room2": -0.388565838, "room12": -0.18961989899999998}, "spk4": {"room6": 0.622365713}, "spk14": {"room10": 1.5776339769999999}, "spk7": {"room12": 1.414930105}, "spk1": {"room5": -0.060605582000000005, "room0": 0.18719685100000003}}}