{"meta": {"speaker": "spk9", "room": "room11"}, "data": {"spk22": {"room0": 2.968291283}, "spk10": {"room4": 0.932987273, "room12": 1.106057525}, "spk18": {"room5": -0.618185878, "room0": -0.500304878, "room2": -0.565903425}, "spk29": {"room10": 1.640330672}, "spk5": {"room3": 0.770128846, "room5": 0.362958431, "room0": 1.114916682}, "spk9": {"room4": 4.3512649539999995, "room7": 5.581593513, "room10": 3.5376677510000003, "room12": 4.741869926000001, "room9": 4.953779697}, "spk2": {"room5": 1.142144442, "room0": 0.898517549}, "spk23": {"room4": 1.6754199269999999, "room7": 1.275518656, "room2": 2.184285402, "room10": 1.7076212169999998, "room12": 1.59597826, "room9": 1.219882607}, "spk15": {"room10": -0.9826996920000001}, "spk28": {"room10": -0.7449594740000001}, "spk24": {"room1": 0.920801401}, "spk12": {"room10": -0.261480212}, "spk8": {"room10": 0.561569095}, "spk17": {"room5": 1.5083000659999999, "room0": 1.6220891480000001}, "spk11": {"room3": 0.33572727399999996, "room4": 1.64402473, "room7": -0.281155437, "room2": 0.159636348, "room12": 1.7047894000000001, "room9": 0.397159219}, "spk19": {"room4": -1.1008613109999998, "room7": -0.78572762, "room12": -1.193887115}, "spk13": {"room4": 3.121264458, "room12": 1.858210564}, "spk31": {"room10": -0.481083959}, "spk6": {"room10": 0.258168489}, "spk3": {"room3": 0.510086775, "room5": 1.73241663, "room7": 1.322251916, "room0": 1.614933133, "room2": 1.3947461840000002, "room9": 2.417102575}, "spk0": {"room3": 0.887638688}, "spk20": {"room10": -0.101878047}, "spk26": {"room2": 0.8686515690000001}, "spk16": {"room3": 1.980463743, "room4": 1.362801313, "room7": 1.6159020659999999, "room12": 2.121174812, "room9": 2.495911598}, "spk27": {"room5": 1.855824828, "room0": 1.756923676}, "spk25": {"room1": 1.818648815}, "spk21": {"room3": 0.660097361, "room4": 0.37485954200000005, "room2": 0.645191252, "room12": 0.481168538}, "spk30": {"room4": -0.625862896, "room2": -1.278074622, "room12": -0.8254156709999999}, "spk4": {"room6": -0.273470283}, "spk14": {"room10": 2.187139511}, "spk7": {"room12": 1.098898411}, "spk1": {"room5": 0.5785089729999999, "room0": 0.150719106}}}