{"meta": {"speaker": "spk9", "room": "room11"}, "data": {"spk22": {"room0": 3.065408468}, "spk10": {"room4": 1.182281852, "room12": 0.8076738720000001}, "spk18": {"room5": -1.9513095619999998, "room0": -1.650190234, "room2": -1.7637331490000001}, "spk29": {"room10": 1.038860559}, "spk5": {"room3": -0.17074593899999999, "room5": -0.594247937, "room0": 0.70638603}, "spk9": {"room4": 6.223047256, "room7": 6.659367085, "room10": 4.464673042, "room12": 6.285236835, "room9": 7.07432127}, "spk2": {"room5": 0.470971197, "room0": 1.8752492669999998}, "spk23": {"room4": 2.044198036, "room7": 1.433620811, "room2": 3.5612092019999997, "room10": 1.787111998, "room12": 1.261608839, "room9": 1.241298795}, "spk15": {"room10": -1.441970587}, "spk28": {"room10": -1.344851136}, "spk24": {"room1": 0.637108505}, "spk12": {"room10": -0.809369683}, "spk8": {"room10": 0.688262105}, "spk17": {"room5": 1.311619401, "room0": 1.439323664}, "spk11": {"room3": 0.030585848, "room4": 2.3453674319999998, "room7": -0.13465870900000002, "room2": -0.044858057, "room12": 2.085799932, "room9": 0.66811949}, "spk19": {"room4": -1.7589265109999999, "room7": -1.560947061, "room12": -2.055539846}, "spk13": {"room4": 4.0377511980000005, "room12": 2.74707818}, "spk31": {"room10": -1.769206285}, "spk6": {"room10": 0.148281038}, "spk3": {"room3": 0.439589024, "room5": 1.421848655, "room7": 0.09600994, "room0": 1.46541822, "room2": 0.666190326, "room9": 1.4248124359999998}, "spk0": {"room3": 0.62108618}, "spk20": {"room10": -1.248100996}, "spk26": {"room2": 0.755682647}, "spk16": {"room3": 2.073064804, "room4": 1.5361895559999998, "room7": 1.9991472959999999, "room12": 2.01473856, "room9": 3.049772263}, "spk27": {"room5": 1.9567008019999999, "room0": 2.021305799}, "spk25": {"room1": 1.34638989}, "spk21": {"room3": 0.386433601, "room4": 0.667774975, "room2": 0.682142317, "room12": 0.715313792}, "spk30": {"room4": -1.476876855, "room2": -2.878608227, "room12": -1.9203866719999998}, "spk4": {"room6": -0.648406386}, "spk14": {"room10": 2.10760808}, "spk7": {"room12": 0.460155606}, "spk1": {"room5": 0.32839658899999996, "room0": 0.633018315}}}