{"meta": {"speaker": "spk9", "room": "room13"}, "data": {"spk22": {"room0": 2.219000101}, "spk10": {"room4": 0.8547516470000001, "room12": -0.21878092}, "spk18": {"room5": -1.38694346, "room0": -1.528821468, "room2": -1.1505002979999999}, "spk29": {"room10": 1.4334274530000002}, "spk5": {"room3": 0.89920783, "room5": 1.171904445, "room0": 1.2042132620000001}, "spk9": {"room4": 4.01979208, "room7": 4.923095703, "room10": 4.977451324, "room12": 5.87684536, "room9": 5.148923873999999}, "spk2": {"room5": 1.696055651, "room0": 1.334508061}, "spk23": {"room4": 1.845654726, "room7": 1.8518861530000001, "room2": 1.168092966, "room10": 1.761351347, "room12": 2.254868269, "room9": 1.737606645}, "spk15": {"room10": -0.9231129290000001}, "spk28": {"room10": -0.8306115270000001}, "spk24": {"room1": 1.754532218}, "spk12": {"room10": -1.043858647}, "spk8": {"room10": 0.849899948}, "spk17": {"room5": 1.64179194, "room0": 2.658345461}, "spk11": {"room3": -0.12564899, "room4": 1.473488092, "room7": 0.22357353600000002, "room2": -0.068363279, "room12": 1.1184839009999998, "room9": 0.6248834129999999}, "spk19": {"room4": -1.133384347, "room7": -1.067757726, "room12": -1.5027991530000002}, "spk13": {"room4": 1.9706703419999998, "room12": 0.97762686}, "spk31": {"room10": -1.451858521}, "spk6": {"room10": -0.561933398}, "spk3": {"room3": 0.53774792, "room5": 1.9834316969999999, "room7": 0.391093075, "room0": 0.770532608, "room2": 1.0069270129999999, "room9": 1.300555348}, "spk0": {"room3": 0.27513274600000004}, "spk20": {"room10": -0.50312084}, "spk26": {"room2": 1.727764726}, "spk16": {"room3": 1.59180975, "room4": 1.539288759, "room7": 1.704548001, "room12": 1.207394719, "room9": 3.222383976}, "spk27": {"room5": 1.498179555, "room0": 0.959683955}, "spk25": {"room1": 1.275548458}, "spk21": {"room3": 1.276231408, "room4": 1.8342109919999998, "room2": 0.5903002620000001, "room12": 1.5056796069999998}, "spk30": {"room4": -0.8103725909999999, "room2": -1.605105042, "room12": -0.950777471}, "spk4": {"room6": 0.42457902399999997}, "spk14": {"room10": 0.9573969240000001}, "spk7": {"room12": 0.865948498}, "spk1": {"room5": 0.852755368, "room0": 0.832453728}}}