{"meta": {"speaker": "spk9", "room": "room12"}, "data": {"spk22": {"room0": 3.2544484139999996}, "spk10": {"room4": 0.9709912540000001, "room12": 0.321990848}, "spk18": {"room5": -1.06442523, "room0": -1.41121006, "room2": -1.091727257}, "spk29": {"room10": 1.784944534}, "spk5": {"room3": 1.047022223, "room5": 0.593429506, "room0": -0.125027299}, "spk9": {"room4": 9.216160774, "room7": 8.005297661, "room10": 7.925698757, "room12": 9.656813622, "room9": 8.698345183999999}, "spk2": {"room5": 3.3465988639999997, "room0": 3.6905331610000003}, "spk23": {"room4": 2.317457438, "room7": 1.500420094, "room2": 1.4340471030000002, "room10": 2.162537575, "room12": 2.51561594, "room9": 1.526755214}, "spk15": {"room10": -0.42826065399999996}, "spk28": {"room10": -0.603102505}, "spk24": {"room1": 1.457651258}, "spk12": {"room10": -0.24361118699999998}, "spk8": {"room10": 1.2799781559999999}, "spk17": {"room5": 2.090353012, "room0": 2.46575284}, "spk11": {"room3": 0.8967099190000001, "room4": 3.715771437, "room7": 2.546985865, "room2": 2.0838401319999997, "room12": 3.6107909680000003, "room9": 2.8369994160000003}, "spk19": {"room4": -0.76831907, "room7": -0.9050553440000001, "room12": -1.12001133}, "spk13": {"room4": 2.835247517, "room12": 1.688521624}, "spk31": {"room10": -1.4958091969999998}, "spk6": {"room10": 0.3606067}, "spk3": {"room3": 0.29276064, "room5": 2.919614077, "room7": 0.751991332, "room0": 2.126889944, "room2": 1.864578724, "room9": 2.140007734}, "spk0": {"room3": 0.5393438939999999}, "spk20": {"room10": -0.7056517}, "spk26": {"room2": 0.814956784}, "spk16": {"room3": 2.685951471, "room4": 3.790450573, "room7": 2.666717291, "room12": 3.860894918, "room9": 4.445064068}, "spk27": {"room5": 2.292775154, "room0": 2.8281133169999997}, "spk25": {"room1": 2.8377034660000002}, "spk21": {"room3": 0.32438331800000003, "room4": -0.412101835, "room2": -0.057026368, "room12": -0.059888132000000004}, "spk30": {"room4": -0.683571756, "room2": -1.945231795, "room12": -1.109786272}, "spk4": {"room6": -0.045760974}, "spk14": {"room10": 1.278075099}, "spk7": {"room12": 2.144842863}, "spk1": {"room5": -0.510493755, "room0": -0.003993633}}}