{"meta": {"speaker": "spk9", "room": "room9"}, "data": {"spk22": {"room0": 3.0724022389999996}, "spk10": {"room4": 2.193699121, "room12": 0.608586073}, "spk18": {"room5": -0.822653651, "room0": -0.77997911, "room2": -0.6675544379999999}, "spk29": {"room10": 1.628692508}, "spk5": {"room3": 0.46567437100000003, "room5": 0.301109642, "room0": 0.009828138}, "spk9": {"room4": 8.024728775, "room7": 7.059322834, "room10": 6.412659167999999, "room12": 8.202811241000001, "room9": 8.09574604}, "spk2": {"room5": 2.601772785, "room0": 2.349565506}, "spk23": {"room4": 2.618875504, "room7": 2.319031239, "room2": 1.973271251, "room10": 1.7677417990000002, "room12": 2.541652441, "room9": 1.717522979}, "spk15": {"room10": -0.392707109}, "spk28": {"room10": -0.554651439}, "spk24": {"room1": 0.846321702}, "spk12": {"room10": -0.318938255}, "spk8": {"room10": 0.353384614}, "spk17": {"room5": 1.668377042, "room0": 2.0490803719999997}, "spk11": {"room3": 1.105262518, "room4": 4.171827793, "room7": 2.83954072, "room2": 2.01821208, "room12": 4.694764137, "room9": 3.2063677310000003}, "spk19": {"room4": -0.906571805, "room7": -0.9595662359999999, "room12": -1.309345245}, "spk13": {"room4": 2.9666974539999997, "room12": 1.8427834509999999}, "spk31": {"room10": -1.2972278590000001}, "spk6": {"room10": -0.153959766}, "spk3": {"room3": 0.650804877, "room5": 2.125019789, "room7": 1.765832305, "room0": 1.95278728, "room2": 1.140381932, "room9": 2.03167057}, "spk0": {"room3": 0.692790627}, "spk20": {"room10": -0.397147655}, "spk26": {"room2": 0.528244078}, "spk16": {"room3": 3.6446709630000003, "room4": 4.0717835430000004, "room7": 3.2758743760000004, "room12": 4.80207634, "room9": 4.448050976}, "spk27": {"room5": 2.85021615, "room0": 3.532503605}, "spk25": {"room1": 2.382591724}, "spk21": {"room3": -0.27425405399999997, "room4": 0.33232584600000004, "room2": 0.19268225100000003, "room12": 0.7594649790000001}, "spk30": {"room4": -0.6627777810000001, "room2": -0.930525362, "room12": -1.154262185}, "spk4": {"room6": 0.21888347}, "spk14": {"room10": 0.799192727}, "spk7": {"room12": 1.646276474}, "spk1": {"room5": 0.495388299, "room0": 0.712865353}}}