{"meta": {"speaker": "spk9", "room": "room9"}, "data": {"spk22": {"room0": 2.8811879160000005}, "spk10": {"room4": 1.283588052, "room12": 0.313493788}, "spk18": {"room5": -0.920760155, "room0": -1.02289629, "room2": -0.7701064940000001}, "spk29": {"room10": 2.029125214}, "spk5": {"room3": 0.41676279899999996, "room5": 0.7054226990000001, "room0": -0.112889722}, "spk9": {"room4": 8.725234032000001, "room7": 7.455515385, "room10": 6.962320805, "room12": 8.407891272999999, "room9": 8.635525702999999}, "spk2": {"room5": 2.651917696, "room0": 1.761791945}, "spk23": {"room4": 2.760332823, "room7": 2.5049612519999997, "room2": 2.009051323, "room10": 1.518648505, "room12": 3.0911841389999997, "room9": 2.0639956}, "spk15": {"room10": -0.16192919}, "spk28": {"room10": -0.747802794}, "spk24": {"room1": 1.544812202}, "spk12": {"room10": -0.506288886}, "spk8": {"room10": 0.022558752}, "spk17": {"room5": 1.649974108, "room0": 1.997931361}, "spk11": {"room3": 0.709772885, "room4": 3.522541046, "room7": 1.8861985209999999, "room2": 1.304433346, "room12": 3.4937143330000002, "room9": 2.94615674}, "spk19": {"room4": -0.6146419639999999, "room7": -0.6298932429999999, "room12": -1.2744606729999999}, "spk13": {"room4": 2.4603695869999997, "room12": 1.5600227119999999}, "spk31": {"room10": -1.3641033169999999}, "spk6": {"room10": -0.393042684}, "spk3": {"room3": 1.00256753, "room5": 2.193855286, "room7": 1.8405655619999999, "room0": 2.190806866, "room2": 1.119221926, "room9": 2.413277388}, "spk0": {"room3": 0.111385264}, "spk20": {"room10": -0.5445937510000001}, "spk26": {"room2": 0.37897259}, "spk16": {"room3": 2.901323795, "room4": 3.05579567, "room7": 3.2619040010000004, "room12": 4.270965576, "room9": 3.945459127}, "spk27": {"room5": 3.4937846660000003, "room0": 4.153934479}, "spk25": {"room1": 2.655433655}, "spk21": {"room3": -0.38592979299999997, "room4": 0.49559980600000003, "room2": 0.071741275, "room12": 0.824103117}, "spk30": {"room4": -0.473174483, "room2": -1.283156633, "room12": -0.93181479}, "spk4": {"room6": 0.1258782}, "spk14": {"room10": 0.675965846}, "spk7": {"room12": 1.766875386}, "spk1": {"room5": 0.6844846609999999, "room0": 1.2514250279999999}}}