{"meta": {"speaker": "spk9", "room": "room11"}, "data": {"spk22": {"room0": 3.685266495}, "spk10": {"room4": 1.1950761079999999, "room12": 1.190444708}, "spk18": {"room5": -1.233680844, "room0": -0.91892612, "room2": -0.95630157}, "spk29": {"room10": 1.4598109719999999}, "spk5": {"room3": -0.267411053, "room5": 0.279340506, "room0": 1.156894803}, "spk9": {"room4": 6.557569981, "room7": 7.7422685620000005, "room10": 4.858466148, "room12": 6.897964001, "room9": 6.891645432000001}, "spk2": {"room5": 0.8961182240000001, "room0": 2.345162868}, "spk23": {"room4": 1.768725991, "room7": 1.253846765, "room2": 3.5140166280000003, "room10": 1.6640622619999998, "room12": 1.021847725, "room9": 1.56945765}, "spk15": {"room10": -0.7644780870000001}, "spk28": {"room10": -0.968084037}, "spk24": {"room1": 1.215171695}, "spk12": {"room10": -0.426988155}, "spk8": {"room10": 0.526341259}, "spk17": {"room5": 1.7335014340000001, "room0": 2.015673876}, "spk11": {"room3": -0.69962424, "room4": 3.154257774, "room7": 0.41888347299999995, "room2": -0.06860701, "room12": 2.557590008, "room9": 0.963448286}, "spk19": {"room4": -1.5485783819999999, "room7": -1.316448212, "room12": -1.27935493}, "spk13": {"room4": 4.164585113999999, "room12": 2.49906373}, "spk31": {"room10": -1.2140916590000002}, "spk6": {"room10": 0.575531721}, "spk3": {"room3": 1.799871802, "room5": 3.787470818, "room7": 0.512225807, "room0": 2.777420759, "room2": 2.355823278, "room9": 2.7703721519999998}, "spk0": {"room3": 0.29652074}, "spk20": {"room10": -0.829347849}, "spk26": {"room2": 1.193464279}, "spk16": {"room3": 1.768389225, "room4": 1.941732883, "room7": 2.484457016, "room12": 2.587778807, "room9": 4.02039957}, "spk27": {"room5": 1.812765837, "room0": 2.0963130000000003}, "spk25": {"room1": 1.632520318}, "spk21": {"room3": 1.273035884, "room4": 0.761856735, "room2": 1.436172485, "room12": 1.670142055}, "spk30": {"room4": -1.215535164, "room2": -2.327301264, "room12": -1.4731132980000001}, "spk4": {"room6": -0.827889979}, "spk14": {"room10": 2.953914404}, "spk7": {"room12": 1.0696036820000001}, "spk1": {"room5": 1.176475763, "room0": 1.4277626280000002}}}