{"meta": {"speaker": "spk9", "room": "room11"}, "data": {"spk22": {"room0": 2.6650388240000003}, "spk10": {"room4": 0.5050545329999999, "room12": 0.9113831520000001}, "spk18": {"room5": -1.4380031819999999, "room0": -1.414905667, "room2": -0.982938588}, "spk29": {"room10": 1.600833774}, "spk5": {"room3": -0.21387399699999998, "room5": -0.089294828, "room0": 0.853171885}, "spk9": {"room4": 4.984612465, "room7": 5.879696846, "room10": 5.271998882, "room12": 5.313702106, "room9": 6.215134621}, "spk2": {"room5": 0.338116825, "room0": 1.441733718}, "spk23": {"room4": 2.090005636, "room7": 1.441095948, "room2": 3.446560621, "room10": 1.839932919, "room12": 2.017689705, "room9": 1.607880473}, "spk15": {"room10": -1.77825582}, "spk28": {"room10": -0.38764706299999996}, "spk24": {"room1": 0.876707256}, "spk12": {"room10": -0.46639213}, "spk8": {"room10": 0.32835179600000003}, "spk17": {"room5": 0.764417648, "room0": 1.195830226}, "spk11": {"room3": 0.5058228370000001, "room4": 2.308754683, "room7": 0.037664365, "room2": 0.128330216, "room12": 2.241022587, "room9": 1.217594743}, "spk19": {"room4": -1.007156491, "room7": -1.014040112, "room12": -0.92612797}, "spk13": {"room4": 4.495660305, "room12": 3.493689537}, "spk31": {"room10": -0.920581102}, "spk6": {"room10": 0.637728572}, "spk3": {"room3": 1.703409076, "room5": 2.8645234110000004, "room7": 1.102858067, "room0": 2.487392902, "room2": 2.0649819369999998, "room9": 2.313120127}, "spk0": {"room3": 0.636266112}, "spk20": {"room10": -0.548115373}, "spk26": {"room2": 1.462516308}, "spk16": {"room3": 2.35575819, "room4": 1.6804257630000001, "room7": 2.416403055, "room12": 2.711647272, "room9": 3.480682373}, "spk27": {"room5": 1.5442991259999999, "room0": 1.858420253}, "spk25": {"room1": 1.33400321}, "spk21": {"room3": 0.978555858, "room4": 0.451948047, "room2": 0.277256489, "room12": 0.682979882}, "spk30": {"room4": -0.704860687, "room2": -2.00042057, "room12": -1.391466141}, "spk4": {"room6": -0.892621219}, "spk14": {"room10": 3.267444849}, "spk7": {"room12": 1.4952588080000002}, "spk1": {"room5": 0.5932401420000001, "room0": 1.399065614}}}