{"meta": {"speaker": "spk9", "room": "room13"}, "data": {"spk22": {"room0": 2.271160364}, "spk10": {"room4": 0.50435859, "room12": -0.27791309399999997}, "spk18": {"room5": -1.102179289, "room0": -1.318932652, "room2": -0.9266826509999999}, "spk29": {"room10": 1.025836229}, "spk5": {"room3": 1.211089492, "room5": 1.330480337, "room0": 1.07964468}, "spk9": {"room4": 3.433933735, "room7": 3.607667685, "room10": 3.705118418, "room12": 4.774532795, "room9": 4.0386881830000005}, "spk2": {"room5": 1.7711117269999999, "room0": 1.3859411480000001}, "spk23": {"room4": 1.4728353019999998, "room7": 1.6518541569999998, "room2": 0.822411656, "room10": 1.333976865, "room12": 1.848113537, "room9": 1.429770231}, "spk15": {"room10": -0.811787426}, "spk28": {"room10": -0.8405760529999999}, "spk24": {"room1": 1.1200767759999999}, "spk12": {"room10": -0.8340046999999998}, "spk8": {"room10": 0.8746064309999999}, "spk17": {"room5": 1.43669939, "room0": 2.091705561}, "spk11": {"room3": -0.12048970199999999, "room4": 1.341879964, "room7": 0.636000931, "room2": 0.537133336, "room12": 0.7084493040000001, "room9": 0.708140135}, "spk19": {"room4": -1.224924803, "room7": -1.009030223, "room12": -1.385116816}, "spk13": {"room4": 1.28447783, "room12": 1.297065139}, "spk31": {"room10": -1.133841038}, "spk6": {"room10": -0.601685166}, "spk3": {"room3": 0.586259365, "room5": 1.366337895, "room7": 0.801520407, "room0": 0.6895766259999999, "room2": 0.711025476, "room9": 1.080573797}, "spk0": {"room3": -0.35846647600000003}, "spk20": {"room10": -0.773222029}, "spk26": {"room2": 0.6466357110000001}, "spk16": {"room3": 1.776960254, "room4": 2.179623604, "room7": 1.984111547, "room12": 1.616862655, "room9": 4.059826374}, "spk27": {"room5": 1.23499465, "room0": 1.168527246}, "spk25": {"room1": 1.087097645}, "spk21": {"room3": 0.9430310129999999, "room4": 1.305866957, "room2": 0.828826308, "room12": 1.4420633319999998}, "spk30": {"room4": -0.732844055, "room2": -1.488422155, "room12": -1.055199027}, "spk4": {"room6": -0.040552013}, "spk14": {"room10": 0.869795859}, "spk7": {"room12": 1.204138041}, "spk1": {"room5": 0.7539659740000001, "room0": 0.879854858}}}