{"meta": {"speaker": "spk9", "room": "room11"}, "data": {"spk22": {"room0": 1.96186161}, "spk10": {"room4": 0.56820488, "room12": 0.46295133200000005}, "spk18": {"room5": -0.733291864, "room0": -1.066052556, "room2": -0.899185419}, "spk29": {"room10": 0.503330112}, "spk5": {"room3": 0.616067052, "room5": -0.149457335, "room0": 0.614304006}, "spk9": {"room4": 2.49221921, "room7": 2.881087303, "room10": 3.1489038469999997, "room12": 3.394829988, "room9": 2.8898375030000003}, "spk2": {"room5": 0.43968483799999997, "room0": 1.158393383}, "spk23": {"room4": 1.4342837330000002, "room7": 1.10786128, "room2": 1.983242393, "room10": 1.061119676, "room12": 1.18556416, "room9": 1.1837140320000001}, "spk15": {"room10": -1.069174528}, "spk28": {"room10": -0.66943258}, "spk24": {"room1": 1.5913307669999999}, "spk12": {"room10": -0.97433418}, "spk8": {"room10": -0.224034145}, "spk17": {"room5": 0.45507928700000005, "room0": 0.638101935}, "spk11": {"room3": 0.133905053, "room4": 1.054284811, "room7": -0.225157708, "room2": 0.337505192, "room12": 1.147435188, "room9": 1.085104465}, "spk19": {"room4": -0.8707186579999999, "room7": -0.679997981, "room12": -0.873356283}, "spk13": {"room4": 2.7425382139999996, "room12": 2.097602367}, "spk31": {"room10": -0.8305623529999999}, "spk6": {"room10": -0.23070679600000002}, "spk3": {"room3": 0.49108177399999997, "room5": 1.2301508190000001, "room7": 1.107642651, "room0": 1.1460775140000001, "room2": 1.546835065, "room9": 1.4002833369999999}, "spk0": {"room3": 0.489046872}, "spk20": {"room10": -0.299828321}, "spk26": {"room2": 2.163805246}, "spk16": {"room3": 2.122629404, "room4": 1.483257413, "room7": 1.617468476, "room12": 1.77103281, "room9": 2.214018106}, "spk27": {"room5": -0.06927415, "room0": 0.36866393700000005}, "spk25": {"room1": 1.0908362870000001}, "spk21": {"room3": 0.376460016, "room4": 1.485813856, "room2": -0.061543908, "room12": 0.8039330840000001}, "spk30": {"room4": -0.391148359, "room2": -0.68824178, "room12": -0.481824249}, "spk4": {"room6": 0.10510954300000001}, "spk14": {"room10": 1.880104899}, "spk7": {"room12": -0.162685066}, "spk1": {"room5": -0.123002037, "room0": 0.6738535170000001}}}