{"meta": {"speaker": "spk9", "room": "room11"}, "data": {"spk22": {"room0": 2.33978653}, "spk10": {"room4": 1.159450769, "room12": 1.060472965}, "spk18": {"room5": -0.909014821, "room0": -0.895480394, "room2": -0.85497582}, "spk29": {"room10": 1.212321043}, "spk5": {"room3": 1.013850331, "room5": 0.85147661, "room0": 1.883807302}, "spk9": {"room4": 4.06136179, "room7": 5.253913403, "room10": 3.997355461, "room12": 4.907876968, "room9": 5.412216187}, "spk2": {"room5": 0.36011365100000003, "room0": 0.924054205}, "spk23": {"room4": 2.251422405, "room7": 1.551692963, "room2": 2.955124617, "room10": 2.294539452, "room12": 1.8899286990000002, "room9": 1.863723993}, "spk15": {"room10": -1.2424457070000001}, "spk28": {"room10": -0.8355723620000001}, "spk24": {"room1": 0.5141949060000001}, "spk12": {"room10": -0.164778322}, "spk8": {"room10": 0.39186939600000004}, "spk17": {"room5": 1.3790721890000002, "room0": 1.6568585630000001}, "spk11": {"room3": -0.33865582899999996, "room4": 0.832370937, "room7": -0.944355547, "room2": -0.604539931, "room12": 0.736217737, "room9": -0.391323507}, "spk19": {"room4": -0.92168504, "room7": -0.879577994, "room12": -1.024806976}, "spk13": {"room4": 3.213435173, "room12": 2.9851293560000003}, "spk31": {"room10": -0.934503257}, "spk6": {"room10": 0.5977261070000001}, "spk3": {"room3": 0.704647362, "room5": 1.5954124930000002, "room7": 0.425362736, "room0": 1.095885396, "room2": 0.654043794, "room9": 1.3593956230000002}, "spk0": {"room3": 0.656102002}, "spk20": {"room10": -0.34190592200000003}, "spk26": {"room2": 0.894290626}, "spk16": {"room3": 1.9906953569999999, "room4": 1.836282253, "room7": 1.7078930140000002, "room12": 1.56782937, "room9": 3.333197355}, "spk27": {"room5": 1.8976559640000001, "room0": 2.24650526}, "spk25": {"room1": 1.5502892730000002}, "spk21": {"room3": 1.4419575930000001, "room4": 0.8139783140000001, "room2": 0.816112816, "room12": 1.113606334}, "spk30": {"room4": -0.9688801770000001, "room2": -1.572863579, "room12": -0.87585938}, "spk4": {"room6": -0.37755894700000003}, "spk14": {"room10": 2.325247049}, "spk7": {"room12": 0.601950347}, "spk1": {"room5": 0.23676829, "room0": 0.646463871}}}