{"meta": {"speaker": "spk9", "room": "room13"}, "data": {"spk22": {"room0": 3.369584084}, "spk10": {"room4": 1.720323324, "room12": 0.436363578}, "spk18": {"room5": -0.9041083459999999, "room0": -0.660708249, "room2": -0.319918424}, "spk29": {"room10": 2.34216857}, "spk5": {"room3": 2.363292694, "room5": 2.566013098, "room0": 2.119009256}, "spk9": {"room4": 5.0824861530000005, "room7": 6.305186272, "room10": 4.944910049, "room12": 5.88523531, "room9": 5.291241169}, "spk2": {"room5": 1.024142504, "room0": 0.746032655}, "spk23": {"room4": 2.653084278, "room7": 2.511077881, "room2": 2.6104562280000003, "room10": 2.222671032, "room12": 2.531324625, "room9": 2.073731184}, "spk15": {"room10": -0.5791355970000001}, "spk28": {"room10": -0.39380657700000005}, "spk24": {"room1": 1.896887779}, "spk12": {"room10": 0.076062247}, "spk8": {"room10": 0.8662635679999999}, "spk17": {"room5": 1.41211462, "room0": 1.289621115}, "spk11": {"room3": 0.387670189, "room4": 1.941350102, "room7": 0.937031507, "room2": 1.3350094559999999, "room12": 1.889307261, "room9": 1.038444996}, "spk19": {"room4": -0.470168352, "room7": -0.63179481, "room12": -0.798842371}, "spk13": {"room4": 2.084689617, "room12": 0.949877799}, "spk31": {"room10": -0.6503833529999999}, "spk6": {"room10": 0.236376628}, "spk3": {"room3": 1.09820497, "room5": 1.4954812530000001, "room7": 1.68675828, "room0": 2.214327335, "room2": 1.112603784, "room9": 2.198936701}, "spk0": {"room3": 0.672817707}, "spk20": {"room10": -0.234797001}, "spk26": {"room2": 0.9769173859999999}, "spk16": {"room3": 2.61653924, "room4": 3.178095579, "room7": 2.723423719, "room12": 2.832545519, "room9": 3.6306171419999997}, "spk27": {"room5": 2.896970987, "room0": 2.9169683460000004}, "spk25": {"room1": 1.79808712}, "spk21": {"room3": 0.9521592259999999, "room4": 0.922115982, "room2": 0.8183554409999999, "room12": 0.838433862}, "spk30": {"room4": -0.159235403, "room2": -1.1467796559999999, "room12": -0.962830007}, "spk4": {"room6": 0.362538755}, "spk14": {"room10": 1.236657619}, "spk7": {"room12": 2.511046171}, "spk1": {"room5": 0.45014479799999996, "room0": 0.061834868}}}