{"meta": {"speaker": "spk9", "room": "room11"}, "data": {"spk22": {"room0": 0.805728555}, "spk10": {"room4": 0.673053503, "room12": 0.6394279}, "spk18": {"room5": -0.773031652, "room0": -1.2674661870000001, "room2": -0.7551351190000001}, "spk29": {"room10": 1.416476369}, "spk5": {"room3": 0.5858767029999999, "room5": -0.409352481, "room0": 0.763324797}, "spk9": {"room4": 3.6822988989999996, "room7": 5.127624035, "room10": 4.179011822, "room12": 5.2554702760000005, "room9": 3.9851312639999996}, "spk2": {"room5": 0.08960583800000001, "room0": 0.478155613}, "spk23": {"room4": 2.239995003, "room7": 1.9083645340000002, "room2": 2.325233459, "room10": 1.6469181780000002, "room12": 1.186478972, "room9": 1.935421228}, "spk15": {"room10": -0.8658709529999999}, "spk28": {"room10": -0.9041745659999999}, "spk24": {"room1": 2.210631132}, "spk12": {"room10": -0.7994706629999999}, "spk8": {"room10": -0.243839279}, "spk17": {"room5": 1.7794481519999998, "room0": 1.64496851}, "spk11": {"room3": -0.08525648, "room4": 2.028645277, "room7": 0.146288425, "room2": 0.38393262, "room12": 1.954657435, "room9": 1.174617767}, "spk19": {"room4": -1.531782269, "room7": -1.583927035, "room12": -1.388490319}, "spk13": {"room4": 3.333026171, "room12": 1.970027685}, "spk31": {"room10": -0.86914432}, "spk6": {"room10": 0.120855622}, "spk3": {"room3": 0.859184921, "room5": 2.550493956, "room7": 0.7680740359999999, "room0": 0.957326472, "room2": 2.8541152480000003, "room9": 1.29457891}, "spk0": {"room3": 0.969899774}, "spk20": {"room10": -0.44736582}, "spk26": {"room2": 2.470665693}, "spk16": {"room3": 1.216005087, "room4": 0.659231722, "room7": 0.8986939190000001, "room12": 0.302809447, "room9": 1.663970947}, "spk27": {"room5": 0.708654523, "room0": -0.002287028}, "spk25": {"room1": 0.744699538}, "spk21": {"room3": 1.44725883, "room4": 1.4133732319999999, "room2": 1.240168095, "room12": -0.24343285}, "spk30": {"room4": -0.322759062, "room2": -0.99396801, "room12": -0.8337384459999999}, "spk4": {"room6": 0.33724582200000003}, "spk14": {"room10": 1.124276757}, "spk7": {"room12": -0.028999839}, "spk1": {"room5": 0.281780243, "room0": 2.003035784}}}