{"meta": {"speaker": "spk9", "room": "room13"}, "data": {"spk22": {"room0": 2.05060029}, "spk10": {"room4": 1.036199689, "room12": -0.342342973}, "spk18": {"room5": -0.7635154129999999, "room0": -0.8195523020000001, "room2": -0.620152175}, "spk29": {"room10": 1.345678568}, "spk5": {"room3": 1.310285449, "room5": 1.4784299140000001, "room0": 1.3566807509999999}, "spk9": {"room4": 4.205095291, "room7": 3.9337739939999996, "room10": 4.815508842, "room12": 5.451098442, "room9": 5.477324009}, "spk2": {"room5": 1.74769485, "room0": 1.633086085}, "spk23": {"room4": 1.63544178, "room7": 1.8370515109999999, "room2": 1.0277682540000002, "room10": 1.181934476, "room12": 2.000191927, "room9": 1.110677481}, "spk15": {"room10": -0.7839593890000001}, "spk28": {"room10": -0.44979900100000003}, "spk24": {"room1": 1.019465208}, "spk12": {"room10": -0.599767804}, "spk8": {"room10": 1.4480514530000002}, "spk17": {"room5": 1.146566868, "room0": 2.0861489769999997}, "spk11": {"room3": -0.6809858679999999, "room4": 0.964358866, "room7": 0.157180026, "room2": 0.39279592, "room12": 0.6372661589999999, "room9": 0.643441319}, "spk19": {"room4": -0.765808165, "room7": -0.707289755, "room12": -0.91914922}, "spk13": {"room4": 2.266517878, "room12": 2.068569183}, "spk31": {"room10": -0.819653332}, "spk6": {"room10": -0.547264457}, "spk3": {"room3": 0.462656051, "room5": 1.895706296, "room7": 0.717859864, "room0": 1.108558416, "room2": 1.3575264219999998, "room9": 1.674385071}, "spk0": {"room3": -0.010510365}, "spk20": {"room10": 0.098756187}, "spk26": {"room2": 0.811033607}, "spk16": {"room3": 1.8941019769999998, "room4": 1.791630745, "room7": 2.3384568690000003, "room12": 1.502690673, "room9": 4.0514411930000005}, "spk27": {"room5": 1.286601186, "room0": 0.698587596}, "spk25": {"room1": 1.258128405}, "spk21": {"room3": 1.408155799, "room4": 0.812060297, "room2": 0.397602826, "room12": 0.706075013}, "spk30": {"room4": -0.597456157, "room2": -1.6438881159999998, "room12": -0.742838621}, "spk4": {"room6": 0.46152824200000003}, "spk14": {"room10": 0.731580317}, "spk7": {"room12": 1.270008326}, "spk1": {"room5": 0.772797108, "room0": 0.765099585}}}