{"meta": {"speaker": "spk9", "room": "room4"}, "data": {"spk22": {"room0": 3.689201117}, "spk10": {"room4": 0.572345674, "room12": 0.005220331}, "spk18": {"room5": -0.6389694810000001, "room0": -0.756383955, "room2": -0.5007134679999999}, "spk29": {"room10": 2.123897076}, "spk5": {"room3": 0.865049183, "room5": 1.227291107, "room0": 0.493835986}, "spk9": {"room4": 9.455285072, "room7": 9.159713745, "room10": 7.711170673, "room12": 9.421912192999999, "room9": 9.325528145}, "spk2": {"room5": 3.022772312, "room0": 3.150381327}, "spk23": {"room4": 2.778064966, "room7": 2.142087936, "room2": 2.104197025, "room10": 2.961781263, "room12": 3.180729628, "room9": 2.149101496}, "spk15": {"room10": -0.486178011}, "spk28": {"room10": -0.503698587}, "spk24": {"room1": 1.9495584959999999}, "spk12": {"room10": -0.237111419}, "spk8": {"room10": 1.430882931}, "spk17": {"room5": 2.371237278, "room0": 2.457486868}, "spk11": {"room3": 0.697108209, "room4": 2.60208869, "room7": 2.501998425, "room2": 1.021671176, "room12": 3.3940298560000004, "room9": 2.169631481}, "spk19": {"room4": -0.7621777059999999, "room7": -0.8821011190000001, "room12": -0.9141700859999999}, "spk13": {"room4": 3.4393661019999997, "room12": 3.637082338}, "spk31": {"room10": -0.843863606}, "spk6": {"room10": -0.49823781799999994}, "spk3": {"room3": 0.606235504, "room5": 2.339459658, "room7": 1.72057426, "room0": 2.7012729639999997, "room2": 1.340488553, "room9": 2.815383673}, "spk0": {"room3": 1.5407083030000002}, "spk20": {"room10": 0.024095897999999998}, "spk26": {"room2": 1.232149959}, "spk16": {"room3": 3.2753078939999996, "room4": 4.032860278999999, "room7": 2.587791204, "room12": 3.549433231, "room9": 4.3566021919999995}, "spk27": {"room5": 3.5665998460000004, "room0": 3.609030008}, "spk25": {"room1": 2.79555583}, "spk21": {"room3": 0.792610884, "room4": 0.613464653, "room2": 0.578185439, "room12": 1.156213403}, "spk30": {"room4": -0.979058743, "room2": -1.265841603, "room12": -0.736396015}, "spk4": {"room6": -0.36149919}, "spk14": {"room10": 0.8917272690000001}, "spk7": {"room12": 2.40664649}, "spk1": {"room5": 0.119793333, "room0": 0.8126815559999999}}}