{"meta": {"speaker": "spk9", "room": "room4"}, "data": {"spk22": {"room0": 3.8256573680000003}, "spk10": {"room4": 1.26827836, "room12": 0.34856563799999996}, "spk18": {"room5": -1.685224295, "room0": -1.732245326, "room2": -1.03143537}, "spk29": {"room10": 1.5632889269999999}, "spk5": {"room3": 0.292978972, "room5": -0.19721187699999998, "room0": -0.414081961}, "spk9": {"room4": 9.188430786, "room7": 9.028176307999999, "room10": 5.976114272999999, "room12": 8.88960743, "room9": 8.76134491}, "spk2": {"room5": 3.222092152, "room0": 3.576582193}, "spk23": {"room4": 3.384452105, "room7": 2.4795191290000003, "room2": 2.563418865, "room10": 2.127784252, "room12": 3.426007986, "room9": 2.493919373}, "spk15": {"room10": -1.028674364}, "spk28": {"room10": -0.777174413}, "spk24": {"room1": 2.917634487}, "spk12": {"room10": -1.212777257}, "spk8": {"room10": 1.0085921290000002}, "spk17": {"room5": 2.503531218, "room0": 2.7708616260000003}, "spk11": {"room3": 1.48065424, "room4": 4.3326673510000004, "room7": 2.510411263, "room2": 1.34335506, "room12": 4.588460921999999, "room9": 4.269949436}, "spk19": {"room4": -0.7391780609999999, "room7": -1.235280514, "room12": -1.758780003}, "spk13": {"room4": 3.5607407089999996, "room12": 3.316757441}, "spk31": {"room10": -1.7808547019999998}, "spk6": {"room10": 0.072159745}, "spk3": {"room3": 0.7316102390000001, "room5": 2.788813353, "room7": 1.774576902, "room0": 2.586786985, "room2": 1.799130321, "room9": 2.639100075}, "spk0": {"room3": 1.551170111}, "spk20": {"room10": -1.334429622}, "spk26": {"room2": 1.5456074480000002}, "spk16": {"room3": 2.833204269, "room4": 3.9382615089999997, "room7": 3.2162287239999996, "room12": 3.699754715, "room9": 3.748671055}, "spk27": {"room5": 2.793760538, "room0": 2.4578874109999997}, "spk25": {"room1": 2.056493282}, "spk21": {"room3": -0.152763441, "room4": 0.474328339, "room2": 0.732519448, "room12": 0.41653075799999995}, "spk30": {"room4": -0.532034159, "room2": -1.755663991, "room12": -1.331965923}, "spk4": {"room6": -0.390720159}, "spk14": {"room10": 2.057961464}, "spk7": {"room12": 2.0421240330000003}, "spk1": {"room5": 0.406965733, "room0": 1.5617940430000001}}}