{"meta": {"speaker": "spk9", "room": "room13"}, "data": {"spk22": {"room0": 2.827711105}, "spk10": {"room4": 0.6699356439999999, "room12": 0.40472248200000005}, "spk18": {"room5": -1.061973453, "room0": -1.006270409, "room2": -0.7239385840000001}, "spk29": {"room10": 1.408535719}, "spk5": {"room3": 1.906754255, "room5": 1.299802184, "room0": 1.254048228}, "spk9": {"room4": 3.894452095, "room7": 4.4526667589999995, "room10": 4.409058094, "room12": 5.108983994, "room9": 4.631936073}, "spk2": {"room5": 1.5140832659999999, "room0": 0.7618902329999999}, "spk23": {"room4": 2.0563356880000003, "room7": 1.657111645, "room2": 2.3676755430000003, "room10": 2.246688128, "room12": 1.8427501919999998, "room9": 1.6988428830000002}, "spk15": {"room10": -0.927853823}, "spk28": {"room10": -0.5533771510000001}, "spk24": {"room1": 1.649122477}, "spk12": {"room10": -0.783062994}, "spk8": {"room10": 1.073935747}, "spk17": {"room5": 1.131138444, "room0": 1.896310568}, "spk11": {"room3": 0.801677227, "room4": 1.460311294, "room7": 0.326181591, "room2": 2.084417343, "room12": 1.157900929, "room9": 1.0068325999999999}, "spk19": {"room4": -0.923197687, "room7": -0.775862575, "room12": -1.059433818}, "spk13": {"room4": 2.449079752, "room12": 2.515064955}, "spk31": {"room10": -1.246992707}, "spk6": {"room10": -0.456615239}, "spk3": {"room3": 1.024205327, "room5": 0.9759986999999999, "room7": 1.210014462, "room0": 1.291320086, "room2": 1.5915518999999998, "room9": 1.363177061}, "spk0": {"room3": 0.217917755}, "spk20": {"room10": -0.562666535}, "spk26": {"room2": 0.587421536}, "spk16": {"room3": 1.683464885, "room4": 2.027749538, "room7": 1.689816952, "room12": 1.767236829, "room9": 3.3566920760000003}, "spk27": {"room5": 1.749390125, "room0": 1.703630805}, "spk25": {"room1": 1.2336710690000001}, "spk21": {"room3": 1.015702486, "room4": 0.576236725, "room2": 0.897989035, "room12": 0.33523330100000004}, "spk30": {"room4": -0.64733237, "room2": -1.104595304, "room12": -0.851934671}, "spk4": {"room6": -0.006171589}, "spk14": {"room10": 1.0728597640000002}, "spk7": {"room12": 0.41927534299999997}, "spk1": {"room5": 0.061063398, "room0": 0.89321053}}}