{"meta": {"speaker": "spk9", "room": "room13"}, "data": {"spk22": {"room0": 0.002484045}, "spk10": {"room4": 1.137020707, "room12": 0.746362031}, "spk18": {"room5": -1.7520101069999998, "room0": -1.809948444, "room2": -1.4357961419999998}, "spk29": {"room10": 1.1977413890000002}, "spk5": {"room3": 0.25149402, "room5": 0.054768745, "room0": 0.114741705}, "spk9": {"room4": -0.235596031, "room7": 0.527594328, "room10": 0.793933749, "room12": 0.010509378, "room9": 0.019727813}, "spk2": {"room5": 1.284949183, "room0": 0.503449976}, "spk23": {"room4": 2.2187047000000004, "room7": 2.134052753, "room2": 4.244489193, "room10": 3.0922915939999998, "room12": 3.28313303, "room9": 1.65999496}, "spk15": {"room10": 0.356809139}, "spk28": {"room10": -1.553162217}, "spk24": {"room1": -0.46513068700000004}, "spk12": {"room10": -1.3390976190000001}, "spk8": {"room10": -0.334265143}, "spk17": {"room5": 0.705077946, "room0": 0.471224725}, "spk11": {"room3": 0.39609748100000003, "room4": 0.984005749, "room7": -0.430157721, "room2": 0.041615605, "room12": 0.8839927320000001, "room9": 0.005278825}, "spk19": {"room4": -2.0002205369999997, "room7": -1.96871078, "room12": -1.717346668}, "spk13": {"room4": 2.395082235, "room12": 1.226603985}, "spk31": {"room10": -1.4390010830000002}, "spk6": {"room10": 0.48249945}, "spk3": {"room3": -0.286461681, "room5": -0.041079737000000005, "room7": -0.442779779, "room0": -0.504579782, "room2": -0.435319185, "room9": -0.927590013}, "spk0": {"room3": 0.493652105}, "spk20": {"room10": -0.624795794}, "spk26": {"room2": 1.230937481}, "spk16": {"room3": 1.133887649, "room4": -0.47186347799999995, "room7": -0.22588729899999999, "room12": 0.18917343, "room9": 0.397060752}, "spk27": {"room5": 1.249699116, "room0": 0.7285453679999999}, "spk25": {"room1": -0.136541918}, "spk21": {"room3": 1.348499179, "room4": 0.8208481670000001, "room2": 0.419851899, "room12": 0.6846061940000001}, "spk30": {"room4": -0.997029662, "room2": -1.219158053, "room12": -0.41216999299999996}, "spk4": {"room6": -0.063792028}, "spk14": {"room10": 0.526581049}, "spk7": {"room12": -1.314857364}, "spk1": {"room5": 0.217090964, "room0": 0.010662085}}}