{"meta": {"speaker": "spk9", "room": "room13"}, "data": {"spk22": {"room0": 2.712568998}, "spk10": {"room4": 0.392544031, "room12": 0.346180141}, "spk18": {"room5": -0.781579912, "room0": -0.482713431, "room2": -0.527134299}, "spk29": {"room10": 2.337157011}, "spk5": {"room3": 1.669455647, "room5": 1.326687813, "room0": 0.987558663}, "spk9": {"room4": 3.569803238, "room7": 4.522242069, "room10": 3.8347625730000003, "room12": 4.211802959, "room9": 3.617574692}, "spk2": {"room5": 1.048756242, "room0": 0.49014124299999995}, "spk23": {"room4": 1.238266826, "room7": 1.539753675, "room2": 2.232584476, "room10": 1.886572242, "room12": 1.935504556, "room9": 0.804102361}, "spk15": {"room10": -0.411085606}, "spk28": {"room10": -0.255660415}, "spk24": {"room1": 1.739982128}, "spk12": {"room10": 0.146290317}, "spk8": {"room10": 1.226061106}, "spk17": {"room5": 1.095779061, "room0": 1.119967937}, "spk11": {"room3": 1.2838462590000002, "room4": 1.663323998, "room7": 0.442213714, "room2": 2.139830828, "room12": 1.515199542, "room9": 1.021822214}, "spk19": {"room4": -0.502575696, "room7": -0.3049784, "room12": -0.6170328860000001}, "spk13": {"room4": 2.0098996159999998, "room12": 1.734630585}, "spk31": {"room10": -0.387305856}, "spk6": {"room10": -0.52280587}, "spk3": {"room3": 1.208570242, "room5": 1.084468842, "room7": 0.852228105, "room0": 1.8091969490000002, "room2": 0.97339344, "room9": 1.7950075859999999}, "spk0": {"room3": 1.1296062470000001}, "spk20": {"room10": 0.409933001}, "spk26": {"room2": 0.7801274659999999}, "spk16": {"room3": 1.8217720990000001, "room4": 1.0120644570000001, "room7": 1.1875925059999999, "room12": 1.842717767, "room9": 2.0544765}, "spk27": {"room5": 2.543120861, "room0": 2.263691664}, "spk25": {"room1": 1.38527298}, "spk21": {"room3": 1.8262598509999999, "room4": 0.47290584399999996, "room2": 1.135091305, "room12": 0.165659502}, "spk30": {"room4": 0.016631098, "room2": -0.603951216, "room12": -0.324705482}, "spk4": {"room6": 0.347378671}, "spk14": {"room10": 1.1863743070000001}, "spk7": {"room12": 1.242663622}, "spk1": {"room5": 0.21395039600000001, "room0": 0.375087857}}}