{"meta": {"speaker": "spk9", "room": "room11"}, "data": {"spk22": {"room0": 1.459624767}, "spk10": {"room4": 0.652276695, "room12": 0.938702226}, "spk18": {"room5": -1.75343585, "room0": -1.5260090830000002, "room2": -1.8705106969999998}, "spk29": {"room10": 0.965473115}, "spk5": {"room3": 0.12621136, "room5": -0.110253856, "room0": 0.804386079}, "spk9": {"room4": 3.66526413, "room7": 4.971284866, "room10": 4.948991776000001, "room12": 5.2109222410000005, "room9": 4.782097816}, "spk2": {"room5": 1.615764856, "room0": 1.2829961779999999}, "spk23": {"room4": 1.523270249, "room7": 0.93732357, "room2": 1.826537848, "room10": 2.3444283009999998, "room12": 1.729522824, "room9": 2.017898083}, "spk15": {"room10": -1.559310913}, "spk28": {"room10": -0.9493632320000001}, "spk24": {"room1": 0.772354007}, "spk12": {"room10": -1.36430943}, "spk8": {"room10": 0.9175912740000001}, "spk17": {"room5": 0.17127431899999998, "room0": 1.648106813}, "spk11": {"room3": 0.059087935999999994, "room4": 1.9270012380000001, "room7": 0.421703964, "room2": 0.35018006, "room12": 1.682907462, "room9": 0.682682276}, "spk19": {"room4": -1.4710049630000002, "room7": -1.15208149, "room12": -1.762659669}, "spk13": {"room4": 2.571416855, "room12": 1.7602235080000002}, "spk31": {"room10": -1.747108221}, "spk6": {"room10": -0.48633486}, "spk3": {"room3": 0.618037641, "room5": 1.010283113, "room7": -0.40992984200000004, "room0": 0.9805805679999999, "room2": 0.582290888, "room9": 0.868790805}, "spk0": {"room3": -0.43506991899999997}, "spk20": {"room10": -0.727884471}, "spk26": {"room2": 1.164202809}, "spk16": {"room3": 0.860190153, "room4": 0.7410365940000001, "room7": 1.666488647, "room12": 1.203359723, "room9": 2.187555552}, "spk27": {"room5": 0.593182445, "room0": 0.6589837070000001}, "spk25": {"room1": 0.554232717}, "spk21": {"room3": 0.987906277, "room4": 0.24600119899999998, "room2": 0.769944727, "room12": 0.767719686}, "spk30": {"room4": -1.2585777040000001, "room2": -2.4010665419999997, "room12": -1.3996310230000002}, "spk4": {"room6": 0.08820977099999999}, "spk14": {"room10": 1.3107184170000001}, "spk7": {"room12": -0.09500999}, "spk1": {"room5": 1.037227035, "room0": 0.50784564}}}