{"meta": {"speaker": "spk9", "room": "room13"}, "data": {"spk22": {"room0": 1.815547824}, "spk10": {"room4": 0.5267483589999999, "room12": 0.09515953099999999}, "spk18": {"room5": -0.994018555, "room0": -1.031664133, "room2": -0.718915999}, "spk29": {"room10": 2.0594275}, "spk5": {"room3": 2.0456640719999997, "room5": 1.9117299319999999, "room0": 2.454295397}, "spk9": {"room4": 3.7212984560000004, "room7": 4.292313098999999, "room10": 4.8295845989999995, "room12": 5.863853455, "room9": 4.236721039}, "spk2": {"room5": 1.228739142, "room0": 0.262847185}, "spk23": {"room4": 2.008051872, "room7": 2.586588383, "room2": 2.929620028, "room10": 2.343863726, "room12": 2.8961784839999996, "room9": 2.1338596340000002}, "spk15": {"room10": -1.262981415}, "spk28": {"room10": -0.8753575090000001}, "spk24": {"room1": 2.579631567}, "spk12": {"room10": -0.751268327}, "spk8": {"room10": 1.002886653}, "spk17": {"room5": 0.885575175, "room0": 1.844198346}, "spk11": {"room3": 0.19968324899999998, "room4": 0.895528257, "room7": -0.28803283, "room2": 0.991637588, "room12": 0.520288467, "room9": 0.524893105}, "spk19": {"room4": -0.99513191, "room7": -0.9520270820000001, "room12": -1.206831574}, "spk13": {"room4": 2.137492895, "room12": 1.57220614}, "spk31": {"room10": -1.033212423}, "spk6": {"room10": 0.097324207}, "spk3": {"room3": 0.5406602620000001, "room5": 0.454236418, "room7": 0.524663925, "room0": 1.105712295, "room2": 0.8165481090000001, "room9": 0.9531909820000001}, "spk0": {"room3": 0.638102472}, "spk20": {"room10": -0.326752871}, "spk26": {"room2": 1.340097189}, "spk16": {"room3": 1.93353045, "room4": 1.248048902, "room7": 1.244664311, "room12": 1.58332324, "room9": 2.53372407}, "spk27": {"room5": 1.211803079, "room0": 1.2491563559999999}, "spk25": {"room1": 1.308269143}, "spk21": {"room3": 1.57906425, "room4": 1.108415365, "room2": 0.889737964, "room12": 0.541917682}, "spk30": {"room4": -0.498271704, "room2": -1.360016823, "room12": -1.129018903}, "spk4": {"room6": 0.757755339}, "spk14": {"room10": 1.474769711}, "spk7": {"room12": 1.5033811330000002}, "spk1": {"room5": 0.443089306, "room0": 0.9524264929999999}}}