{"meta": {"speaker": "spk9", "room": "room11"}, "data": {"spk22": {"room0": 1.718315244}, "spk10": {"room4": 0.400426269, "room12": -0.147036508}, "spk18": {"room5": -0.9643739459999999, "room0": -0.66371572, "room2": -0.43535774899999996}, "spk29": {"room10": 0.594341576}, "spk5": {"room3": 1.494096875, "room5": 1.5573440790000002, "room0": 2.146005154}, "spk9": {"room4": 4.08223772, "room7": 3.79437995, "room10": 3.6984710689999996, "room12": 4.635439873, "room9": 4.600651741}, "spk2": {"room5": 0.5621739029999999, "room0": 1.8518733980000002}, "spk23": {"room4": 1.6091861719999998, "room7": 1.0746655459999999, "room2": 2.141546249, "room10": 2.555375576, "room12": 1.438698649, "room9": 1.418924689}, "spk15": {"room10": -0.6554641720000001}, "spk28": {"room10": -0.787006915}, "spk24": {"room1": 1.4735760690000002}, "spk12": {"room10": -0.278005838}, "spk8": {"room10": 0.5432803629999999}, "spk17": {"room5": 1.3519850969999998, "room0": 1.380823493}, "spk11": {"room3": -0.297326893, "room4": 0.654462576, "room7": -0.179855913, "room2": -0.459803939, "room12": 0.44739171899999997, "room9": 0.215631232}, "spk19": {"room4": -0.923638225, "room7": -0.88819021, "room12": -1.161166668}, "spk13": {"room4": 3.321453333, "room12": 3.457934618}, "spk31": {"room10": -0.6939778329999999}, "spk6": {"room10": 0.248032585}, "spk3": {"room3": 1.074058056, "room5": 2.223802567, "room7": 1.132921219, "room0": 1.7367463109999999, "room2": 1.96337235, "room9": 2.3004512790000002}, "spk0": {"room3": 1.077703118}, "spk20": {"room10": -0.49087870100000003}, "spk26": {"room2": 0.788928747}, "spk16": {"room3": 2.0633783340000003, "room4": 1.865304232, "room7": 0.977751136, "room12": 1.503744721, "room9": 3.190928698}, "spk27": {"room5": 1.036570787, "room0": 0.464518845}, "spk25": {"room1": 2.08640933}, "spk21": {"room3": 1.673546195, "room4": 0.84041822, "room2": 0.8554273840000001, "room12": 0.964007497}, "spk30": {"room4": -0.837377369, "room2": -1.324576259, "room12": -0.907962918}, "spk4": {"room6": 0.361971855}, "spk14": {"room10": 2.0023477080000003}, "spk7": {"room12": 1.534813881}, "spk1": {"room5": 0.260822862, "room0": 0.731004655}}}