{"meta": {"speaker": "spk9", "room": "room9"}, "data": {"spk22": {"room0": 2.949980974}, "spk10": {"room4": 1.435877204, "room12": -0.075854145}, "spk18": {"room5": -0.721795321, "room0": -1.13896966, "room2": -0.609739959}, "spk29": {"room10": 1.8312717680000001}, "spk5": {"room3": 2.039270401, "room5": 1.670991898, "room0": 0.671286643}, "spk9": {"room4": 9.572258949, "room7": 8.084114075, "room10": 8.079445839, "room12": 9.567117691, "room9": 9.835194588}, "spk2": {"room5": 3.0336499210000003, "room0": 2.561394453}, "spk23": {"room4": 1.982144713, "room7": 1.782380939, "room2": 1.040497541, "room10": 1.071099877, "room12": 2.147523165, "room9": 1.7178614140000001}, "spk15": {"room10": -0.17032910899999998}, "spk28": {"room10": -0.422251999}, "spk24": {"room1": 1.574100494}, "spk12": {"room10": -0.28222999}, "spk8": {"room10": 0.238500595}, "spk17": {"room5": 2.015256882, "room0": 2.11066103}, "spk11": {"room3": 0.9241476059999999, "room4": 3.297072172, "room7": 2.408130407, "room2": 1.308288693, "room12": 4.581429958, "room9": 3.079529524}, "spk19": {"room4": -0.635690689, "room7": -0.731479168, "room12": -1.005467176}, "spk13": {"room4": 3.031339884, "room12": 1.896468639}, "spk31": {"room10": -1.2102638479999999}, "spk6": {"room10": -0.290876776}, "spk3": {"room3": 0.6340063810000001, "room5": 2.686363459, "room7": 1.4627438780000002, "room0": 1.905142665, "room2": 1.945443988, "room9": 1.9709515569999998}, "spk0": {"room3": 0.8847732540000001}, "spk20": {"room10": -0.299330026}, "spk26": {"room2": -0.10189294800000001}, "spk16": {"room3": 3.007211924, "room4": 3.98139596, "room7": 3.009869814, "room12": 5.411145687, "room9": 4.419685363999999}, "spk27": {"room5": 2.7839894289999996, "room0": 3.458877087}, "spk25": {"room1": 2.7888686660000004}, "spk21": {"room3": 0.555731952, "room4": 0.12688571199999998, "room2": 0.15812555, "room12": 0.516652644}, "spk30": {"room4": -0.408260942, "room2": -1.577043056, "room12": -0.849522412}, "spk4": {"room6": 0.8696900009999999}, "spk14": {"room10": 1.121645808}, "spk7": {"room12": 2.4539361}, "spk1": {"room5": 0.5468285079999999, "room0": 0.519504786}}}