{"meta": {"speaker": "spk9", "room": "room13"}, "data": {"spk22": {"room0": 2.388450384}, "spk10": {"room4": 0.906570077, "room12": 0.607792795}, "spk18": {"room5": -1.239097953, "room0": -1.160279751, "room2": -0.895352542}, "spk29": {"room10": 2.342490673}, "spk5": {"room3": 1.753072977, "room5": 1.4113745690000001, "room0": 1.607058525}, "spk9": {"room4": 2.9955511089999995, "room7": 4.967236042, "room10": 3.4154772760000003, "room12": 4.697604179, "room9": 3.478074074}, "spk2": {"room5": 0.623778343, "room0": 0.042162593}, "spk23": {"room4": 1.647842765, "room7": 1.817631721, "room2": 1.8766134980000002, "room10": 1.298750877, "room12": 1.624441266, "room9": 1.536512375}, "spk15": {"room10": -0.575697184}, "spk28": {"room10": -0.40486908}, "spk24": {"room1": 1.319883704}, "spk12": {"room10": -0.36386829600000004}, "spk8": {"room10": 0.710395098}, "spk17": {"room5": 1.492467999, "room0": 1.428370595}, "spk11": {"room3": 1.284757137, "room4": 1.7029188869999998, "room7": 0.277939737, "room2": 1.284640789, "room12": 1.195823073, "room9": 0.9960589409999999}, "spk19": {"room4": -0.565994859, "room7": -0.359236747, "room12": -1.167984843}, "spk13": {"room4": 1.6648348569999998, "room12": 1.526724339}, "spk31": {"room10": -1.037341714}, "spk6": {"room10": 0.365686059}, "spk3": {"room3": 1.511318207, "room5": 1.307213545, "room7": 0.88961798, "room0": 1.5370615719999998, "room2": 1.504632473, "room9": 1.801744223}, "spk0": {"room3": -0.25958213199999997}, "spk20": {"room10": 0.127728969}, "spk26": {"room2": 1.1115761999999998}, "spk16": {"room3": 2.2179741859999997, "room4": 1.5133013730000002, "room7": 1.535322309, "room12": 1.441690564, "room9": 1.8396509890000001}, "spk27": {"room5": 1.424117684, "room0": 1.528393626}, "spk25": {"room1": 1.7970571519999998}, "spk21": {"room3": 1.216999769, "room4": 0.536016643, "room2": 0.640879095, "room12": 0.09360329099999999}, "spk30": {"room4": -0.160538644, "room2": -0.783326805, "room12": -0.570162356}, "spk4": {"room6": 0.9739808440000001}, "spk14": {"room10": 1.110498309}, "spk7": {"room12": 0.81264329}, "spk1": {"room5": -0.23951694399999998, "room0": 0.274400055}}}