{"meta": {"speaker": "spk9", "room": "room10"}, "data": {"spk22": {"room0": 2.7329671380000002}, "spk10": {"room4": 0.731672585, "room12": 0.086213112}, "spk18": {"room5": -0.786275864, "room0": -0.660256863, "room2": -0.549442649}, "spk29": {"room10": 0.49266281700000003}, "spk5": {"room3": 0.004475134, "room5": 0.7567653059999999, "room0": -0.36731508399999996}, "spk9": {"room4": 7.558285236000001, "room7": 5.40401268, "room10": 7.671192168999999, "room12": 6.93753624, "room9": 8.065894127}, "spk2": {"room5": 2.7484326360000004, "room0": 3.764683485}, "spk23": {"room4": 1.385519028, "room7": 1.2158720490000001, "room2": 0.7363442179999999, "room10": 2.031687737, "room12": 1.9695270059999999, "room9": 1.435418963}, "spk15": {"room10": -0.628544509}, "spk28": {"room10": -0.193259552}, "spk24": {"room1": 1.049394608}, "spk12": {"room10": -0.206503585}, "spk8": {"room10": -0.09264414}, "spk17": {"room5": 1.09121871, "room0": 1.7768878940000001}, "spk11": {"room3": 0.8441177009999999, "room4": 2.344021797, "room7": 2.703294277, "room2": 0.9092909690000001, "room12": 3.4113626480000003, "room9": 1.988372922}, "spk19": {"room4": -0.07048510000000001, "room7": -0.21193876899999997, "room12": -0.780494213}, "spk13": {"room4": 2.868777275, "room12": 2.255486012}, "spk31": {"room10": -0.85915941}, "spk6": {"room10": -0.7226603629999999}, "spk3": {"room3": 0.147760898, "room5": 1.522334576, "room7": 1.240584016, "room0": 1.4958376880000002, "room2": 0.008375321, "room9": 1.619346261}, "spk0": {"room3": 0.7459554079999999}, "spk20": {"room10": 0.072985105}, "spk26": {"room2": 0.386745751}, "spk16": {"room3": 3.1994116310000003, "room4": 4.05892992, "room7": 2.529682636, "room12": 4.142638206, "room9": 4.063455582}, "spk27": {"room5": 3.4280576710000004, "room0": 3.787603855}, "spk25": {"room1": 2.18747735}, "spk21": {"room3": -0.131735593, "room4": 0.36723756799999996, "room2": 0.072656028, "room12": 0.6063729520000001}, "spk30": {"room4": -0.472830594, "room2": -1.5917271380000002, "room12": -0.47755399299999995}, "spk4": {"room6": -0.284003496}, "spk14": {"room10": 0.776708305}, "spk7": {"room12": 2.27435112}, "spk1": {"room5": 0.568826854, "room0": 0.630444944}}}