{"meta": {"speaker": "spk9", "room": "room13"}, "data": {"spk22": {"room0": 3.351293802}, "spk10": {"room4": 0.871997714, "room12": 0.146797478}, "spk18": {"room5": -1.167981744, "room0": -0.990108669, "room2": -0.869017422}, "spk29": {"room10": 2.1410756109999998}, "spk5": {"room3": 1.495958924, "room5": 1.7805266380000002, "room0": 1.573820829}, "spk9": {"room4": 4.6824874880000005, "room7": 5.2336030010000005, "room10": 4.281785965, "room12": 5.684402466, "room9": 4.801927567}, "spk2": {"room5": 1.6651003359999998, "room0": 1.100181103}, "spk23": {"room4": 2.334081888, "room7": 2.250306368, "room2": 2.499449968, "room10": 2.197603941, "room12": 2.23634243, "room9": 2.147113323}, "spk15": {"room10": -0.7834308740000001}, "spk28": {"room10": -0.7504838709999999}, "spk24": {"room1": 1.683461785}, "spk12": {"room10": -0.124654628}, "spk8": {"room10": 0.183097497}, "spk17": {"room5": 1.833440423, "room0": 1.8758121730000001}, "spk11": {"room3": 0.397555172, "room4": 1.2484600540000002, "room7": -0.085768111, "room2": 0.9560400840000001, "room12": 1.041655779, "room9": 0.617733538}, "spk19": {"room4": -0.9653715490000001, "room7": -0.927425921, "room12": -1.262890458}, "spk13": {"room4": 2.400746107, "room12": 2.409779072}, "spk31": {"room10": -1.3038175109999999}, "spk6": {"room10": -0.092319347}, "spk3": {"room3": 0.7447600959999999, "room5": 1.500288963, "room7": 1.285762668, "room0": 1.3867747780000002, "room2": 1.04916203, "room9": 1.765225768}, "spk0": {"room3": -0.137530878}, "spk20": {"room10": -0.47903683799999996}, "spk26": {"room2": 0.781234682}, "spk16": {"room3": 2.646296024, "room4": 2.202672005, "room7": 1.87004137, "room12": 1.9676119090000002, "room9": 3.706778765}, "spk27": {"room5": 1.909014463, "room0": 2.1725137230000002}, "spk25": {"room1": 1.9387096169999998}, "spk21": {"room3": 0.5623312, "room4": 1.0132582190000001, "room2": 0.511632144, "room12": 1.087738991}, "spk30": {"room4": -0.220742285, "room2": -1.168920755, "room12": -0.858933568}, "spk4": {"room6": 0.194928154}, "spk14": {"room10": 1.421037197}, "spk7": {"room12": 1.017750144}, "spk1": {"room5": 0.345290482, "room0": -0.047215581}}}