{"meta": {"speaker": "spk9", "room": "room9"}, "data": {"spk22": {"room0": 2.616155863}, "spk10": {"room4": 1.640464783, "room12": 0.7237807509999999}, "spk18": {"room5": -0.565918982, "room0": -1.111324787, "room2": -0.531412065}, "spk29": {"room10": 2.1972727780000003}, "spk5": {"room3": 0.623057187, "room5": 0.8944583540000001, "room0": -0.07421557599999999}, "spk9": {"room4": 9.9083004, "room7": 7.892516136, "room10": 7.567777634, "room12": 8.347913742000001, "room9": 9.139503479}, "spk2": {"room5": 2.330473661, "room0": 2.743539572}, "spk23": {"room4": 2.662894487, "room7": 2.21143961, "room2": 1.75625217, "room10": 1.165183544, "room12": 2.68097043, "room9": 2.046208858}, "spk15": {"room10": -0.029485348999999998}, "spk28": {"room10": -0.453993589}, "spk24": {"room1": 1.23645997}, "spk12": {"room10": 0.152663291}, "spk8": {"room10": 0.564875841}, "spk17": {"room5": 1.979835629, "room0": 1.768632293}, "spk11": {"room3": 0.870936692, "room4": 4.043781757, "room7": 3.4355056289999997, "room2": 1.351313114, "room12": 5.066280365, "room9": 3.142893791}, "spk19": {"room4": -0.47940707200000005, "room7": -0.46701973700000005, "room12": -0.879566014}, "spk13": {"room4": 2.618815422, "room12": 1.830590606}, "spk31": {"room10": -0.666903138}, "spk6": {"room10": -0.046659436}, "spk3": {"room3": 0.99694556, "room5": 3.002444267, "room7": 1.796859384, "room0": 2.76560688, "room2": 1.3311735390000001, "room9": 2.410043001}, "spk0": {"room3": 1.2914001940000002}, "spk20": {"room10": 0.182686552}, "spk26": {"room2": 0.212467209}, "spk16": {"room3": 2.875241041, "room4": 5.033201694, "room7": 3.2882351880000003, "room12": 4.385527134, "room9": 4.402665615}, "spk27": {"room5": 3.361390352, "room0": 4.7968392369999995}, "spk25": {"room1": 2.562484026}, "spk21": {"room3": 0.23003432199999999, "room4": 0.165804744, "room2": 0.036116842, "room12": 0.7278378609999999}, "spk30": {"room4": -0.009038936, "room2": -1.0615748170000001, "room12": -0.48208248600000003}, "spk4": {"room6": 0.593853891}, "spk14": {"room10": 1.873788714}, "spk7": {"room12": 3.3130197530000003}, "spk1": {"room5": 0.702321887, "room0": 1.388337135}}}