{"meta": {"speaker": "spk9", "room": "room11"}, "data": {"spk22": {"room0": 2.230936766}, "spk10": {"room4": 0.438815325, "room12": 0.17703045899999997}, "spk18": {"room5": -0.970329821, "room0": -1.347435474, "room2": -0.646797955}, "spk29": {"room10": 1.718367934}, "spk5": {"room3": 0.47397846, "room5": 0.436888665, "room0": 0.678752661}, "spk9": {"room4": 4.400500774, "room7": 4.527356625, "room10": 4.366676331, "room12": 4.312275887, "room9": 5.680789471000001}, "spk2": {"room5": 0.513001919, "room0": 1.679745197}, "spk23": {"room4": 2.58728385, "room7": 2.740770102, "room2": 2.995757341, "room10": 1.509852171, "room12": 2.004123926, "room9": 2.062648535}, "spk15": {"room10": -1.0225081440000001}, "spk28": {"room10": -0.673756182}, "spk24": {"room1": 1.2273344990000001}, "spk12": {"room10": -0.620589614}, "spk8": {"room10": 0.46830928299999997}, "spk17": {"room5": 1.830054045, "room0": 2.161602974}, "spk11": {"room3": -1.039638042, "room4": 0.353804976, "room7": -0.601399899, "room2": 0.605551004, "room12": 1.2882002590000001, "room9": 0.089721575}, "spk19": {"room4": -1.334881306, "room7": -1.222357273, "room12": -1.134088159}, "spk13": {"room4": 3.313870192, "room12": 3.503037453}, "spk31": {"room10": -0.932016253}, "spk6": {"room10": 1.008419514}, "spk3": {"room3": 1.142285705, "room5": 2.206221104, "room7": 1.04274416, "room0": 1.735829234, "room2": 2.3080315590000002, "room9": 1.7056940790000001}, "spk0": {"room3": 1.062102079}, "spk20": {"room10": -0.6139722470000001}, "spk26": {"room2": 1.800486565}, "spk16": {"room3": 2.117698669, "room4": 1.168556929, "room7": 1.6224691869999999, "room12": 1.306740284, "room9": 2.585064411}, "spk27": {"room5": 1.698572278, "room0": 1.314303637}, "spk25": {"room1": 2.235774517}, "spk21": {"room3": 0.7899945970000001, "room4": 1.5187944169999998, "room2": 1.029087782, "room12": 0.647097945}, "spk30": {"room4": -0.7275200490000001, "room2": -1.055413842, "room12": -0.879210651}, "spk4": {"room6": 0.262206256}, "spk14": {"room10": 2.710258722}, "spk7": {"room12": 0.6438479420000001}, "spk1": {"room5": -0.302628577, "room0": 1.121863604}}}