{"meta": {"speaker": "spk9", "room": "room11"}, "data": {"spk22": {"room0": 1.874138355}, "spk10": {"room4": 0.43844229, "room12": 0.19882679}, "spk18": {"room5": -1.3408439159999999, "room0": -1.290831447, "room2": -0.8896200059999999}, "spk29": {"room10": 1.215021372}, "spk5": {"room3": -0.11997157300000001, "room5": -0.161587119, "room0": -0.508620918}, "spk9": {"room4": 3.4150907989999997, "room7": 3.134657621, "room10": 3.269388676, "room12": 3.761125326, "room9": 3.760211229}, "spk2": {"room5": 0.660027146, "room0": 2.289370537}, "spk23": {"room4": 1.721423984, "room7": 1.254754186, "room2": 1.446064234, "room10": 1.4388185740000001, "room12": 2.011719227, "room9": 1.642315149}, "spk15": {"room10": -0.991184235}, "spk28": {"room10": -0.673887789}, "spk24": {"room1": 2.003582239}, "spk12": {"room10": -0.879903555}, "spk8": {"room10": -0.09007299699999999}, "spk17": {"room5": 0.990772784, "room0": 1.866438746}, "spk11": {"room3": -1.169218063, "room4": 0.835321367, "room7": 0.254956692, "room2": -0.14150495800000001, "room12": 0.800031662, "room9": 0.71939379}, "spk19": {"room4": -1.2414880990000001, "room7": -1.272412777, "room12": -1.17477119}, "spk13": {"room4": 2.159082174, "room12": 2.418350458}, "spk31": {"room10": -0.994135737}, "spk6": {"room10": 0.42179074899999996}, "spk3": {"room3": 0.158750117, "room5": 1.561334491, "room7": 1.269843936, "room0": 1.3075513840000001, "room2": 1.182516575, "room9": 1.4451702830000002}, "spk0": {"room3": 0.5332097410000001}, "spk20": {"room10": -0.769294739}, "spk26": {"room2": 2.0625290869999997}, "spk16": {"room3": 1.886337876, "room4": 1.4228454830000001, "room7": 1.103393674, "room12": 0.910250068, "room9": 2.638290644}, "spk27": {"room5": 0.7237679359999999, "room0": 0.262037694}, "spk25": {"room1": 1.302591562}, "spk21": {"room3": 0.969779015, "room4": 1.6063922640000001, "room2": 0.5684639220000001, "room12": 0.6999139190000001}, "spk30": {"room4": -0.8518694640000001, "room2": -1.068656802, "room12": -1.343794942}, "spk4": {"room6": -0.009749942}, "spk14": {"room10": 2.618091583}, "spk7": {"room12": 0.465269417}, "spk1": {"room5": 0.104021229, "room0": 0.526406527}}}