{"meta": {"speaker": "spk9", "room": "room7"}, "data": {"spk22": {"room0": 1.454973936}, "spk10": {"room4": 0.8945272559999999, "room12": -0.566771448}, "spk18": {"room5": -0.787067235, "room0": -0.820695341, "room2": -0.226532459}, "spk29": {"room10": 2.423890829}, "spk5": {"room3": 2.725242615, "room5": 2.981785297, "room0": 1.256281495}, "spk9": {"room4": 8.566112517999999, "room7": 7.364313602, "room10": 8.182886124, "room12": 9.058314323, "room9": 9.05120945}, "spk2": {"room5": 1.9849399330000002, "room0": 1.9964629409999999}, "spk23": {"room4": 1.983866811, "room7": 1.844307661, "room2": 1.104765773, "room10": 1.1607744690000001, "room12": 1.6205930709999998, "room9": 1.832314849}, "spk15": {"room10": -0.161530554}, "spk28": {"room10": -0.6974562409999999}, "spk24": {"room1": 2.674494267}, "spk12": {"room10": -0.638531029}, "spk8": {"room10": 0.829060256}, "spk17": {"room5": 1.378730059, "room0": 1.8992722030000002}, "spk11": {"room3": 1.428884625, "room4": 2.445428133, "room7": 2.437707186, "room2": 2.0577211380000002, "room12": 3.484996319, "room9": 2.400048256}, "spk19": {"room4": -0.607716978, "room7": -0.862422824, "room12": -0.949338913}, "spk13": {"room4": 3.597084999, "room12": 2.155130625}, "spk31": {"room10": -1.124655485}, "spk6": {"room10": -0.476994753}, "spk3": {"room3": 1.278842926, "room5": 2.674443007, "room7": 1.101600051, "room0": 2.356366396, "room2": 1.899951458, "room9": 2.071576357}, "spk0": {"room3": 0.85359019}, "spk20": {"room10": 0.020302646}, "spk26": {"room2": 0.315928578}, "spk16": {"room3": 3.5222620960000004, "room4": 3.4213070869999997, "room7": 2.20032382, "room12": 4.047505856, "room9": 4.724297047}, "spk27": {"room5": 3.6557033060000004, "room0": 3.4341309069999997}, "spk25": {"room1": 2.8151915069999998}, "spk21": {"room3": 0.49075159399999996, "room4": 0.369036466, "room2": 0.607871234, "room12": 0.41292184600000004}, "spk30": {"room4": -0.45451995700000003, "room2": -1.178342462, "room12": -0.730863094}, "spk4": {"room6": 0.561510265}, "spk14": {"room10": 0.419336736}, "spk7": {"room12": 2.55904603}, "spk1": {"room5": 0.572635472, "room0": 1.069083929}}}