{"meta": {"speaker": "spk9", "room": "room13"}, "data": {"spk22": {"room0": 2.759292126}, "spk10": {"room4": 0.7975103259999999, "room12": 0.143236741}, "spk18": {"room5": -1.606485605, "room0": -1.322339058, "room2": -0.9166449309999999}, "spk29": {"room10": 2.149828196}, "spk5": {"room3": 2.2676005359999998, "room5": 1.7204811569999998, "room0": 1.6103659869999998}, "spk9": {"room4": 4.178591251, "room7": 5.542441845, "room10": 4.677417278, "room12": 5.667255878, "room9": 4.281389236}, "spk2": {"room5": 0.954552174, "room0": 1.263480902}, "spk23": {"room4": 2.6913635730000003, "room7": 2.409386396, "room2": 2.266807795, "room10": 2.220091581, "room12": 2.346718311, "room9": 1.99413383}, "spk15": {"room10": -0.77446717}, "spk28": {"room10": -0.651254833}, "spk24": {"room1": 1.8235597609999998}, "spk12": {"room10": -0.654486239}, "spk8": {"room10": 0.607697189}, "spk17": {"room5": 1.7267084119999998, "room0": 1.5660905840000001}, "spk11": {"room3": 0.831730485, "room4": 1.671264052, "room7": 0.31051692399999997, "room2": 0.78617239, "room12": 0.619719744, "room9": 0.610307932}, "spk19": {"room4": -0.923914254, "room7": -0.8520609140000001, "room12": -1.4777094130000001}, "spk13": {"room4": 1.9068173169999998, "room12": 1.141153574}, "spk31": {"room10": -1.183432579}, "spk6": {"room10": 0.252065361}, "spk3": {"room3": 1.662476778, "room5": 1.662532449, "room7": 1.76139009, "room0": 1.7354444269999998, "room2": 2.159608841, "room9": 2.369222641}, "spk0": {"room3": 0.595246255}, "spk20": {"room10": -0.48698279299999997}, "spk26": {"room2": 1.9770354030000001}, "spk16": {"room3": 2.9762885569999997, "room4": 1.1020586490000002, "room7": 1.432429671, "room12": 0.9246624109999999, "room9": 2.555044889}, "spk27": {"room5": 1.0567417140000002, "room0": 1.472556472}, "spk25": {"room1": 1.901106715}, "spk21": {"room3": 1.237425089, "room4": 0.8905274870000001, "room2": 0.525928617, "room12": 0.507946014}, "spk30": {"room4": -1.078143954, "room2": -1.455381155, "room12": -1.15950942}, "spk4": {"room6": 0.7720503809999999}, "spk14": {"room10": 0.7333940859999999}, "spk7": {"room12": 1.82633543}, "spk1": {"room5": 0.336069852, "room0": 0.9948467609999999}}}