{"meta": {"speaker": "spk9", "room": "room7"}, "data": {"spk22": {"room0": 1.755694509}, "spk10": {"room4": 0.7439541820000001, "room12": 0.336541474}, "spk18": {"room5": -1.16101563, "room0": -1.051485419, "room2": -0.9688893559999999}, "spk29": {"room10": 1.842561841}, "spk5": {"room3": 1.118257165, "room5": 1.698077083, "room0": 0.700757086}, "spk9": {"room4": 8.117540359, "room7": 6.780790806000001, "room10": 7.161501884, "room12": 7.91203928, "room9": 8.332348824}, "spk2": {"room5": 2.088932514, "room0": 1.876726389}, "spk23": {"room4": 2.0085282330000003, "room7": 1.84539485, "room2": 1.036096692, "room10": 1.145704389, "room12": 1.9690927269999998, "room9": 2.0831282140000003}, "spk15": {"room10": -0.420140326}, "spk28": {"room10": -1.00490284}, "spk24": {"room1": 1.4670039419999998}, "spk12": {"room10": -0.809745252}, "spk8": {"room10": -0.101278931}, "spk17": {"room5": 0.925337911, "room0": 1.745250583}, "spk11": {"room3": 1.3375686409999998, "room4": 2.672315836, "room7": 2.266278744, "room2": 1.854829073, "room12": 3.1967229839999995, "room9": 2.3687586780000003}, "spk19": {"room4": -0.741117835, "room7": -0.77216959, "room12": -1.166051626}, "spk13": {"room4": 2.386414766, "room12": 1.7755366559999999}, "spk31": {"room10": -1.316448212}, "spk6": {"room10": -0.5822348589999999}, "spk3": {"room3": 0.943742335, "room5": 1.8398916719999998, "room7": 0.786901355, "room0": 1.5752127169999999, "room2": 1.453103304, "room9": 1.787895918}, "spk0": {"room3": 0.170205131}, "spk20": {"room10": -0.391140521}, "spk26": {"room2": -0.014698808999999998}, "spk16": {"room3": 2.7470459939999996, "room4": 2.579543352, "room7": 2.613531828, "room12": 3.323531151, "room9": 3.801261902}, "spk27": {"room5": 2.124135733, "room0": 2.370505333}, "spk25": {"room1": 3.1606011389999997}, "spk21": {"room3": 0.335556686, "room4": 0.058047182999999995, "room2": -0.278977811, "room12": 0.667654693}, "spk30": {"room4": -0.795483708, "room2": -1.6941829919999998, "room12": -1.232903838}, "spk4": {"room6": 0.097155094}, "spk14": {"room10": 0.45771539200000005}, "spk7": {"room12": 2.562614918}, "spk1": {"room5": 0.7655633690000001, "room0": 1.0717684029999999}}}