{"meta": {"speaker": "spk9", "room": "room11"}, "data": {"spk22": {"room0": 1.701992273}, "spk10": {"room4": 0.598982394, "room12": 0.16667558300000002}, "spk18": {"room5": -1.196065545, "room0": -1.2901402709999998, "room2": -0.847731054}, "spk29": {"room10": 1.252920389}, "spk5": {"room3": 0.565723538, "room5": 0.32594943, "room0": 0.7424156670000001}, "spk9": {"room4": 3.773209095, "room7": 3.9407448769999998, "room10": 3.748286486, "room12": 4.183992386, "room9": 4.036845683999999}, "spk2": {"room5": 0.077526942, "room0": 1.1943084}, "spk23": {"room4": 1.910160899, "room7": 1.571322799, "room2": 1.614518642, "room10": 1.437586546, "room12": 1.6164768930000002, "room9": 1.3726537230000002}, "spk15": {"room10": -0.91604203}, "spk28": {"room10": -0.661312103}, "spk24": {"room1": 1.4054902790000001}, "spk12": {"room10": -0.495557278}, "spk8": {"room10": 0.311375946}, "spk17": {"room5": 0.632882178, "room0": 1.6604605909999999}, "spk11": {"room3": -0.66624248, "room4": 0.423784822, "room7": -0.510553539, "room2": -0.08895883, "room12": 0.29128322, "room9": 0.017189013}, "spk19": {"room4": -1.2100145820000001, "room7": -1.16427815, "room12": -1.260344148}, "spk13": {"room4": 2.601664066, "room12": 3.148833752}, "spk31": {"room10": -0.853957236}, "spk6": {"room10": 0.507358968}, "spk3": {"room3": 0.156347945, "room5": 1.299040675, "room7": 0.343869239, "room0": 0.326744854, "room2": 0.810449958, "room9": 0.896899879}, "spk0": {"room3": 0.455016762}, "spk20": {"room10": -0.604076385}, "spk26": {"room2": 2.161626577}, "spk16": {"room3": 1.985907555, "room4": 2.5189135069999997, "room7": 1.192391038, "room12": 1.051667333, "room9": 2.797945023}, "spk27": {"room5": 0.7608080509999999, "room0": 0.350816041}, "spk25": {"room1": 1.208142281}, "spk21": {"room3": 0.642427564, "room4": 1.068977714, "room2": 0.34269425299999995, "room12": 0.34914392200000005}, "spk30": {"room4": -0.6606692670000001, "room2": -1.266924739, "room12": -1.197852015}, "spk4": {"room6": 0.6275364760000001}, "spk14": {"room10": 2.9044070239999997}, "spk7": {"room12": 0.868457675}, "spk1": {"room5": 0.10250891699999999, "room0": 0.800980389}}}