{"meta": {"speaker": "spk9", "room": "room12"}, "data": {"spk22": {"room0": 2.847679138}, "spk10": {"room4": 0.896793067, "room12": 0.445962429}, "spk18": {"room5": -1.236606836, "room0": -1.0338190790000001, "room2": -0.864297807}, "spk29": {"room10": 1.3698550459999999}, "spk5": {"room3": 0.052911203, "room5": 0.490920752, "room0": -0.380854487}, "spk9": {"room4": 6.824026585, "room7": 6.00766468, "room10": 5.105276108, "room12": 6.933995247, "room9": 6.779128075}, "spk2": {"room5": 3.0836558339999995, "room0": 3.3402235510000002}, "spk23": {"room4": 2.375726938, "room7": 1.77966547, "room2": 1.414993525, "room10": 1.335906625, "room12": 2.568573952, "room9": 1.5494321580000001}, "spk15": {"room10": -0.434369534}, "spk28": {"room10": -0.71015662}, "spk24": {"room1": 1.566890001}, "spk12": {"room10": -0.371325344}, "spk8": {"room10": 0.96216327}, "spk17": {"room5": 1.60713768, "room0": 1.763209581}, "spk11": {"room3": 1.039347053, "room4": 2.8593940730000003, "room7": 1.7180794480000001, "room2": 1.5087008480000001, "room12": 3.05204916, "room9": 2.34163928}, "spk19": {"room4": -0.52570945, "room7": -0.8018054370000001, "room12": -1.2398886679999999}, "spk13": {"room4": 3.045612097, "room12": 2.689082146}, "spk31": {"room10": -1.3691449169999999}, "spk6": {"room10": -0.29255724}, "spk3": {"room3": 0.7266365290000001, "room5": 2.015287161, "room7": 1.029168248, "room0": 1.596283555, "room2": 0.864621401, "room9": 1.524725556}, "spk0": {"room3": 0.6939132809999999}, "spk20": {"room10": -0.6365236639999999}, "spk26": {"room2": 0.771956146}, "spk16": {"room3": 4.111062527, "room4": 3.127892971, "room7": 2.424690485, "room12": 3.127815247, "room9": 3.240777731}, "spk27": {"room5": 2.57374692, "room0": 2.411390305}, "spk25": {"room1": 3.5097444060000003}, "spk21": {"room3": 0.021588126000000003, "room4": 0.10043487699999999, "room2": 0.35080912700000005, "room12": 0.6619350310000001}, "spk30": {"room4": -0.48712515799999995, "room2": -1.935354948, "room12": -1.5025626419999998}, "spk4": {"room6": -0.503632843}, "spk14": {"room10": 1.031644225}, "spk7": {"room12": 2.72592473}, "spk1": {"room5": 0.131741241, "room0": 0.7429614659999999}}}