{"meta": {"speaker": "spk9", "room": "room11"}, "data": {"spk22": {"room0": 2.71765852}, "spk10": {"room4": 1.948643088, "room12": 1.5228499169999998}, "spk18": {"room5": -1.178237081, "room0": -1.025981784, "room2": -0.6686906220000001}, "spk29": {"room10": 1.221611023}, "spk5": {"room3": 0.113192998, "room5": -0.27663967, "room0": 1.150856256}, "spk9": {"room4": 4.892086506, "room7": 5.381186007999999, "room10": 4.095260143, "room12": 5.396904945, "room9": 5.150096893}, "spk2": {"room5": 0.967880368, "room0": 2.5363399980000003}, "spk23": {"room4": 2.424976826, "room7": 1.4017564059999998, "room2": 3.3001987930000003, "room10": 2.505003452, "room12": 2.611796856, "room9": 1.5749438999999998}, "spk15": {"room10": -0.735595942}, "spk28": {"room10": -0.918667734}, "spk24": {"room1": 1.1535280940000001}, "spk12": {"room10": -0.33557257100000004}, "spk8": {"room10": 0.7464067940000001}, "spk17": {"room5": 1.652118921, "room0": 1.2107738259999998}, "spk11": {"room3": -1.141450405, "room4": 1.712157845, "room7": -0.364422709, "room2": -0.557034314, "room12": 1.009063125, "room9": 0.070805758}, "spk19": {"room4": -1.4911921019999999, "room7": -1.21719873, "room12": -1.359175324}, "spk13": {"room4": 3.744381189, "room12": 2.191008806}, "spk31": {"room10": -0.973381519}, "spk6": {"room10": 1.256716013}, "spk3": {"room3": 0.781575382, "room5": 2.522565365, "room7": 0.5166583060000001, "room0": 1.582293987, "room2": 0.7880476120000001, "room9": 1.461205602}, "spk0": {"room3": 1.749975801}, "spk20": {"room10": -0.57423234}, "spk26": {"room2": 1.595363021}, "spk16": {"room3": 2.310649395, "room4": 1.757190108, "room7": 1.18639183, "room12": 1.579273224, "room9": 2.545988321}, "spk27": {"room5": 2.063127756, "room0": 1.631550789}, "spk25": {"room1": 1.142702341}, "spk21": {"room3": 1.04880023, "room4": 1.154843688, "room2": 0.918073475, "room12": 1.081535339}, "spk30": {"room4": -1.232536674, "room2": -2.397640944, "room12": -1.8075765369999999}, "spk4": {"room6": -0.797645748}, "spk14": {"room10": 2.934516668}, "spk7": {"room12": 1.352884889}, "spk1": {"room5": 1.211505055, "room0": 0.968753815}}}