{"meta": {"speaker": "spk9", "room": "room10"}, "data": {"spk22": {"room0": 1.5788412090000001}, "spk10": {"room4": 1.016510129, "room12": 0.35422906299999996}, "spk18": {"room5": -1.235728264, "room0": -1.1518284079999999, "room2": -0.792441666}, "spk29": {"room10": 1.469160557}, "spk5": {"room3": 0.997731507, "room5": 0.798582852, "room0": 0.063239865}, "spk9": {"room4": 4.707697392, "room7": 3.821725607, "room10": 6.746941566, "room12": 5.127565861, "room9": 5.044745445}, "spk2": {"room5": 1.4867361780000001, "room0": 1.5576806069999998}, "spk23": {"room4": 0.9707609420000001, "room7": 0.761757433, "room2": 0.565784514, "room10": 1.020726681, "room12": 1.274672031, "room9": 1.283789515}, "spk15": {"room10": -0.8123759629999999}, "spk28": {"room10": -0.99078387}, "spk24": {"room1": 1.296670079}, "spk12": {"room10": -1.0864853859999999}, "spk8": {"room10": 0.116005845}, "spk17": {"room5": 0.936370134, "room0": 1.494785905}, "spk11": {"room3": 1.094415188, "room4": 2.192989349, "room7": 1.956669569, "room2": 1.099163651, "room12": 2.010877609, "room9": 1.8175266980000002}, "spk19": {"room4": -1.14440918, "room7": -1.283077717, "room12": -1.200528026}, "spk13": {"room4": 1.578265667, "room12": 1.55302}, "spk31": {"room10": -1.365937948}, "spk6": {"room10": -0.7664774659999999}, "spk3": {"room3": 0.231375948, "room5": 1.140999198, "room7": 0.457059771, "room0": 0.346827626, "room2": 0.66482985, "room9": 0.42223841}, "spk0": {"room3": 0.689077735}, "spk20": {"room10": -0.798525989}, "spk26": {"room2": 0.9258854390000001}, "spk16": {"room3": 2.812076807, "room4": 1.4544304609999998, "room7": 1.260200024, "room12": 1.9040802719999999, "room9": 1.815151095}, "spk27": {"room5": 0.981903255, "room0": 1.551146984}, "spk25": {"room1": 1.393846989}, "spk21": {"room3": 0.7420983309999999, "room4": 0.48020392700000003, "room2": 0.38537308600000003, "room12": 0.7705125209999999}, "spk30": {"room4": -0.958245695, "room2": -1.65148437, "room12": -1.193668485}, "spk4": {"room6": -0.20049338}, "spk14": {"room10": 1.0320796970000001}, "spk7": {"room12": 1.94113183}, "spk1": {"room5": 0.697511315, "room0": 0.702802002}}}