{"meta": {"speaker": "spk9", "room": "room11"}, "data": {"spk22": {"room0": 1.9422694440000001}, "spk10": {"room4": 0.768000543, "room12": 0.085428521}, "spk18": {"room5": -1.000898123, "room0": -0.992465913, "room2": -0.896592081}, "spk29": {"room10": 1.9233361480000002}, "spk5": {"room3": 1.044527292, "room5": 0.271365017, "room0": 0.7744532820000001}, "spk9": {"room4": 5.268909454, "room7": 5.031851768, "room10": 4.868273735, "room12": 5.906200408999999, "room9": 5.704853057999999}, "spk2": {"room5": 0.10309067400000001, "room0": 1.197138548}, "spk23": {"room4": 2.365246296, "room7": 1.715327501, "room2": 2.874593258, "room10": 1.768782139, "room12": 1.831645608, "room9": 2.0436012740000002}, "spk15": {"room10": -0.844394028}, "spk28": {"room10": -0.5862468479999999}, "spk24": {"room1": 1.523162603}, "spk12": {"room10": -0.5943333510000001}, "spk8": {"room10": -0.230207562}, "spk17": {"room5": 0.63052088, "room0": 1.105001807}, "spk11": {"room3": 0.040441728999999996, "room4": 1.4446697240000002, "room7": 0.023851937, "room2": 0.873063087, "room12": 1.3668004269999998, "room9": 0.791908145}, "spk19": {"room4": -1.144648433, "room7": -1.184726, "room12": -1.3906683919999998}, "spk13": {"room4": 3.582621098, "room12": 2.97193408}, "spk31": {"room10": -0.848471284}, "spk6": {"room10": 0.41070598399999997}, "spk3": {"room3": 1.143160343, "room5": 1.7375192640000001, "room7": 0.458687246, "room0": 1.06620872, "room2": 1.5843783619999998, "room9": 1.088425636}, "spk0": {"room3": 1.514938951}, "spk20": {"room10": -0.331694514}, "spk26": {"room2": 2.873827219}, "spk16": {"room3": 2.78847146, "room4": 1.85585463, "room7": 1.359274387, "room12": 1.7525495290000002, "room9": 2.86347723}, "spk27": {"room5": 1.039445519, "room0": 0.698877931}, "spk25": {"room1": 1.627691031}, "spk21": {"room3": 1.2010143999999998, "room4": 1.757348537, "room2": 0.919717848, "room12": 0.659897983}, "spk30": {"room4": -0.445571631, "room2": -1.047470808, "room12": -0.908401012}, "spk4": {"room6": 0.21802555}, "spk14": {"room10": 1.953406692}, "spk7": {"room12": 0.16247195}, "spk1": {"room5": 0.39347255200000003, "room0": 0.870989621}}}