{"meta": {"speaker": "spk9", "room": "room11"}, "data": {"spk22": {"room0": 1.990817785}, "spk10": {"room4": 1.1633703709999998, "room12": 1.364817381}, "spk18": {"room5": -0.70050627, "room0": -0.713177145, "room2": -0.8068645000000001}, "spk29": {"room10": 1.290164948}, "spk5": {"room3": 0.9720311159999999, "room5": 0.35702037799999997, "room0": 1.448037267}, "spk9": {"room4": 4.525575638, "room7": 4.933935642, "room10": 4.3435239789999995, "room12": 4.494189738999999, "room9": 5.22202301}, "spk2": {"room5": 1.401756763, "room0": 1.880124092}, "spk23": {"room4": 1.870440125, "room7": 1.298345208, "room2": 1.932293534, "room10": 1.823625803, "room12": 1.559708834, "room9": 0.745958149}, "spk15": {"room10": -0.880480945}, "spk28": {"room10": -0.559921861}, "spk24": {"room1": 1.093039632}, "spk12": {"room10": -0.190991893}, "spk8": {"room10": 0.69069773}, "spk17": {"room5": 0.970503807, "room0": 1.067216158}, "spk11": {"room3": -0.248021021, "room4": 1.89542973, "room7": -0.204672143, "room2": 0.204430461, "room12": 1.565978408, "room9": 0.799573302}, "spk19": {"room4": -0.942467928, "room7": -0.6795057059999999, "room12": -1.186172605}, "spk13": {"room4": 3.111070395, "room12": 2.067987204}, "spk31": {"room10": -0.9363774659999999}, "spk6": {"room10": 0.34190580200000004}, "spk3": {"room3": 0.848964095, "room5": 1.7795565130000002, "room7": 1.96077919, "room0": 1.9272079469999999, "room2": 1.4701358080000002, "room9": 2.141319752}, "spk0": {"room3": 0.250243455}, "spk20": {"room10": -0.299639046}, "spk26": {"room2": 0.22303737699999998}, "spk16": {"room3": 2.641919851, "room4": 2.096756935, "room7": 1.900607586, "room12": 2.458672762, "room9": 3.241286039}, "spk27": {"room5": 2.26714325, "room0": 1.70968473}, "spk25": {"room1": 1.8410280940000001}, "spk21": {"room3": 0.668574274, "room4": 0.16077745, "room2": 0.575748444, "room12": 0.5076287979999999}, "spk30": {"room4": -0.9922356609999999, "room2": -1.7453125719999998, "room12": -1.014171958}, "spk4": {"room6": -0.541901767}, "spk14": {"room10": 2.1783056259999998}, "spk7": {"room12": 1.1169457440000001}, "spk1": {"room5": 0.49703392399999996, "room0": 0.57969743}}}