{"meta": {"speaker": "spk9", "room": "room11"}, "data": {"spk22": {"room0": 1.454751015}, "spk10": {"room4": 0.835478425, "room12": 1.6418565509999998}, "spk18": {"room5": -1.396504283, "room0": -1.0753180979999999, "room2": -0.80279249}, "spk29": {"room10": 0.660256207}, "spk5": {"room3": 0.514180183, "room5": -0.29518953, "room0": 0.9867749809999999}, "spk9": {"room4": 3.993838072, "room7": 4.555697918, "room10": 4.591515541000001, "room12": 4.963286877, "room9": 5.051470757}, "spk2": {"room5": 0.876423597, "room0": 1.744941831}, "spk23": {"room4": 1.342018723, "room7": 1.035852313, "room2": 2.899101496, "room10": 2.6117606159999998, "room12": 2.075606346, "room9": 1.603282452}, "spk15": {"room10": -1.0594033}, "spk28": {"room10": -0.39142584799999997}, "spk24": {"room1": 1.086701989}, "spk12": {"room10": -0.52453661}, "spk8": {"room10": 1.232395887}, "spk17": {"room5": 1.53054738, "room0": 1.592724681}, "spk11": {"room3": -0.763202965, "room4": 1.4925746919999998, "room7": -0.881510735, "room2": -0.563324034, "room12": 0.884260237, "room9": -0.085255235}, "spk19": {"room4": -1.4076629880000002, "room7": -1.017121911, "room12": -1.3556188340000002}, "spk13": {"room4": 3.636014938, "room12": 3.096018791}, "spk31": {"room10": -1.437592983}, "spk6": {"room10": -0.047016416}, "spk3": {"room3": 0.182456449, "room5": 1.642823935, "room7": 0.059513927, "room0": 1.452478766, "room2": 0.750632703, "room9": 1.45103991}, "spk0": {"room3": 1.214654446}, "spk20": {"room10": -0.576216221}, "spk26": {"room2": 0.7722361090000001}, "spk16": {"room3": 1.677063704, "room4": 0.9289699790000001, "room7": 0.975659728, "room12": 0.514969766, "room9": 2.130610466}, "spk27": {"room5": 2.286013365, "room0": 0.884510875}, "spk25": {"room1": 0.547576785}, "spk21": {"room3": 2.528322935, "room4": 0.70511955, "room2": 1.223854542, "room12": 1.356514812}, "spk30": {"room4": -1.676925063, "room2": -2.624547005, "room12": -1.165464759}, "spk4": {"room6": -0.42745131299999994}, "spk14": {"room10": 2.11140275}, "spk7": {"room12": 0.9096791740000001}, "spk1": {"room5": 1.469193697, "room0": 1.316510439}}}