{"meta": {"speaker": "spk9", "room": "room13"}, "data": {"spk22": {"room0": 2.7760756019999997}, "spk10": {"room4": 0.7185803059999999, "room12": 0.5427821279999999}, "spk18": {"room5": -0.8670182820000001, "room0": -0.954578459, "room2": -0.6459428070000001}, "spk29": {"room10": 2.421025515}, "spk5": {"room3": 1.818698049, "room5": 1.192764521, "room0": 1.476376057}, "spk9": {"room4": 3.333725452, "room7": 4.756814003, "room10": 3.901884079, "room12": 4.369215965, "room9": 3.62001586}, "spk2": {"room5": 0.7733050579999999, "room0": 1.147810102}, "spk23": {"room4": 1.719079852, "room7": 1.6513721940000001, "room2": 2.449164867, "room10": 2.234711409, "room12": 1.8877098559999999, "room9": 1.331687212}, "spk15": {"room10": -1.0119740959999999}, "spk28": {"room10": -0.711238921}, "spk24": {"room1": 1.750517249}, "spk12": {"room10": -0.09122695}, "spk8": {"room10": 0.12732954300000002}, "spk17": {"room5": 1.7535107140000001, "room0": 1.265040636}, "spk11": {"room3": 0.39235815399999996, "room4": 1.1787620779999999, "room7": -0.15460231900000002, "room2": 0.7010096309999999, "room12": 0.9734361770000001, "room9": 0.972038507}, "spk19": {"room4": -0.850705862, "room7": -0.904045105, "room12": -0.846509933}, "spk13": {"room4": 2.374661922, "room12": 1.831546664}, "spk31": {"room10": -0.772939563}, "spk6": {"room10": 0.24263668100000002}, "spk3": {"room3": 1.067162395, "room5": 1.578370333, "room7": 1.056476116, "room0": 1.248233318, "room2": 1.4036406280000002, "room9": 1.8048529619999998}, "spk0": {"room3": 0.9558362359999999}, "spk20": {"room10": 0.155688629}, "spk26": {"room2": 1.267228603}, "spk16": {"room3": 2.192615032, "room4": 1.8224810359999999, "room7": 1.557715774, "room12": 1.592247605, "room9": 2.542681456}, "spk27": {"room5": 2.055906057, "room0": 1.799090981}, "spk25": {"room1": 1.071001887}, "spk21": {"room3": 1.255064487, "room4": 0.7768569590000001, "room2": 0.759061694, "room12": 0.291880548}, "spk30": {"room4": -0.40325114100000004, "room2": -0.957790852, "room12": -0.691823781}, "spk4": {"room6": 0.573199928}, "spk14": {"room10": 1.796781898}, "spk7": {"room12": 1.215153337}, "spk1": {"room5": 0.236694291, "room0": 0.23774448}}}