{"meta": {"speaker": "spk9", "room": "room11"}, "data": {"spk22": {"room0": 3.045955896}, "spk10": {"room4": 0.838521183, "room12": 0.615036964}, "spk18": {"room5": -1.274847865, "room0": -1.60548079, "room2": -1.003336072}, "spk29": {"room10": 0.6413806679999999}, "spk5": {"room3": -0.66301626, "room5": -0.47322312, "room0": 0.444072515}, "spk9": {"room4": 5.110620975, "room7": 4.713190078999999, "room10": 3.599979401, "room12": 5.493127822999999, "room9": 5.952306271}, "spk2": {"room5": -0.168435931, "room0": 1.124483466}, "spk23": {"room4": 1.2767378090000001, "room7": 1.2841067309999998, "room2": 3.00571537, "room10": 0.705811203, "room12": 0.9499101640000001, "room9": 1.7308422330000002}, "spk15": {"room10": -1.611392975}, "spk28": {"room10": -0.727739155}, "spk24": {"room1": 0.20998761100000002}, "spk12": {"room10": -0.607657254}, "spk8": {"room10": 0.145102337}, "spk17": {"room5": 0.46543812799999995, "room0": 1.102049232}, "spk11": {"room3": 0.467541218, "room4": 2.596225739, "room7": 0.501192987, "room2": 1.25990057, "room12": 2.356271029, "room9": 0.828760803}, "spk19": {"room4": -1.42422533, "room7": -1.37909174, "room12": -1.897564292}, "spk13": {"room4": 3.8146772380000002, "room12": 2.694290161}, "spk31": {"room10": -1.7117652890000001}, "spk6": {"room10": -0.21480490300000002}, "spk3": {"room3": 0.8129043579999999, "room5": 1.8779782059999999, "room7": 0.459242225, "room0": 0.778376162, "room2": 0.8396738770000001, "room9": 0.764494956}, "spk0": {"room3": 0.67198807}, "spk20": {"room10": -1.034963369}, "spk26": {"room2": 0.955218256}, "spk16": {"room3": 2.9232418539999996, "room4": 2.3826320169999997, "room7": 3.675766468, "room12": 3.1308660510000004, "room9": 3.026850462}, "spk27": {"room5": 2.072379827, "room0": 2.7016599180000003}, "spk25": {"room1": 1.056068778}, "spk21": {"room3": 1.121273875, "room4": 0.609965026, "room2": 1.2001544240000002, "room12": 1.398736477}, "spk30": {"room4": -1.113841772, "room2": -2.266578197, "room12": -1.768469095}, "spk4": {"room6": -1.134841204}, "spk14": {"room10": 3.2740635869999997}, "spk7": {"room12": 0.163209632}, "spk1": {"room5": 0.7579265829999999, "room0": 1.089083791}}}