{"meta": {"speaker": "spk9", "room": "room13"}, "data": {"spk22": {"room0": 1.126942873}, "spk10": {"room4": 0.8819585440000001, "room12": 0.406604171}, "spk18": {"room5": -0.427579761, "room0": -0.32072493399999996, "room2": 0.08271569}, "spk29": {"room10": 1.863180637}, "spk5": {"room3": 2.446371555, "room5": 1.696732879, "room0": 1.5496808290000001}, "spk9": {"room4": 3.03264308, "room7": 5.06167984, "room10": 3.791335583, "room12": 4.463974476000001, "room9": 3.412716389}, "spk2": {"room5": 1.4338548180000001, "room0": 1.2844908240000001}, "spk23": {"room4": 2.183133602, "room7": 2.353615284, "room2": 2.305185556, "room10": 2.7482397560000003, "room12": 2.541627884, "room9": 1.517956495}, "spk15": {"room10": 0.108645923}, "spk28": {"room10": -0.045383442}, "spk24": {"room1": 2.479799747}, "spk12": {"room10": 0.413359404}, "spk8": {"room10": 0.720905185}, "spk17": {"room5": 1.16555512, "room0": 1.015671611}, "spk11": {"room3": 0.528916359, "room4": 1.036947012, "room7": -0.5227411989999999, "room2": 0.218937963, "room12": 0.458772212, "room9": 0.417120606}, "spk19": {"room4": -0.545238554, "room7": -0.5534737710000001, "room12": -0.628038704}, "spk13": {"room4": 1.719778061, "room12": 1.230188847}, "spk31": {"room10": -0.277293652}, "spk6": {"room10": -0.147176445}, "spk3": {"room3": 1.32228303, "room5": 1.6205935480000002, "room7": 0.936563969, "room0": 1.574779034, "room2": 1.467940807, "room9": 1.993757129}, "spk0": {"room3": 0.998590946}, "spk20": {"room10": 0.240278617}, "spk26": {"room2": 1.284681439}, "spk16": {"room3": 1.7196317909999999, "room4": 1.359801054, "room7": 0.73560822, "room12": 0.616940916, "room9": 2.519649982}, "spk27": {"room5": 1.55726409, "room0": 0.602053463}, "spk25": {"room1": 1.679149032}, "spk21": {"room3": 0.973993421, "room4": 0.7985883359999999, "room2": 0.863922298, "room12": 0.369459152}, "spk30": {"room4": -0.5939219, "room2": -0.8322964909999999, "room12": -0.314826488}, "spk4": {"room6": 0.810138702}, "spk14": {"room10": 0.7189639809999999}, "spk7": {"room12": 1.892796636}, "spk1": {"room5": 0.139901981, "room0": 0.24079091800000002}}}