{"meta": {"speaker": "spk9", "room": "room11"}, "data": {"spk22": {"room0": 2.599979639}, "spk10": {"room4": 0.575183094, "room12": 0.151515484}, "spk18": {"room5": -1.406200051, "room0": -1.278715968, "room2": -1.246438861}, "spk29": {"room10": 1.499494195}, "spk5": {"room3": 0.8497163059999999, "room5": 0.756147325, "room0": 0.9679624440000001}, "spk9": {"room4": 5.028969288, "room7": 5.437476158, "room10": 5.596804618999999, "room12": 6.266859531000001, "room9": 5.713840485}, "spk2": {"room5": 1.905665278, "room0": 1.059142351}, "spk23": {"room4": 1.677790284, "room7": 1.835732818, "room2": 1.814935565, "room10": 2.199641943, "room12": 2.078096151, "room9": 1.6994920969999998}, "spk15": {"room10": -1.030247808}, "spk28": {"room10": -0.629595101}, "spk24": {"room1": 0.576394558}, "spk12": {"room10": -1.190207601}, "spk8": {"room10": 1.129789591}, "spk17": {"room5": 1.210530281, "room0": 2.118607044}, "spk11": {"room3": 0.19818908, "room4": 2.49151659, "room7": 0.874680758, "room2": 0.789983332, "room12": 2.286404371, "room9": 1.368117571}, "spk19": {"room4": -1.007063031, "room7": -0.829809606, "room12": -1.441055775}, "spk13": {"room4": 2.628969669, "room12": 1.912425756}, "spk31": {"room10": -1.567225575}, "spk6": {"room10": -0.769151151}, "spk3": {"room3": 0.709114254, "room5": 1.621501088, "room7": 0.148608193, "room0": 1.056723833, "room2": 0.778452873, "room9": 1.010382295}, "spk0": {"room3": -0.068514764}, "spk20": {"room10": -0.409515232}, "spk26": {"room2": 0.336845011}, "spk16": {"room3": 1.7650487419999998, "room4": 1.59290278, "room7": 1.901264429, "room12": 2.513151407, "room9": 3.474948406}, "spk27": {"room5": 2.314275742, "room0": 2.113753796}, "spk25": {"room1": 0.9748123879999999}, "spk21": {"room3": 1.051721215, "room4": 0.5893239379999999, "room2": 0.839040637, "room12": 0.892853022}, "spk30": {"room4": -0.907617867, "room2": -1.9309802059999999, "room12": -1.023471117}, "spk4": {"room6": -0.43683317299999996}, "spk14": {"room10": 1.017272592}, "spk7": {"room12": 0.553617179}, "spk1": {"room5": 0.7936971190000001, "room0": 0.467122495}}}