{"meta": {"speaker": "spk9", "room": "room11"}, "data": {"spk22": {"room0": 2.326473236}, "spk10": {"room4": 0.826972425, "room12": 0.411352724}, "spk18": {"room5": -1.264525294, "room0": -1.556591153, "room2": -1.072142601}, "spk29": {"room10": 1.497907519}, "spk5": {"room3": 1.14727366, "room5": 1.159474373, "room0": 1.0299550290000001}, "spk9": {"room4": 4.7369971280000005, "room7": 5.22136879, "room10": 4.747374058, "room12": 6.009674072, "room9": 5.2864108089999995}, "spk2": {"room5": 1.931045651, "room0": 1.139813304}, "spk23": {"room4": 1.320664287, "room7": 1.960012436, "room2": 1.802783012, "room10": 2.011336565, "room12": 2.249261141, "room9": 1.5686063769999998}, "spk15": {"room10": -0.7539734840000001}, "spk28": {"room10": -0.550284684}, "spk24": {"room1": 1.4453567269999998}, "spk12": {"room10": -1.214120626}, "spk8": {"room10": 0.766448081}, "spk17": {"room5": 0.9256535770000001, "room0": 1.5967942480000001}, "spk11": {"room3": -0.396841526, "room4": 1.66142416, "room7": 0.279320031, "room2": -0.03076853, "room12": 1.6159373519999998, "room9": 0.705140173}, "spk19": {"room4": -0.949949265, "room7": -0.6902059909999999, "room12": -1.20600307}, "spk13": {"room4": 2.199006319, "room12": 0.989020765}, "spk31": {"room10": -1.398156166}, "spk6": {"room10": -0.792522609}, "spk3": {"room3": 1.442873716, "room5": 1.655817628, "room7": 0.92706269, "room0": 1.749513149, "room2": 0.9394269590000001, "room9": 1.4030307530000001}, "spk0": {"room3": 0.24899168300000002}, "spk20": {"room10": -0.497992396}, "spk26": {"room2": 0.15019311}, "spk16": {"room3": 2.048110247, "room4": 1.192420602, "room7": 2.329765558, "room12": 2.398367405, "room9": 3.580737591}, "spk27": {"room5": 2.349035025, "room0": 1.939696431}, "spk25": {"room1": 1.003929138}, "spk21": {"room3": 1.352846622, "room4": 0.575323105, "room2": 0.948241234, "room12": 1.111618161}, "spk30": {"room4": -0.767581105, "room2": -1.7237675190000001, "room12": -0.886906505}, "spk4": {"room6": 0.155603439}, "spk14": {"room10": 0.135149747}, "spk7": {"room12": 0.677576602}, "spk1": {"room5": 1.4037568569999999, "room0": 0.80357492}}}