{"meta": {"speaker": "spk9", "room": "room11"}, "data": {"spk22": {"room0": 1.8786375519999998}, "spk10": {"room4": 1.4936041830000002, "room12": 1.7169041630000001}, "spk18": {"room5": -1.52804637, "room0": -1.164358497, "room2": -0.754512966}, "spk29": {"room10": 0.622640491}, "spk5": {"room3": 0.67290628, "room5": 0.682581007, "room0": 1.8241641519999998}, "spk9": {"room4": 4.305696487, "room7": 5.117444515, "room10": 3.830977678, "room12": 5.207999706, "room9": 6.428496837999999}, "spk2": {"room5": 1.623205185, "room0": 2.8464598660000004}, "spk23": {"room4": 2.075339079, "room7": 1.455501556, "room2": 3.2159159180000003, "room10": 2.2733640669999997, "room12": 2.317041874, "room9": 0.998329818}, "spk15": {"room10": -0.83092773}, "spk28": {"room10": -0.793187201}, "spk24": {"room1": 0.693810642}, "spk12": {"room10": -0.6525324579999999}, "spk8": {"room10": 1.129630208}, "spk17": {"room5": 0.9253665209999999, "room0": 1.511990547}, "spk11": {"room3": -0.747991025, "room4": 0.551988304, "room7": -0.418544322, "room2": -0.230187595, "room12": 0.979638755, "room9": -0.69625169}, "spk19": {"room4": -1.349906206, "room7": -1.033866048, "room12": -1.4350693230000002}, "spk13": {"room4": 3.7852478030000003, "room12": 3.8860597610000003}, "spk31": {"room10": -1.259628773}, "spk6": {"room10": 0.847132146}, "spk3": {"room3": 0.420428872, "room5": 1.043556929, "room7": -0.061959572000000004, "room0": 1.34894681, "room2": -0.283551633, "room9": 1.290369034}, "spk0": {"room3": 1.669251561}, "spk20": {"room10": -0.7396243809999999}, "spk26": {"room2": 0.610660613}, "spk16": {"room3": 2.43369627, "room4": 3.375892878, "room7": 1.932456613, "room12": 2.117928267, "room9": 3.9624965189999997}, "spk27": {"room5": 1.8636071680000001, "room0": 2.193910599}, "spk25": {"room1": 1.869220018}, "spk21": {"room3": 1.7343384030000002, "room4": 0.93217814, "room2": 1.106009722, "room12": 2.574920177}, "spk30": {"room4": -1.3011323209999999, "room2": -2.290515184, "room12": -1.516174555}, "spk4": {"room6": -0.242565632}, "spk14": {"room10": 2.582560301}, "spk7": {"room12": 2.0181005}, "spk1": {"room5": 0.489010751, "room0": 0.532533884}}}