{"meta": {"speaker": "spk9", "room": "room13"}, "data": {"spk22": {"room0": 2.3259534840000002}, "spk10": {"room4": 0.506303191, "room12": -0.096736468}, "spk18": {"room5": -1.069253445, "room0": -0.8802262540000001, "room2": -0.9727076290000001}, "spk29": {"room10": 1.9793301819999998}, "spk5": {"room3": 1.368495345, "room5": 1.187037706, "room0": 0.9101266859999999}, "spk9": {"room4": 4.170222759, "room7": 4.146921635, "room10": 3.830556154, "room12": 4.607954025, "room9": 4.321865559}, "spk2": {"room5": 1.5349476340000001, "room0": 1.142705083}, "spk23": {"room4": 2.011340857, "room7": 1.6586965319999998, "room2": 1.790281415, "room10": 1.7285476919999998, "room12": 2.02880168, "room9": 1.544378877}, "spk15": {"room10": -0.618792772}, "spk28": {"room10": -0.595223904}, "spk24": {"room1": 1.031532049}, "spk12": {"room10": -0.38751035899999997}, "spk8": {"room10": 0.352245808}, "spk17": {"room5": 0.46449276799999994, "room0": 1.3956652880000002}, "spk11": {"room3": 0.8790838120000001, "room4": 1.371080041, "room7": 0.36691939799999995, "room2": 1.403288841, "room12": 1.189587116, "room9": 1.01367259}, "spk19": {"room4": -0.839699447, "room7": -0.796011567, "room12": -1.2700844999999998}, "spk13": {"room4": 1.940121651, "room12": 1.52607584}, "spk31": {"room10": -1.139333367}, "spk6": {"room10": -0.28641059999999996}, "spk3": {"room3": 0.7760282159999999, "room5": 1.195513368, "room7": 1.248267889, "room0": 1.157990813, "room2": 1.245773196, "room9": 1.338870287}, "spk0": {"room3": 0.039100859}, "spk20": {"room10": -0.37439692}, "spk26": {"room2": 0.903360844}, "spk16": {"room3": 2.673468113, "room4": 2.1512508390000002, "room7": 1.84788239, "room12": 1.847895026, "room9": 3.339147091}, "spk27": {"room5": 1.49171865, "room0": 1.600495934}, "spk25": {"room1": 1.3961439130000002}, "spk21": {"room3": 1.091569781, "room4": 0.594678581, "room2": 0.562085807, "room12": 0.40367144299999996}, "spk30": {"room4": -0.362618327, "room2": -1.2199360129999999, "room12": -0.82876265}, "spk4": {"room6": 0.35828387700000003}, "spk14": {"room10": 0.797335505}, "spk7": {"room12": 0.75916177}, "spk1": {"room5": 0.500842035, "room0": 0.8129513859999999}}}