{"meta": {"speaker": "spk9", "room": "room11"}, "data": {"spk22": {"room0": 2.347143173}, "spk10": {"room4": 1.4577701090000001, "room12": 1.081018686}, "spk18": {"room5": -1.5404257769999998, "room0": -1.318341851, "room2": -1.155997634}, "spk29": {"room10": 1.152409077}, "spk5": {"room3": 1.037900686, "room5": 0.402784199, "room0": 2.112964392}, "spk9": {"room4": 4.528007507, "room7": 5.384492873999999, "room10": 3.4558115010000003, "room12": 4.766498566, "room9": 4.650362492}, "spk2": {"room5": 0.349999845, "room0": 1.6896991730000002}, "spk23": {"room4": 2.129538059, "room7": 1.319132924, "room2": 3.852027178, "room10": 2.323385715, "room12": 1.803105116, "room9": 1.3564740419999999}, "spk15": {"room10": -0.896468461}, "spk28": {"room10": -0.845878482}, "spk24": {"room1": 0.538043559}, "spk12": {"room10": -0.47368156899999997}, "spk8": {"room10": 1.275782347}, "spk17": {"room5": 1.24819386, "room0": 1.173814416}, "spk11": {"room3": -0.63993156, "room4": 1.473489523, "room7": -1.241189718, "room2": -0.62204951, "room12": 0.928733528, "room9": -0.15211717800000002}, "spk19": {"room4": -1.338298917, "room7": -1.2703394890000002, "room12": -1.4908610580000001}, "spk13": {"room4": 3.931233406, "room12": 2.765389442}, "spk31": {"room10": -1.540061831}, "spk6": {"room10": 0.6136373279999999}, "spk3": {"room3": 0.779207885, "room5": 1.4091756340000001, "room7": -0.5376450420000001, "room0": 1.275456548, "room2": 0.584769666, "room9": 1.102814555}, "spk0": {"room3": 1.157871366}, "spk20": {"room10": -0.960090935}, "spk26": {"room2": 1.019894361}, "spk16": {"room3": 1.775412917, "room4": 1.57150054, "room7": 1.6857645509999999, "room12": 2.015316486, "room9": 2.499864101}, "spk27": {"room5": 2.587033749, "room0": 1.4512196780000002}, "spk25": {"room1": 1.7499626869999998}, "spk21": {"room3": 1.600541353, "room4": 0.9564253690000001, "room2": 0.926580489, "room12": 1.24357307}, "spk30": {"room4": -1.258077025, "room2": -2.38258481, "room12": -1.4739508630000002}, "spk4": {"room6": -0.23297686899999998}, "spk14": {"room10": 1.43677175}, "spk7": {"room12": 0.481173754}, "spk1": {"room5": 0.788219571, "room0": 0.718835235}}}