{"meta": {"speaker": "spk9", "room": "room13"}, "data": {"spk22": {"room0": 2.63925004}, "spk10": {"room4": 0.522266924, "room12": 0.953945875}, "spk18": {"room5": -1.020085216, "room0": -1.100434065, "room2": -0.990160942}, "spk29": {"room10": 3.09049201}, "spk5": {"room3": 1.90418148, "room5": 1.685116768, "room0": 1.782349586}, "spk9": {"room4": 4.668921471, "room7": 5.187348366, "room10": 3.274672985, "room12": 5.246228218, "room9": 4.53323555}, "spk2": {"room5": 2.23075366, "room0": 1.268235207}, "spk23": {"room4": 1.97151649, "room7": 2.53202486, "room2": 2.970442533, "room10": 2.905210733, "room12": 2.647451401, "room9": 2.273989916}, "spk15": {"room10": -0.36716160200000003}, "spk28": {"room10": -0.427837312}, "spk24": {"room1": 1.99659133}, "spk12": {"room10": -0.34392631100000004}, "spk8": {"room10": 0.528597891}, "spk17": {"room5": 1.724077225, "room0": 1.893773556}, "spk11": {"room3": 0.042242277, "room4": 0.8346202970000001, "room7": -0.361588687, "room2": 1.0579574109999998, "room12": 0.45289847299999997, "room9": 0.330892533}, "spk19": {"room4": -0.8492114540000001, "room7": -0.520863354, "room12": -0.9044540520000001}, "spk13": {"room4": 2.127154827, "room12": 2.313098907}, "spk31": {"room10": -0.7914627190000001}, "spk6": {"room10": -0.47266858799999995}, "spk3": {"room3": 1.0101484059999999, "room5": 0.478326708, "room7": 1.228876829, "room0": 1.507776618, "room2": 1.080090165, "room9": 1.925116658}, "spk0": {"room3": 0.577746689}, "spk20": {"room10": 0.271684378}, "spk26": {"room2": 1.378520727}, "spk16": {"room3": 1.9438694719999998, "room4": 1.2169367070000001, "room7": 1.441123724, "room12": 1.9142755269999998, "room9": 2.813950539}, "spk27": {"room5": 2.558115482, "room0": 1.6711198090000001}, "spk25": {"room1": 1.997643471}, "spk21": {"room3": 2.065535784, "room4": 0.936726391, "room2": 1.25383091, "room12": 0.507832408}, "spk30": {"room4": -0.14905563, "room2": -1.0558183190000001, "room12": -0.412103802}, "spk4": {"room6": 0.964455783}, "spk14": {"room10": 0.77417177}, "spk7": {"room12": 1.464870691}, "spk1": {"room5": 0.47557199, "room0": 0.214423835}}}