{"meta": {"speaker": "spk9", "room": "room11"}, "data": {"spk22": {"room0": 3.2786383630000002}, "spk10": {"room4": 0.8064386840000001, "room12": 0.9912948009999999}, "spk18": {"room5": -1.044762969, "room0": -0.857630372, "room2": -1.0072523359999999}, "spk29": {"room10": 1.6277341840000001}, "spk5": {"room3": 1.550107598, "room5": 0.6741969590000001, "room0": 2.0644664759999998}, "spk9": {"room4": 3.694260359, "room7": 5.292289257, "room10": 3.3229322430000003, "room12": 5.44592905, "room9": 4.58961916}, "spk2": {"room5": 1.425244451, "room0": 1.180242419}, "spk23": {"room4": 1.843828559, "room7": 1.8498735430000002, "room2": 2.5360531809999998, "room10": 2.6848180289999997, "room12": 2.434190512, "room9": 1.874822855}, "spk15": {"room10": -1.23458004}, "spk28": {"room10": -0.861888111}, "spk24": {"room1": 1.272244334}, "spk12": {"room10": -0.649478972}, "spk8": {"room10": 0.808645189}, "spk17": {"room5": 1.4651457069999998, "room0": 1.7544184919999999}, "spk11": {"room3": 0.599699557, "room4": 1.734292865, "room7": 0.240460888, "room2": 0.681452215, "room12": 1.838376045, "room9": 1.4893743990000001}, "spk19": {"room4": -0.8633946779999999, "room7": -0.679113388, "room12": -1.165425062}, "spk13": {"room4": 2.706411362, "room12": 1.638786674}, "spk31": {"room10": -1.242009521}, "spk6": {"room10": -0.071808428}, "spk3": {"room3": 0.8525627259999999, "room5": 1.8106051680000002, "room7": 0.7697639470000001, "room0": 1.5984247919999999, "room2": 1.2130492929999999, "room9": 2.088517189}, "spk0": {"room3": 0.530114949}, "spk20": {"room10": -0.39248898600000004}, "spk26": {"room2": 0.839914203}, "spk16": {"room3": 1.4444994930000001, "room4": 0.75730288, "room7": 2.19562912, "room12": 1.574804783, "room9": 1.995676398}, "spk27": {"room5": 2.209584951, "room0": 1.580733657}, "spk25": {"room1": 1.0852924590000002}, "spk21": {"room3": 2.28420043, "room4": 1.1531655790000002, "room2": 1.7883936169999999, "room12": 1.080296993}, "spk30": {"room4": -0.6008134479999999, "room2": -2.046690941, "room12": -0.66885972}, "spk4": {"room6": 0.301832289}, "spk14": {"room10": 1.397539377}, "spk7": {"room12": 0.288542092}, "spk1": {"room5": 0.575303495, "room0": 0.6243397589999999}}}