{"meta": {"speaker": "spk9", "room": "room7"}, "data": {"spk22": {"room0": 2.170294046}, "spk10": {"room4": 1.530076623, "room12": -0.061857786}, "spk18": {"room5": -1.3502691980000001, "room0": -1.2818591590000001, "room2": -0.929535508}, "spk29": {"room10": 2.118438005}, "spk5": {"room3": 1.079799414, "room5": 1.456496, "room0": 0.422171116}, "spk9": {"room4": 5.428277016, "room7": 5.494224547999999, "room10": 4.899310589, "room12": 5.96151495, "room9": 5.418921947}, "spk2": {"room5": 1.642906785, "room0": 1.2957892420000001}, "spk23": {"room4": 1.7197929619999999, "room7": 2.011282921, "room2": 1.0202366109999998, "room10": 1.200597525, "room12": 1.778262258, "room9": 1.9752792119999998}, "spk15": {"room10": -0.532643378}, "spk28": {"room10": -1.178799272}, "spk24": {"room1": 0.753330827}, "spk12": {"room10": -0.744095683}, "spk8": {"room10": 0.493427843}, "spk17": {"room5": 1.213748097, "room0": 1.8750034569999998}, "spk11": {"room3": 1.830756187, "room4": 2.499477386, "room7": 2.0188982490000003, "room2": 2.074507713, "room12": 2.4798963069999997, "room9": 1.568426609}, "spk19": {"room4": -1.2344230409999999, "room7": -1.296760678, "room12": -1.5987156630000001}, "spk13": {"room4": 2.416055202, "room12": 1.657194853}, "spk31": {"room10": -1.4716058969999999}, "spk6": {"room10": -0.797252297}, "spk3": {"room3": 1.1925035720000001, "room5": 0.932174802, "room7": 0.9382427329999999, "room0": 1.48162663, "room2": 1.316515088, "room9": 1.513935685}, "spk0": {"room3": 0.968470693}, "spk20": {"room10": -0.71768564}, "spk26": {"room2": 0.826303303}, "spk16": {"room3": 3.722468138, "room4": 2.473190308, "room7": 1.712364316, "room12": 1.953396797, "room9": 2.72631216}, "spk27": {"room5": 1.56902349, "room0": 1.500795603}, "spk25": {"room1": 1.5910440680000002}, "spk21": {"room3": 0.5796608329999999, "room4": 0.39396864200000004, "room2": 0.31376910199999997, "room12": 0.474975049}, "spk30": {"room4": -0.88262409, "room2": -1.506496906, "room12": -1.51636374}, "spk4": {"room6": 0.080879517}, "spk14": {"room10": 0.125851959}, "spk7": {"room12": 1.9070026869999999}, "spk1": {"room5": 0.934044063, "room0": 0.982463717}}}