{"meta": {"speaker": "spk9", "room": "room9"}, "data": {"spk22": {"room0": 3.293086052}, "spk10": {"room4": 1.24817431, "room12": 0.826292157}, "spk18": {"room5": -1.268888354, "room0": -1.403031111, "room2": -1.07426846}, "spk29": {"room10": 2.471915245}, "spk5": {"room3": 0.984622419, "room5": 0.896226764, "room0": 0.53069371}, "spk9": {"room4": 8.926136971, "room7": 7.522480487999999, "room10": 6.788929939, "room12": 8.755225182, "room9": 9.169485092}, "spk2": {"room5": 1.843944192, "room0": 2.140645742}, "spk23": {"room4": 1.7646701340000002, "room7": 1.466747165, "room2": 1.64164114, "room10": 1.282426238, "room12": 2.013007402, "room9": 1.3464465140000001}, "spk15": {"room10": -0.395927131}, "spk28": {"room10": -0.717275023}, "spk24": {"room1": 0.39718467}, "spk12": {"room10": -0.585168302}, "spk8": {"room10": 0.8586564059999999}, "spk17": {"room5": 1.639843345, "room0": 2.057152987}, "spk11": {"room3": 1.845634222, "room4": 4.6737833019999995, "room7": 3.89505291, "room2": 2.80319643, "room12": 5.067709923, "room9": 3.912560463}, "spk19": {"room4": -0.860565245, "room7": -1.077121735, "room12": -1.286994576}, "spk13": {"room4": 2.8891205789999996, "room12": 2.112114906}, "spk31": {"room10": -0.8340193029999999}, "spk6": {"room10": -0.627227664}, "spk3": {"room3": 1.266592264, "room5": 1.289270043, "room7": 1.066002607, "room0": 2.187559366, "room2": 1.107291698, "room9": 1.99776423}, "spk0": {"room3": 1.227062702}, "spk20": {"room10": -0.29468694300000003}, "spk26": {"room2": -0.16391260900000001}, "spk16": {"room3": 3.963331223, "room4": 3.683818102, "room7": 3.2413871289999996, "room12": 4.247004509, "room9": 4.320142746}, "spk27": {"room5": 2.642608166, "room0": 3.3463640210000003}, "spk25": {"room1": 2.3251774309999997}, "spk21": {"room3": 0.489079714, "room4": -0.218782246, "room2": 0.22451818, "room12": 0.164466888}, "spk30": {"room4": -0.72590661, "room2": -1.664223194, "room12": -1.073545456}, "spk4": {"room6": 0.543585956}, "spk14": {"room10": 1.165553212}, "spk7": {"room12": 1.9110424519999998}, "spk1": {"room5": 0.5982111689999999, "room0": 0.442626089}}}