{"meta": {"speaker": "spk9", "room": "room13"}, "data": {"spk22": {"room0": 0.612641871}, "spk10": {"room4": 0.8215771909999999, "room12": 0.40367245700000004}, "spk18": {"room5": -1.664493918, "room0": -1.576711059, "room2": -1.5371458530000002}, "spk29": {"room10": 1.351601124}, "spk5": {"room3": 1.4131098990000002, "room5": 0.53044343, "room0": 0.061117097999999995}, "spk9": {"room4": -0.156317383, "room7": 0.351234883, "room10": 0.675161958, "room12": 0.7388862970000001, "room9": 0.171359211}, "spk2": {"room5": 2.117909908, "room0": 1.0022220609999999}, "spk23": {"room4": 1.411544085, "room7": 2.247012138, "room2": 2.1364357469999997, "room10": 2.79336834, "room12": 1.8219431640000001, "room9": 1.662503123}, "spk15": {"room10": -0.062534489}, "spk28": {"room10": -1.280023217}, "spk24": {"room1": -0.188097015}, "spk12": {"room10": -0.9266260270000001}, "spk8": {"room10": 0.163536668}, "spk17": {"room5": 1.163402677, "room0": 0.6748384829999999}, "spk11": {"room3": 0.9098182920000001, "room4": 1.502802014, "room7": 0.545086384, "room2": 0.697259724, "room12": 0.963151455, "room9": 0.869289815}, "spk19": {"room4": -1.337842822, "room7": -1.223710537, "room12": -1.385151386}, "spk13": {"room4": 0.988548636, "room12": 0.38157117399999996}, "spk31": {"room10": -1.648486376}, "spk6": {"room10": -0.199590057}, "spk3": {"room3": 0.314611077, "room5": 0.8519126770000001, "room7": 0.504170656, "room0": 1.047635436, "room2": 1.039775372, "room9": 0.680307269}, "spk0": {"room3": -0.13307511800000002}, "spk20": {"room10": -0.6821912529999999}, "spk26": {"room2": -0.09853711}, "spk16": {"room3": 1.755156636, "room4": 0.087093852, "room7": 0.04171348, "room12": -0.126765028, "room9": 0.37143951700000005}, "spk27": {"room5": 0.8444305059999999, "room0": 1.176594615}, "spk25": {"room1": 0.533243895}, "spk21": {"room3": 1.577445507, "room4": 0.28135761600000003, "room2": 0.939969838, "room12": 0.464164585}, "spk30": {"room4": -0.767506778, "room2": -1.477466226, "room12": -0.794973075}, "spk4": {"room6": 1.2253822090000002}, "spk14": {"room10": 0.43706178700000003}, "spk7": {"room12": -0.001472512}, "spk1": {"room5": 0.781347096, "room0": -0.14619515800000002}}}