{"meta": {"speaker": "spk9", "room": "room13"}, "data": {"spk22": {"room0": 1.74770534}, "spk10": {"room4": 0.383110225, "room12": 0.472614735}, "spk18": {"room5": -1.186951041, "room0": -0.900785148, "room2": -1.095681667}, "spk29": {"room10": 1.242956996}, "spk5": {"room3": -0.344387293, "room5": -0.557287157, "room0": -0.882298529}, "spk9": {"room4": 0.9488692879999999, "room7": 1.07934165, "room10": 1.00636971, "room12": 1.94259119, "room9": 1.2409950490000001}, "spk2": {"room5": 1.44538939, "room0": 1.340336204}, "spk23": {"room4": 0.662631392, "room7": 0.522190213, "room2": 0.5396094920000001, "room10": 0.951645255, "room12": 0.717045426, "room9": 0.9228449459999999}, "spk15": {"room10": -0.987354815}, "spk28": {"room10": -0.8031033870000001}, "spk24": {"room1": 0.306311548}, "spk12": {"room10": -0.8013113740000001}, "spk8": {"room10": -0.03938438}, "spk17": {"room5": 0.725090563, "room0": 0.49705693100000004}, "spk11": {"room3": 1.833119392, "room4": 1.34105885, "room7": 1.138590932, "room2": 2.1459465030000002, "room12": 2.2934193609999998, "room9": 1.2018718720000001}, "spk19": {"room4": -0.758270562, "room7": -0.7283720370000001, "room12": -1.240159154}, "spk13": {"room4": 1.447745204, "room12": 0.470156312}, "spk31": {"room10": -1.181471229}, "spk6": {"room10": -0.427660912}, "spk3": {"room3": -0.348181605, "room5": 1.2410426140000002, "room7": 0.9197136159999999, "room0": 0.958046257, "room2": 0.9811224940000001, "room9": 0.9650377040000001}, "spk0": {"room3": -0.215021312}, "spk20": {"room10": -0.782081962}, "spk26": {"room2": 0.135175392}, "spk16": {"room3": 0.538671792, "room4": 0.035405926000000004, "room7": 0.639076471, "room12": 0.841974676, "room9": 0.332642764}, "spk27": {"room5": 0.636079669, "room0": 1.0547873970000001}, "spk25": {"room1": -0.014498326}, "spk21": {"room3": -0.739126265, "room4": -0.068574905, "room2": -0.425307602, "room12": -0.301909983}, "spk30": {"room4": -0.472399324, "room2": -1.40481782, "room12": -0.775330961}, "spk4": {"room6": -0.208921432}, "spk14": {"room10": 0.7255969640000001}, "spk7": {"room12": 0.024746267000000002}, "spk1": {"room5": -0.292247057, "room0": -0.5388223529999999}}}