{"meta": {"speaker": "spk9", "room": "room13"}, "data": {"spk22": {"room0": 1.335241556}, "spk10": {"room4": 0.223731428, "room12": -0.079264313}, "spk18": {"room5": -1.428115129, "room0": -1.6118706459999999, "room2": -1.2312525509999999}, "spk29": {"room10": 0.9599998}, "spk5": {"room3": 1.390043139, "room5": 1.7856832740000002, "room0": 1.450288773}, "spk9": {"room4": 4.318729877, "room7": 3.873332739, "room10": 4.256203175, "room12": 5.26522398, "room9": 4.789745808}, "spk2": {"room5": 1.318727732, "room0": 1.2976557020000001}, "spk23": {"room4": 1.4075483080000002, "room7": 1.531193852, "room2": 1.075085998, "room10": 1.6289631130000002, "room12": 1.651438236, "room9": 1.171263337}, "spk15": {"room10": -0.758554697}, "spk28": {"room10": -0.538809121}, "spk24": {"room1": 1.45086956}, "spk12": {"room10": -1.1822403670000001}, "spk8": {"room10": 1.307625532}, "spk17": {"room5": 1.1180115940000002, "room0": 2.24521184}, "spk11": {"room3": -0.45053193, "room4": 1.517029285, "room7": 0.417745411, "room2": 0.605277181, "room12": 1.07074821, "room9": 0.9101021890000001}, "spk19": {"room4": -1.3849514719999998, "room7": -1.186168075, "room12": -1.470514417}, "spk13": {"room4": 1.947297096, "room12": 1.7542752030000002}, "spk31": {"room10": -1.673076153}, "spk6": {"room10": -0.34546461700000003}, "spk3": {"room3": 0.633816898, "room5": 0.983415484, "room7": 0.164885327, "room0": 0.9231407640000001, "room2": 0.881323159, "room9": 1.198758483}, "spk0": {"room3": -0.09053593900000001}, "spk20": {"room10": -0.590652108}, "spk26": {"room2": 1.0276622770000001}, "spk16": {"room3": 2.018431425, "room4": 1.57095027, "room7": 1.9454585309999999, "room12": 1.809036136, "room9": 3.417891502}, "spk27": {"room5": 0.936129928, "room0": 1.098330498}, "spk25": {"room1": 1.5519454480000001}, "spk21": {"room3": 1.5041147469999998, "room4": 1.544035316, "room2": 1.033590078, "room12": 1.552301884}, "spk30": {"room4": -1.241911411, "room2": -1.9483841659999999, "room12": -1.0549012420000001}, "spk4": {"room6": 0.327879786}, "spk14": {"room10": 0.487387449}, "spk7": {"room12": 1.369820952}, "spk1": {"room5": 0.6871829629999999, "room0": 0.547338605}}}