{"meta": {"speaker": "spk9", "room": "room11"}, "data": {"spk22": {"room0": 1.5041137930000001}, "spk10": {"room4": 0.49553260200000004, "room12": -0.096741736}, "spk18": {"room5": -1.514208078, "room0": -1.418267131, "room2": -1.453674555}, "spk29": {"room10": 1.015208125}, "spk5": {"room3": 0.906038821, "room5": 0.644448817, "room0": 1.0213867429999999}, "spk9": {"room4": 4.177127361, "room7": 4.570883274, "room10": 4.896169186, "room12": 5.428881167999999, "room9": 5.365232944}, "spk2": {"room5": 1.4985162019999998, "room0": 1.195032358}, "spk23": {"room4": 1.443080544, "room7": 1.213572145, "room2": 1.492039084, "room10": 1.3687294719999998, "room12": 1.94559443, "room9": 1.485766172}, "spk15": {"room10": -1.1025581359999999}, "spk28": {"room10": -0.5183444620000001}, "spk24": {"room1": 0.683199227}, "spk12": {"room10": -1.355848074}, "spk8": {"room10": 1.02023828}, "spk17": {"room5": 0.423019379, "room0": 1.8687020540000001}, "spk11": {"room3": -0.201776326, "room4": 1.2919849159999999, "room7": 0.866042078, "room2": 0.37719488100000004, "room12": 1.7554209230000002, "room9": 1.024201035}, "spk19": {"room4": -1.479474902, "room7": -1.275768518, "room12": -1.4665521380000002}, "spk13": {"room4": 2.257241488, "room12": 1.6866254809999999}, "spk31": {"room10": -1.739776015}, "spk6": {"room10": -0.772393346}, "spk3": {"room3": 0.632021368, "room5": 1.599604011, "room7": 0.180326417, "room0": 1.0485818390000001, "room2": 0.594720781, "room9": 1.181288123}, "spk0": {"room3": 0.0017547160000000001}, "spk20": {"room10": -0.649713039}, "spk26": {"room2": 0.809255719}, "spk16": {"room3": 1.619864583, "room4": 1.195040941, "room7": 1.7078149319999998, "room12": 2.04610014, "room9": 3.1527516839999996}, "spk27": {"room5": 0.7824371459999999, "room0": 1.054175377}, "spk25": {"room1": 0.899411857}, "spk21": {"room3": 1.04204917, "room4": 0.825659335, "room2": 0.822348535, "room12": 1.2860293390000002}, "spk30": {"room4": -1.157453656, "room2": -2.105268955, "room12": -1.178752303}, "spk4": {"room6": -0.13094832}, "spk14": {"room10": 0.9342381359999999}, "spk7": {"room12": 0.44186410299999995}, "spk1": {"room5": 0.832128465, "room0": 0.34302938}}}