{"meta": {"speaker": "spk9", "room": "room13"}, "data": {"spk22": {"room0": 2.813726902}, "spk10": {"room4": 0.623611987, "room12": 1.004520655}, "spk18": {"room5": -1.367676616, "room0": -1.244862556, "room2": -1.011859655}, "spk29": {"room10": 2.665693045}, "spk5": {"room3": 1.393984675, "room5": 1.4700937269999999, "room0": 1.6905051469999999}, "spk9": {"room4": 3.2905800339999995, "room7": 4.576701164, "room10": 3.719290495, "room12": 5.188851833, "room9": 3.846010685}, "spk2": {"room5": 0.42057389, "room0": -0.091670617}, "spk23": {"room4": 2.709944487, "room7": 2.591724873, "room2": 2.937191725, "room10": 2.2912442680000003, "room12": 2.516326666, "room9": 2.260047913}, "spk15": {"room10": -0.9176784159999999}, "spk28": {"room10": -1.0483300690000001}, "spk24": {"room1": 1.5994393830000002}, "spk12": {"room10": -0.6442051529999999}, "spk8": {"room10": 0.421333611}, "spk17": {"room5": 1.452273846, "room0": 1.737821817}, "spk11": {"room3": 1.03604579, "room4": 1.4368301630000002, "room7": -0.0014273970000000002, "room2": 1.545626521, "room12": 0.937892079, "room9": 1.01916635}, "spk19": {"room4": -1.251885891, "room7": -1.4354327919999998, "room12": -1.274490237}, "spk13": {"room4": 2.1035254, "room12": 1.457488775}, "spk31": {"room10": -1.506931543}, "spk6": {"room10": 0.209588081}, "spk3": {"room3": 1.4389438630000002, "room5": 1.0035415890000001, "room7": 1.4680850509999999, "room0": 1.41112113, "room2": 1.701027274, "room9": 2.193268299}, "spk0": {"room3": 0.7481402159999999}, "spk20": {"room10": -0.381069094}, "spk26": {"room2": 1.567824125}, "spk16": {"room3": 2.0749826430000002, "room4": 1.158748507, "room7": 1.75441134, "room12": 0.9652513859999999, "room9": 2.506064892}, "spk27": {"room5": 1.5048347709999998, "room0": 1.592763305}, "spk25": {"room1": 1.6448934080000002}, "spk21": {"room3": 0.9008653759999999, "room4": 0.268618733, "room2": -0.060265299, "room12": -0.016910065}, "spk30": {"room4": -0.58689177, "room2": -1.019755125, "room12": -1.0610135790000002}, "spk4": {"room6": 0.645752251}, "spk14": {"room10": 1.3764144180000002}, "spk7": {"room12": 1.828583956}, "spk1": {"room5": 0.059569106, "room0": 0.599920094}}}