{"meta": {"speaker": "spk9", "room": "room13"}, "data": {"spk22": {"room0": 2.305564404}, "spk10": {"room4": 1.050578952, "room12": 0.29877457}, "spk18": {"room5": -0.6951400040000001, "room0": -0.8688727620000001, "room2": -0.47456440299999997}, "spk29": {"room10": 1.317029357}, "spk5": {"room3": 1.3862222430000002, "room5": 1.520524025, "room0": 1.2937290670000001}, "spk9": {"room4": 4.139631748, "room7": 3.7394070630000003, "room10": 4.437492847, "room12": 5.6204676629999994, "room9": 4.874202728}, "spk2": {"room5": 1.877718091, "room0": 1.8669278619999998}, "spk23": {"room4": 1.801447988, "room7": 1.9463524819999998, "room2": 0.982918262, "room10": 2.1960389609999997, "room12": 2.465682268, "room9": 1.6559218169999999}, "spk15": {"room10": -0.5587986110000001}, "spk28": {"room10": -0.49635171899999997}, "spk24": {"room1": 0.908224523}, "spk12": {"room10": -0.355534345}, "spk8": {"room10": 1.071430087}, "spk17": {"room5": 1.2391430140000002, "room0": 2.209554911}, "spk11": {"room3": -0.5006513, "room4": 0.9782390590000001, "room7": 1.041969657, "room2": 0.12606994800000001, "room12": 1.000133753, "room9": 0.9587976340000001}, "spk19": {"room4": -0.7783676390000001, "room7": -0.61152786, "room12": -0.976490915}, "spk13": {"room4": 1.5868065359999999, "room12": 0.6778626440000001}, "spk31": {"room10": -0.798532426}, "spk6": {"room10": -0.335838765}, "spk3": {"room3": 0.6871554259999999, "room5": 1.415673375, "room7": 1.274895787, "room0": 1.03652513, "room2": 0.534430265, "room9": 1.929361939}, "spk0": {"room3": -0.040065542}, "spk20": {"room10": -0.316416711}, "spk26": {"room2": 0.6653741}, "spk16": {"room3": 2.111685753, "room4": 2.51138258, "room7": 1.715221286, "room12": 1.8549793959999998, "room9": 4.4362545010000005}, "spk27": {"room5": 1.714280486, "room0": 1.745183706}, "spk25": {"room1": 1.1247681379999999}, "spk21": {"room3": 0.697383285, "room4": 1.241392016, "room2": 0.250599325, "room12": 1.2412943840000001}, "spk30": {"room4": -0.5165425539999999, "room2": -0.951165378, "room12": -0.41566166299999996}, "spk4": {"room6": 0.628771424}, "spk14": {"room10": 0.41778224700000005}, "spk7": {"room12": 0.856378913}, "spk1": {"room5": 0.742317975, "room0": 0.453301072}}}