{"meta": {"speaker": "spk9", "room": "room7"}, "data": {"spk22": {"room0": 2.18603158}, "spk10": {"room4": 1.23883605, "room12": 0.28791523}, "spk18": {"room5": -1.6496855019999999, "room0": -1.542313695, "room2": -0.922954798}, "spk29": {"room10": 2.6551485059999997}, "spk5": {"room3": 1.8097534180000001, "room5": 2.912344933, "room0": 1.362710118}, "spk9": {"room4": 8.85063076, "room7": 7.67372036, "room10": 7.479188918999999, "room12": 9.216676712, "room9": 8.695969582}, "spk2": {"room5": 2.134407997, "room0": 1.624445915}, "spk23": {"room4": 2.22971487, "room7": 2.07543087, "room2": 0.691445112, "room10": 1.3663593530000002, "room12": 1.7982382769999998, "room9": 1.913250804}, "spk15": {"room10": 0.102147929}, "spk28": {"room10": -0.905722857}, "spk24": {"room1": 2.113638639}, "spk12": {"room10": -0.776836097}, "spk8": {"room10": 0.562564135}, "spk17": {"room5": 1.7068341969999998, "room0": 1.9697864059999999}, "spk11": {"room3": 1.898263574, "room4": 2.936456919, "room7": 2.228873014, "room2": 1.577928066, "room12": 3.047929525, "room9": 2.496881723}, "spk19": {"room4": -0.786136925, "room7": -0.9640738959999999, "room12": -1.528028965}, "spk13": {"room4": 2.775454283, "room12": 1.389368296}, "spk31": {"room10": -2.017449379}, "spk6": {"room10": -0.935112119}, "spk3": {"room3": 1.421263814, "room5": 2.227696419, "room7": 0.8312858340000001, "room0": 1.891450405, "room2": 1.650137305, "room9": 1.4845938680000001}, "spk0": {"room3": 0.171611577}, "spk20": {"room10": -0.43301516799999995}, "spk26": {"room2": 0.073736303}, "spk16": {"room3": 3.2764856819999997, "room4": 2.54280591, "room7": 1.606030941, "room12": 2.657810688, "room9": 3.46007967}, "spk27": {"room5": 2.8977925780000002, "room0": 2.610413074}, "spk25": {"room1": 3.03227067}, "spk21": {"room3": 0.216574565, "room4": 0.28954798, "room2": -0.12421640800000001, "room12": 0.683564842}, "spk30": {"room4": -0.7264171840000001, "room2": -1.782359719, "room12": -1.199393988}, "spk4": {"room6": 0.35041973}, "spk14": {"room10": -0.01217992}, "spk7": {"room12": 1.8451118469999999}, "spk1": {"room5": 0.753036618, "room0": 1.113427997}}}