{"meta": {"speaker": "spk9", "room": "room13"}, "data": {"spk22": {"room0": 3.943692207}, "spk10": {"room4": 1.345403194, "room12": 0.904654622}, "spk18": {"room5": -0.143223792, "room0": -0.5141721370000001, "room2": 0.189807922}, "spk29": {"room10": 2.360435247}, "spk5": {"room3": 2.200042486, "room5": 1.813895106, "room0": 1.42060554}, "spk9": {"room4": 4.402496338, "room7": 5.652276039, "room10": 5.02994442, "room12": 6.213308811, "room9": 4.713910103}, "spk2": {"room5": 0.958924711, "room0": 0.343910635}, "spk23": {"room4": 2.0800399780000003, "room7": 2.210746288, "room2": 2.2117693419999997, "room10": 1.8523911240000002, "room12": 2.3625004290000002, "room9": 1.1259721520000001}, "spk15": {"room10": -0.51211679}, "spk28": {"room10": -0.000817117}, "spk24": {"room1": 2.682633877}, "spk12": {"room10": 0.20188251100000001}, "spk8": {"room10": 1.24136281}, "spk17": {"room5": 2.115219116, "room0": 1.439197421}, "spk11": {"room3": 0.189353257, "room4": 1.065673828, "room7": 0.19369390600000003, "room2": 0.703959882, "room12": 0.678261757, "room9": 0.031977623999999996}, "spk19": {"room4": -0.534490526, "room7": -0.486126691, "room12": -0.7233225109999999}, "spk13": {"room4": 1.597101331, "room12": 0.676789999}, "spk31": {"room10": -0.046770748}, "spk6": {"room10": 0.43469640600000004}, "spk3": {"room3": 2.191776037, "room5": 2.11912179, "room7": 2.13157773, "room0": 2.976896286, "room2": 2.145834446, "room9": 3.7447390560000002}, "spk0": {"room3": 1.5080027580000002}, "spk20": {"room10": 0.463116825}, "spk26": {"room2": 0.695115805}, "spk16": {"room3": 2.30022645, "room4": 1.958007932, "room7": 1.6111667159999998, "room12": 2.294915199, "room9": 2.436384201}, "spk27": {"room5": 3.093354464, "room0": 2.8632564539999996}, "spk25": {"room1": 2.025554895}, "spk21": {"room3": 1.017941594, "room4": 0.895780206, "room2": 0.525686622, "room12": 0.726548493}, "spk30": {"room4": -0.071946412, "room2": -0.448285609, "room12": -0.371819258}, "spk4": {"room6": 0.484933406}, "spk14": {"room10": 0.49644908299999996}, "spk7": {"room12": 2.351284504}, "spk1": {"room5": 0.450494856, "room0": -0.18825399899999998}}}