{"meta": {"speaker": "spk9", "room": "room11"}, "data": {"spk22": {"room0": 3.273995161}, "spk10": {"room4": 0.889031768, "room12": 1.119354725}, "spk18": {"room5": -0.8164625759999999, "room0": -0.810346007, "room2": -0.577338696}, "spk29": {"room10": 1.5302299259999999}, "spk5": {"room3": 1.374391198, "room5": 0.505656421, "room0": 1.859607339}, "spk9": {"room4": 4.9593553539999995, "room7": 6.4423923489999995, "room10": 5.972208977, "room12": 6.661400795, "room9": 6.4856705670000006}, "spk2": {"room5": 1.162091851, "room0": 1.67030406}, "spk23": {"room4": 1.783431768, "room7": 1.519308448, "room2": 2.576838255, "room10": 2.071429968, "room12": 2.190562248, "room9": 1.31145072}, "spk15": {"room10": -1.278932333}, "spk28": {"room10": 0.01934916}, "spk24": {"room1": 1.2997003790000001}, "spk12": {"room10": -0.5431928629999999}, "spk8": {"room10": 1.3794674869999999}, "spk17": {"room5": 1.5497539040000001, "room0": 1.7671352619999998}, "spk11": {"room3": -0.267387062, "room4": 2.282177925, "room7": 0.45952454200000004, "room2": 0.555326879, "room12": 2.341402769, "room9": 1.849829674}, "spk19": {"room4": -0.28447634, "room7": -0.357105076, "room12": -0.668774247}, "spk13": {"room4": 2.9987988469999998, "room12": 1.527544975}, "spk31": {"room10": -1.089851618}, "spk6": {"room10": -0.014824828}, "spk3": {"room3": 0.9203220609999999, "room5": 1.459311604, "room7": 0.284868568, "room0": 0.983880997, "room2": 0.945346832, "room9": 1.7876631019999998}, "spk0": {"room3": 0.8723931909999999}, "spk20": {"room10": -0.16998007899999998}, "spk26": {"room2": 1.7602591509999999}, "spk16": {"room3": 1.395976782, "room4": 2.227222919, "room7": 2.362941742, "room12": 2.4233915809999997, "room9": 3.053293705}, "spk27": {"room5": 2.419454575, "room0": 2.103223801}, "spk25": {"room1": 0.98522687}, "spk21": {"room3": 1.494348526, "room4": 1.2604110240000002, "room2": 0.850407302, "room12": 0.8811336759999999}, "spk30": {"room4": -0.326194286, "room2": -1.63538003, "room12": -0.362929404}, "spk4": {"room6": 0.177573442}, "spk14": {"room10": 2.319891214}, "spk7": {"room12": 0.761116982}, "spk1": {"room5": 1.465472579, "room0": 0.43948248}}}