{"meta": {"speaker": "spk9", "room": "room4"}, "data": {"spk22": {"room0": 3.4126019480000003}, "spk10": {"room4": 1.46308732, "room12": 0.883258343}, "spk18": {"room5": -1.3454457519999998, "room0": -1.072370529, "room2": -1.29789269}, "spk29": {"room10": 2.1137228009999998}, "spk5": {"room3": 0.532745719, "room5": 0.758279741, "room0": 0.337417156}, "spk9": {"room4": 7.474064827, "room7": 6.790791988, "room10": 6.029654026, "room12": 7.707692623, "room9": 7.858294964}, "spk2": {"room5": 1.359493136, "room0": 2.475819826}, "spk23": {"room4": 2.212962866, "room7": 1.687631369, "room2": 1.55436182, "room10": 1.649662375, "room12": 2.63877821, "room9": 2.038290977}, "spk15": {"room10": -0.508739054}, "spk28": {"room10": -0.6312115189999999}, "spk24": {"room1": 0.548744321}, "spk12": {"room10": -0.42292910799999994}, "spk8": {"room10": -0.18218575399999998}, "spk17": {"room5": 0.7760953309999999, "room0": 1.2069261070000001}, "spk11": {"room3": 1.969904661, "room4": 3.547413588, "room7": 2.848968267, "room2": 2.349308729, "room12": 3.403337002, "room9": 3.483143568}, "spk19": {"room4": -0.752678871, "room7": -0.6849420070000001, "room12": -1.488090158}, "spk13": {"room4": 3.8554048539999997, "room12": 3.3477606769999997}, "spk31": {"room10": -1.554756284}, "spk6": {"room10": -0.5008016820000001}, "spk3": {"room3": 1.208965182, "room5": 1.9472689630000002, "room7": 1.3822497130000002, "room0": 1.7552297119999998, "room2": 1.5972807409999998, "room9": 2.412693024}, "spk0": {"room3": 0.22968715399999998}, "spk20": {"room10": -0.6034158470000001}, "spk26": {"room2": 0.229008391}, "spk16": {"room3": 3.628421545, "room4": 3.58174181, "room7": 2.794574261, "room12": 3.1975347999999997, "room9": 4.185549259}, "spk27": {"room5": 1.669709325, "room0": 2.724961996}, "spk25": {"room1": 2.278446436}, "spk21": {"room3": -0.126677439, "room4": 0.301066995, "room2": -0.000619355, "room12": 0.388426125}, "spk30": {"room4": -0.551037669, "room2": -1.579146147, "room12": -0.985924125}, "spk4": {"room6": -0.275172859}, "spk14": {"room10": 1.7841186519999999}, "spk7": {"room12": 1.093354344}, "spk1": {"room5": 0.41839671100000003, "room0": 1.6124387980000001}}}