{"meta": {"speaker": "spk9", "room": "room7"}, "data": {"spk22": {"room0": 3.438816071}, "spk10": {"room4": 1.1238106490000002, "room12": 0.38808274299999995}, "spk18": {"room5": -1.054391146, "room0": -1.283051848, "room2": -0.6190242770000001}, "spk29": {"room10": 1.74240613}, "spk5": {"room3": 1.214164138, "room5": 2.01792407, "room0": 1.03056848}, "spk9": {"room4": 7.214387894, "room7": 6.962078094, "room10": 6.720174312999999, "room12": 7.999337672999999, "room9": 7.968182087000001}, "spk2": {"room5": 2.190932989, "room0": 2.43118763}, "spk23": {"room4": 2.050208092, "room7": 2.0611946580000002, "room2": 1.096031785, "room10": 1.258267283, "room12": 2.3993763919999997, "room9": 1.6395863290000001}, "spk15": {"room10": -0.11643149}, "spk28": {"room10": -0.65138042}, "spk24": {"room1": 2.304850101}, "spk12": {"room10": -0.20495210600000002}, "spk8": {"room10": 0.120672561}, "spk17": {"room5": 1.5571950669999999, "room0": 1.9737231730000002}, "spk11": {"room3": 0.781777084, "room4": 3.415949583, "room7": 2.257117033, "room2": 1.7886308430000002, "room12": 3.3561758999999998, "room9": 2.8247251510000004}, "spk19": {"room4": -0.752575636, "room7": -0.858303368, "room12": -1.086408973}, "spk13": {"room4": 2.379163504, "room12": 1.254417539}, "spk31": {"room10": -1.5603007080000002}, "spk6": {"room10": -0.651077986}, "spk3": {"room3": 0.845420897, "room5": 2.11879611, "room7": 1.118116617, "room0": 1.957616091, "room2": 2.0267577169999997, "room9": 1.8648701909999998}, "spk0": {"room3": 0.015387963999999999}, "spk20": {"room10": -0.722368896}, "spk26": {"room2": 0.190481707}, "spk16": {"room3": 3.2891483310000003, "room4": 3.700766325, "room7": 3.571779728, "room12": 4.493122578, "room9": 4.84408617}, "spk27": {"room5": 1.8525768519999999, "room0": 2.634220123}, "spk25": {"room1": 3.393588305}, "spk21": {"room3": 0.297852516, "room4": -0.329416335, "room2": -0.254858494, "room12": -0.000414294}, "spk30": {"room4": -0.599989593, "room2": -1.844323277, "room12": -0.977119863}, "spk4": {"room6": 0.40710178}, "spk14": {"room10": 0.451133966}, "spk7": {"room12": 2.719435215}, "spk1": {"room5": 0.338401943, "room0": 0.916782379}}}