{"meta": {"speaker": "spk9", "room": "room11"}, "data": {"spk22": {"room0": 3.3335239889999997}, "spk10": {"room4": 0.38550722600000004, "room12": 0.381474644}, "spk18": {"room5": -0.9046995040000001, "room0": -1.074771881, "room2": -0.874485016}, "spk29": {"room10": 1.215483785}, "spk5": {"room3": 0.6784473059999999, "room5": 0.294800133, "room0": 1.165415764}, "spk9": {"room4": 5.5476140979999995, "room7": 5.318315029, "room10": 4.746843815, "room12": 6.091390132999999, "room9": 5.406938553}, "spk2": {"room5": 0.326779097, "room0": 2.00233078}, "spk23": {"room4": 2.458637238, "room7": 1.723911762, "room2": 2.777899265, "room10": 1.891798735, "room12": 2.300546646, "room9": 1.9263731240000002}, "spk15": {"room10": -0.9684381479999999}, "spk28": {"room10": -0.8419329520000001}, "spk24": {"room1": 2.213620186}, "spk12": {"room10": -0.596702278}, "spk8": {"room10": 0.049308028}, "spk17": {"room5": 0.671399117, "room0": 1.1939259770000001}, "spk11": {"room3": 0.803786337, "room4": 1.929405808, "room7": 0.42078772200000003, "room2": 1.495593786, "room12": 1.9156020880000002, "room9": 1.789788961}, "spk19": {"room4": -1.114382386, "room7": -1.2066529990000001, "room12": -1.1820234059999999}, "spk13": {"room4": 3.797267914, "room12": 3.561019897}, "spk31": {"room10": -1.043776035}, "spk6": {"room10": 0.313769668}, "spk3": {"room3": 1.282629848, "room5": 2.293502569, "room7": 0.8109704259999999, "room0": 1.3673489090000002, "room2": 2.050824642, "room9": 1.9318454269999998}, "spk0": {"room3": 1.418566465}, "spk20": {"room10": -0.40909308200000005}, "spk26": {"room2": 2.574198961}, "spk16": {"room3": 2.7212615010000003, "room4": 2.977383852, "room7": 1.9284600019999998, "room12": 2.091250896, "room9": 3.12855792}, "spk27": {"room5": 1.078342795, "room0": 1.275903106}, "spk25": {"room1": 1.459847689}, "spk21": {"room3": 1.074952126, "room4": 1.137537718, "room2": 0.48937168700000006, "room12": 0.289372683}, "spk30": {"room4": -0.362367541, "room2": -1.0960963959999999, "room12": -1.0244266990000002}, "spk4": {"room6": -0.241338015}, "spk14": {"room10": 2.612083197}, "spk7": {"room12": 0.412558198}, "spk1": {"room5": 0.40331733200000003, "room0": 1.924260378}}}