{"meta": {"speaker": "spk28", "room": "room10"}, "data": {"spk22": {"room0": -1.438650966}, "spk10": {"room4": -2.011740208, "room12": -1.817959666}, "spk18": {"room5": 0.536449015, "room0": 0.059815809000000005, "room2": 0.21217994399999998}, "spk29": {"room10": -1.873402715}, "spk5": {"room3": -1.311149836, "room5": -1.4241217369999999, "room0": -1.484580398}, "spk9": {"room4": -1.4818149809999999, "room7": -1.1397300959999999, "room10": -1.114860177, "room12": -1.5122108459999999, "room9": -1.320594668}, "spk2": {"room5": -1.4784988159999999, "room0": -0.939863205}, "spk23": {"room4": -1.334566116, "room7": -1.618697405, "room2": -1.493291497, "room10": -1.120637774, "room12": -1.4958833459999998, "room9": -1.4673097130000001}, "spk15": {"room10": -0.071232982}, "spk28": {"room10": 5.440288067000001}, "spk24": {"room1": -1.906098485}, "spk12": {"room10": 0.32275992600000003}, "spk8": {"room10": -0.489330947}, "spk17": {"room5": -1.517425656, "room0": -1.335665584}, "spk11": {"room3": -1.3934265380000002, "room4": -1.701064348, "room7": -1.453247905, "room2": -1.4386888740000001, "room12": -1.2732305529999999, "room9": -1.701261282}, "spk19": {"room4": 1.113413453, "room7": 0.590901613, "room12": 1.052886605}, "spk13": {"room4": -1.087959886, "room12": -0.978580296}, "spk31": {"room10": 0.25854197100000004}, "spk6": {"room10": -1.070314765}, "spk3": {"room3": -2.053303957, "room5": -0.942316651, "room7": -1.634828568, "room0": -1.5774682759999998, "room2": -1.167336345, "room9": -1.6899133919999998}, "spk0": {"room3": -0.8657791020000001}, "spk20": {"room10": 0.108160205}, "spk26": {"room2": -0.704842925}, "spk16": {"room3": -1.424572825, "room4": -0.9101664420000001, "room7": -0.952418387, "room12": -0.852200985, "room9": -0.504889488}, "spk27": {"room5": -1.753919601, "room0": -1.863304019}, "spk25": {"room1": -2.012760639}, "spk21": {"room3": -1.152665854, "room4": -1.022499204, "room2": -0.18023982600000002, "room12": -0.41235533399999996}, "spk30": {"room4": -0.359117001, "room2": -0.171093807, "room12": 1.307595611}, "spk4": {"room6": -1.4176244740000001}, "spk14": {"room10": -0.85232842}, "spk7": {"room12": -1.230728507}, "spk1": {"room5": -1.52476716, "room0": -1.745562315}}}