{"meta": {"speaker": "spk22", "room": "room0"}, "data": {"spk22": {"room0": 7.362455367999999}, "spk10": {"room4": 1.340362549, "room12": 1.503082275}, "spk18": {"room5": -1.224699378, "room0": -1.232823968, "room2": -0.770467043}, "spk29": {"room10": 1.770436168}, "spk5": {"room3": 1.074652553, "room5": 1.063057065, "room0": 0.268990219}, "spk9": {"room4": 2.808680058, "room7": 3.8154940610000003, "room10": 2.170772552, "room12": 3.5429809089999997, "room9": 4.300226212}, "spk2": {"room5": 2.198353767, "room0": 2.8499517439999997}, "spk23": {"room4": 2.190888405, "room7": 2.212734938, "room2": 1.694958687, "room10": 2.261289835, "room12": 2.460076094, "room9": 1.8928822280000002}, "spk15": {"room10": -1.228896856}, "spk28": {"room10": -0.42884179899999997}, "spk24": {"room1": 1.546200275}, "spk12": {"room10": -0.673980653}, "spk8": {"room10": 0.477902681}, "spk17": {"room5": 3.152674198, "room0": 2.733583212}, "spk11": {"room3": 0.6757833959999999, "room4": 1.5074083809999999, "room7": 1.001568794, "room2": 0.957678735, "room12": 1.778644919, "room9": 1.673421979}, "spk19": {"room4": -0.604797244, "room7": -0.52968055, "room12": -0.966284096}, "spk13": {"room4": 1.994819045, "room12": 1.7609640359999998}, "spk31": {"room10": -0.966104448}, "spk6": {"room10": 0.321690708}, "spk3": {"room3": 0.38669157, "room5": 2.759076357, "room7": 2.959095001, "room0": 2.733856678, "room2": 1.157877088, "room9": 3.022872925}, "spk0": {"room3": 0.18401384399999998}, "spk20": {"room10": -0.375396788}, "spk26": {"room2": -0.172726393}, "spk16": {"room3": 2.335958481, "room4": 3.114485741, "room7": 1.614175439, "room12": 3.005444765, "room9": 3.025631905}, "spk27": {"room5": 2.836013317, "room0": 3.246722221}, "spk25": {"room1": 1.3971297740000002}, "spk21": {"room3": -0.009568629, "room4": 0.863502145, "room2": 0.132697821, "room12": 0.959299207}, "spk30": {"room4": -0.495185792, "room2": -1.462451935, "room12": -0.628651142}, "spk4": {"room6": 0.525044858}, "spk14": {"room10": 1.623628736}, "spk7": {"room12": 1.107022047}, "spk1": {"room5": 0.40653485100000003, "room0": -0.035634242000000003}}}