{"meta": {"speaker": "spk22", "room": "room0"}, "data": {"spk22": {"room0": 11.22706127}, "spk10": {"room4": 1.490343451, "room12": 0.728438914}, "spk18": {"room5": -1.841105223, "room0": -1.6078276630000001, "room2": -1.314478636}, "spk29": {"room10": 1.9981414080000002}, "spk5": {"room3": 0.41497093399999996, "room5": 0.56516844, "room0": -0.896354258}, "spk9": {"room4": 4.031647205, "room7": 3.6556138989999996, "room10": 2.437105894, "room12": 5.197005749, "room9": 4.925788403}, "spk2": {"room5": 2.236194372, "room0": 3.217627048}, "spk23": {"room4": 1.640882015, "room7": 2.343122005, "room2": 0.066689409, "room10": 0.789867103, "room12": 1.8016719819999998, "room9": 1.798504233}, "spk15": {"room10": -1.668033481}, "spk28": {"room10": -1.37076056}, "spk24": {"room1": 2.407314777}, "spk12": {"room10": -1.1981428859999999}, "spk8": {"room10": -0.09234523}, "spk17": {"room5": 3.374264479, "room0": 2.533014059}, "spk11": {"room3": 1.790973544, "room4": 3.288506985, "room7": 3.330101252, "room2": 1.973091245, "room12": 3.506403446, "room9": 3.4755971430000003}, "spk19": {"room4": -1.031576753, "room7": -1.112651587, "room12": -1.40946126}, "spk13": {"room4": 2.757975578, "room12": 1.422592759}, "spk31": {"room10": -1.7536110880000002}, "spk6": {"room10": -0.48896238200000003}, "spk3": {"room3": 0.40892738100000003, "room5": 2.7776277069999997, "room7": 2.912720203, "room0": 2.502369165, "room2": 1.5059564109999999, "room9": 3.477092505}, "spk0": {"room3": -1.269598603}, "spk20": {"room10": -1.0725909470000001}, "spk26": {"room2": -0.061635050999999996}, "spk16": {"room3": 1.487353683, "room4": 3.636615992, "room7": 2.294947624, "room12": 3.584380388, "room9": 3.1200065610000003}, "spk27": {"room5": 2.163651228, "room0": 2.094244719}, "spk25": {"room1": 1.312563777}, "spk21": {"room3": -0.914273441, "room4": 0.533148289, "room2": 0.080762267, "room12": 0.7767322659999999}, "spk30": {"room4": -0.593363464, "room2": -1.7516330480000002, "room12": -1.4558438059999999}, "spk4": {"room6": -0.32714092699999997}, "spk14": {"room10": 0.96944046}, "spk7": {"room12": 1.2211031909999999}, "spk1": {"room5": 0.98560822, "room0": 1.4362868069999999}}}