{"meta": {"speaker": "spk22", "room": "room0"}, "data": {"spk22": {"room0": 11.38998795}, "spk10": {"room4": 1.6730031969999999, "room12": 1.2770832779999999}, "spk18": {"room5": -1.568122864, "room0": -1.7276628019999998, "room2": -1.03176105}, "spk29": {"room10": 2.0394995209999998}, "spk5": {"room3": 0.264606565, "room5": 1.0800317529999999, "room0": -0.31252348399999996}, "spk9": {"room4": 4.804494858, "room7": 4.564888954, "room10": 3.0823235510000004, "room12": 4.965899467, "room9": 5.571570873}, "spk2": {"room5": 2.395324469, "room0": 3.351723194}, "spk23": {"room4": 1.431073904, "room7": 2.159165144, "room2": 0.435676038, "room10": 1.400487304, "room12": 1.9526042940000001, "room9": 1.326792717}, "spk15": {"room10": -1.4236220119999998}, "spk28": {"room10": -1.4310987}, "spk24": {"room1": 1.88524878}, "spk12": {"room10": -0.805100739}, "spk8": {"room10": -0.071919948}, "spk17": {"room5": 2.9558026789999996, "room0": 2.139025211}, "spk11": {"room3": 1.428491116, "room4": 3.2424793239999996, "room7": 3.135157585, "room2": 2.077116728, "room12": 3.6459732060000003, "room9": 3.37749505}, "spk19": {"room4": -0.8135431409999999, "room7": -0.484455287, "room12": -1.427201509}, "spk13": {"room4": 2.901197433, "room12": 2.2276475430000002}, "spk31": {"room10": -1.236502767}, "spk6": {"room10": -0.130287021}, "spk3": {"room3": 0.7535423640000001, "room5": 3.1817803380000003, "room7": 2.8119227889999996, "room0": 3.263109684, "room2": 2.041850805, "room9": 3.764568806}, "spk0": {"room3": -0.501902819}, "spk20": {"room10": -1.03836894}, "spk26": {"room2": -0.24482078899999998}, "spk16": {"room3": 2.136570215, "room4": 4.502503395, "room7": 3.030887365, "room12": 4.384773254, "room9": 4.40722847}, "spk27": {"room5": 2.760216236, "room0": 3.6110837460000003}, "spk25": {"room1": 1.825656295}, "spk21": {"room3": -0.612580001, "room4": 0.653174758, "room2": 0.099925578, "room12": 0.497922152}, "spk30": {"room4": -0.899770856, "room2": -1.896894455, "room12": -1.5792946819999998}, "spk4": {"room6": -0.38551008700000006}, "spk14": {"room10": 1.6867653130000002}, "spk7": {"room12": 1.81203711}, "spk1": {"room5": -0.02829699, "room0": 0.707825303}}}