{"meta": {"speaker": "spk22", "room": "room0"}, "data": {"spk22": {"room0": 9.773795128}, "spk10": {"room4": 0.832608819, "room12": 0.619261622}, "spk18": {"room5": -0.543112695, "room0": -0.5152887110000001, "room2": -0.194163129}, "spk29": {"room10": 1.585574508}, "spk5": {"room3": 0.09109477, "room5": 0.516196609, "room0": 0.012631073}, "spk9": {"room4": 3.884545803, "room7": 3.377583265, "room10": 2.734588861, "room12": 4.686225891, "room9": 4.410339355}, "spk2": {"room5": 1.577769995, "room0": 2.793366909}, "spk23": {"room4": 1.435720205, "room7": 1.947124004, "room2": 1.237778902, "room10": 1.45140183, "room12": 1.9927639959999999, "room9": 1.414450407}, "spk15": {"room10": -1.396789312}, "spk28": {"room10": -0.508593559}, "spk24": {"room1": 2.65748024}, "spk12": {"room10": -0.24777954800000002}, "spk8": {"room10": 0.084391199}, "spk17": {"room5": 1.565784335, "room0": 1.446112752}, "spk11": {"room3": 2.23799777, "room4": 3.429963112, "room7": 2.957090378, "room2": 2.3748593330000003, "room12": 3.53653264, "room9": 3.3677422999999997}, "spk19": {"room4": -0.236649185, "room7": -0.381168455, "room12": -0.5793079729999999}, "spk13": {"room4": 2.947242498, "room12": 2.351062298}, "spk31": {"room10": -1.03957963}, "spk6": {"room10": 0.00524262}, "spk3": {"room3": 0.11229689400000001, "room5": 2.910228252, "room7": 3.105561495, "room0": 2.568576336, "room2": 1.536956072, "room9": 3.4415550230000003}, "spk0": {"room3": -0.01966795}, "spk20": {"room10": -1.020903468}, "spk26": {"room2": 0.726216555}, "spk16": {"room3": 1.906885624, "room4": 2.589029789, "room7": 1.914981842, "room12": 3.3847947119999997, "room9": 3.19652319}, "spk27": {"room5": 1.779767871, "room0": 2.811498165}, "spk25": {"room1": 1.7131164069999998}, "spk21": {"room3": -0.588360488, "room4": 0.81109035, "room2": 0.375891536, "room12": 0.636678219}, "spk30": {"room4": -0.493370861, "room2": -1.213401675, "room12": -0.828659356}, "spk4": {"room6": -0.44325244399999997}, "spk14": {"room10": 2.01932025}, "spk7": {"room12": 1.7443617580000002}, "spk1": {"room5": 0.534677982, "room0": 0.101446837}}}