{"meta": {"speaker": "spk22", "room": "room0"}, "data": {"spk22": {"room0": 10.29664516}, "spk10": {"room4": 1.428390861, "room12": 0.44710499}, "spk18": {"room5": -1.4142401219999998, "room0": -1.553786635, "room2": -1.342322588}, "spk29": {"room10": 2.448653936}, "spk5": {"room3": 0.768803775, "room5": 1.281563044, "room0": -0.519394636}, "spk9": {"room4": 3.959908962, "room7": 3.5016770360000002, "room10": 2.04878664, "room12": 4.432806015, "room9": 4.760810375}, "spk2": {"room5": 2.3426604269999998, "room0": 3.374292374}, "spk23": {"room4": 1.043494105, "room7": 2.576680899, "room2": 0.028380627000000002, "room10": 1.417669892, "room12": 1.815787077, "room9": 1.9031491280000001}, "spk15": {"room10": -1.214311481}, "spk28": {"room10": -1.225409508}, "spk24": {"room1": 2.51449132}, "spk12": {"room10": -1.02496469}, "spk8": {"room10": 0.309001863}, "spk17": {"room5": 4.197199345, "room0": 2.976415873}, "spk11": {"room3": 0.602304399, "room4": 1.976776958, "room7": 2.783833265, "room2": 1.5106654169999998, "room12": 2.279709101, "room9": 2.69090724}, "spk19": {"room4": -0.7154383059999999, "room7": -0.799058735, "room12": -1.383639455}, "spk13": {"room4": 2.800407887, "room12": 2.04071188}, "spk31": {"room10": -1.6440664530000002}, "spk6": {"room10": -0.32288637800000003}, "spk3": {"room3": 0.03054674, "room5": 3.145180225, "room7": 2.868711948, "room0": 2.62259388, "room2": 1.725933075, "room9": 4.241389751}, "spk0": {"room3": -0.73001194}, "spk20": {"room10": -1.04602766}, "spk26": {"room2": 0.172625065}, "spk16": {"room3": 1.697578311, "room4": 3.455965996, "room7": 2.2916677000000005, "room12": 3.683871269, "room9": 4.07566309}, "spk27": {"room5": 2.6002707480000002, "room0": 2.670790911}, "spk25": {"room1": 1.5365481380000001}, "spk21": {"room3": -0.445526123, "room4": 1.4838235380000002, "room2": 0.272335678, "room12": 1.067223907}, "spk30": {"room4": -0.7679253220000001, "room2": -1.611927867, "room12": -1.6189481019999998}, "spk4": {"room6": 0.34867790299999996}, "spk14": {"room10": 1.159236908}, "spk7": {"room12": 1.144536972}, "spk1": {"room5": 1.1842677590000001, "room0": 1.22653842}}}