{"meta": {"speaker": "spk25", "room": "room1"}, "data": {"spk22": {"room0": 2.109888554}, "spk10": {"room4": 0.8360057470000001, "room12": 0.765217602}, "spk18": {"room5": -1.336066484, "room0": -1.2104839090000001, "room2": -0.499894857}, "spk29": {"room10": 2.264204741}, "spk5": {"room3": 2.3055527209999997, "room5": 2.7022442819999997, "room0": 1.911908269}, "spk9": {"room4": 2.083337545, "room7": 2.239229441, "room10": 1.9990489480000002, "room12": 2.67041564, "room9": 1.797026396}, "spk2": {"room5": 1.9169926640000001, "room0": 1.7028652430000002}, "spk23": {"room4": 2.490994215, "room7": 3.115631342, "room2": 1.63445735, "room10": 1.9711457490000002, "room12": 3.044382572, "room9": 2.542688847}, "spk15": {"room10": -0.452312231}, "spk28": {"room10": -1.0321037770000001}, "spk24": {"room1": 2.612314224}, "spk12": {"room10": -0.43845859200000004}, "spk8": {"room10": -0.006516587}, "spk17": {"room5": 2.452347279, "room0": 1.9699379209999999}, "spk11": {"room3": 0.623754203, "room4": 0.726588428, "room7": -0.069248505, "room2": 0.173687667, "room12": 0.254902184, "room9": 0.7638876440000001}, "spk19": {"room4": -1.262290955, "room7": -1.150182843, "room12": -1.3875868319999998}, "spk13": {"room4": 1.841231585, "room12": 2.067561865}, "spk31": {"room10": -1.3520691390000001}, "spk6": {"room10": 1.079241991}, "spk3": {"room3": 2.047774792, "room5": 2.160978794, "room7": 1.6188423630000002, "room0": 2.337703705, "room2": 3.36304307, "room9": 2.462185144}, "spk0": {"room3": 0.5701002479999999}, "spk20": {"room10": -0.569013119}, "spk26": {"room2": 1.345683575}, "spk16": {"room3": 1.761340022, "room4": 0.653374135, "room7": 0.816478193, "room12": 0.784808993, "room9": 0.608739674}, "spk27": {"room5": 1.033951283, "room0": 1.229174137}, "spk25": {"room1": 8.851025581}, "spk21": {"room3": 1.232383966, "room4": 1.286591172, "room2": 0.732754529, "room12": 0.620757043}, "spk30": {"room4": -1.173334122, "room2": -1.242462397, "room12": -1.247084618}, "spk4": {"room6": 1.725410104}, "spk14": {"room10": 1.262505174}, "spk7": {"room12": 2.610531807}, "spk1": {"room5": 0.175700694, "room0": 0.9985682370000001}}}