{"meta": {"speaker": "spk25", "room": "room1"}, "data": {"spk22": {"room0": 0.7569833990000001}, "spk10": {"room4": 1.893496275, "room12": 1.9322605130000001}, "spk18": {"room5": -1.214038849, "room0": -0.99819839, "room2": -0.576499701}, "spk29": {"room10": 2.7939126489999997}, "spk5": {"room3": 2.199048042, "room5": 2.926821232, "room0": 3.652954817}, "spk9": {"room4": 0.883898437, "room7": 1.516354084, "room10": 1.625633597, "room12": 1.524184465, "room9": 0.7725676890000001}, "spk2": {"room5": 0.221953675, "room0": 0.156105012}, "spk23": {"room4": 2.45174551, "room7": 2.677695751, "room2": 2.921976328, "room10": 2.102264881, "room12": 2.591573715, "room9": 2.54779458}, "spk15": {"room10": 0.33123761399999996}, "spk28": {"room10": -0.725892007}, "spk24": {"room1": 1.294592261}, "spk12": {"room10": -0.171165615}, "spk8": {"room10": 0.032654781}, "spk17": {"room5": 2.230336189, "room0": 1.2547427420000001}, "spk11": {"room3": 0.34625572, "room4": -0.026488092, "room7": -0.795074463, "room2": -0.02723177, "room12": 0.034737397, "room9": 0.109807067}, "spk19": {"room4": -0.64716804, "room7": -0.555080891, "room12": -0.913418472}, "spk13": {"room4": 2.019685268, "room12": 1.567371249}, "spk31": {"room10": -1.3945323230000002}, "spk6": {"room10": 1.421699405}, "spk3": {"room3": 2.1333384509999997, "room5": 1.477828979, "room7": -0.10228557099999999, "room0": 2.23042202, "room2": 1.273939729, "room9": 1.516031504}, "spk0": {"room3": 0.38258963799999995}, "spk20": {"room10": 0.264637887}, "spk26": {"room2": 0.952997029}, "spk16": {"room3": 1.3352766040000001, "room4": -0.396303236, "room7": -0.14325600900000002, "room12": 0.267859995, "room9": -0.516572833}, "spk27": {"room5": 1.47116363, "room0": 1.315741181}, "spk25": {"room1": 6.914938927000001}, "spk21": {"room3": 1.951954961, "room4": 0.736415148, "room2": 0.438454151, "room12": -0.154039264}, "spk30": {"room4": -0.41332066100000003, "room2": -1.331045032, "room12": -0.7129787209999999}, "spk4": {"room6": 2.658687353}, "spk14": {"room10": 0.953308105}, "spk7": {"room12": 1.739998102}, "spk1": {"room5": 0.08846671099999999, "room0": 0.219538808}}}