{"meta": {"speaker": "spk10", "room": "room8"}, "data": {"spk22": {"room0": 1.330385923}, "spk10": {"room4": 3.558125973, "room12": 6.083583832}, "spk18": {"room5": -1.180465341, "room0": -0.749806106, "room2": -1.020925045}, "spk29": {"room10": 1.685049415}, "spk5": {"room3": 0.121629976, "room5": -0.7688936590000001, "room0": 1.237594843}, "spk9": {"room4": -0.298343211, "room7": 1.055665612, "room10": 0.9709290859999999, "room12": 1.310504079, "room9": 0.8572087290000001}, "spk2": {"room5": 0.36898469899999997, "room0": 0.38173991399999996}, "spk23": {"room4": 1.4340745209999999, "room7": 1.746896148, "room2": 3.4119913580000003, "room10": 2.4995481969999997, "room12": 2.0910148619999998, "room9": 1.73917675}, "spk15": {"room10": 0.412476778}, "spk28": {"room10": -1.359749436}, "spk24": {"room1": -0.619078815}, "spk12": {"room10": -0.6755045059999999}, "spk8": {"room10": -1.420966983}, "spk17": {"room5": 3.017700195, "room0": 2.193834066}, "spk11": {"room3": -0.8145613070000001, "room4": 1.3577443359999999, "room7": -1.044905782, "room2": -1.343163013, "room12": 1.299936056, "room9": 0.036637135}, "spk19": {"room4": -1.6491562130000001, "room7": -1.4930772780000001, "room12": -1.9603334669999999}, "spk13": {"room4": 1.159255028, "room12": 0.166510835}, "spk31": {"room10": -1.88753438}, "spk6": {"room10": 1.6629456280000001}, "spk3": {"room3": 0.740411818, "room5": 0.455366015, "room7": 0.219717085, "room0": 0.8816728000000001, "room2": -0.8625013229999999, "room9": -0.165914267}, "spk0": {"room3": 1.173917055}, "spk20": {"room10": -0.34333652299999995}, "spk26": {"room2": 1.264069319}, "spk16": {"room3": 1.641870379, "room4": -0.756107867, "room7": 0.720595062, "room12": 0.103620514, "room9": -0.633336008}, "spk27": {"room5": 2.35815835, "room0": 2.10282135}, "spk25": {"room1": 0.991208196}, "spk21": {"room3": 0.537744045, "room4": 0.314876169, "room2": -0.235436067, "room12": 0.13060110800000002}, "spk30": {"room4": -0.6846954820000001, "room2": -1.85306859, "room12": -1.5183647869999999}, "spk4": {"room6": 0.459754944}, "spk14": {"room10": 3.0384652610000003}, "spk7": {"room12": -0.415357053}, "spk1": {"room5": 2.134680748, "room0": 0.532263458}}}