{"meta": {"speaker": "spk10", "room": "room8"}, "data": {"spk22": {"room0": 1.6629838940000001}, "spk10": {"room4": 4.90473032, "room12": 5.995369434}, "spk18": {"room5": -1.967374682, "room0": -1.295810103, "room2": -1.479161978}, "spk29": {"room10": 2.535351992}, "spk5": {"room3": 0.698719203, "room5": 0.07074634, "room0": 0.873574317}, "spk9": {"room4": -1.018903136, "room7": 0.430938393, "room10": -0.9016309379999999, "room12": 0.094616689, "room9": -0.34679704899999997}, "spk2": {"room5": 0.32466745399999997, "room0": 0.341282934}, "spk23": {"room4": 1.591902018, "room7": 2.518772364, "room2": 2.78451252, "room10": 2.8497641089999997, "room12": 1.76064539, "room9": 3.255805731}, "spk15": {"room10": -0.38057372}, "spk28": {"room10": -1.562490821}, "spk24": {"room1": -0.391752183}, "spk12": {"room10": -1.123802185}, "spk8": {"room10": -1.371955276}, "spk17": {"room5": 2.380310535, "room0": 1.821695447}, "spk11": {"room3": -1.285274148, "room4": 0.9745153190000001, "room7": -1.129721999, "room2": -1.5989195109999998, "room12": 0.45782330600000004, "room9": 0.521091104}, "spk19": {"room4": -1.840215683, "room7": -1.5929948090000001, "room12": -2.611863613}, "spk13": {"room4": 0.8706770540000001, "room12": 0.10152211800000001}, "spk31": {"room10": -1.9486202000000001}, "spk6": {"room10": 0.977926135}, "spk3": {"room3": 0.7979788179999999, "room5": -0.28847214600000004, "room7": 0.328086823, "room0": -0.088178508, "room2": -0.461591631, "room9": -0.11215267300000001}, "spk0": {"room3": -0.37261927100000003}, "spk20": {"room10": -0.298352122}, "spk26": {"room2": 1.2834146020000001}, "spk16": {"room3": 2.261179447, "room4": -0.590588152, "room7": 0.608965635, "room12": -1.016200066, "room9": -0.115843579}, "spk27": {"room5": 0.42538803799999997, "room0": -0.582655609}, "spk25": {"room1": 1.303588629}, "spk21": {"room3": 0.6719969509999999, "room4": 1.535544395, "room2": 0.24671483, "room12": 1.112968564}, "spk30": {"room4": -1.767177224, "room2": -2.679645538, "room12": -1.836212397}, "spk4": {"room6": 1.285629153}, "spk14": {"room10": 2.108455658}, "spk7": {"room12": 0.49079963600000004}, "spk1": {"room5": 2.408317566, "room0": 1.570199132}}}