{"meta": {"speaker": "spk10", "room": "room8"}, "data": {"spk22": {"room0": 0.01875443}, "spk10": {"room4": 1.9098942280000002, "room12": 3.844694138}, "spk18": {"room5": -1.3175497059999999, "room0": -1.361718535, "room2": -1.544904232}, "spk29": {"room10": 1.8278098109999998}, "spk5": {"room3": 0.050890815, "room5": 0.5535351629999999, "room0": 0.683944881}, "spk9": {"room4": -0.889433026, "room7": -0.398114264, "room10": 0.080254652, "room12": -0.395205945, "room9": 0.157360956}, "spk2": {"room5": 0.441080779, "room0": 0.46002233}, "spk23": {"room4": 1.063380718, "room7": 1.596204996, "room2": 2.0686423780000003, "room10": 1.344936132, "room12": 1.8740888830000002, "room9": 1.7393797640000002}, "spk15": {"room10": -0.600244462}, "spk28": {"room10": -1.049679875}, "spk24": {"room1": -0.708930135}, "spk12": {"room10": -1.6312398909999999}, "spk8": {"room10": 0.334796041}, "spk17": {"room5": 1.355472565, "room0": 1.6000409130000002}, "spk11": {"room3": -1.040819407, "room4": 0.205904812, "room7": -0.915828705, "room2": -0.825120628, "room12": 0.383234203, "room9": -0.115065776}, "spk19": {"room4": -1.5823550219999998, "room7": -1.0285929440000001, "room12": -1.8295168880000001}, "spk13": {"room4": 1.3757810590000001, "room12": 1.617648005}, "spk31": {"room10": -1.9318977590000002}, "spk6": {"room10": 0.64139843}, "spk3": {"room3": 0.8165394659999999, "room5": 0.090886615, "room7": -0.8986008759999999, "room0": 0.377994269, "room2": -0.224961445, "room9": 0.525263071}, "spk0": {"room3": 0.069753855}, "spk20": {"room10": -1.38774991}, "spk26": {"room2": 0.5538728239999999}, "spk16": {"room3": 1.044917583, "room4": -0.545366704, "room7": 0.740141451, "room12": -0.495204806, "room9": 0.127614439}, "spk27": {"room5": 0.5199122429999999, "room0": 1.184303522}, "spk25": {"room1": 0.7299955490000001}, "spk21": {"room3": 2.089179993, "room4": 1.468555808, "room2": 1.7863860130000002, "room12": 2.75593853}, "spk30": {"room4": -1.416020989, "room2": -2.315474272, "room12": -1.531656504}, "spk4": {"room6": 0.47788617}, "spk14": {"room10": 1.281883836}, "spk7": {"room12": -0.16649098699999998}, "spk1": {"room5": 2.500076056, "room0": 1.965555549}}}