{"meta": {"speaker": "spk10", "room": "room8"}, "data": {"spk22": {"room0": 0.425799221}, "spk10": {"room4": 3.9452478889999996, "room12": 6.301985264}, "spk18": {"room5": -1.457818985, "room0": -1.303368688, "room2": -1.327207088}, "spk29": {"room10": 0.274068236}, "spk5": {"room3": -1.164089441, "room5": -0.660039783, "room0": 1.4606342319999999}, "spk9": {"room4": -1.168875694, "room7": -0.387902588, "room10": -0.5585467820000001, "room12": -0.656248212, "room9": -0.698606431}, "spk2": {"room5": 0.8319444659999999, "room0": -1.107550144}, "spk23": {"room4": 0.788296998, "room7": 1.12137115, "room2": 3.17682004, "room10": 1.68951571, "room12": 1.54534018, "room9": 0.783187449}, "spk15": {"room10": -0.76400739}, "spk28": {"room10": -1.386450648}, "spk24": {"room1": -1.930342674}, "spk12": {"room10": -1.220592737}, "spk8": {"room10": -0.01008052}, "spk17": {"room5": -0.044113897, "room0": 0.296561629}, "spk11": {"room3": 0.349130094, "room4": 0.053627443, "room7": -1.2234019040000002, "room2": -0.289485514, "room12": -0.017728698, "room9": -1.195206285}, "spk19": {"room4": -1.961709023, "room7": -1.68413043, "room12": -2.008721828}, "spk13": {"room4": 0.359288871, "room12": -0.8026602270000001}, "spk31": {"room10": -1.783822536}, "spk6": {"room10": 1.743114233}, "spk3": {"room3": -0.770026028, "room5": -1.037179708, "room7": -0.825240552, "room0": -0.5842671389999999, "room2": -1.45023489, "room9": -1.638700604}, "spk0": {"room3": -1.3601813319999998}, "spk20": {"room10": 0.13106110699999998}, "spk26": {"room2": -0.318439305}, "spk16": {"room3": -0.287000865, "room4": -1.9197827580000002, "room7": 0.446167201, "room12": -0.24427034, "room9": -1.41820693}, "spk27": {"room5": -0.372295201, "room0": 0.39299899299999996}, "spk25": {"room1": 0.292682022}, "spk21": {"room3": 0.8111262920000001, "room4": -0.41803184200000004, "room2": -0.545654297, "room12": 0.550505877}, "spk30": {"room4": -0.592166424, "room2": -1.9968606230000001, "room12": -0.603203237}, "spk4": {"room6": 1.266762495}, "spk14": {"room10": 1.430123925}, "spk7": {"room12": -0.569285452}, "spk1": {"room5": 0.48295593299999995, "room0": 0.215801582}}}