{"meta": {"speaker": "spk10", "room": "room8"}, "data": {"spk22": {"room0": 0.476827025}, "spk10": {"room4": 2.850458145, "room12": 4.339479446}, "spk18": {"room5": -1.7164367440000001, "room0": -1.3484681840000001, "room2": -1.762778521}, "spk29": {"room10": 1.369370341}, "spk5": {"room3": 0.25534609, "room5": -0.322354317, "room0": 0.330886662}, "spk9": {"room4": -0.943906128, "room7": -0.041056987, "room10": 0.059102088, "room12": -0.250717372, "room9": -0.321403801}, "spk2": {"room5": 1.330792665, "room0": 0.505002856}, "spk23": {"room4": 1.200303078, "room7": 1.714774489, "room2": 2.469936609, "room10": 2.076975822, "room12": 2.172536612, "room9": 2.6083488459999997}, "spk15": {"room10": -1.087691188}, "spk28": {"room10": -1.540354609}, "spk24": {"room1": 0.123701461}, "spk12": {"room10": -1.462932229}, "spk8": {"room10": -0.229563355}, "spk17": {"room5": 1.316227078, "room0": 1.6500946280000002}, "spk11": {"room3": -0.27349478, "room4": 0.96430248, "room7": -0.95121634, "room2": -0.790265083, "room12": 0.42940589799999995, "room9": -0.011095775}, "spk19": {"room4": -1.833375454, "room7": -1.413307667, "room12": -1.88372159}, "spk13": {"room4": 1.437688589, "room12": 1.188542247}, "spk31": {"room10": -2.031381845}, "spk6": {"room10": 0.473617852}, "spk3": {"room3": 0.376697093, "room5": 0.18741098, "room7": -0.7015326620000001, "room0": 0.09279295800000001, "room2": -0.390791237, "room9": -0.1562704}, "spk0": {"room3": 0.244030923}, "spk20": {"room10": -0.95601368}, "spk26": {"room2": 0.6938434840000001}, "spk16": {"room3": 0.7583323120000001, "room4": -0.8416111470000001, "room7": -0.22074128699999998, "room12": -0.505520761, "room9": -0.201876298}, "spk27": {"room5": 0.095241934, "room0": -0.15182139}, "spk25": {"room1": 0.532790065}, "spk21": {"room3": 1.813739657, "room4": 0.883334816, "room2": 1.828805327, "room12": 1.5516959430000001}, "spk30": {"room4": -1.5019392969999998, "room2": -2.370412588, "room12": -1.493831635}, "spk4": {"room6": 0.05205135}, "spk14": {"room10": 1.383812785}, "spk7": {"room12": 0.068050005}, "spk1": {"room5": 2.137310743, "room0": 1.79325211}}}