{"meta": {"speaker": "spk10", "room": "room8"}, "data": {"spk22": {"room0": 0.46422413}, "spk10": {"room4": 2.687361002, "room12": 2.868036985}, "spk18": {"room5": -1.6195542809999999, "room0": -1.54548502, "room2": -1.934998274}, "spk29": {"room10": 0.8839626309999999}, "spk5": {"room3": -1.214993119, "room5": -1.388340116, "room0": -1.421601415}, "spk9": {"room4": -1.095203042, "room7": -0.177116081, "room10": 0.677543938, "room12": -0.247222647, "room9": -0.34731397}, "spk2": {"room5": 1.439234495, "room0": 1.08934474}, "spk23": {"room4": 0.45468190299999994, "room7": 0.745931447, "room2": 1.086079717, "room10": 1.582389474, "room12": 1.756444573, "room9": 1.3761670590000001}, "spk15": {"room10": -0.875223517}, "spk28": {"room10": -0.93519628}, "spk24": {"room1": 0.228102058}, "spk12": {"room10": -1.44830811}, "spk8": {"room10": 0.885017395}, "spk17": {"room5": 1.7174109219999998, "room0": 1.359484792}, "spk11": {"room3": -1.138029456, "room4": 0.08269665400000001, "room7": -0.794049621, "room2": -0.9419564009999999, "room12": -0.205291644, "room9": -0.20552019800000002}, "spk19": {"room4": -1.7301155330000002, "room7": -1.655415654, "room12": -1.905549049}, "spk13": {"room4": 0.8851231340000001, "room12": 0.863784254}, "spk31": {"room10": -1.358576059}, "spk6": {"room10": 0.462944835}, "spk3": {"room3": -0.38181629799999994, "room5": 0.327870011, "room7": -0.6284467579999999, "room0": -0.20295293600000003, "room2": -0.116742209, "room9": -0.771708429}, "spk0": {"room3": -0.23495961699999998}, "spk20": {"room10": -1.289821506}, "spk26": {"room2": 0.773044527}, "spk16": {"room3": 0.221283898, "room4": -1.220894337, "room7": -0.484699726, "room12": -1.074882627, "room9": -0.605985641}, "spk27": {"room5": -0.464998633, "room0": -1.273266912}, "spk25": {"room1": -0.790901065}, "spk21": {"room3": 0.325106889, "room4": 0.602027774, "room2": 0.35333383100000004, "room12": 1.022656083}, "spk30": {"room4": -1.0208452940000001, "room2": -1.643861175, "room12": -1.158079624}, "spk4": {"room6": -0.374301881}, "spk14": {"room10": 1.721291184}, "spk7": {"room12": -0.517392755}, "spk1": {"room5": 1.809949517, "room0": 0.41068142700000004}}}