{"meta": {"speaker": "spk10", "room": "room8"}, "data": {"spk22": {"room0": -0.837099314}, "spk10": {"room4": 2.050445795, "room12": 2.265470982}, "spk18": {"room5": -1.734814048, "room0": -1.7994216680000001, "room2": -1.6304517980000002}, "spk29": {"room10": 1.533601046}, "spk5": {"room3": -0.107727572, "room5": -0.34590145899999997, "room0": 1.0316028590000001}, "spk9": {"room4": -1.077339649, "room7": -0.5517959, "room10": -0.16251719, "room12": -0.912151396, "room9": -0.5112721920000001}, "spk2": {"room5": -0.139890149, "room0": -0.289590269}, "spk23": {"room4": 1.676690459, "room7": 1.5704582930000002, "room2": 2.663739681, "room10": 1.4238587619999998, "room12": 1.139527082, "room9": 1.3016185759999999}, "spk15": {"room10": -0.722672462}, "spk28": {"room10": -1.766214252}, "spk24": {"room1": -0.034038834}, "spk12": {"room10": -1.6492880580000002}, "spk8": {"room10": 0.127274677}, "spk17": {"room5": 1.7309815880000001, "room0": 1.9301612380000002}, "spk11": {"room3": -1.7125819919999998, "room4": -1.007677197, "room7": -2.45468688, "room2": -2.622936726, "room12": -1.0275963540000002, "room9": -1.857160091}, "spk19": {"room4": -1.818184614, "room7": -1.67411685, "room12": -1.999052286}, "spk13": {"room4": 0.784386039, "room12": 0.299631596}, "spk31": {"room10": -1.9812294240000001}, "spk6": {"room10": 1.4811432359999999}, "spk3": {"room3": -0.033452407, "room5": -0.548187196, "room7": -1.546181321, "room0": -0.795308948, "room2": -1.206860423, "room9": -1.4406911130000002}, "spk0": {"room3": -0.232873768}, "spk20": {"room10": -1.0019505020000001}, "spk26": {"room2": 0.901579618}, "spk16": {"room3": -0.425340682, "room4": -1.408970118, "room7": -0.36800867299999995, "room12": -1.250135899, "room9": -0.814324498}, "spk27": {"room5": -0.054996240999999994, "room0": 0.07301759}, "spk25": {"room1": 0.43842962399999996}, "spk21": {"room3": 0.637869835, "room4": 0.470881402, "room2": 0.6709163779999999, "room12": 0.89031893}, "spk30": {"room4": -1.829796314, "room2": -2.513359308, "room12": -1.508979321}, "spk4": {"room6": 0.581954718}, "spk14": {"room10": 1.431759715}, "spk7": {"room12": -0.09537264}, "spk1": {"room5": 0.655535996, "room0": 0.6457345489999999}}}