{"meta": {"speaker": "spk10", "room": "room8"}, "data": {"spk22": {"room0": 0.611762226}, "spk10": {"room4": 6.535232067000001, "room12": 5.275519371000001}, "spk18": {"room5": -1.846521616, "room0": -1.7166260480000002, "room2": -1.830542326}, "spk29": {"room10": 0.650010526}, "spk5": {"room3": -0.000888424, "room5": -0.182101563, "room0": 1.354255915}, "spk9": {"room4": -0.561915755, "room7": 0.195808381, "room10": 0.07160951900000001, "room12": -0.014145108, "room9": 0.145233676}, "spk2": {"room5": 0.431592971, "room0": -0.08796604}, "spk23": {"room4": 1.0654178859999999, "room7": 1.856948614, "room2": 1.587083578, "room10": 1.30773139, "room12": 1.3346339459999998, "room9": 1.240316749}, "spk15": {"room10": 0.11188884800000001}, "spk28": {"room10": -1.892599344}, "spk24": {"room1": -1.254352808}, "spk12": {"room10": -1.66082716}, "spk8": {"room10": -0.373512506}, "spk17": {"room5": 1.77037549, "room0": 1.2860420940000001}, "spk11": {"room3": 0.079621732, "room4": 0.972058475, "room7": -0.695805728, "room2": -0.865817487, "room12": 0.716761172, "room9": -0.42073476299999996}, "spk19": {"room4": -1.969316602, "room7": -1.6531174180000001, "room12": -2.656423092}, "spk13": {"room4": 0.48531100200000005, "room12": 0.844054401}, "spk31": {"room10": -2.309127808}, "spk6": {"room10": 0.8226401809999999}, "spk3": {"room3": -0.173286214, "room5": -1.038339972, "room7": -0.34234497, "room0": -0.426336169, "room2": -0.9897891879999999, "room9": -1.126776814}, "spk0": {"room3": -0.971754014}, "spk20": {"room10": -1.107202172}, "spk26": {"room2": -0.677810013}, "spk16": {"room3": 0.34272772100000004, "room4": -1.008293152, "room7": -0.055092458, "room12": -0.156793058, "room9": -0.876861393}, "spk27": {"room5": 0.941753864, "room0": 0.549513817}, "spk25": {"room1": 0.37913796299999997}, "spk21": {"room3": 0.784473658, "room4": 0.197909191, "room2": -0.044402283, "room12": 1.120393157}, "spk30": {"room4": -1.251522779, "room2": -2.4896936419999998, "room12": -1.651964068}, "spk4": {"room6": 1.083515525}, "spk14": {"room10": 1.1201261279999999}, "spk7": {"room12": -0.033061054}, "spk1": {"room5": 0.9500545859999999, "room0": 0.042287789000000006}}}