{"meta": {"speaker": "spk10", "room": "room8"}, "data": {"spk22": {"room0": 0.5715563889999999}, "spk10": {"room4": 3.2042233939999996, "room12": 5.67317009}, "spk18": {"room5": -1.196664929, "room0": -1.4760895969999999, "room2": -0.9669547079999999}, "spk29": {"room10": 1.366524935}, "spk5": {"room3": 0.48790907899999997, "room5": -0.508988082, "room0": 0.022171414}, "spk9": {"room4": -0.7774732109999999, "room7": 0.230285197, "room10": -0.073555723, "room12": -0.22960335, "room9": -0.02211103}, "spk2": {"room5": 1.2525174620000001, "room0": 1.655430317}, "spk23": {"room4": 1.086140037, "room7": 0.80503583, "room2": 2.427707195, "room10": 0.920426965, "room12": 1.234371543, "room9": 1.600842595}, "spk15": {"room10": -0.5344420670000001}, "spk28": {"room10": -0.793107867}, "spk24": {"room1": -0.997022808}, "spk12": {"room10": -0.472881049}, "spk8": {"room10": -0.29172045}, "spk17": {"room5": 1.181600332, "room0": 0.554584086}, "spk11": {"room3": -0.7802461390000001, "room4": 1.204944015, "room7": -0.522028983, "room2": -0.34369322700000005, "room12": 1.129840851, "room9": -0.7467422490000001}, "spk19": {"room4": -1.3760098219999999, "room7": -1.086984277, "room12": -0.794093907}, "spk13": {"room4": -0.078729235, "room12": 0.53308636}, "spk31": {"room10": -0.936897457}, "spk6": {"room10": 1.0085812809999999}, "spk3": {"room3": 0.649557829, "room5": 0.81063211, "room7": 0.450691313, "room0": 0.9420928959999999, "room2": 0.066248685, "room9": 0.717444003}, "spk0": {"room3": 0.062604778}, "spk20": {"room10": 0.42618081}, "spk26": {"room2": 1.527360916}, "spk16": {"room3": 0.7181448340000001, "room4": -0.058504187, "room7": 0.572783232, "room12": 0.216375798, "room9": -0.036038365}, "spk27": {"room5": -0.730315328, "room0": -0.440454185}, "spk25": {"room1": 0.746614039}, "spk21": {"room3": 1.085819125, "room4": 1.141234756, "room2": 0.138652518, "room12": 1.543413758}, "spk30": {"room4": -0.321073294, "room2": -0.700309932, "room12": -0.48474994299999996}, "spk4": {"room6": 0.7644163970000001}, "spk14": {"room10": 1.4015581609999999}, "spk7": {"room12": -0.521079242}, "spk1": {"room5": 1.9952429530000002, "room0": -0.149865508}}}