{"meta": {"speaker": "spk10", "room": "room8"}, "data": {"spk22": {"room0": -0.351585835}, "spk10": {"room4": 4.7688951489999996, "room12": 3.923497915}, "spk18": {"room5": -1.6607897280000001, "room0": -1.762334466, "room2": -1.407928705}, "spk29": {"room10": 1.127827406}, "spk5": {"room3": -0.123254351, "room5": -0.51246953, "room0": 0.42339381600000003}, "spk9": {"room4": -0.499876201, "room7": -0.61380744, "room10": -0.846118927, "room12": -0.990488887, "room9": -0.20547702899999998}, "spk2": {"room5": -0.268292576, "room0": -0.317876399}, "spk23": {"room4": 1.259410739, "room7": 1.364255667, "room2": 0.958247066, "room10": 0.158844247, "room12": 0.9442784190000001, "room9": 1.7634438280000002}, "spk15": {"room10": -0.22903089199999999}, "spk28": {"room10": -1.5502071380000002}, "spk24": {"room1": -1.18816185}, "spk12": {"room10": -1.843601346}, "spk8": {"room10": -0.392603815}, "spk17": {"room5": 1.7137775419999999, "room0": 1.873571515}, "spk11": {"room3": -2.145032644, "room4": -0.5173862579999999, "room7": -1.60623312, "room2": -2.373256922, "room12": -0.138984814, "room9": -1.193787336}, "spk19": {"room4": -2.214946508, "room7": -1.652978897, "room12": -1.873287201}, "spk13": {"room4": 0.436633676, "room12": -0.34062138200000003}, "spk31": {"room10": -2.337914467}, "spk6": {"room10": 2.263739586}, "spk3": {"room3": 0.017464346999999998, "room5": -0.406012565, "room7": -0.605004489, "room0": -0.165921941, "room2": -0.8050043579999999, "room9": -0.963725686}, "spk0": {"room3": -0.316350877}, "spk20": {"room10": -1.378287077}, "spk26": {"room2": 0.29302772899999996}, "spk16": {"room3": 0.18398279, "room4": -0.150999635, "room7": -0.645479381, "room12": -0.55452621, "room9": -0.704455018}, "spk27": {"room5": -0.50980866, "room0": -1.214070678}, "spk25": {"room1": 0.320286155}, "spk21": {"room3": 0.234095067, "room4": 1.056269765, "room2": -0.479370743, "room12": 1.495410085}, "spk30": {"room4": -1.8298119309999998, "room2": -2.404417992, "room12": -1.994965672}, "spk4": {"room6": 0.583262861}, "spk14": {"room10": 1.328653455}, "spk7": {"room12": -0.097981073}, "spk1": {"room5": 0.998364806, "room0": -0.145255148}}}