{"meta": {"speaker": "spk10", "room": "room8"}, "data": {"spk22": {"room0": 0.274125338}, "spk10": {"room4": 2.9591512680000003, "room12": 4.959542751}, "spk18": {"room5": -1.87666297, "room0": -1.405331373, "room2": -1.8340607880000002}, "spk29": {"room10": 0.640158594}, "spk5": {"room3": -0.28688871899999996, "room5": -0.144350708, "room0": 1.0122649670000001}, "spk9": {"room4": -1.1116534470000001, "room7": -0.402256489, "room10": -0.687918842, "room12": -0.8803265090000001, "room9": -0.47421369}, "spk2": {"room5": 0.780352235, "room0": 0.045966834000000005}, "spk23": {"room4": 1.338017225, "room7": 1.7092131380000002, "room2": 1.6836258169999998, "room10": 2.012709856, "room12": 1.9187659030000002, "room9": 1.983902454}, "spk15": {"room10": -0.943621635}, "spk28": {"room10": -1.7802628280000001}, "spk24": {"room1": -0.795164227}, "spk12": {"room10": -1.6027591230000002}, "spk8": {"room10": 0.15810634199999998}, "spk17": {"room5": 0.5054300429999999, "room0": 1.76443696}, "spk11": {"room3": 0.19256694600000002, "room4": -0.303199857, "room7": -1.2598859070000001, "room2": -0.7692054509999999, "room12": 0.062210456, "room9": -1.322042704}, "spk19": {"room4": -2.5540273190000002, "room7": -1.94888854, "room12": -2.223674536}, "spk13": {"room4": 0.278654099, "room12": -0.746084511}, "spk31": {"room10": -2.112879276}, "spk6": {"room10": 1.0197883840000002}, "spk3": {"room3": -0.21204051399999999, "room5": -0.47019878, "room7": -0.580253601, "room0": -0.448706537, "room2": -1.146671891, "room9": -1.413431406}, "spk0": {"room3": -0.16057179900000002}, "spk20": {"room10": -0.85466069}, "spk26": {"room2": 0.243539482}, "spk16": {"room3": -0.08910664900000001, "room4": -1.57292068, "room7": -0.44367775299999995, "room12": -0.148406655, "room9": -0.6841132040000001}, "spk27": {"room5": -0.593090773, "room0": 0.04172406}, "spk25": {"room1": 0.038661495}, "spk21": {"room3": 1.142439604, "room4": -0.032952762999999996, "room2": 0.533654094, "room12": 0.941543221}, "spk30": {"room4": -1.449523926, "room2": -2.521305323, "room12": -0.999705732}, "spk4": {"room6": 0.9257110359999999}, "spk14": {"room10": 1.2010190490000001}, "spk7": {"room12": 0.18476642699999998}, "spk1": {"room5": 0.949130893, "room0": 0.203049585}}}