{"meta": {"speaker": "spk10", "room": "room8"}, "data": {"spk22": {"room0": -0.055606435999999995}, "spk10": {"room4": 2.634827375, "room12": 3.706032515}, "spk18": {"room5": -1.8507764340000001, "room0": -1.621131301, "room2": -1.71762073}, "spk29": {"room10": 1.8733533619999998}, "spk5": {"room3": 0.7571886179999999, "room5": 0.25231263, "room0": 0.420888245}, "spk9": {"room4": -0.441493928, "room7": -0.22197234600000001, "room10": 0.039836168, "room12": 0.050300747, "room9": 0.022768787999999998}, "spk2": {"room5": 0.646823406, "room0": -0.147001013}, "spk23": {"room4": 1.208456159, "room7": 0.662745118, "room2": 2.126346827, "room10": 1.4874976869999998, "room12": 1.039485574, "room9": 0.855933547}, "spk15": {"room10": -0.108617522}, "spk28": {"room10": -1.568608046}, "spk24": {"room1": -0.690849602}, "spk12": {"room10": -0.78570652}, "spk8": {"room10": 0.613016963}, "spk17": {"room5": 1.2481535670000001, "room0": 1.262280941}, "spk11": {"room3": 0.577925801, "room4": 0.36106300399999997, "room7": -0.566568851, "room2": 0.20305097100000002, "room12": 0.7769451140000001, "room9": 0.097512476}, "spk19": {"room4": -1.501453638, "room7": -0.912565947, "room12": -1.63422668}, "spk13": {"room4": 0.8809019920000001, "room12": 0.919885933}, "spk31": {"room10": -1.198771119}, "spk6": {"room10": 0.860678852}, "spk3": {"room3": -0.352316409, "room5": 0.019650787, "room7": -0.31223759100000004, "room0": 0.378326595, "room2": -0.030013382, "room9": -0.321542829}, "spk0": {"room3": 1.42201519}, "spk20": {"room10": -0.573589325}, "spk26": {"room2": -0.347539693}, "spk16": {"room3": 1.3936563730000002, "room4": -0.9092724320000001, "room7": 0.157916829, "room12": -0.149033666, "room9": -0.133153856}, "spk27": {"room5": 0.22837542, "room0": 0.0809839}, "spk25": {"room1": 0.42645093799999995}, "spk21": {"room3": 1.396744728, "room4": -0.327647477, "room2": 0.390682429, "room12": 0.38827905100000004}, "spk30": {"room4": -1.181625366, "room2": -1.959847927, "room12": -1.263291955}, "spk4": {"room6": 0.076285347}, "spk14": {"room10": 0.9662111999999999}, "spk7": {"room12": 0.6810352209999999}, "spk1": {"room5": 0.855564773, "room0": 0.9053257109999999}}}