{"meta": {"speaker": "spk10", "room": "room8"}, "data": {"spk22": {"room0": -0.670735896}, "spk10": {"room4": 2.9375424389999996, "room12": 3.401572704}, "spk18": {"room5": -1.9186160559999998, "room0": -1.592135668, "room2": -1.7508076430000001}, "spk29": {"room10": 1.137500405}, "spk5": {"room3": -1.002543092, "room5": -1.307601929, "room0": 0.061025634}, "spk9": {"room4": -1.118976831, "room7": -0.200018287, "room10": -0.192046523, "room12": -0.7756375670000001, "room9": -0.7273164990000001}, "spk2": {"room5": 0.10583047599999999, "room0": -0.246012822}, "spk23": {"room4": 1.565951228, "room7": 1.0178077220000001, "room2": 2.629191875, "room10": 0.89174819, "room12": 0.892468154, "room9": 1.531323195}, "spk15": {"room10": -1.204039574}, "spk28": {"room10": -1.553235173}, "spk24": {"room1": -0.348092705}, "spk12": {"room10": -1.4894440169999998}, "spk8": {"room10": 0.20955078300000002}, "spk17": {"room5": 0.835575521, "room0": 1.338693857}, "spk11": {"room3": -1.311447382, "room4": -0.519323409, "room7": -2.0212557319999997, "room2": -1.988567829, "room12": -0.6270356770000001, "room9": -1.6261136530000002}, "spk19": {"room4": -1.811815143, "room7": -1.6740342380000002, "room12": -2.0077426430000003}, "spk13": {"room4": 0.185547173, "room12": 0.769174516}, "spk31": {"room10": -1.7124387030000001}, "spk6": {"room10": 0.46661838899999997}, "spk3": {"room3": -0.8351307509999999, "room5": -0.615987301, "room7": -1.55108726, "room0": -0.710154653, "room2": -1.067050695, "room9": -1.531101584}, "spk0": {"room3": -0.14322306199999998}, "spk20": {"room10": -1.1770105359999998}, "spk26": {"room2": 0.898141265}, "spk16": {"room3": -0.188075706, "room4": -1.423698664, "room7": 0.150093943, "room12": -1.049098492, "room9": -0.5125756260000001}, "spk27": {"room5": -0.211159945, "room0": -0.426988661}, "spk25": {"room1": 0.050430857}, "spk21": {"room3": 0.9029381870000001, "room4": 0.64130497, "room2": 0.29874149, "room12": 0.951585114}, "spk30": {"room4": -1.540931106, "room2": -2.403401375, "room12": -2.044155598}, "spk4": {"room6": -0.20131076899999997}, "spk14": {"room10": 0.912695587}, "spk7": {"room12": -0.19891363399999998}, "spk1": {"room5": 1.296529174, "room0": 0.809029043}}}