{"meta": {"speaker": "spk10", "room": "room8"}, "data": {"spk22": {"room0": 0.5328457360000001}, "spk10": {"room4": 4.194141865, "room12": 4.631829262}, "spk18": {"room5": -1.974806309, "room0": -2.162546873, "room2": -1.800673246}, "spk29": {"room10": 1.23547411}, "spk5": {"room3": -1.230249524, "room5": -1.430251956, "room0": -1.006525278}, "spk9": {"room4": -1.057664275, "room7": -0.583347619, "room10": 0.6764572259999999, "room12": -0.627382755, "room9": -0.248327032}, "spk2": {"room5": 1.155902982, "room0": 0.537757933}, "spk23": {"room4": 1.01573205, "room7": 1.255735397, "room2": 1.8520921469999998, "room10": 1.6383517980000002, "room12": 1.35486877, "room9": 1.6671324969999999}, "spk15": {"room10": -1.710366964}, "spk28": {"room10": -1.610052705}, "spk24": {"room1": -0.497640252}, "spk12": {"room10": -1.7428377869999998}, "spk8": {"room10": 0.273277223}, "spk17": {"room5": 2.283941746, "room0": 2.021264076}, "spk11": {"room3": -0.357258409, "room4": 1.13073194, "room7": -0.648934722, "room2": -0.012478506, "room12": 0.839959204, "room9": 0.341771185}, "spk19": {"room4": -1.8310270309999999, "room7": -1.486456871, "room12": -2.1001966}, "spk13": {"room4": 0.7609010340000001, "room12": 1.3555006980000002}, "spk31": {"room10": -2.261048794}, "spk6": {"room10": 1.104106903}, "spk3": {"room3": -0.547181726, "room5": -0.22710669, "room7": -0.48929610799999995, "room0": -0.40867874, "room2": -0.490315855, "room9": -0.103242375}, "spk0": {"room3": 0.54088968}, "spk20": {"room10": -1.126304626}, "spk26": {"room2": 0.56259042}, "spk16": {"room3": 0.537105381, "room4": -0.234843418, "room7": 0.33569145200000006, "room12": -1.0887146, "room9": -0.47405171399999996}, "spk27": {"room5": -0.207050756, "room0": -0.295082033}, "spk25": {"room1": 0.100570746}, "spk21": {"room3": 0.578196347, "room4": 0.547240078, "room2": -0.24775438, "room12": 0.9603624340000001}, "spk30": {"room4": -1.413518429, "room2": -2.3004937169999997, "room12": -1.575089335}, "spk4": {"room6": -0.38914182799999997}, "spk14": {"room10": 1.7621916530000001}, "spk7": {"room12": -1.2938445809999999}, "spk1": {"room5": 1.28095746, "room0": 0.069033526}}}