{"meta": {"speaker": "spk10", "room": "room8"}, "data": {"spk22": {"room0": 0.35755240899999996}, "spk10": {"room4": 3.642488956, "room12": 3.9477007389999996}, "spk18": {"room5": -1.666299105, "room0": -1.431570292, "room2": -1.870787859}, "spk29": {"room10": 1.765479684}, "spk5": {"room3": -0.752132535, "room5": -0.940001607, "room0": 0.5415944460000001}, "spk9": {"room4": -0.71530503, "room7": 0.18913869600000002, "room10": -0.099843986, "room12": -0.935005605, "room9": -0.7315978409999999}, "spk2": {"room5": 0.620650291, "room0": 0.041229762}, "spk23": {"room4": 1.7604672909999999, "room7": 1.4105062480000001, "room2": 2.34880209, "room10": 0.8667501209999999, "room12": 2.1873729230000003, "room9": 2.417218685}, "spk15": {"room10": -0.223277852}, "spk28": {"room10": -1.5178529019999998}, "spk24": {"room1": -0.5623158220000001}, "spk12": {"room10": -1.7004016640000001}, "spk8": {"room10": 0.68508321}, "spk17": {"room5": 1.014852405, "room0": 1.357753873}, "spk11": {"room3": -1.228718758, "room4": -0.493454546, "room7": -1.859228611, "room2": -1.7077604530000001, "room12": -0.39013961, "room9": -1.249167919}, "spk19": {"room4": -1.862450004, "room7": -1.705232382, "room12": -2.419414043}, "spk13": {"room4": 0.90152216, "room12": 0.527786732}, "spk31": {"room10": -1.423428655}, "spk6": {"room10": 1.408311605}, "spk3": {"room3": -0.018072533999999998, "room5": 0.199085459, "room7": -0.598127961, "room0": -0.2276458, "room2": -0.9781051279999999, "room9": -1.135621309}, "spk0": {"room3": 0.38550609399999997}, "spk20": {"room10": -0.541820586}, "spk26": {"room2": 1.054934502}, "spk16": {"room3": 0.601693988, "room4": -1.664964914, "room7": -0.176635906, "room12": -0.780681491, "room9": -0.571160853}, "spk27": {"room5": 0.969887972, "room0": 0.37384372899999996}, "spk25": {"room1": 0.48436871200000003}, "spk21": {"room3": 1.271404386, "room4": 1.401672244, "room2": 0.9692863820000001, "room12": 2.0939576630000003}, "spk30": {"room4": -1.75774169, "room2": -2.794125319, "room12": -1.8041473630000002}, "spk4": {"room6": 0.020605322}, "spk14": {"room10": 1.37860322}, "spk7": {"room12": 0.131965294}, "spk1": {"room5": 1.466991067, "room0": 0.641970038}}}