{"meta": {"speaker": "spk10", "room": "room8"}, "data": {"spk22": {"room0": 0.288533211}, "spk10": {"room4": 4.47598505, "room12": 6.023749352}, "spk18": {"room5": -1.4209555390000002, "room0": -1.072512388, "room2": -1.093396306}, "spk29": {"room10": 0.712020636}, "spk5": {"room3": -0.244869217, "room5": -1.171502352, "room0": -0.150898591}, "spk9": {"room4": -1.119126678, "room7": 0.769546449, "room10": -0.044865027, "room12": 0.157112464, "room9": 0.478142112}, "spk2": {"room5": 0.699580193, "room0": 0.901858866}, "spk23": {"room4": 1.392598391, "room7": 1.5680688619999998, "room2": 3.1278870110000003, "room10": 0.8053668140000001, "room12": 1.8516902919999998, "room9": 1.330097437}, "spk15": {"room10": -0.619977295}, "spk28": {"room10": -0.8852421640000001}, "spk24": {"room1": 0.11719171}, "spk12": {"room10": -1.051306367}, "spk8": {"room10": 0.18909265100000003}, "spk17": {"room5": 2.529483795, "room0": 3.0703110689999997}, "spk11": {"room3": -0.815286875, "room4": 1.100512862, "room7": -1.418073893, "room2": -1.320657969, "room12": 0.457488626, "room9": -0.5721604229999999}, "spk19": {"room4": -1.762372255, "room7": -1.276131392, "room12": -1.701780319}, "spk13": {"room4": 0.75024569, "room12": -0.074525267}, "spk31": {"room10": -1.425643444}, "spk6": {"room10": 3.676665545}, "spk3": {"room3": -0.39652129999999997, "room5": 0.25275185699999997, "room7": -0.128926605, "room0": 0.38272962, "room2": -0.936127365, "room9": -0.388561815}, "spk0": {"room3": 1.068695426}, "spk20": {"room10": -1.372388601}, "spk26": {"room2": 1.4512023930000002}, "spk16": {"room3": 0.23075981399999998, "room4": -0.449557573, "room7": -0.10839629199999999, "room12": -0.023473136000000002, "room9": -0.016701534}, "spk27": {"room5": 0.9667797090000001, "room0": 1.152330995}, "spk25": {"room1": 0.692161024}, "spk21": {"room3": 0.728240311, "room4": 1.109857082, "room2": 0.8094370959999999, "room12": 0.608771622}, "spk30": {"room4": -0.636966884, "room2": -1.45494926, "room12": -0.7304763790000001}, "spk4": {"room6": 1.386617899}, "spk14": {"room10": 2.304500103}, "spk7": {"room12": 0.777848542}, "spk1": {"room5": 1.935647011, "room0": 0.19188877899999998}}}