{"meta": {"speaker": "spk10", "room": "room4"}, "data": {"spk22": {"room0": 0.57193327}, "spk10": {"room4": 5.241698742, "room12": 8.128434181}, "spk18": {"room5": -1.054322481, "room0": -1.054456711, "room2": -1.4637709859999999}, "spk29": {"room10": -0.8491287829999999}, "spk5": {"room3": -1.160167336, "room5": -0.514202774, "room0": -0.021931201}, "spk9": {"room4": -0.60887301, "room7": -0.021079822, "room10": -0.41927075399999997, "room12": -0.574395895, "room9": 0.11783415800000001}, "spk2": {"room5": 1.68506217, "room0": 1.279089689}, "spk23": {"room4": 0.478123635, "room7": 0.124250315, "room2": 1.7526968719999998, "room10": 1.3938342330000002, "room12": 1.36232996, "room9": 1.40655911}, "spk15": {"room10": -0.308993787}, "spk28": {"room10": -1.2973150009999999}, "spk24": {"room1": -1.6281329390000001}, "spk12": {"room10": -0.5344533920000001}, "spk8": {"room10": 0.8788431879999999}, "spk17": {"room5": 1.16840744, "room0": 0.48145321}, "spk11": {"room3": 1.707833648, "room4": 2.204048395, "room7": 1.77447331, "room2": 1.7264451980000002, "room12": 1.710990548, "room9": 0.606368065}, "spk19": {"room4": -0.5237656829999999, "room7": -0.676137745, "room12": -0.817682624}, "spk13": {"room4": 1.490900278, "room12": 1.6324217319999998}, "spk31": {"room10": -1.9418627019999999}, "spk6": {"room10": 1.9756056069999999}, "spk3": {"room3": -1.056604981, "room5": -0.67448765, "room7": -0.344944686, "room0": 0.157043904, "room2": -1.64449048, "room9": -0.51489538}, "spk0": {"room3": 0.501931906}, "spk20": {"room10": -0.524186134}, "spk26": {"room2": -1.158444405}, "spk16": {"room3": 1.635956645, "room4": -0.37512269600000003, "room7": 0.463355601, "room12": -0.153248727, "room9": -0.823016524}, "spk27": {"room5": 0.908439636, "room0": 1.7782835959999999}, "spk25": {"room1": -0.87606132}, "spk21": {"room3": 0.631746054, "room4": -0.32030943, "room2": -0.5368157029999999, "room12": 1.5488336090000001}, "spk30": {"room4": -0.037113525, "room2": -1.2465046640000002, "room12": -1.364935279}, "spk4": {"room6": -0.049322322}, "spk14": {"room10": 1.617284179}, "spk7": {"room12": 0.29491663}, "spk1": {"room5": 0.9474320409999999, "room0": 0.6509338020000001}}}