{"meta": {"speaker": "spk10", "room": "room8"}, "data": {"spk22": {"room0": -0.347933799}, "spk10": {"room4": 3.543152094, "room12": 4.762535095}, "spk18": {"room5": -1.9953794480000002, "room0": -1.707945466, "room2": -1.4211382869999998}, "spk29": {"room10": 1.37376821}, "spk5": {"room3": 0.205102965, "room5": 0.31141153, "room0": 0.943259418}, "spk9": {"room4": -1.6139951940000001, "room7": -1.397544026, "room10": -0.797030509, "room12": -1.124834895, "room9": -1.397219419}, "spk2": {"room5": 0.048441108, "room0": 0.16482836}, "spk23": {"room4": 0.30542945899999996, "room7": 0.262701005, "room2": 0.9333394770000001, "room10": 0.702048242, "room12": 1.2066169979999999, "room9": 0.6677499410000001}, "spk15": {"room10": 1.0703623290000002}, "spk28": {"room10": -1.278250933}, "spk24": {"room1": -1.138758421}, "spk12": {"room10": -1.270675182}, "spk8": {"room10": 0.094052717}, "spk17": {"room5": 0.39485329399999997, "room0": 0.38694211799999995}, "spk11": {"room3": -2.271790504, "room4": -0.593979955, "room7": -2.1197221280000003, "room2": -2.347744703, "room12": -1.559538603, "room9": -1.65078783}, "spk19": {"room4": -2.195840359, "room7": -1.9148378369999999, "room12": -2.139182329}, "spk13": {"room4": 0.550354123, "room12": -0.368225157}, "spk31": {"room10": -1.9215739969999999}, "spk6": {"room10": 0.405875504}, "spk3": {"room3": 1.072707176, "room5": -0.031072857000000002, "room7": -0.690217733, "room0": 0.475733191, "room2": -0.17613969699999998, "room9": -0.919496894}, "spk0": {"room3": 0.100831829}, "spk20": {"room10": -1.053660512}, "spk26": {"room2": 0.672781944}, "spk16": {"room3": 0.9549471740000001, "room4": -1.278658152, "room7": -0.741984069, "room12": -1.219062805, "room9": -0.373190165}, "spk27": {"room5": -2.120350122, "room0": -1.8923523430000002}, "spk25": {"room1": 0.148549095}, "spk21": {"room3": 1.213955522, "room4": 0.23526999399999998, "room2": -0.390456498, "room12": 0.256106138}, "spk30": {"room4": -1.355073571, "room2": -2.260669708, "room12": -1.8113951680000002}, "spk4": {"room6": 1.024932861}, "spk14": {"room10": 1.4243508580000002}, "spk7": {"room12": -0.209387988}, "spk1": {"room5": 1.307244778, "room0": 0.485562414}}}