{"meta": {"speaker": "spk10", "room": "room8"}, "data": {"spk22": {"room0": -0.293332547}, "spk10": {"room4": 2.060993433, "room12": 1.7816016669999999}, "spk18": {"room5": -1.706934571, "room0": -1.5681599380000002, "room2": -1.412690759}, "spk29": {"room10": -0.153455451}, "spk5": {"room3": -1.012470245, "room5": -0.67933476, "room0": -0.43171021299999995}, "spk9": {"room4": -1.0322334770000001, "room7": -0.539508224, "room10": -0.572521269, "room12": -0.46181803899999996, "room9": -0.44271782}, "spk2": {"room5": -0.8291985390000001, "room0": -1.02261889}, "spk23": {"room4": 0.875343025, "room7": 0.243977368, "room2": 0.37341249, "room10": 0.570874691, "room12": 0.214424565, "room9": 1.309117913}, "spk15": {"room10": -1.68077147}, "spk28": {"room10": -1.4950265880000002}, "spk24": {"room1": -0.354738712}, "spk12": {"room10": -1.422240376}, "spk8": {"room10": -0.8355532290000001}, "spk17": {"room5": 0.19612303399999997, "room0": 1.420031905}, "spk11": {"room3": -1.99688971, "room4": -0.609307885, "room7": -1.22737515, "room2": -1.7397785190000001, "room12": -0.36581644399999996, "room9": -1.7742770909999999}, "spk19": {"room4": -1.59327209, "room7": -1.5065701009999999, "room12": -1.657230735}, "spk13": {"room4": -0.30843296600000003, "room12": -1.45462513}, "spk31": {"room10": -2.028175116}, "spk6": {"room10": 0.10631836199999999}, "spk3": {"room3": -0.920969844, "room5": -0.457953304, "room7": -0.597782493, "room0": -0.272494167, "room2": -1.246470571, "room9": -0.968181491}, "spk0": {"room3": -1.121323824}, "spk20": {"room10": -1.046463132}, "spk26": {"room2": -0.129029378}, "spk16": {"room3": 0.475075841, "room4": -0.9824936390000001, "room7": -0.07238560200000001, "room12": -0.48529022899999996, "room9": -0.09822490800000001}, "spk27": {"room5": -0.8364852070000001, "room0": -0.865491986}, "spk25": {"room1": -0.515989244}, "spk21": {"room3": -0.212208405, "room4": 0.721121013, "room2": -0.761146963, "room12": 0.629258335}, "spk30": {"room4": -1.467920661, "room2": -2.408084869, "room12": -1.817394137}, "spk4": {"room6": 0.442495078}, "spk14": {"room10": 0.648490906}, "spk7": {"room12": -0.101893865}, "spk1": {"room5": -0.480827898, "room0": -0.906802833}}}