{"meta": {"speaker": "spk10", "room": "room12"}, "data": {"spk22": {"room0": 2.0026943680000002}, "spk10": {"room4": 3.809432507, "room12": 4.520026683999999}, "spk18": {"room5": -1.6951794619999998, "room0": -1.210011959, "room2": -1.330046296}, "spk29": {"room10": 1.589301825}, "spk5": {"room3": 0.431070745, "room5": -0.026184924, "room0": 0.23738043}, "spk9": {"room4": 0.494557261, "room7": 1.248832822, "room10": -0.01921886, "room12": 1.197294354, "room9": 0.764885545}, "spk2": {"room5": 1.5240848059999998, "room0": -0.27478691899999996}, "spk23": {"room4": 2.230319738, "room7": 2.5029137130000003, "room2": 1.1981529, "room10": 1.6982219219999999, "room12": 1.9641965630000002, "room9": 2.440228224}, "spk15": {"room10": -1.070743918}, "spk28": {"room10": -1.575080037}, "spk24": {"room1": -0.329449624}, "spk12": {"room10": -1.421422005}, "spk8": {"room10": 0.253998965}, "spk17": {"room5": 3.307099342, "room0": 2.50171876}, "spk11": {"room3": 1.259796262, "room4": 1.4634941819999998, "room7": 0.8352739809999999, "room2": 1.161012769, "room12": 1.506289721, "room9": 1.200977087}, "spk19": {"room4": -1.479248285, "room7": -1.251414418, "room12": -1.558383703}, "spk13": {"room4": 1.021312714, "room12": 1.079558849}, "spk31": {"room10": -1.819998026}, "spk6": {"room10": 1.00790894}, "spk3": {"room3": 0.98686856, "room5": 0.013578638, "room7": 1.779758811, "room0": 1.978827119, "room2": 0.095568359, "room9": 1.626671433}, "spk0": {"room3": 0.303768575}, "spk20": {"room10": -0.498886555}, "spk26": {"room2": -0.656512499}, "spk16": {"room3": 1.5543605090000001, "room4": 0.725997806, "room7": 0.8501172659999999, "room12": 0.639564931, "room9": 0.492147923}, "spk27": {"room5": 0.543507338, "room0": 0.630216777}, "spk25": {"room1": 0.870572507}, "spk21": {"room3": -0.11644522800000001, "room4": -0.342143565, "room2": -0.330781728, "room12": -0.110562705}, "spk30": {"room4": -0.09758447099999999, "room2": -0.689895272, "room12": -0.718149185}, "spk4": {"room6": 2.444825649}, "spk14": {"room10": 0.828173578}, "spk7": {"room12": 1.991771102}, "spk1": {"room5": -0.263204247, "room0": 0.15462779999999998}}}