{"meta": {"speaker": "spk10", "room": "room8"}, "data": {"spk22": {"room0": 1.200492144}, "spk10": {"room4": 4.5844097139999995, "room12": 6.596706867000001}, "spk18": {"room5": -2.09401083, "room0": -1.5322906969999999, "room2": -0.9144626859999999}, "spk29": {"room10": 1.010284781}, "spk5": {"room3": -0.016574817, "room5": 0.079766452, "room0": 1.166559458}, "spk9": {"room4": 0.997054815, "room7": 0.7801463009999999, "room10": 0.211768791, "room12": 0.712961018, "room9": 1.264956474}, "spk2": {"room5": -0.984061003, "room0": -0.21626938899999998}, "spk23": {"room4": 1.9860616919999998, "room7": 1.3641656640000002, "room2": 1.8963317869999998, "room10": 0.9749491809999999, "room12": 1.31948638, "room9": 1.610008836}, "spk15": {"room10": -0.055340495}, "spk28": {"room10": -1.0793840890000002}, "spk24": {"room1": -0.46900290299999997}, "spk12": {"room10": -1.016249895}, "spk8": {"room10": -1.141111255}, "spk17": {"room5": 2.053178549, "room0": 1.530130625}, "spk11": {"room3": -1.602264643, "room4": 0.603098452, "room7": -0.7102581859999999, "room2": -1.605516911, "room12": 1.0184617040000001, "room9": -0.488050431}, "spk19": {"room4": -1.634225249, "room7": -1.70258534, "room12": -1.479953766}, "spk13": {"room4": 0.7817992570000001, "room12": 0.27254945}, "spk31": {"room10": -1.937849045}, "spk6": {"room10": 2.013658762}, "spk3": {"room3": 0.579359949, "room5": -0.6859506959999999, "room7": 0.88861382, "room0": 1.074809551, "room2": -1.635619521, "room9": 0.353121907}, "spk0": {"room3": 0.209044158}, "spk20": {"room10": -0.7488320470000001}, "spk26": {"room2": 0.758896172}, "spk16": {"room3": 1.064977288, "room4": 0.43809497399999997, "room7": 0.32116785600000003, "room12": 0.587662935, "room9": -0.49967464799999994}, "spk27": {"room5": 1.069626093, "room0": 0.448452055}, "spk25": {"room1": 0.457937717}, "spk21": {"room3": 0.034933761, "room4": 0.8949902059999999, "room2": 0.114076599, "room12": 1.345754266}, "spk30": {"room4": -1.299586773, "room2": -2.160736561, "room12": -1.736425996}, "spk4": {"room6": 0.872191608}, "spk14": {"room10": 3.011887312}, "spk7": {"room12": 0.612660825}, "spk1": {"room5": 0.951543868, "room0": -0.307024688}}}