{"meta": {"speaker": "spk10", "room": "room8"}, "data": {"spk22": {"room0": -0.300851822}, "spk10": {"room4": 2.9164605139999997, "room12": 4.085814476}, "spk18": {"room5": -1.6914474959999999, "room0": -1.282647729, "room2": -1.534777641}, "spk29": {"room10": 1.340660453}, "spk5": {"room3": -0.087417729, "room5": -0.16247615199999998, "room0": 0.7137121559999999}, "spk9": {"room4": -0.622080266, "room7": 0.184709951, "room10": -0.030876832000000003, "room12": 0.148763821, "room9": 0.055070151}, "spk2": {"room5": 0.828451395, "room0": 0.907037795}, "spk23": {"room4": 0.98976469, "room7": 0.8246445059999999, "room2": 1.276085973, "room10": 1.15690136, "room12": 1.804940701, "room9": 2.037777185}, "spk15": {"room10": -0.86902678}, "spk28": {"room10": -1.57909286}, "spk24": {"room1": 0.211680323}, "spk12": {"room10": -1.75112927}, "spk8": {"room10": 0.010233633}, "spk17": {"room5": 1.80037868, "room0": 1.88010323}, "spk11": {"room3": -1.601465225, "room4": 0.365200609, "room7": -0.974640906, "room2": -1.3528589009999998, "room12": 0.108220808, "room9": -0.698809624}, "spk19": {"room4": -2.151569366, "room7": -1.676059961, "room12": -2.216506243}, "spk13": {"room4": 1.5452351569999998, "room12": 1.182922244}, "spk31": {"room10": -2.22414279}, "spk6": {"room10": 1.1429114340000002}, "spk3": {"room3": 0.7164721490000001, "room5": 0.5787920360000001, "room7": -0.781111181, "room0": 0.528226912, "room2": -0.361649007, "room9": -0.060701523}, "spk0": {"room3": -0.437228441}, "spk20": {"room10": -1.31814146}, "spk26": {"room2": 1.022785425}, "spk16": {"room3": 0.21569784, "room4": -0.6520496610000001, "room7": -0.029988246, "room12": -0.435181886, "room9": -0.08057466099999999}, "spk27": {"room5": -0.391577929, "room0": 0.136229932}, "spk25": {"room1": 0.07735476599999999}, "spk21": {"room3": 1.4052171709999999, "room4": 1.459322691, "room2": 1.23978436, "room12": 2.805921316}, "spk30": {"room4": -2.216368437, "room2": -2.9171187880000002, "room12": -1.9022341969999998}, "spk4": {"room6": 0.348667949}, "spk14": {"room10": 1.5202749969999998}, "spk7": {"room12": 1.105281711}, "spk1": {"room5": 2.582289457, "room0": 1.2386419770000001}}}