{"meta": {"speaker": "spk10", "room": "room4"}, "data": {"spk22": {"room0": 1.96491015}, "spk10": {"room4": 6.646538734, "room12": 7.882852077000001}, "spk18": {"room5": -1.6785612109999999, "room0": -1.146353841, "room2": -1.551082134}, "spk29": {"room10": 1.878192544}, "spk5": {"room3": 0.090440147, "room5": 0.320422739, "room0": -0.18445365100000002}, "spk9": {"room4": 0.45659428799999996, "room7": 1.3302417990000002, "room10": -0.284909457, "room12": 0.872836053, "room9": 0.420232505}, "spk2": {"room5": 1.516563654, "room0": 1.6109998230000002}, "spk23": {"room4": 1.3203037979999999, "room7": 1.464698434, "room2": 0.943967998, "room10": 1.814742804, "room12": 1.8781489130000002, "room9": 2.3296489719999998}, "spk15": {"room10": -1.4659086469999998}, "spk28": {"room10": -1.4164961580000002}, "spk24": {"room1": -0.196785703}, "spk12": {"room10": -1.434335589}, "spk8": {"room10": -0.5331310029999999}, "spk17": {"room5": 3.44398737, "room0": 2.363843679}, "spk11": {"room3": 0.951043367, "room4": 2.9811663630000003, "room7": 2.3107447619999997, "room2": 1.198485732, "room12": 2.1438727380000002, "room9": 1.351067305}, "spk19": {"room4": -1.303596854, "room7": -0.874665737, "room12": -1.650182962}, "spk13": {"room4": 1.2552573679999999, "room12": 1.802056789}, "spk31": {"room10": -1.5959651469999998}, "spk6": {"room10": 0.140230507}, "spk3": {"room3": -0.057721112000000005, "room5": 0.26927471199999997, "room7": 1.225240827, "room0": 1.138243794, "room2": -1.091942787, "room9": 1.13011694}, "spk0": {"room3": 0.8418140409999999}, "spk20": {"room10": -1.36930871}, "spk26": {"room2": -0.086716406}, "spk16": {"room3": 0.547902167, "room4": 0.33670961899999996, "room7": 0.42688784, "room12": -0.556513786, "room9": 0.10747973599999999}, "spk27": {"room5": 1.8644462819999998, "room0": 1.916840315}, "spk25": {"room1": 0.167847112}, "spk21": {"room3": 1.244717956, "room4": 1.251729369, "room2": 1.177741766, "room12": 2.282876253}, "spk30": {"room4": -1.350069404, "room2": -2.443849325, "room12": -1.7739775180000001}, "spk4": {"room6": -0.24957487}, "spk14": {"room10": 1.424873233}, "spk7": {"room12": -0.173856884}, "spk1": {"room5": 2.66683197, "room0": 0.500966012}}}