{"meta": {"speaker": "spk10", "room": "room8"}, "data": {"spk22": {"room0": -0.24394489800000002}, "spk10": {"room4": 3.50104785, "room12": 4.509531021}, "spk18": {"room5": -1.560336828, "room0": -1.7507337330000001, "room2": -1.112003922}, "spk29": {"room10": 1.213600636}, "spk5": {"room3": -0.857793927, "room5": -0.47428754, "room0": 0.134268045}, "spk9": {"room4": -0.6737254859999999, "room7": 0.514290035, "room10": -0.749370098, "room12": -0.257691324, "room9": 0.302680343}, "spk2": {"room5": -0.236302629, "room0": 0.565503955}, "spk23": {"room4": 1.398076296, "room7": 1.3522888419999999, "room2": 2.158020973, "room10": 1.42972517, "room12": 1.775206566, "room9": 1.842104316}, "spk15": {"room10": 0.015206782}, "spk28": {"room10": -0.9385257359999999}, "spk24": {"room1": -0.37960034600000003}, "spk12": {"room10": -1.1101832390000002}, "spk8": {"room10": 0.14204682400000002}, "spk17": {"room5": 1.294606924, "room0": 2.346534014}, "spk11": {"room3": -1.99218905, "room4": -0.028362797999999998, "room7": -1.550293088, "room2": -2.23216176, "room12": -0.047924139000000004, "room9": -1.4623236659999999}, "spk19": {"room4": -1.417158484, "room7": -1.469938159, "room12": -1.497856736}, "spk13": {"room4": 0.720805287, "room12": -0.509150147}, "spk31": {"room10": -1.490887761}, "spk6": {"room10": 1.6661138530000001}, "spk3": {"room3": -0.217150435, "room5": 0.001916035, "room7": -0.135467857, "room0": 0.660804808, "room2": -1.228348136, "room9": -0.248971462}, "spk0": {"room3": 0.239404321}, "spk20": {"room10": -0.9143728609999999}, "spk26": {"room2": 1.340283632}, "spk16": {"room3": 0.156989947, "room4": -0.746819437, "room7": -0.5298672320000001, "room12": -1.157764435, "room9": -0.809836447}, "spk27": {"room5": 0.103303514, "room0": 0.17855964600000002}, "spk25": {"room1": 0.710558653}, "spk21": {"room3": -0.594336629, "room4": 0.8442969920000001, "room2": -0.021086546, "room12": 1.781007051}, "spk30": {"room4": -1.530398726, "room2": -2.0180037019999997, "room12": -1.5618498330000001}, "spk4": {"room6": -0.07637740700000001}, "spk14": {"room10": 1.714306235}, "spk7": {"room12": -0.245921552}, "spk1": {"room5": 0.963729739, "room0": -0.504034519}}}