{"meta": {"speaker": "spk10", "room": "room8"}, "data": {"spk22": {"room0": -0.325506955}, "spk10": {"room4": 3.25280714, "room12": 3.20614481}, "spk18": {"room5": -2.364875555, "room0": -2.00434351, "room2": -1.829180002}, "spk29": {"room10": 1.0955652}, "spk5": {"room3": -0.428270638, "room5": -0.450857073, "room0": 0.22994692600000002}, "spk9": {"room4": -1.236665845, "room7": -0.22325182, "room10": 0.189744875, "room12": -0.467047125, "room9": -0.6709674}, "spk2": {"room5": 1.025038958, "room0": -0.334295422}, "spk23": {"room4": 1.4636857509999999, "room7": 1.3255146740000001, "room2": 2.460782528, "room10": 1.610641956, "room12": 1.153104544, "room9": 1.9113237859999999}, "spk15": {"room10": -0.48738780600000003}, "spk28": {"room10": -1.861153364}, "spk24": {"room1": -0.272779703}, "spk12": {"room10": -1.793514848}, "spk8": {"room10": 0.9307733770000001}, "spk17": {"room5": 1.187629819, "room0": 1.665033102}, "spk11": {"room3": -0.345357925, "room4": -0.24424323399999998, "room7": -1.501016855, "room2": -0.902636051, "room12": -0.286706179, "room9": -1.281504393}, "spk19": {"room4": -2.4135036469999998, "room7": -2.079963446, "room12": -2.504739046}, "spk13": {"room4": 0.410122305, "room12": 0.442243695}, "spk31": {"room10": -2.1845862869999997}, "spk6": {"room10": 0.932974935}, "spk3": {"room3": -0.503174245, "room5": -0.47033584100000003, "room7": -1.265457273, "room0": -0.883535326, "room2": -0.964745045, "room9": -0.9126462340000001}, "spk0": {"room3": -0.5153335929999999}, "spk20": {"room10": -1.016619325}, "spk26": {"room2": 1.40230298}, "spk16": {"room3": -0.321989089, "room4": -2.05109334, "room7": -0.942293465, "room12": -1.338970304, "room9": -1.464044809}, "spk27": {"room5": 0.421598166, "room0": -0.12400631599999999}, "spk25": {"room1": -0.166756541}, "spk21": {"room3": 1.596885562, "room4": 0.49880257200000006, "room2": 0.571480393, "room12": 1.4524459840000001}, "spk30": {"room4": -2.01827383, "room2": -3.0898225310000003, "room12": -1.284350753}, "spk4": {"room6": -0.022659542}, "spk14": {"room10": 0.5376262070000001}, "spk7": {"room12": 0.33141925899999997}, "spk1": {"room5": 1.8603307009999999, "room0": 1.017925143}}}