{"meta": {"speaker": "spk10", "room": "room8"}, "data": {"spk22": {"room0": 0.673738718}, "spk10": {"room4": 3.1503183839999997, "room12": 4.645377636}, "spk18": {"room5": -1.3395929340000001, "room0": -0.952863455, "room2": -1.711115837}, "spk29": {"room10": 0.412272543}, "spk5": {"room3": -0.8540185090000001, "room5": -0.625578284, "room0": 0.446574718}, "spk9": {"room4": -0.281054497, "room7": 0.071562298, "room10": 0.451128542, "room12": -0.222212613, "room9": 0.6998752359999999}, "spk2": {"room5": 1.476009846, "room0": 1.321767926}, "spk23": {"room4": 0.646690965, "room7": 0.286039114, "room2": 2.246686935, "room10": 1.058298826, "room12": 1.2934622759999999, "room9": 1.545449853}, "spk15": {"room10": -1.4199216369999998}, "spk28": {"room10": -1.21410656}, "spk24": {"room1": -1.063876152}, "spk12": {"room10": -1.62802732}, "spk8": {"room10": -0.159595415}, "spk17": {"room5": 0.8007918, "room0": 0.8214772340000001}, "spk11": {"room3": -0.6829894190000001, "room4": 1.294679284, "room7": 0.319167197, "room2": 0.14341899800000002, "room12": 0.926086128, "room9": -0.28633883600000004}, "spk19": {"room4": -1.906217575, "room7": -0.950791717, "room12": -1.999010444}, "spk13": {"room4": 1.346711397, "room12": 0.527261674}, "spk31": {"room10": -1.5686368940000002}, "spk6": {"room10": 0.40282878299999997}, "spk3": {"room3": -0.396298081, "room5": 0.05808825, "room7": -0.567078114, "room0": 0.523169219, "room2": -1.167445421, "room9": -0.295971692}, "spk0": {"room3": -0.47099813799999996}, "spk20": {"room10": -1.037171364}, "spk26": {"room2": -0.43154439299999997}, "spk16": {"room3": -0.580060124, "room4": -0.23256543300000002, "room7": 0.569373488, "room12": 0.068856969, "room9": 0.254212111}, "spk27": {"room5": 0.436000735, "room0": 0.424269944}, "spk25": {"room1": -0.20256868}, "spk21": {"room3": -0.009358111, "room4": 0.444321036, "room2": 0.8890835640000001, "room12": 1.799530268}, "spk30": {"room4": -2.083238125, "room2": -2.505935431, "room12": -1.4717632530000002}, "spk4": {"room6": -0.637513459}, "spk14": {"room10": 1.114842057}, "spk7": {"room12": 0.32048746899999997}, "spk1": {"room5": 2.562626362, "room0": 1.1076687570000001}}}