{"meta": {"speaker": "spk10", "room": "room8"}, "data": {"spk22": {"room0": 0.068548188}, "spk10": {"room4": 3.750211239, "room12": 3.3508739469999997}, "spk18": {"room5": -1.59674418, "room0": -1.635652661, "room2": -1.607309937}, "spk29": {"room10": 0.6047675610000001}, "spk5": {"room3": 0.470417559, "room5": -0.23132255699999998, "room0": 1.3211048840000001}, "spk9": {"room4": -1.4477566480000001, "room7": -0.618590176, "room10": -0.7240132690000001, "room12": -0.940201223, "room9": -0.961397469}, "spk2": {"room5": 0.8196866509999999, "room0": -0.304280937}, "spk23": {"room4": 1.855583191, "room7": 1.4651764630000002, "room2": 2.214065075, "room10": 2.087708473, "room12": 1.494271994, "room9": 1.7529748680000001}, "spk15": {"room10": -0.121044993}, "spk28": {"room10": -1.496789336}, "spk24": {"room1": -0.48810291299999997}, "spk12": {"room10": -1.2774072890000001}, "spk8": {"room10": 1.154030323}, "spk17": {"room5": 1.960698843, "room0": 1.682713747}, "spk11": {"room3": -1.376451254, "room4": -0.47876638200000005, "room7": -1.856696725, "room2": -2.052828312, "room12": -0.863669515, "room9": -1.6119806769999998}, "spk19": {"room4": -1.5818319319999998, "room7": -0.938249111, "room12": -1.521762729}, "spk13": {"room4": 0.496880114, "room12": -0.07249645099999999}, "spk31": {"room10": -1.8372343780000002}, "spk6": {"room10": 2.088816643}, "spk3": {"room3": -0.651671231, "room5": -0.210719243, "room7": -0.976920784, "room0": -1.1382370000000002, "room2": -0.631744444, "room9": -1.855666995}, "spk0": {"room3": 0.230443493}, "spk20": {"room10": -0.64144665}, "spk26": {"room2": 0.949141145}, "spk16": {"room3": -0.162306026, "room4": -1.5005469319999998, "room7": -1.200261354, "room12": -1.01387012, "room9": -1.102506518}, "spk27": {"room5": -0.471686125, "room0": -0.7366407509999999}, "spk25": {"room1": 0.260448903}, "spk21": {"room3": 1.597847819, "room4": 0.834625959, "room2": 1.03058219, "room12": 1.11272645}, "spk30": {"room4": -1.2616723779999999, "room2": -2.211018085, "room12": -0.9616059659999999}, "spk4": {"room6": 1.7265863419999998}, "spk14": {"room10": 0.766392946}, "spk7": {"room12": 1.045394301}, "spk1": {"room5": 0.907090187, "room0": -0.377512991}}}