{"meta": {"speaker": "spk10", "room": "room8"}, "data": {"spk22": {"room0": -0.878847837}, "spk10": {"room4": 2.332651138, "room12": 2.0428009030000003}, "spk18": {"room5": -1.6977974180000002, "room0": -1.6116858719999998, "room2": -1.467603922}, "spk29": {"room10": 0.80922997}, "spk5": {"room3": -0.580430925, "room5": -0.6804882290000001, "room0": 0.532998145}, "spk9": {"room4": -1.005161166, "room7": -0.46915355299999995, "room10": -0.877434075, "room12": -0.939194262, "room9": -0.343611121}, "spk2": {"room5": -0.158105686, "room0": -0.696320534}, "spk23": {"room4": 0.32286498, "room7": 0.623862505, "room2": 1.592357159, "room10": 0.13832671900000001, "room12": 0.334744394, "room9": 0.548410237}, "spk15": {"room10": -1.480701566}, "spk28": {"room10": -1.2950247529999999}, "spk24": {"room1": -0.7261844279999999}, "spk12": {"room10": -1.797412395}, "spk8": {"room10": -0.126040876}, "spk17": {"room5": 0.6023279429999999, "room0": 0.723500192}, "spk11": {"room3": -1.383327246, "room4": -0.367406845, "room7": -1.01723218, "room2": -1.8353943819999998, "room12": -0.125372812, "room9": -0.982661963}, "spk19": {"room4": -1.603087902, "room7": -1.228906274, "room12": -1.80378592}, "spk13": {"room4": 0.128949374, "room12": -0.248874873}, "spk31": {"room10": -1.945009589}, "spk6": {"room10": 0.648091793}, "spk3": {"room3": -0.061815064, "room5": 0.222151026, "room7": -1.266524315, "room0": -0.276893675, "room2": -1.269139886, "room9": -1.129951}, "spk0": {"room3": 0.39799729}, "spk20": {"room10": -1.3780283930000001}, "spk26": {"room2": 0.523913443}, "spk16": {"room3": 0.34595820299999996, "room4": -1.515513062, "room7": 0.042743030999999994, "room12": -0.894866288, "room9": -0.855720162}, "spk27": {"room5": -0.318918169, "room0": 0.42977145299999997}, "spk25": {"room1": -0.297791719}, "spk21": {"room3": 0.489976972, "room4": 1.1396117209999999, "room2": 0.044249042999999995, "room12": 1.409012914}, "spk30": {"room4": -1.7040374280000001, "room2": -2.5232191090000002, "room12": -1.812673926}, "spk4": {"room6": -0.5108213420000001}, "spk14": {"room10": 0.899134398}, "spk7": {"room12": -0.549512625}, "spk1": {"room5": 1.665240169, "room0": 0.295526713}}}