{"meta": {"speaker": "spk10", "room": "room8"}, "data": {"spk22": {"room0": -0.233453825}, "spk10": {"room4": 2.587919235, "room12": 1.940518618}, "spk18": {"room5": -1.122046828, "room0": -0.967307925, "room2": -0.7183752659999999}, "spk29": {"room10": 0.915692866}, "spk5": {"room3": 0.39352327600000003, "room5": 0.059462074000000004, "room0": 1.196639538}, "spk9": {"room4": -1.196888804, "room7": -0.8449572320000001, "room10": -0.8844408990000001, "room12": -0.594373584, "room9": -0.466807336}, "spk2": {"room5": 0.455862284, "room0": -0.01758562}, "spk23": {"room4": 1.310934901, "room7": 0.986341357, "room2": 1.181406379, "room10": 1.41081655, "room12": 1.309981585, "room9": 1.027106404}, "spk15": {"room10": 0.5846978429999999}, "spk28": {"room10": -1.239492059}, "spk24": {"room1": -0.34401103899999996}, "spk12": {"room10": -1.092937469}, "spk8": {"room10": -0.3999663}, "spk17": {"room5": 0.522864699, "room0": 0.528792441}, "spk11": {"room3": -1.126828074, "room4": -0.38646197299999996, "room7": -1.4108922480000001, "room2": -1.884273887, "room12": -0.728051722, "room9": -0.97883153}, "spk19": {"room4": -1.9235079290000001, "room7": -1.538596153, "room12": -1.70158422}, "spk13": {"room4": 0.320580989, "room12": -0.8828905220000001}, "spk31": {"room10": -1.684418797}, "spk6": {"room10": 0.703907847}, "spk3": {"room3": 0.8267697690000001, "room5": -0.171658471, "room7": -0.7289426920000001, "room0": -0.260184556, "room2": 0.106685415, "room9": -0.783314049}, "spk0": {"room3": -0.458013058}, "spk20": {"room10": -1.078822851}, "spk26": {"room2": 0.5147892829999999}, "spk16": {"room3": 0.35538458799999995, "room4": -0.784863949, "room7": -1.029717445, "room12": -1.242647648, "room9": -0.526781678}, "spk27": {"room5": -1.231426597, "room0": -1.214605212}, "spk25": {"room1": -0.24878549600000002}, "spk21": {"room3": 1.559710145, "room4": -0.130343646, "room2": 0.066154271, "room12": 0.010308491}, "spk30": {"room4": -1.055040598, "room2": -1.900620222, "room12": -1.241781354}, "spk4": {"room6": 1.0494350190000001}, "spk14": {"room10": 0.782584429}, "spk7": {"room12": 1.214184642}, "spk1": {"room5": 0.944079757, "room0": 0.532270253}}}