{"meta": {"speaker": "spk10", "room": "room9"}, "data": {"spk22": {"room0": 1.3693059680000002}, "spk10": {"room4": 5.322588921, "room12": 6.479333877999999}, "spk18": {"room5": -1.855525374, "room0": -1.544639945, "room2": -1.5381245609999998}, "spk29": {"room10": 2.7477786539999998}, "spk5": {"room3": 0.293728799, "room5": 0.326178402, "room0": 0.73371166}, "spk9": {"room4": 0.044392347, "room7": 1.4516638519999998, "room10": 0.6284340620000001, "room12": 0.841919601, "room9": 0.59925437}, "spk2": {"room5": 0.665798724, "room0": 0.327262491}, "spk23": {"room4": 1.6434196230000002, "room7": 1.6396583319999998, "room2": 2.269674778, "room10": 1.43196547, "room12": 1.034960508, "room9": 2.259742975}, "spk15": {"room10": -0.46967691200000006}, "spk28": {"room10": -1.4933525319999998}, "spk24": {"room1": -0.588639557}, "spk12": {"room10": -1.150949955}, "spk8": {"room10": -0.604117274}, "spk17": {"room5": 1.6366347069999998, "room0": 0.937183797}, "spk11": {"room3": 1.364248872, "room4": 3.0728080269999998, "room7": 1.857620478, "room2": 1.163362265, "room12": 2.4109320640000003, "room9": 2.1996307369999997}, "spk19": {"room4": -1.715076447, "room7": -1.267095327, "room12": -1.883147955}, "spk13": {"room4": 1.479583383, "room12": 1.307931185}, "spk31": {"room10": -1.83103478}, "spk6": {"room10": 0.512138605}, "spk3": {"room3": 1.778837323, "room5": 0.568245649, "room7": 1.541436911, "room0": 2.1048953530000003, "room2": 0.035505112, "room9": 1.637627959}, "spk0": {"room3": 0.538411379}, "spk20": {"room10": -0.977023304}, "spk26": {"room2": 0.030470535}, "spk16": {"room3": 2.590064764, "room4": 0.302891284, "room7": 1.183582187, "room12": 0.415053546, "room9": 0.51984936}, "spk27": {"room5": 1.091751337, "room0": 1.674559474}, "spk25": {"room1": 1.275531292}, "spk21": {"room3": 0.8503698709999999, "room4": -0.22874572899999998, "room2": 0.33829391, "room12": 0.762923598}, "spk30": {"room4": -0.8905215259999999, "room2": -1.909823179, "room12": -1.8366432190000002}, "spk4": {"room6": 0.45438838}, "spk14": {"room10": 0.493258804}, "spk7": {"room12": 0.9567793609999999}, "spk1": {"room5": 1.6625783440000002, "room0": 0.968290091}}}