{"meta": {"speaker": "spk10", "room": "room8"}, "data": {"spk22": {"room0": -1.12872088}, "spk10": {"room4": 3.6811413760000002, "room12": 2.9980535510000004}, "spk18": {"room5": -1.7723906040000001, "room0": -1.5972181559999998, "room2": -1.4727258680000002}, "spk29": {"room10": 0.48779016700000005}, "spk5": {"room3": -0.664832175, "room5": -0.69782269, "room0": 0.504986405}, "spk9": {"room4": -0.775882602, "room7": -0.19053579899999998, "room10": -0.259080857, "room12": -0.6698356870000001, "room9": 0.034055157999999995}, "spk2": {"room5": -0.38152796, "room0": -0.569429696}, "spk23": {"room4": 0.98250705, "room7": 0.7386512759999999, "room2": 1.0288319590000001, "room10": 0.455558419, "room12": 0.238136083, "room9": 0.702427328}, "spk15": {"room10": -0.053362358}, "spk28": {"room10": -1.454451323}, "spk24": {"room1": -1.5203258990000001}, "spk12": {"room10": -2.061795235}, "spk8": {"room10": -0.50140208}, "spk17": {"room5": 0.210470855, "room0": 0.20183700300000001}, "spk11": {"room3": -1.807268739, "room4": -0.42467415299999994, "room7": -1.282004595, "room2": -1.941840529, "room12": -0.25513851600000004, "room9": -0.9862472409999999}, "spk19": {"room4": -1.9421032669999998, "room7": -1.873016119, "room12": -2.065038443}, "spk13": {"room4": 0.055005893, "room12": -0.11827001}, "spk31": {"room10": -2.051264524}, "spk6": {"room10": 0.49597874299999994}, "spk3": {"room3": -0.431186199, "room5": -0.90278852, "room7": -1.2550715209999999, "room0": -1.087226987, "room2": -1.161377072, "room9": -1.935640216}, "spk0": {"room3": -0.990861773}, "spk20": {"room10": -0.93116349}, "spk26": {"room2": 0.155890986}, "spk16": {"room3": -0.8001490240000001, "room4": -1.2562353609999999, "room7": -0.43408256799999995, "room12": -0.791318655, "room9": -1.3590195180000002}, "spk27": {"room5": -0.490088195, "room0": -0.389188528}, "spk25": {"room1": -0.677124143}, "spk21": {"room3": -0.574337125, "room4": 0.089006998, "room2": 0.11183912300000001, "room12": 0.317600012}, "spk30": {"room4": -1.549910545, "room2": -2.688089848, "room12": -1.965194345}, "spk4": {"room6": 0.25293922399999996}, "spk14": {"room10": 0.938511014}, "spk7": {"room12": -0.410446078}, "spk1": {"room5": 0.129233286, "room0": -0.940761209}}}