{"meta": {"speaker": "spk10", "room": "room8"}, "data": {"spk22": {"room0": -0.363398761}, "spk10": {"room4": 5.359936236999999, "room12": 3.9667994980000003}, "spk18": {"room5": -1.327591419, "room0": -1.010763764, "room2": -1.2936596870000001}, "spk29": {"room10": 0.645365}, "spk5": {"room3": -0.358453691, "room5": -0.651406109, "room0": 1.028914928}, "spk9": {"room4": -0.41156894, "room7": -0.046746116, "room10": 0.12272263300000001, "room12": -0.130942568, "room9": 0.043408204000000006}, "spk2": {"room5": 0.927670717, "room0": 1.080582023}, "spk23": {"room4": 1.7479296919999998, "room7": 1.260195255, "room2": 2.217275381, "room10": 1.139626622, "room12": 1.482105851, "room9": 1.720872045}, "spk15": {"room10": -0.46796158}, "spk28": {"room10": -1.523116231}, "spk24": {"room1": -0.998705029}, "spk12": {"room10": -1.568881989}, "spk8": {"room10": -0.25969758600000004}, "spk17": {"room5": 2.135939837, "room0": 1.542442203}, "spk11": {"room3": -1.508319974, "room4": -0.662880361, "room7": -1.561135769, "room2": -2.062466621, "room12": -0.257192403, "room9": -1.024236202}, "spk19": {"room4": -2.16958952, "room7": -1.75336051, "room12": -2.2799773219999997}, "spk13": {"room4": 0.6500924229999999, "room12": 0.604815423}, "spk31": {"room10": -1.662637115}, "spk6": {"room10": 1.2389158009999999}, "spk3": {"room3": -0.536581993, "room5": -0.442165405, "room7": -0.9088705779999999, "room0": -0.515267015, "room2": -1.226276517, "room9": -1.056437492}, "spk0": {"room3": 0.303049743}, "spk20": {"room10": -0.708275318}, "spk26": {"room2": 0.657491386}, "spk16": {"room3": 0.188600585, "room4": -1.017562747, "room7": -0.43345931200000004, "room12": -0.911348701, "room9": -0.885288}, "spk27": {"room5": 1.021556854, "room0": -0.116993554}, "spk25": {"room1": 0.27904132}, "spk21": {"room3": 0.394853711, "room4": 1.060458302, "room2": 0.45469775799999995, "room12": 1.476644516}, "spk30": {"room4": -1.264264345, "room2": -2.868998528, "room12": -1.818795085}, "spk4": {"room6": -0.027917692}, "spk14": {"room10": 0.943172276}, "spk7": {"room12": 0.120957278}, "spk1": {"room5": 1.1590611929999999, "room0": 0.06718360599999999}}}