{"meta": {"speaker": "spk10", "room": "room8"}, "data": {"spk22": {"room0": 0.412161052}, "spk10": {"room4": 3.7226858139999996, "room12": 5.61603117}, "spk18": {"room5": -1.133057475, "room0": -1.11588347, "room2": -1.3758475780000001}, "spk29": {"room10": 0.046893548}, "spk5": {"room3": -1.3784724469999998, "room5": -1.655913472, "room0": 0.066524155}, "spk9": {"room4": -0.868303895, "room7": 0.127921596, "room10": -0.216392428, "room12": -0.436707914, "room9": 0.164733052}, "spk2": {"room5": 1.171482682, "room0": 1.260638595}, "spk23": {"room4": 0.843303859, "room7": 0.967072845, "room2": 2.802622318, "room10": 0.9747513529999999, "room12": 1.7901425359999998, "room9": 1.310062885}, "spk15": {"room10": -0.38471505}, "spk28": {"room10": -0.9252926109999999}, "spk24": {"room1": -0.751640677}, "spk12": {"room10": -0.85975951}, "spk8": {"room10": -0.92818749}, "spk17": {"room5": 1.717733502, "room0": 0.907631457}, "spk11": {"room3": -0.578421295, "room4": 1.433364749, "room7": -1.206202865, "room2": -1.181936622, "room12": 1.3358707429999999, "room9": -0.7615206840000001}, "spk19": {"room4": -1.422423959, "room7": -1.538861394, "room12": -1.586030245}, "spk13": {"room4": 0.663826942, "room12": -0.168848842}, "spk31": {"room10": -1.5427647830000002}, "spk6": {"room10": 2.482127666}, "spk3": {"room3": -0.09353955800000001, "room5": -0.55063045, "room7": -0.453024805, "room0": -0.026898292999999997, "room2": -1.077231169, "room9": -0.7096910479999999}, "spk0": {"room3": 0.9783258440000001}, "spk20": {"room10": 0.231943801}, "spk26": {"room2": 1.094286323}, "spk16": {"room3": 0.446767688, "room4": -0.45193699, "room7": 0.661292613, "room12": 0.376423895, "room9": -1.3719016309999998}, "spk27": {"room5": 1.672529221, "room0": 1.246032953}, "spk25": {"room1": -0.8701053259999999}, "spk21": {"room3": -0.00057423, "room4": 0.220137566, "room2": -0.240957573, "room12": 0.369187802}, "spk30": {"room4": 0.294252157, "room2": -1.125814319, "room12": -0.27440396}, "spk4": {"room6": -0.072021402}, "spk14": {"room10": 2.440890312}, "spk7": {"room12": -0.389448047}, "spk1": {"room5": 1.2118026020000001, "room0": -0.5394700170000001}}}