{"meta": {"speaker": "spk10", "room": "room8"}, "data": {"spk22": {"room0": -0.46631932299999995}, "spk10": {"room4": 4.061656475, "room12": 3.642128229}, "spk18": {"room5": -1.8895133730000002, "room0": -1.857735515, "room2": -1.559374332}, "spk29": {"room10": 1.3521026369999998}, "spk5": {"room3": -0.29275912, "room5": -0.357354164, "room0": 0.9672158359999999}, "spk9": {"room4": -1.4074103830000002, "room7": -0.428995788, "room10": -0.49203422700000005, "room12": -1.177419543, "room9": -0.6555816529999999}, "spk2": {"room5": 0.17198582, "room0": -0.554154575}, "spk23": {"room4": 1.6231400969999998, "room7": 1.78212893, "room2": 1.819538116, "room10": 1.090216756, "room12": 0.632362723, "room9": 1.550410986}, "spk15": {"room10": -0.478443861}, "spk28": {"room10": -1.918110728}, "spk24": {"room1": -1.199890614}, "spk12": {"room10": -2.073800325}, "spk8": {"room10": 0.388910115}, "spk17": {"room5": 1.8266830440000001, "room0": 1.7498482469999999}, "spk11": {"room3": -1.08950603, "room4": -0.335414141, "room7": -1.5501500369999999, "room2": -2.112799406, "room12": -0.513732791, "room9": -1.0928840640000002}, "spk19": {"room4": -1.9638063909999999, "room7": -1.0667274, "room12": -1.9674576519999998}, "spk13": {"room4": 0.270725816, "room12": 0.742034256}, "spk31": {"room10": -2.313806772}, "spk6": {"room10": 1.741062045}, "spk3": {"room3": 0.43201625299999996, "room5": -0.298915625, "room7": -0.960342765, "room0": -0.254498154, "room2": -0.322832257, "room9": -0.907218695}, "spk0": {"room3": -0.621266544}, "spk20": {"room10": -1.2903742790000001}, "spk26": {"room2": 0.714112043}, "spk16": {"room3": 0.105203301, "room4": -1.6524964569999998, "room7": -0.933763146, "room12": -1.1904927490000001, "room9": -1.40801096}, "spk27": {"room5": -0.632982254, "room0": -0.826989174}, "spk25": {"room1": 0.129876271}, "spk21": {"room3": 1.565547705, "room4": 0.940699816, "room2": 0.35441926100000004, "room12": 0.7674978379999999}, "spk30": {"room4": -1.322092772, "room2": -2.728105545, "room12": -1.822149038}, "spk4": {"room6": 1.027342081}, "spk14": {"room10": 1.160254002}, "spk7": {"room12": -0.59875375}, "spk1": {"room5": 1.083563805, "room0": 0.480525583}}}