{"meta": {"speaker": "spk10", "room": "room8"}, "data": {"spk22": {"room0": -0.37295749799999994}, "spk10": {"room4": 4.6706357, "room12": 3.52070117}, "spk18": {"room5": -1.9188798669999998, "room0": -1.6489160059999999, "room2": -1.8392244580000001}, "spk29": {"room10": 0.530483484}, "spk5": {"room3": -1.125481248, "room5": -1.152404547, "room0": -0.058332972000000004}, "spk9": {"room4": -1.428954601, "room7": -0.37549412299999996, "room10": -0.246003389, "room12": -0.639654219, "room9": -0.626611233}, "spk2": {"room5": 0.220482409, "room0": -0.963570237}, "spk23": {"room4": 1.019408226, "room7": 1.054422617, "room2": 2.14005661, "room10": 1.074687839, "room12": 0.721341848, "room9": 1.6513098480000001}, "spk15": {"room10": -0.7751972079999999}, "spk28": {"room10": -1.861449599}, "spk24": {"room1": -1.3980834480000002}, "spk12": {"room10": -1.759230494}, "spk8": {"room10": 0.02199037}, "spk17": {"room5": 1.406749487, "room0": 1.614737153}, "spk11": {"room3": -0.437763542, "room4": -0.381273896, "room7": -1.486032486, "room2": -1.239565849, "room12": -0.47384086299999995, "room9": -1.6073316340000001}, "spk19": {"room4": -2.147966385, "room7": -1.6055256130000002, "room12": -2.715854645}, "spk13": {"room4": 0.21921359, "room12": 0.514104009}, "spk31": {"room10": -2.0337409969999998}, "spk6": {"room10": 0.710769057}, "spk3": {"room3": -0.96884644, "room5": -0.6677097679999999, "room7": -1.358868837, "room0": -1.3488750459999999, "room2": -1.377563834, "room9": -1.5168398619999999}, "spk0": {"room3": 0.804483473}, "spk20": {"room10": -1.4068973059999998}, "spk26": {"room2": -0.051925503}, "spk16": {"room3": 0.027866967000000003, "room4": -1.7587529419999999, "room7": -0.626589179, "room12": -1.151109219, "room9": -1.205554485}, "spk27": {"room5": 0.5188241, "room0": 0.481795937}, "spk25": {"room1": -0.86187005}, "spk21": {"room3": 0.065997653, "room4": -0.896417797, "room2": 0.095753416, "room12": 0.066649094}, "spk30": {"room4": -1.674123526, "room2": -2.341686487, "room12": -1.871129751}, "spk4": {"room6": -0.818782747}, "spk14": {"room10": 1.056804776}, "spk7": {"room12": -0.355993629}, "spk1": {"room5": 0.937931538, "room0": -0.17762570100000002}}}