{"meta": {"speaker": "spk10", "room": "room8"}, "data": {"spk22": {"room0": -0.39819484899999996}, "spk10": {"room4": 3.454015255, "room12": 2.6895878310000003}, "spk18": {"room5": -1.473969817, "room0": -1.554396391, "room2": -1.24744916}, "spk29": {"room10": 0.7625308040000001}, "spk5": {"room3": -0.249346793, "room5": -0.467410296, "room0": 0.381650269}, "spk9": {"room4": -1.193156362, "room7": -0.321707785, "room10": -0.5764442679999999, "room12": -0.6540802720000001, "room9": -0.674783826}, "spk2": {"room5": -0.152131394, "room0": 0.040730149}, "spk23": {"room4": 0.944757938, "room7": 1.3890545369999998, "room2": 1.4461677069999999, "room10": 0.587813616, "room12": 0.9899604320000001, "room9": 1.0767226220000001}, "spk15": {"room10": -0.600834191}, "spk28": {"room10": -1.148302317}, "spk24": {"room1": -0.819794357}, "spk12": {"room10": -1.6538285019999999}, "spk8": {"room10": 0.15274596199999999}, "spk17": {"room5": 1.247031093, "room0": 0.814174175}, "spk11": {"room3": -1.435736895, "room4": 0.001319871, "room7": -1.770413518, "room2": -1.964487672, "room12": -0.490673929, "room9": -0.872691333}, "spk19": {"room4": -1.3836493490000001, "room7": -1.4060016869999998, "room12": -1.73734951}, "spk13": {"room4": 0.3947604, "room12": -0.043554179000000005}, "spk31": {"room10": -1.4436968559999999}, "spk6": {"room10": 1.2934399840000002}, "spk3": {"room3": 0.683588505, "room5": -0.31334585, "room7": -0.303190619, "room0": 0.351643264, "room2": -0.004550437, "room9": -0.470983595}, "spk0": {"room3": -0.240443617}, "spk20": {"room10": -1.006524205}, "spk26": {"room2": 0.7519701120000001}, "spk16": {"room3": 0.39291611299999996, "room4": -1.34741354, "room7": -0.374564499, "room12": -0.9635784629999999, "room9": -1.107814908}, "spk27": {"room5": -0.638700128, "room0": -1.2627342940000001}, "spk25": {"room1": -0.04517344400000001}, "spk21": {"room3": 0.300598353, "room4": 0.486654222, "room2": 0.061364137, "room12": 0.414061546}, "spk30": {"room4": -1.191166878, "room2": -2.048538923, "room12": -1.563197851}, "spk4": {"room6": 0.9467538000000001}, "spk14": {"room10": 1.239376187}, "spk7": {"room12": -0.266395748}, "spk1": {"room5": 0.199389338, "room0": -0.23927009100000002}}}