{"meta": {"speaker": "spk10", "room": "room8"}, "data": {"spk22": {"room0": 0.06065749}, "spk10": {"room4": 5.984915732999999, "room12": 5.922236442999999}, "spk18": {"room5": -2.0607092380000003, "room0": -1.7302167419999999, "room2": -1.6202450990000001}, "spk29": {"room10": 1.18612361}, "spk5": {"room3": -0.58296591, "room5": -0.674925983, "room0": 0.39856120899999997}, "spk9": {"room4": -0.773706555, "room7": -0.258972019, "room10": -0.7770392890000001, "room12": -0.45377689600000004, "room9": 0.14932374699999998}, "spk2": {"room5": 0.49559283299999995, "room0": 0.729571104}, "spk23": {"room4": 1.4349366430000001, "room7": 1.993828058, "room2": 1.640732169, "room10": 0.221430168, "room12": 1.4378932709999999, "room9": 2.216588497}, "spk15": {"room10": -0.125878662}, "spk28": {"room10": -1.1315579409999998}, "spk24": {"room1": -1.286978841}, "spk12": {"room10": -1.808535337}, "spk8": {"room10": -0.25857815100000003}, "spk17": {"room5": 1.257169604, "room0": 1.459733009}, "spk11": {"room3": -1.2979519370000001, "room4": 0.255884409, "room7": -1.3727362159999998, "room2": -2.085586309, "room12": 0.13226422699999998, "room9": -0.5409253239999999}, "spk19": {"room4": -2.050127506, "room7": -1.627002835, "room12": -2.181414604}, "spk13": {"room4": 0.888495445, "room12": 0.08688017}, "spk31": {"room10": -1.807386875}, "spk6": {"room10": 1.373956442}, "spk3": {"room3": 0.288434505, "room5": -0.24478592, "room7": -0.7481048109999999, "room0": 0.246688202, "room2": -0.9116315840000001, "room9": -0.678247333}, "spk0": {"room3": 0.129126593}, "spk20": {"room10": -1.00131917}, "spk26": {"room2": 0.422066957}, "spk16": {"room3": 1.27336061, "room4": -0.45163574799999995, "room7": -0.087632738, "room12": -0.510647058, "room9": -0.598043978}, "spk27": {"room5": -0.24174511399999998, "room0": -0.432168692}, "spk25": {"room1": 0.242745861}, "spk21": {"room3": 0.947367132, "room4": 0.9274382, "room2": 0.6870011690000001, "room12": 1.351349235}, "spk30": {"room4": -1.6090904469999998, "room2": -2.978337288, "room12": -2.317079782}, "spk4": {"room6": 1.068747044}, "spk14": {"room10": 1.7175203559999999}, "spk7": {"room12": -0.042313002}, "spk1": {"room5": 1.323456645, "room0": 0.19340933899999999}}}