{"meta": {"speaker": "spk10", "room": "room8"}, "data": {"spk22": {"room0": -0.156460375}, "spk10": {"room4": 4.8814649580000005, "room12": 4.703207016}, "spk18": {"room5": -2.1172790530000003, "room0": -1.612804532, "room2": -2.1299912930000002}, "spk29": {"room10": 0.8326068520000001}, "spk5": {"room3": -0.889873922, "room5": -0.907506108, "room0": -0.045113682999999995}, "spk9": {"room4": -0.595995307, "room7": 0.10921090800000001, "room10": -0.184104398, "room12": -0.339594454, "room9": 0.005137469}, "spk2": {"room5": 1.071320415, "room0": 1.044715285}, "spk23": {"room4": 1.4446004630000002, "room7": 1.739362478, "room2": 2.308239698, "room10": 1.785137534, "room12": 1.861722827, "room9": 2.075690985}, "spk15": {"room10": -0.5847499970000001}, "spk28": {"room10": -1.658462048}, "spk24": {"room1": -1.208299637}, "spk12": {"room10": -1.782032609}, "spk8": {"room10": -0.99730134}, "spk17": {"room5": 0.8744243979999999, "room0": 1.066683292}, "spk11": {"room3": -0.549991429, "room4": 0.724315405, "room7": -0.7625251409999999, "room2": -1.365912437, "room12": -0.227900624, "room9": -0.526643395}, "spk19": {"room4": -1.986702085, "room7": -1.900681734, "room12": -2.407048702}, "spk13": {"room4": 1.356959581, "room12": 1.58377564}, "spk31": {"room10": -1.981360674}, "spk6": {"room10": 0.021631569}, "spk3": {"room3": -0.044816647, "room5": -0.7900630829999999, "room7": -0.904166281, "room0": -0.687552273, "room2": -1.3190764190000002, "room9": -1.029372215}, "spk0": {"room3": -0.569228649}, "spk20": {"room10": -1.207176924}, "spk26": {"room2": 0.051457915}, "spk16": {"room3": 1.145111561, "room4": -1.058006167, "room7": -1.0245257620000001, "room12": -1.113660812, "room9": -0.9088317159999999}, "spk27": {"room5": -0.239126265, "room0": 0.273156762}, "spk25": {"room1": -0.40845605700000004}, "spk21": {"room3": 0.962384224, "room4": 0.809905291, "room2": -0.021234412, "room12": 2.21680069}, "spk30": {"room4": -2.015489578, "room2": -2.959515333, "room12": -1.950217605}, "spk4": {"room6": 0.042928975}, "spk14": {"room10": 1.032101274}, "spk7": {"room12": 0.165144369}, "spk1": {"room5": 2.050563812, "room0": 0.329267055}}}