{"meta": {"speaker": "spk10", "room": "room8"}, "data": {"spk22": {"room0": -0.5713357929999999}, "spk10": {"room4": 3.986897707, "room12": 4.412173271}, "spk18": {"room5": -1.908084631, "room0": -1.806517243, "room2": -1.4213294980000002}, "spk29": {"room10": 2.062790871}, "spk5": {"room3": 0.212370649, "room5": 0.47271925200000003, "room0": 0.80865413}, "spk9": {"room4": -0.683262765, "room7": 0.6119017, "room10": -0.174471125, "room12": 0.633493721, "room9": 0.09043727800000001}, "spk2": {"room5": -0.701148212, "room0": -0.9268080590000001}, "spk23": {"room4": 1.954653859, "room7": 1.490045667, "room2": 2.510160446, "room10": 0.451600522, "room12": 1.37984395, "room9": 1.580140114}, "spk15": {"room10": 0.041283734}, "spk28": {"room10": -1.954870343}, "spk24": {"room1": -1.188873172}, "spk12": {"room10": -1.341403484}, "spk8": {"room10": 0.19868943100000003}, "spk17": {"room5": 1.239958763, "room0": 0.95300138}, "spk11": {"room3": -1.646505237, "room4": 0.8543851379999999, "room7": -1.261426687, "room2": -1.3794445990000002, "room12": 0.952961385, "room9": -0.33912324899999996}, "spk19": {"room4": -2.146731377, "room7": -2.062781572, "room12": -2.3852915759999997}, "spk13": {"room4": 0.391333014, "room12": -0.396164656}, "spk31": {"room10": -1.9757013319999999}, "spk6": {"room10": 2.5020365719999997}, "spk3": {"room3": 0.8885415790000001, "room5": 0.200486943, "room7": 0.573388755, "room0": 1.328859925, "room2": 0.43996039, "room9": 0.13196581599999999}, "spk0": {"room3": -0.669098675}, "spk20": {"room10": -1.078765392}, "spk26": {"room2": 0.089843251}, "spk16": {"room3": 1.54760468, "room4": -0.247029275, "room7": -0.012100133999999999, "room12": -0.690595865, "room9": -0.7993440629999999}, "spk27": {"room5": 0.10929782699999999, "room0": -0.36601865299999997}, "spk25": {"room1": 0.655743241}, "spk21": {"room3": 1.647124767, "room4": 0.7791960840000001, "room2": -0.217357308, "room12": 0.835290909}, "spk30": {"room4": -1.448895454, "room2": -2.8521938319999998, "room12": -2.2044048309999997}, "spk4": {"room6": 0.95698303}, "spk14": {"room10": 1.8885878319999998}, "spk7": {"room12": -0.181064516}, "spk1": {"room5": 0.95922792, "room0": 0.16375784599999998}}}