{"meta": {"speaker": "spk10", "room": "room4"}, "data": {"spk22": {"room0": 1.854663968}, "spk10": {"room4": 8.471899033, "room12": 9.442260742}, "spk18": {"room5": -1.233438134, "room0": -0.779454529, "room2": -1.54167223}, "spk29": {"room10": 2.0697462559999997}, "spk5": {"room3": 0.23413640300000002, "room5": -0.071018122, "room0": 0.044589557}, "spk9": {"room4": 0.530823767, "room7": 1.25601387, "room10": -0.548271418, "room12": 1.206956983, "room9": 1.30038023}, "spk2": {"room5": 1.10769546, "room0": 1.165290952}, "spk23": {"room4": 1.693379521, "room7": 2.0617351530000003, "room2": 1.9564150569999998, "room10": 1.9717169999999997, "room12": 2.372019291, "room9": 2.215628862}, "spk15": {"room10": -0.382577568}, "spk28": {"room10": -1.171404719}, "spk24": {"room1": -0.8804328440000001}, "spk12": {"room10": -0.68069905}, "spk8": {"room10": -0.6681917310000001}, "spk17": {"room5": 4.170505047, "room0": 2.5481848719999998}, "spk11": {"room3": 1.325392485, "room4": 3.8135638239999996, "room7": 2.223262787, "room2": 1.3721669909999998, "room12": 2.45250535, "room9": 2.279088497}, "spk19": {"room4": -1.4905098680000002, "room7": -0.734684765, "room12": -1.8538979290000002}, "spk13": {"room4": 1.580137968, "room12": 2.040331841}, "spk31": {"room10": -1.337536812}, "spk6": {"room10": 1.411884427}, "spk3": {"room3": 0.416132957, "room5": -0.669317901, "room7": 1.417056441, "room0": 0.975413799, "room2": -1.065970778, "room9": 0.816000342}, "spk0": {"room3": 1.244663835}, "spk20": {"room10": -0.686889291}, "spk26": {"room2": -0.516872227}, "spk16": {"room3": 2.603456497, "room4": 0.09887891300000001, "room7": 0.296626002, "room12": -0.36629378799999995, "room9": 0.018177662}, "spk27": {"room5": 1.56680131, "room0": 1.147238016}, "spk25": {"room1": 1.103613019}, "spk21": {"room3": 0.15747982300000002, "room4": 0.141041294, "room2": 0.502862513, "room12": 1.3944307569999999}, "spk30": {"room4": -0.32358256, "room2": -1.864344954, "room12": -1.318647504}, "spk4": {"room6": 0.348086923}, "spk14": {"room10": 2.238754988}, "spk7": {"room12": -0.171756655}, "spk1": {"room5": 2.142190933, "room0": 0.803783178}}}