{"meta": {"speaker": "spk10", "room": "room8"}, "data": {"spk22": {"room0": 0.131218374}, "spk10": {"room4": 5.090480803999999, "room12": 3.084430456}, "spk18": {"room5": -1.583188891, "room0": -1.49184978, "room2": -1.3556658030000002}, "spk29": {"room10": 0.558596909}, "spk5": {"room3": -1.112768531, "room5": -1.59935379, "room0": -0.459157169}, "spk9": {"room4": -1.239857674, "room7": -0.7678140999999999, "room10": -0.660288095, "room12": -0.915723622, "room9": -0.788478613}, "spk2": {"room5": -0.121468425, "room0": -0.8781191709999999}, "spk23": {"room4": 0.38322559, "room7": 1.37665832, "room2": 1.5503164530000002, "room10": 0.10054834900000001, "room12": 0.74296844, "room9": 0.916499615}, "spk15": {"room10": -1.038153648}, "spk28": {"room10": -1.427781463}, "spk24": {"room1": -0.951699078}, "spk12": {"room10": -1.504477024}, "spk8": {"room10": -0.22678014600000002}, "spk17": {"room5": 0.8340671059999999, "room0": 1.845381498}, "spk11": {"room3": -1.638126135, "room4": -0.574919999, "room7": -2.152519464, "room2": -1.922682285, "room12": -0.316081226, "room9": -1.5632107259999999}, "spk19": {"room4": -2.256117344, "room7": -1.507148862, "room12": -2.296919584}, "spk13": {"room4": -0.011444878, "room12": 0.013305191999999999}, "spk31": {"room10": -1.74159503}, "spk6": {"room10": 1.331548572}, "spk3": {"room3": -0.9853057270000001, "room5": -1.6632983680000002, "room7": -1.791475654, "room0": -1.384243846, "room2": -1.389011025, "room9": -1.919899225}, "spk0": {"room3": -0.561597824}, "spk20": {"room10": -0.837752044}, "spk26": {"room2": 0.542429984}, "spk16": {"room3": 0.14099656, "room4": -1.222961783, "room7": -0.071514279, "room12": -0.19312112, "room9": -0.775045276}, "spk27": {"room5": -0.012117002, "room0": 0.27614116699999997}, "spk25": {"room1": -0.710204542}, "spk21": {"room3": 0.09713988800000001, "room4": 0.38782692, "room2": 0.29847344800000003, "room12": 1.258006692}, "spk30": {"room4": -1.3369730709999998, "room2": -2.190275431, "room12": -2.235290289}, "spk4": {"room6": 0.5796104670000001}, "spk14": {"room10": 0.797115386}, "spk7": {"room12": -0.8708729740000001}, "spk1": {"room5": 0.925385892, "room0": -0.253669381}}}