{"meta": {"speaker": "spk10", "room": "room8"}, "data": {"spk22": {"room0": 1.546061516}, "spk10": {"room4": 3.441850901, "room12": 2.927990437}, "spk18": {"room5": -1.605962753, "room0": -1.9885342119999998, "room2": -1.788924098}, "spk29": {"room10": 0.51941967}, "spk5": {"room3": -0.968684435, "room5": -1.09270978, "room0": -1.041813731}, "spk9": {"room4": 0.058272492, "room7": 0.036457977999999995, "room10": 0.444060355, "room12": 0.46627941700000003, "room9": 0.084556505}, "spk2": {"room5": 0.700309634, "room0": 0.25716581899999996}, "spk23": {"room4": 0.059325248, "room7": 0.684076369, "room2": 0.472679794, "room10": 0.20676796100000003, "room12": 0.660329819, "room9": 1.09983623}, "spk15": {"room10": -1.203633666}, "spk28": {"room10": -0.851047993}, "spk24": {"room1": -0.943477452}, "spk12": {"room10": -1.616058588}, "spk8": {"room10": 0.003764925}, "spk17": {"room5": 1.412335396, "room0": 0.8031051159999999}, "spk11": {"room3": -0.9613418579999999, "room4": 0.7415784000000001, "room7": 0.202303603, "room2": -0.645821631, "room12": 0.652265191, "room9": 0.152706265}, "spk19": {"room4": -1.357611537, "room7": -1.6778621669999998, "room12": -2.101442337}, "spk13": {"room4": 0.460318655, "room12": 0.649282455}, "spk31": {"room10": -1.675547004}, "spk6": {"room10": 0.518719852}, "spk3": {"room3": -1.331644654, "room5": 0.06013583, "room7": 0.511998534, "room0": -0.749204457, "room2": -0.83591032, "room9": -0.591818273}, "spk0": {"room3": -0.614619076}, "spk20": {"room10": -1.42479682}, "spk26": {"room2": 0.106116056}, "spk16": {"room3": 0.8569166659999999, "room4": -0.383240521, "room7": 0.160816744, "room12": -0.5235034820000001, "room9": 0.212815195}, "spk27": {"room5": 0.19306664199999998, "room0": 0.069484524}, "spk25": {"room1": -1.080966592}, "spk21": {"room3": -0.60783118, "room4": 0.661743701, "room2": -0.677755415, "room12": 1.007889032}, "spk30": {"room4": -1.1342476609999999, "room2": -1.421329141, "room12": -0.844008505}, "spk4": {"room6": -0.756365895}, "spk14": {"room10": 1.6876285080000002}, "spk7": {"room12": -0.636573017}, "spk1": {"room5": 1.829841852, "room0": 0.09013412900000001}}}