{"meta": {"speaker": "spk10", "room": "room9"}, "data": {"spk22": {"room0": 0.15254785099999998}, "spk10": {"room4": 5.530434132000001, "room12": 4.13437891}, "spk18": {"room5": -3.185878515, "room0": -2.5873308180000003, "room2": -2.603916883}, "spk29": {"room10": 2.420372963}, "spk5": {"room3": -0.408341736, "room5": 0.384686828, "room0": 0.405588955}, "spk9": {"room4": 0.46249824799999995, "room7": 1.134703517, "room10": 0.40973439799999994, "room12": 0.705299199, "room9": 0.9248685240000001}, "spk2": {"room5": 0.18536, "room0": 1.225962281}, "spk23": {"room4": 1.6565179819999998, "room7": 2.9723324780000002, "room2": 1.282035947, "room10": 0.89633882, "room12": 1.98650682, "room9": 2.387632847}, "spk15": {"room10": -0.8883667590000001}, "spk28": {"room10": -2.000727415}, "spk24": {"room1": 0.030017206}, "spk12": {"room10": -1.5849238630000002}, "spk8": {"room10": -0.270868987}, "spk17": {"room5": 4.843345165, "room0": 3.02295351}, "spk11": {"room3": -1.694463491, "room4": 1.253113508, "room7": -0.425682694, "room2": -1.931120634, "room12": 0.42673945399999996, "room9": 0.030271577}, "spk19": {"room4": -2.374743938, "room7": -1.722735286, "room12": -2.6994085310000004}, "spk13": {"room4": 1.644774437, "room12": 0.462802052}, "spk31": {"room10": -2.244656086}, "spk6": {"room10": 1.907873392}, "spk3": {"room3": 1.100584865, "room5": 0.461859941, "room7": 0.618492126, "room0": 2.16105628, "room2": 0.07548129599999999, "room9": 1.6214867830000002}, "spk0": {"room3": 1.7078398469999998}, "spk20": {"room10": -1.638608694}, "spk26": {"room2": -0.109734863}, "spk16": {"room3": 0.22754043300000001, "room4": -0.442262352, "room7": -1.243685126, "room12": -1.5565642119999998, "room9": -0.584621608}, "spk27": {"room5": 0.872013688, "room0": 1.8952018019999999}, "spk25": {"room1": 1.2756904359999999}, "spk21": {"room3": 0.9898106459999999, "room4": 1.967131495, "room2": 0.093547337, "room12": 2.355198622}, "spk30": {"room4": -2.164436817, "room2": -3.3448073860000003, "room12": -2.190164566}, "spk4": {"room6": 1.9232561590000001}, "spk14": {"room10": 0.592355609}, "spk7": {"room12": 0.473749697}, "spk1": {"room5": 2.348333836, "room0": -0.189798668}}}