{"meta": {"speaker": "spk10", "room": "room8"}, "data": {"spk22": {"room0": 0.22115373600000002}, "spk10": {"room4": 5.202126503, "room12": 4.147898197}, "spk18": {"room5": -1.8042590619999999, "room0": -1.9488520619999998, "room2": -2.020344496}, "spk29": {"room10": 1.809926867}, "spk5": {"room3": 0.026897345, "room5": -0.268850178, "room0": 0.7852081059999999}, "spk9": {"room4": -1.000473022, "room7": -0.177261353, "room10": -0.17408539399999998, "room12": -0.328704506, "room9": -0.309540421}, "spk2": {"room5": 0.6652839779999999, "room0": -0.005358931}, "spk23": {"room4": 1.852885365, "room7": 2.294926643, "room2": 2.106895447, "room10": 1.7634279730000002, "room12": 1.3641946319999998, "room9": 2.1331129069999997}, "spk15": {"room10": -0.170668259}, "spk28": {"room10": -1.9241836069999998}, "spk24": {"room1": -1.064032555}, "spk12": {"room10": -2.061648607}, "spk8": {"room10": -0.50858587}, "spk17": {"room5": 2.153580427, "room0": 2.006336689}, "spk11": {"room3": -0.7551223640000001, "room4": -0.08417929699999999, "room7": -1.5948804619999999, "room2": -1.879175901, "room12": -0.46962741, "room9": -1.01650238}, "spk19": {"room4": -2.5942997930000002, "room7": -1.8463748690000001, "room12": -2.594993591}, "spk13": {"room4": 0.975304306, "room12": 0.934779406}, "spk31": {"room10": -2.367719889}, "spk6": {"room10": 1.319187045}, "spk3": {"room3": 0.05018289, "room5": -0.511475205, "room7": -0.561499, "room0": -0.472681791, "room2": -0.802463472, "room9": -0.999594331}, "spk0": {"room3": -0.49377569600000004}, "spk20": {"room10": -1.32578814}, "spk26": {"room2": 0.665417492}, "spk16": {"room3": 0.928956628, "room4": -1.31252265, "room7": -0.7421453, "room12": -0.8666511179999999, "room9": -1.148615003}, "spk27": {"room5": 0.045778248, "room0": -0.658588588}, "spk25": {"room1": 1.006972075}, "spk21": {"room3": 1.206964612, "room4": 0.9786898490000001, "room2": 0.454136163, "room12": 1.488849044}, "spk30": {"room4": -1.845181942, "room2": -2.9625153539999998, "room12": -2.151733875}, "spk4": {"room6": 0.718528032}, "spk14": {"room10": 1.12236917}, "spk7": {"room12": -0.007346732}, "spk1": {"room5": 0.6796518559999999, "room0": 0.47692462799999996}}}