{"meta": {"speaker": "spk10", "room": "room8"}, "data": {"spk22": {"room0": 0.8582990770000001}, "spk10": {"room4": 3.956572294, "room12": 4.839589118999999}, "spk18": {"room5": -1.6885404590000002, "room0": -1.333736658, "room2": -1.789322615}, "spk29": {"room10": 1.650539994}, "spk5": {"room3": 0.03778477, "room5": -0.761685669, "room0": -0.202197999}, "spk9": {"room4": -0.583929598, "room7": 0.489330173, "room10": 0.561521769, "room12": 0.553051174, "room9": 0.34484005}, "spk2": {"room5": 0.679017365, "room0": 1.001043916}, "spk23": {"room4": 1.165647507, "room7": 1.10962069, "room2": 2.150382042, "room10": 1.188495278, "room12": 1.396671176, "room9": 1.816597819}, "spk15": {"room10": -1.059614539}, "spk28": {"room10": -1.612797976}, "spk24": {"room1": -0.391297519}, "spk12": {"room10": -1.326652765}, "spk8": {"room10": -1.374653935}, "spk17": {"room5": 1.4156126980000001, "room0": 0.82138747}, "spk11": {"room3": -0.164637297, "room4": 1.967675447, "room7": -0.359311372, "room2": -0.508585155, "room12": 1.253103852, "room9": 0.609105825}, "spk19": {"room4": -2.091808081, "room7": -1.654228449, "room12": -2.0573806759999997}, "spk13": {"room4": 0.9948719140000001, "room12": 0.82643044}, "spk31": {"room10": -2.0618150230000003}, "spk6": {"room10": 0.528052807}, "spk3": {"room3": 0.115186825, "room5": -0.437617332, "room7": 0.415260255, "room0": 0.7236285809999999, "room2": -0.262583941, "room9": 0.307465345}, "spk0": {"room3": -0.16788651}, "spk20": {"room10": -1.315746069}, "spk26": {"room2": 1.122638941}, "spk16": {"room3": 1.354864359, "room4": -0.167455405, "room7": 0.7131309509999999, "room12": -0.247487336, "room9": 0.021402566}, "spk27": {"room5": -0.41758847200000004, "room0": -0.780525088}, "spk25": {"room1": 0.5028119679999999}, "spk21": {"room3": 0.440920085, "room4": 1.1774636509999998, "room2": -0.474916816, "room12": 1.252881885}, "spk30": {"room4": -1.151656032, "room2": -1.972214937, "room12": -1.666867614}, "spk4": {"room6": 0.727266014}, "spk14": {"room10": 2.206963301}, "spk7": {"room12": -0.46860197200000003}, "spk1": {"room5": 1.863510847, "room0": 0.545497835}}}