{"meta": {"speaker": "spk10", "room": "room9"}, "data": {"spk22": {"room0": 1.1440595390000001}, "spk10": {"room4": 4.389146805, "room12": 6.1469550129999995}, "spk18": {"room5": -1.314539194, "room0": -0.868347883, "room2": -1.177236557}, "spk29": {"room10": 2.804857969}, "spk5": {"room3": 0.155626535, "room5": 0.622840941, "room0": 0.288203001}, "spk9": {"room4": 0.42521184700000003, "room7": 1.098054886, "room10": -0.226219922, "room12": 0.9925423859999999, "room9": 0.754246414}, "spk2": {"room5": 0.704527617, "room0": 0.8516570929999999}, "spk23": {"room4": 2.088098526, "room7": 1.955764413, "room2": 1.9560666080000002, "room10": 2.008763075, "room12": 1.742215991, "room9": 2.7907447810000003}, "spk15": {"room10": -0.829919517}, "spk28": {"room10": -1.199165702}, "spk24": {"room1": -1.196543694}, "spk12": {"room10": -1.0516016479999999}, "spk8": {"room10": -0.606140673}, "spk17": {"room5": 1.986753821, "room0": 1.7297585009999998}, "spk11": {"room3": 1.4475051159999999, "room4": 3.745823622, "room7": 3.056296587, "room2": 1.955019116, "room12": 2.768327475, "room9": 2.8504948619999997}, "spk19": {"room4": -0.9157733920000001, "room7": -0.303272396, "room12": -0.702493548}, "spk13": {"room4": 1.476290941, "room12": 2.006801128}, "spk31": {"room10": -1.14754045}, "spk6": {"room10": 0.29965975899999997}, "spk3": {"room3": 1.651315093, "room5": 0.070604317, "room7": 1.8470753430000002, "room0": 2.0975964069999997, "room2": -0.485738665, "room9": 1.388986111}, "spk0": {"room3": 0.25929448}, "spk20": {"room10": -0.36108014}, "spk26": {"room2": -0.93165791}, "spk16": {"room3": 1.983703613, "room4": 0.663424969, "room7": 1.1283855440000001, "room12": 0.20272906100000002, "room9": 0.761943281}, "spk27": {"room5": 1.8090472219999998, "room0": 2.3077425959999998}, "spk25": {"room1": 0.486648798}, "spk21": {"room3": 1.1578084229999999, "room4": 0.480475694, "room2": 0.277071297, "room12": 1.8176405430000002}, "spk30": {"room4": -0.596552312, "room2": -1.875995755, "room12": -1.157595277}, "spk4": {"room6": 0.8665313720000001}, "spk14": {"room10": 1.610137701}, "spk7": {"room12": 0.6893683079999999}, "spk1": {"room5": 1.339755177, "room0": 0.848016977}}}