{"meta": {"speaker": "spk10", "room": "room8"}, "data": {"spk22": {"room0": -0.18677154199999998}, "spk10": {"room4": 3.692573786, "room12": 3.535558224}, "spk18": {"room5": -2.134316206, "room0": -1.688063025, "room2": -1.7349948880000001}, "spk29": {"room10": 1.1070504190000001}, "spk5": {"room3": -0.746339023, "room5": -0.44663071600000004, "room0": 0.573777556}, "spk9": {"room4": -1.231563091, "room7": -0.69796741, "room10": -0.5013716220000001, "room12": -0.790216327, "room9": -0.7888300420000001}, "spk2": {"room5": 0.14989239, "room0": -1.134977221}, "spk23": {"room4": 0.788148582, "room7": 1.5322614909999999, "room2": 1.200117111, "room10": 0.802704215, "room12": 1.228043556, "room9": 1.0887087579999999}, "spk15": {"room10": -0.5332600470000001}, "spk28": {"room10": -1.402805209}, "spk24": {"room1": -1.136135101}, "spk12": {"room10": -1.437003255}, "spk8": {"room10": -0.697198689}, "spk17": {"room5": 0.459221363, "room0": 0.412858069}, "spk11": {"room3": -1.022647023, "room4": -0.571538091, "room7": -1.962811351, "room2": -1.617305517, "room12": -0.779158294, "room9": -1.4358888859999999}, "spk19": {"room4": -1.928442478, "room7": -1.7099127769999998, "room12": -1.9487674240000001}, "spk13": {"room4": 0.029944185, "room12": -0.659036458}, "spk31": {"room10": -2.172358751}, "spk6": {"room10": 1.00552845}, "spk3": {"room3": -0.01006835, "room5": -0.729806602, "room7": -0.812869728, "room0": -0.7619191999999999, "room2": -1.024558783, "room9": -1.277207017}, "spk0": {"room3": -0.969607711}, "spk20": {"room10": -1.018169165}, "spk26": {"room2": 0.440340072}, "spk16": {"room3": -0.036051489, "room4": -1.7683732509999999, "room7": -0.522017896, "room12": -0.588753402, "room9": -0.980603039}, "spk27": {"room5": -0.665234387, "room0": -0.814715505}, "spk25": {"room1": -0.6932956579999999}, "spk21": {"room3": 0.67215544, "room4": -0.387262225, "room2": -0.24628599, "room12": 0.21554406}, "spk30": {"room4": -1.4872574809999999, "room2": -2.740735054, "room12": -1.734481335}, "spk4": {"room6": 0.789010465}, "spk14": {"room10": 0.276856124}, "spk7": {"room12": -0.679492772}, "spk1": {"room5": 0.145680174, "room0": -0.496196955}}}