{"meta": {"speaker": "spk10", "room": "room8"}, "data": {"spk22": {"room0": 0.6340450639999999}, "spk10": {"room4": 3.5892486569999997, "room12": 5.508553505}, "spk18": {"room5": -1.4786731000000002, "room0": -1.4464887380000002, "room2": -1.782779455}, "spk29": {"room10": 1.32787776}, "spk5": {"room3": 0.578939974, "room5": -0.373752892, "room0": 0.290660411}, "spk9": {"room4": -0.981978238, "room7": -0.429354846, "room10": -0.182706803, "room12": -0.46069154100000004, "room9": -0.717370689}, "spk2": {"room5": 1.238756299, "room0": 1.534484744}, "spk23": {"room4": 0.8373596670000001, "room7": 1.089253783, "room2": 1.8513435130000002, "room10": 1.7800565959999999, "room12": 2.1125593190000003, "room9": 1.94487524}, "spk15": {"room10": -0.524788797}, "spk28": {"room10": -1.209621072}, "spk24": {"room1": -0.36445862100000004}, "spk12": {"room10": -0.47281456}, "spk8": {"room10": -0.23150251800000002}, "spk17": {"room5": 1.32337594, "room0": 0.973202765}, "spk11": {"room3": -0.934093595, "room4": 0.43189677600000004, "room7": -0.725422263, "room2": -1.340091348, "room12": -0.05465674400000001, "room9": 0.39343476299999997}, "spk19": {"room4": -1.5742952819999998, "room7": -1.159452558, "room12": -1.6175941230000002}, "spk13": {"room4": 1.9049825669999998, "room12": 0.591463506}, "spk31": {"room10": -1.888703704}, "spk6": {"room10": 1.042105198}, "spk3": {"room3": -0.530876994, "room5": -0.182395697, "room7": 0.137190402, "room0": 0.582893193, "room2": -0.6227577329999999, "room9": -0.63321048}, "spk0": {"room3": 1.186941743}, "spk20": {"room10": -1.05531919}, "spk26": {"room2": 1.189638972}, "spk16": {"room3": 0.249301642, "room4": -0.88981992, "room7": -0.508897603, "room12": -0.9560831190000001, "room9": -0.18318902}, "spk27": {"room5": -0.454056442, "room0": -0.765999615}, "spk25": {"room1": 0.40930321799999997}, "spk21": {"room3": 1.824310899, "room4": 1.092974067, "room2": 1.4199653859999999, "room12": 1.73827672}, "spk30": {"room4": -0.456660539, "room2": -1.9946367740000002, "room12": -1.321189523}, "spk4": {"room6": 0.42663398399999997}, "spk14": {"room10": 1.5853853230000001}, "spk7": {"room12": 0.516580403}, "spk1": {"room5": 1.970359445, "room0": 1.193916321}}}