{"meta": {"speaker": "spk10", "room": "room4"}, "data": {"spk22": {"room0": 0.592895567}, "spk10": {"room4": 6.954528809, "room12": 8.95990181}, "spk18": {"room5": -1.768409729, "room0": -0.976463437, "room2": -1.465655327}, "spk29": {"room10": 1.0845721959999999}, "spk5": {"room3": -0.7439008359999999, "room5": 0.077344202, "room0": -0.318286508}, "spk9": {"room4": -0.461164057, "room7": 0.7858904000000001, "room10": 0.291415572, "room12": 0.941364706, "room9": 0.907942653}, "spk2": {"room5": 1.268061996, "room0": 0.8601493840000001}, "spk23": {"room4": 0.937086821, "room7": 0.9152529840000001, "room2": 1.778196335, "room10": 1.91052258, "room12": 0.6918036940000001, "room9": 1.5931065080000002}, "spk15": {"room10": -0.915249407}, "spk28": {"room10": -1.35122025}, "spk24": {"room1": -1.15289104}, "spk12": {"room10": -0.9226127270000001}, "spk8": {"room10": -0.7051552529999999}, "spk17": {"room5": 2.427004576, "room0": 1.443271995}, "spk11": {"room3": 1.298233628, "room4": 3.5429236889999998, "room7": 1.8493361469999998, "room2": 1.802143812, "room12": 2.87001586, "room9": 2.087216139}, "spk19": {"room4": -1.5087236169999998, "room7": -1.026713848, "room12": -1.9032675030000001}, "spk13": {"room4": 2.339430094, "room12": 2.268091679}, "spk31": {"room10": -1.709138155}, "spk6": {"room10": 1.115513921}, "spk3": {"room3": 0.172434807, "room5": 0.035361223, "room7": 0.624783695, "room0": 1.245295882, "room2": -1.0281479359999999, "room9": 1.071741581}, "spk0": {"room3": 0.296462238}, "spk20": {"room10": -0.76641947}, "spk26": {"room2": -1.080118418}, "spk16": {"room3": 1.7378095390000001, "room4": -0.500846326, "room7": 1.136207342, "room12": -0.134051487, "room9": 0.135614246}, "spk27": {"room5": 1.3625127080000001, "room0": 2.25694561}, "spk25": {"room1": 0.918104351}, "spk21": {"room3": 1.027184844, "room4": 0.060380194000000005, "room2": -0.175462067, "room12": 1.01326704}, "spk30": {"room4": -0.42368540200000004, "room2": -1.955534935, "room12": -1.400478959}, "spk4": {"room6": -0.039085165}, "spk14": {"room10": 1.811962843}, "spk7": {"room12": -1.116830468}, "spk1": {"room5": 2.292035103, "room0": 1.587857008}}}