{"meta": {"speaker": "spk10", "room": "room9"}, "data": {"spk22": {"room0": 1.866738796}, "spk10": {"room4": 5.1817975039999995, "room12": 5.49324131}, "spk18": {"room5": -2.043275833, "room0": -1.960112333, "room2": -1.744143367}, "spk29": {"room10": 3.2205452919999997}, "spk5": {"room3": 0.060694233, "room5": 0.46615964200000004, "room0": 0.6326863770000001}, "spk9": {"room4": 1.610657096, "room7": 2.1401641369999997, "room10": 0.954643965, "room12": 2.108476162, "room9": 1.562999249}, "spk2": {"room5": 0.731621981, "room0": 1.5713546280000001}, "spk23": {"room4": 1.883241653, "room7": 2.331854582, "room2": 0.895913422, "room10": 0.592532992, "room12": 2.31786108, "room9": 2.6298553940000002}, "spk15": {"room10": -0.7133973840000001}, "spk28": {"room10": -1.7118875980000001}, "spk24": {"room1": -0.128381044}, "spk12": {"room10": -1.45731461}, "spk8": {"room10": -0.658721447}, "spk17": {"room5": 2.87279129, "room0": 1.9246732}, "spk11": {"room3": -1.1817005870000001, "room4": 2.424420118, "room7": 0.992403865, "room2": -0.561798871, "room12": 1.648560882, "room9": 0.638487279}, "spk19": {"room4": -2.144170523, "room7": -1.7673356530000002, "room12": -2.32869339}, "spk13": {"room4": 2.142136812, "room12": 0.811856747}, "spk31": {"room10": -1.9681463240000001}, "spk6": {"room10": 0.550258815}, "spk3": {"room3": 2.126713037, "room5": 0.33537668, "room7": 1.788222551, "room0": 2.60513401, "room2": 0.627326071, "room9": 2.289263248}, "spk0": {"room3": 1.047366023}, "spk20": {"room10": -1.459555626}, "spk26": {"room2": 0.569305241}, "spk16": {"room3": 1.41358459, "room4": 1.250840664, "room7": 0.46642619399999996, "room12": 0.859320462, "room9": 1.411905646}, "spk27": {"room5": 1.11273551, "room0": 1.34798038}, "spk25": {"room1": 1.370342016}, "spk21": {"room3": 1.5751903059999999, "room4": 1.916444302, "room2": 0.458229482, "room12": 3.063775778}, "spk30": {"room4": -1.288916111, "room2": -2.3583142759999998, "room12": -2.112910271}, "spk4": {"room6": 1.438231587}, "spk14": {"room10": 0.573253393}, "spk7": {"room12": 0.919182658}, "spk1": {"room5": 2.219342709, "room0": 0.350980401}}}