{"meta": {"speaker": "spk10", "room": "room8"}, "data": {"spk22": {"room0": -0.197768062}, "spk10": {"room4": 3.4008128639999997, "room12": 2.921268225}, "spk18": {"room5": -1.713871717, "room0": -1.73277545, "room2": -1.6221472019999998}, "spk29": {"room10": 1.475803971}, "spk5": {"room3": 0.073640466, "room5": -0.035255771, "room0": 0.278801113}, "spk9": {"room4": -0.459506989, "room7": -0.520097554, "room10": -0.573814511, "room12": -0.586492896, "room9": -0.539776385}, "spk2": {"room5": 0.491378486, "room0": -0.22189789999999998}, "spk23": {"room4": 0.590087414, "room7": 2.0079975130000003, "room2": 1.43621397, "room10": 1.170469999, "room12": 1.3624544140000001, "room9": 1.866358757}, "spk15": {"room10": -1.184777021}, "spk28": {"room10": -1.56651175}, "spk24": {"room1": -0.120128654}, "spk12": {"room10": -1.524246573}, "spk8": {"room10": 0.52807349}, "spk17": {"room5": 1.17072618, "room0": 1.9087704419999998}, "spk11": {"room3": -0.6577919720000001, "room4": -0.162047401, "room7": -1.25574255, "room2": -0.850173295, "room12": -0.516173303, "room9": -1.270234227}, "spk19": {"room4": -1.94261229, "room7": -1.6784827709999999, "room12": -2.112551689}, "spk13": {"room4": 0.647618294, "room12": 1.0625453}, "spk31": {"room10": -2.189051151}, "spk6": {"room10": 0.894439578}, "spk3": {"room3": -0.593726337, "room5": -0.528617263, "room7": -1.174843073, "room0": -0.431513637, "room2": -0.521245837, "room9": -1.1314132209999999}, "spk0": {"room3": -1.0079756979999999}, "spk20": {"room10": -1.4558241369999998}, "spk26": {"room2": 0.165319204}, "spk16": {"room3": 0.690406442, "room4": -1.215812325, "room7": -0.738601983, "room12": -0.831021667, "room9": -0.101224571}, "spk27": {"room5": 0.071914323, "room0": 0.45991188299999997}, "spk25": {"room1": 0.422639757}, "spk21": {"room3": 0.83032465, "room4": 1.387949109, "room2": 1.144236922, "room12": 1.8755646940000001}, "spk30": {"room4": -1.666082382, "room2": -2.7158944610000004, "room12": -1.641512156}, "spk4": {"room6": 0.871513724}, "spk14": {"room10": -0.016998297}, "spk7": {"room12": 0.159519836}, "spk1": {"room5": 0.318390489, "room0": -0.406337261}}}