{"meta": {"speaker": "spk10", "room": "room8"}, "data": {"spk22": {"room0": 0.039871421000000004}, "spk10": {"room4": 5.521273612999999, "room12": 4.807221889}, "spk18": {"room5": -2.022981882, "room0": -1.9982576369999998, "room2": -1.625602007}, "spk29": {"room10": 1.099570513}, "spk5": {"room3": 0.321945965, "room5": 0.47425264100000003, "room0": 0.9777684209999999}, "spk9": {"room4": -0.36738658, "room7": 0.675752163, "room10": -0.449146062, "room12": -0.45027136799999995, "room9": -0.346082658}, "spk2": {"room5": 0.190971062, "room0": 0.127787963}, "spk23": {"room4": 1.8805190319999998, "room7": 1.7098144290000001, "room2": 3.596776962, "room10": 1.26800406, "room12": 1.6653028730000001, "room9": 1.4425531630000001}, "spk15": {"room10": 0.013264455}, "spk28": {"room10": -1.668848753}, "spk24": {"room1": -1.073467612}, "spk12": {"room10": -1.93381989}, "spk8": {"room10": -0.564873874}, "spk17": {"room5": 0.9877677559999999, "room0": 1.192921519}, "spk11": {"room3": -1.3633885380000001, "room4": -0.11897790400000001, "room7": -1.610290051, "room2": -1.990751863, "room12": -0.270695448, "room9": -1.338354111}, "spk19": {"room4": -2.139501333, "room7": -2.194475174, "room12": -2.515502214}, "spk13": {"room4": 0.39716270600000003, "room12": 0.8390792009999999}, "spk31": {"room10": -2.347403288}, "spk6": {"room10": 1.21190989}, "spk3": {"room3": 0.41397213899999996, "room5": -0.929537237, "room7": -0.271302015, "room0": -0.077813067, "room2": -1.226349711, "room9": -0.6652334329999999}, "spk0": {"room3": -0.775898874}, "spk20": {"room10": -1.298391342}, "spk26": {"room2": 0.12635234}, "spk16": {"room3": 0.959866285, "room4": -0.49762734799999997, "room7": -0.14728064800000001, "room12": -0.22261419899999998, "room9": -0.571758628}, "spk27": {"room5": 0.661273897, "room0": 0.806341469}, "spk25": {"room1": 0.885251641}, "spk21": {"room3": 0.725546241, "room4": 0.6620125170000001, "room2": 0.23827593, "room12": 1.52696836}, "spk30": {"room4": -1.8874034880000001, "room2": -3.1153664589999996, "room12": -2.246404409}, "spk4": {"room6": 0.9573550820000001}, "spk14": {"room10": 2.203797102}, "spk7": {"room12": 0.850629091}, "spk1": {"room5": 0.300717533, "room0": -0.5227305289999999}}}