{"meta": {"speaker": "spk10", "room": "room8"}, "data": {"spk22": {"room0": 0.41026786}, "spk10": {"room4": 4.9925675389999995, "room12": 3.6217064860000003}, "spk18": {"room5": -2.076417923, "room0": -2.05673027, "room2": -1.723804832}, "spk29": {"room10": 1.306747556}, "spk5": {"room3": -0.435060382, "room5": -0.322883993, "room0": 0.278293371}, "spk9": {"room4": -1.14267385, "room7": -0.466231674, "room10": -0.813535392, "room12": -0.7118439670000001, "room9": -0.397149265}, "spk2": {"room5": 0.197504565, "room0": -0.575255156}, "spk23": {"room4": 1.730613947, "room7": 1.902338624, "room2": 2.558904409, "room10": 1.412340164, "room12": 0.8433729409999999, "room9": 1.739135385}, "spk15": {"room10": -0.545593321}, "spk28": {"room10": -1.588561296}, "spk24": {"room1": -1.1979084009999998}, "spk12": {"room10": -1.9579193590000001}, "spk8": {"room10": -0.29717204}, "spk17": {"room5": 2.003611088, "room0": 1.31588304}, "spk11": {"room3": -1.073936939, "room4": -0.126409709, "room7": -1.34583509, "room2": -1.15311718, "room12": 0.125686795, "room9": -0.86516881}, "spk19": {"room4": -2.374845028, "room7": -1.863054156, "room12": -2.369092226}, "spk13": {"room4": 0.335601091, "room12": 1.229198933}, "spk31": {"room10": -2.2494473459999997}, "spk6": {"room10": 1.594737053}, "spk3": {"room3": -0.09353335199999999, "room5": -0.46467807899999997, "room7": -0.10409803699999999, "room0": -0.169910625, "room2": -0.7135563490000001, "room9": -0.9074065090000001}, "spk0": {"room3": -0.919810653}, "spk20": {"room10": -1.126871467}, "spk26": {"room2": 0.108422905}, "spk16": {"room3": 0.431954175, "room4": -0.8810768720000001, "room7": -0.40468177200000005, "room12": -0.6900926829999999, "room9": -1.346472383}, "spk27": {"room5": 0.7676045890000001, "room0": 0.28212732100000004}, "spk25": {"room1": 0.39382109}, "spk21": {"room3": 0.198731348, "room4": 0.7217398290000001, "room2": -0.007395689, "room12": 0.610190272}, "spk30": {"room4": -1.777749777, "room2": -2.917714596, "room12": -2.083567381}, "spk4": {"room6": 0.537105739}, "spk14": {"room10": 1.305132508}, "spk7": {"room12": -0.21315503100000002}, "spk1": {"room5": 1.214099646, "room0": 0.066073522}}}