{"meta": {"speaker": "spk10", "room": "room12"}, "data": {"spk22": {"room0": 1.010202885}, "spk10": {"room4": 3.853743315, "room12": 5.413202286000001}, "spk18": {"room5": -0.7374846340000001, "room0": -0.45235648799999995, "room2": -0.6982838509999999}, "spk29": {"room10": 2.79664135}, "spk5": {"room3": 1.628855109, "room5": 1.0298402309999999, "room0": 1.010644197}, "spk9": {"room4": -0.08933945, "room7": 1.256314993, "room10": 1.186826468, "room12": 1.148619294, "room9": 0.453075945}, "spk2": {"room5": 0.67967993, "room0": 0.535502017}, "spk23": {"room4": 1.828793526, "room7": 1.585500717, "room2": 1.1503812070000001, "room10": 2.487671137, "room12": 1.555548191, "room9": 1.681472778}, "spk15": {"room10": -0.101067252}, "spk28": {"room10": -0.38796269899999997}, "spk24": {"room1": -1.2152271270000001}, "spk12": {"room10": -0.394708842}, "spk8": {"room10": 0.329427242}, "spk17": {"room5": 2.603442669, "room0": 1.356004596}, "spk11": {"room3": 0.36879155, "room4": 1.14255631, "room7": 0.509780169, "room2": 0.325168878, "room12": 0.970455885, "room9": 0.727678776}, "spk19": {"room4": -0.8692890999999999, "room7": -0.405509204, "room12": -0.8144211170000001}, "spk13": {"room4": 1.421242595, "room12": 1.436044216}, "spk31": {"room10": -1.16255331}, "spk6": {"room10": 0.453951865}, "spk3": {"room3": 1.261368632, "room5": 0.640366495, "room7": 0.408266187, "room0": 1.041239142, "room2": 0.537370205, "room9": 0.741537094}, "spk0": {"room3": 0.747063637}, "spk20": {"room10": 0.07027965}, "spk26": {"room2": -0.48434829700000004}, "spk16": {"room3": 1.544245481, "room4": -0.239409357, "room7": 0.303060353, "room12": -0.782512605, "room9": -0.560651243}, "spk27": {"room5": 1.3720113040000002, "room0": 1.210119605}, "spk25": {"room1": 0.757072449}, "spk21": {"room3": 2.243114948, "room4": 1.126672149, "room2": 1.319216728, "room12": 1.424188495}, "spk30": {"room4": -0.300631076, "room2": -0.542146325, "room12": -0.387360364}, "spk4": {"room6": 2.170120955}, "spk14": {"room10": 0.7902058959999999}, "spk7": {"room12": 1.9345154759999998}, "spk1": {"room5": 1.745061159, "room0": 1.9567098619999999}}}