{"meta": {"speaker": "spk10", "room": "room8"}, "data": {"spk22": {"room0": 0.43656924399999997}, "spk10": {"room4": 5.37238884, "room12": 4.104424477}, "spk18": {"room5": -1.8652426, "room0": -1.699331045, "room2": -1.4903246159999999}, "spk29": {"room10": 1.415162206}, "spk5": {"room3": -0.5589241979999999, "room5": -0.439749569, "room0": 0.39305341200000005}, "spk9": {"room4": -1.063464046, "room7": 0.17147716899999998, "room10": -0.061947431, "room12": -0.47005137799999996, "room9": -0.36356756100000004}, "spk2": {"room5": 0.39490938200000003, "room0": 0.29419842399999996}, "spk23": {"room4": 1.261160493, "room7": 1.2637763020000001, "room2": 1.562584758, "room10": 1.2021489140000001, "room12": 1.273277164, "room9": 1.4047263859999999}, "spk15": {"room10": -0.070575833}, "spk28": {"room10": -1.770460248}, "spk24": {"room1": -0.908221543}, "spk12": {"room10": -1.5371367930000002}, "spk8": {"room10": -0.000607379}, "spk17": {"room5": 1.93116951, "room0": 1.3600537780000002}, "spk11": {"room3": -0.687596738, "room4": -0.123524383, "room7": -1.421067476, "room2": -1.4632012840000002, "room12": -0.317203403, "room9": -0.552691698}, "spk19": {"room4": -1.850860357, "room7": -1.4248950480000002, "room12": -1.9895168540000001}, "spk13": {"room4": 0.426066965, "room12": 0.142323896}, "spk31": {"room10": -1.882993579}, "spk6": {"room10": 1.351386666}, "spk3": {"room3": -0.157541201, "room5": -0.7639508840000001, "room7": -0.45629671200000005, "room0": -0.306678623, "room2": -0.8580237629999999, "room9": -0.583037376}, "spk0": {"room3": 0.345042288}, "spk20": {"room10": -1.037939191}, "spk26": {"room2": 0.79472059}, "spk16": {"room3": 0.606868565, "room4": -0.974809587, "room7": -0.340474427, "room12": -0.7346620559999999, "room9": -1.1070452929999999}, "spk27": {"room5": 0.416770816, "room0": -0.660153866}, "spk25": {"room1": -0.177455127}, "spk21": {"room3": 0.874886394, "room4": 0.321023107, "room2": -0.056811299, "room12": 0.50851959}, "spk30": {"room4": -1.71278429, "room2": -2.8514800069999997, "room12": -1.961358547}, "spk4": {"room6": 0.82831037}, "spk14": {"room10": 1.373717189}, "spk7": {"room12": -0.39743343}, "spk1": {"room5": 0.677645802, "room0": 0.154646441}}}