{"meta": {"speaker": "spk10", "room": "room8"}, "data": {"spk22": {"room0": 0.7580964570000001}, "spk10": {"room4": 4.294240952, "room12": 5.366811275}, "spk18": {"room5": -2.211215258, "room0": -2.180375576, "room2": -2.18585825}, "spk29": {"room10": 2.360229731}, "spk5": {"room3": 0.493560106, "room5": 0.705146253, "room0": 0.86338532}, "spk9": {"room4": -0.57422477, "room7": 1.3918511869999999, "room10": 0.38902542, "room12": 1.0208784340000001, "room9": 0.48051551}, "spk2": {"room5": 1.3187997340000002, "room0": 0.394523501}, "spk23": {"room4": 1.419944048, "room7": 1.696137547, "room2": 1.420201421, "room10": 1.963907003, "room12": 2.2976179119999998, "room9": 2.112237215}, "spk15": {"room10": -0.24353586100000002}, "spk28": {"room10": -1.3463281390000001}, "spk24": {"room1": -1.196435809}, "spk12": {"room10": -1.055480838}, "spk8": {"room10": -0.278651029}, "spk17": {"room5": 2.718986988, "room0": 2.358545542}, "spk11": {"room3": -0.935574353, "room4": 1.2514528040000001, "room7": -0.34305930100000004, "room2": -0.8397479059999999, "room12": 0.6194476489999999, "room9": 0.046482656}, "spk19": {"room4": -2.0651354790000003, "room7": -1.7104169130000002, "room12": -2.366756201}, "spk13": {"room4": 0.187233686, "room12": -0.064646967}, "spk31": {"room10": -1.742798209}, "spk6": {"room10": 1.4719521999999998}, "spk3": {"room3": 1.163538218, "room5": 0.314233989, "room7": 0.7980640529999999, "room0": 1.963074565, "room2": 0.21373605699999998, "room9": 0.969943345}, "spk0": {"room3": 0.544160843}, "spk20": {"room10": -0.507122338}, "spk26": {"room2": -0.033253361}, "spk16": {"room3": 1.326584816, "room4": -0.526655734, "room7": -0.133680776, "room12": -0.64515233, "room9": -0.289988667}, "spk27": {"room5": 1.168025732, "room0": 0.261124879}, "spk25": {"room1": 0.38969332}, "spk21": {"room3": 2.172109604, "room4": 0.9449440240000001, "room2": -0.053441428, "room12": 0.891792059}, "spk30": {"room4": -0.74165827, "room2": -1.7252572769999999, "room12": -1.18346405}, "spk4": {"room6": 0.9578285809999999}, "spk14": {"room10": 1.956055284}, "spk7": {"room12": 0.06828194900000001}, "spk1": {"room5": 1.492191672, "room0": -0.290125281}}}