{"meta": {"speaker": "spk19", "room": "room2"}, "data": {"spk22": {"room0": -1.412824035}, "spk10": {"room4": -2.321750641, "room12": -1.549027085}, "spk18": {"room5": -0.749119878, "room0": -1.139415622, "room2": -0.417603135}, "spk29": {"room10": -1.826064467}, "spk5": {"room3": -1.4218339919999998, "room5": -1.39404726, "room0": -1.319097757}, "spk9": {"room4": -1.622857094, "room7": -1.495433688, "room10": -1.750102639, "room12": -1.6702769990000002, "room9": -1.573942184}, "spk2": {"room5": -1.598246694, "room0": -1.5594887730000002}, "spk23": {"room4": -1.4221860169999998, "room7": -1.614926219, "room2": -1.447379231, "room10": -1.361737847, "room12": -1.21808517, "room9": -1.871731162}, "spk15": {"room10": -0.07289262099999999}, "spk28": {"room10": 0.7516618970000001}, "spk24": {"room1": -2.258756638}, "spk12": {"room10": -0.800097883}, "spk8": {"room10": -1.12031126}, "spk17": {"room5": -1.4099695680000002, "room0": -1.3466855290000002}, "spk11": {"room3": -1.8798220159999999, "room4": -2.072856426, "room7": -1.732829213, "room2": -1.902896404, "room12": -1.542201638, "room9": -1.970746994}, "spk19": {"room4": 4.53302002, "room7": 2.7267661089999997, "room12": 4.097472668}, "spk13": {"room4": -1.260540009, "room12": -1.804481745}, "spk31": {"room10": 0.011526001999999999}, "spk6": {"room10": -0.936695278}, "spk3": {"room3": -1.994817019, "room5": -1.194915056, "room7": -1.735749125, "room0": -1.4635189769999999, "room2": -1.5422520640000001, "room9": -1.419787765}, "spk0": {"room3": -1.195747495}, "spk20": {"room10": 0.396802545}, "spk26": {"room2": -1.3221702579999999}, "spk16": {"room3": -2.060147285, "room4": -1.226596594, "room7": -1.653143525, "room12": -1.153900385, "room9": -1.537095785}, "spk27": {"room5": -1.540769219, "room0": -1.70387578}, "spk25": {"room1": -2.110928535}, "spk21": {"room3": -0.727730513, "room4": -1.134780407, "room2": -0.524244964, "room12": -0.992619693}, "spk30": {"room4": -0.967259407, "room2": -0.634598732, "room12": 0.13294629800000002}, "spk4": {"room6": -1.686495185}, "spk14": {"room10": -1.236555099}, "spk7": {"room12": -1.607840776}, "spk1": {"room5": -1.7623952630000002, "room0": -1.76873827}}}