{"meta": {"speaker": "spk19", "room": "room4"}, "data": {"spk22": {"room0": -1.2919313909999999}, "spk10": {"room4": -1.53336525, "room12": -1.18750596}, "spk18": {"room5": 0.428645998, "room0": 0.09743977300000001, "room2": 0.149209037}, "spk29": {"room10": -1.9079797269999998}, "spk5": {"room3": -1.388455033, "room5": -1.4388322830000002, "room0": -1.628935575}, "spk9": {"room4": -1.543742299, "room7": -1.4304325580000001, "room10": -1.351617336, "room12": -1.625735879, "room9": -1.5536890030000001}, "spk2": {"room5": -0.9469724890000001, "room0": -1.36361897}, "spk23": {"room4": -1.232664108, "room7": -1.079621673, "room2": -1.518553853, "room10": -0.887966037, "room12": -1.109822035, "room9": -1.344099164}, "spk15": {"room10": -0.705341578}, "spk28": {"room10": 0.22228007}, "spk24": {"room1": -2.040840387}, "spk12": {"room10": 0.16655446599999998}, "spk8": {"room10": -0.523630857}, "spk17": {"room5": -1.282607436, "room0": -1.2111474279999999}, "spk11": {"room3": -1.093445897, "room4": -1.816711545, "room7": -1.6485764980000002, "room2": -1.42253089, "room12": -1.489900589, "room9": -1.614264846}, "spk19": {"room4": 5.035080433, "room7": 3.8816435339999997, "room12": 4.06205225}, "spk13": {"room4": -0.943466246, "room12": -1.299882889}, "spk31": {"room10": 1.32504952}, "spk6": {"room10": -1.367622256}, "spk3": {"room3": -2.0269911290000002, "room5": -1.025705695, "room7": -1.503795624, "room0": -1.6641693119999998, "room2": -1.3616729969999999, "room9": -1.263723373}, "spk0": {"room3": -0.66227603}, "spk20": {"room10": 0.46069493899999997}, "spk26": {"room2": -1.4373986719999998}, "spk16": {"room3": -1.588798642, "room4": -1.193289638, "room7": -1.679725289, "room12": -1.0703611370000001, "room9": -1.468238115}, "spk27": {"room5": -1.171863556, "room0": -1.4917671680000002}, "spk25": {"room1": -1.916718841}, "spk21": {"room3": -1.205202103, "room4": -1.364749432, "room2": -0.41102343799999996, "room12": -0.948120892}, "spk30": {"room4": -1.198385477, "room2": -1.231678128, "room12": -0.11150276699999999}, "spk4": {"room6": -1.466621995}, "spk14": {"room10": -0.949333251}, "spk7": {"room12": -1.1514329909999999}, "spk1": {"room5": -1.292285323, "room0": -1.294586778}}}