{"meta": {"speaker": "spk19", "room": "room4"}, "data": {"spk22": {"room0": -1.8101065159999998}, "spk10": {"room4": -2.280324459, "room12": -1.847936749}, "spk18": {"room5": -0.548192978, "room0": -0.6595319510000001, "room2": -0.7699139709999999}, "spk29": {"room10": -2.280613422}, "spk5": {"room3": -1.9840343, "room5": -1.915827036, "room0": -1.9155282969999998}, "spk9": {"room4": -1.896418929, "room7": -1.812171578, "room10": -1.544183135, "room12": -1.770525694, "room9": -1.933730006}, "spk2": {"room5": -1.602558374, "room0": -1.8687338830000002}, "spk23": {"room4": -1.71207881, "room7": -1.75366509, "room2": -1.995869875, "room10": -1.228882194, "room12": -1.600255728, "room9": -2.001050711}, "spk15": {"room10": -0.7576403620000001}, "spk28": {"room10": 1.359748363}, "spk24": {"room1": -2.24444437}, "spk12": {"room10": -0.721597314}, "spk8": {"room10": -0.30774945}, "spk17": {"room5": -1.9044029709999999, "room0": -1.6142904759999999}, "spk11": {"room3": -1.5870718959999999, "room4": -2.417510748, "room7": -2.17743516, "room2": -1.71418786, "room12": -1.810096979, "room9": -2.167312145}, "spk19": {"room4": 6.54321146, "room7": 4.223358154, "room12": 5.826192379}, "spk13": {"room4": -1.4469442369999999, "room12": -1.669394135}, "spk31": {"room10": 1.3454208369999998}, "spk6": {"room10": -1.368684411}, "spk3": {"room3": -2.319068193, "room5": -1.254639387, "room7": -1.9921418430000002, "room0": -2.121228695, "room2": -1.505690694, "room9": -1.8136876819999999}, "spk0": {"room3": -1.2194590570000001}, "spk20": {"room10": -0.040196322}, "spk26": {"room2": -1.508626342}, "spk16": {"room3": -2.15553236, "room4": -1.854699373, "room7": -2.136907101, "room12": -1.4756093030000001, "room9": -1.9547567369999999}, "spk27": {"room5": -1.7097967859999998, "room0": -2.076050997}, "spk25": {"room1": -2.285764456}, "spk21": {"room3": -1.4929734469999998, "room4": -1.082031965, "room2": -0.042790912, "room12": -0.795250595}, "spk30": {"room4": -0.918791175, "room2": -0.967188299, "room12": 0.171769738}, "spk4": {"room6": -1.878089905}, "spk14": {"room10": -1.318013191}, "spk7": {"room12": -1.7377200130000001}, "spk1": {"room5": -1.646764874, "room0": -1.7057093380000001}}}