{"meta": {"speaker": "spk19", "room": "room12"}, "data": {"spk22": {"room0": -1.413273096}, "spk10": {"room4": -1.819471359, "room12": -1.2992862459999999}, "spk18": {"room5": -0.165246204, "room0": -0.424979538, "room2": -0.351114273}, "spk29": {"room10": -1.5891385080000002}, "spk5": {"room3": -1.37315309, "room5": -1.6476035119999999, "room0": -1.525316954}, "spk9": {"room4": -1.487734079, "room7": -1.437117934, "room10": -1.314013362, "room12": -1.456560135, "room9": -1.5783929819999998}, "spk2": {"room5": -1.217976213, "room0": -0.8063417079999999}, "spk23": {"room4": -1.2285227779999999, "room7": -1.429284334, "room2": -1.680870175, "room10": -0.798874557, "room12": -1.3523573880000002, "room9": -1.470992446}, "spk15": {"room10": -0.68716222}, "spk28": {"room10": 1.094161153}, "spk24": {"room1": -2.117322445}, "spk12": {"room10": -0.531355381}, "spk8": {"room10": -0.327303141}, "spk17": {"room5": -1.36419487, "room0": -1.482225418}, "spk11": {"room3": -1.337182283, "room4": -2.121396065, "room7": -1.6691317559999999, "room2": -1.62508893, "room12": -1.330519795, "room9": -1.9956599469999998}, "spk19": {"room4": 4.921452045, "room7": 2.304844618, "room12": 4.859680176}, "spk13": {"room4": -1.193100214, "room12": -1.3707340959999998}, "spk31": {"room10": 0.8379203679999999}, "spk6": {"room10": -1.193335891}, "spk3": {"room3": -2.207285166, "room5": -1.041052818, "room7": -1.518665433, "room0": -1.793839335, "room2": -1.3783503769999998, "room9": -1.491798639}, "spk0": {"room3": -0.642430484}, "spk20": {"room10": -0.11067944800000001}, "spk26": {"room2": -0.830310345}, "spk16": {"room3": -1.5940654280000002, "room4": -0.947114527, "room7": -1.360719204, "room12": -0.907594502, "room9": -1.222689986}, "spk27": {"room5": -1.281172037, "room0": -1.654362321}, "spk25": {"room1": -2.2984890940000002}, "spk21": {"room3": -0.9929567579999999, "room4": -1.331732869, "room2": -0.37452164299999996, "room12": -0.8770032529999999}, "spk30": {"room4": -0.90503794, "room2": -0.47167483, "room12": 0.436742067}, "spk4": {"room6": -1.693744063}, "spk14": {"room10": -0.679693401}, "spk7": {"room12": -1.3760622740000001}, "spk1": {"room5": -1.472201824, "room0": -1.327940583}}}