{"meta": {"speaker": "spk19", "room": "room12"}, "data": {"spk22": {"room0": -1.6918462509999999}, "spk10": {"room4": -2.314286709, "room12": -1.518596888}, "spk18": {"room5": -1.03598702, "room0": -1.007455468, "room2": -1.036167622}, "spk29": {"room10": -2.110453129}, "spk5": {"room3": -1.710005164, "room5": -1.837683916, "room0": -1.75082922}, "spk9": {"room4": -2.079801559, "room7": -1.8816015719999999, "room10": -1.659821033, "room12": -1.956614852, "room9": -1.920114994}, "spk2": {"room5": -1.694934607, "room0": -1.5766696930000001}, "spk23": {"room4": -1.681777716, "room7": -1.650952816, "room2": -1.6827226880000001, "room10": -1.674057603, "room12": -1.871325493, "room9": -2.036796093}, "spk15": {"room10": -0.6747276190000001}, "spk28": {"room10": 1.129491925}, "spk24": {"room1": -2.316677809}, "spk12": {"room10": -0.900128543}, "spk8": {"room10": -0.641873658}, "spk17": {"room5": -2.053673983, "room0": -1.7629506590000001}, "spk11": {"room3": -1.752779365, "room4": -2.463722944, "room7": -2.104872227, "room2": -2.2318711280000003, "room12": -2.011000872, "room9": -2.497122288}, "spk19": {"room4": 3.835421324, "room7": 2.7914366719999997, "room12": 4.427589417}, "spk13": {"room4": -1.5145181419999998, "room12": -1.9557387830000001}, "spk31": {"room10": -0.082058243}, "spk6": {"room10": -1.259452105}, "spk3": {"room3": -2.192654371, "room5": -1.468809843, "room7": -2.274238825, "room0": -1.995826244, "room2": -1.857592344, "room9": -2.098112345}, "spk0": {"room3": -1.06871736}, "spk20": {"room10": -0.9357370140000001}, "spk26": {"room2": -1.168227315}, "spk16": {"room3": -1.97029686, "room4": -1.5288103819999999, "room7": -1.892163992, "room12": -1.461616635, "room9": -1.804151535}, "spk27": {"room5": -1.8875046969999998, "room0": -2.070490122}, "spk25": {"room1": -2.248638868}, "spk21": {"room3": -0.7402686479999999, "room4": -1.3676795959999999, "room2": -0.79177177, "room12": -0.5709386470000001}, "spk30": {"room4": -1.047878265, "room2": -1.010985613, "room12": 0.169643983}, "spk4": {"room6": -1.60632956}, "spk14": {"room10": -1.317665219}, "spk7": {"room12": -1.669244289}, "spk1": {"room5": -1.7262450459999998, "room0": -1.739192963}}}