{"meta": {"speaker": "spk19", "room": "room12"}, "data": {"spk22": {"room0": -1.668971658}, "spk10": {"room4": -1.457135201, "room12": -1.048292994}, "spk18": {"room5": -0.390006334, "room0": -0.7425388690000001, "room2": -0.553878427}, "spk29": {"room10": -1.728999138}, "spk5": {"room3": -1.3627610209999999, "room5": -1.6355137830000002, "room0": -1.537211776}, "spk9": {"room4": -1.8876076940000002, "room7": -1.870351672, "room10": -1.734871268, "room12": -1.6904641390000001, "room9": -1.912218571}, "spk2": {"room5": -1.229210734, "room0": -1.3153457640000001}, "spk23": {"room4": -1.3808650969999998, "room7": -1.337828279, "room2": -1.336248994, "room10": -1.234049559, "room12": -1.391826987, "room9": -1.566010594}, "spk15": {"room10": -0.505424201}, "spk28": {"room10": 0.803992987}, "spk24": {"room1": -2.256015062}, "spk12": {"room10": -0.891824245}, "spk8": {"room10": -0.305734187}, "spk17": {"room5": -1.283237338, "room0": -1.213385701}, "spk11": {"room3": -1.6421278719999999, "room4": -2.366672039, "room7": -2.015224695, "room2": -1.93580687, "room12": -1.726438284, "room9": -2.150191069}, "spk19": {"room4": 4.317790508, "room7": 3.365185738, "room12": 4.258934975}, "spk13": {"room4": -1.016060472, "room12": -1.722698331}, "spk31": {"room10": 0.649898291}, "spk6": {"room10": -0.786256194}, "spk3": {"room3": -1.8345140219999998, "room5": -1.048150539, "room7": -1.8241392369999998, "room0": -1.754851699, "room2": -1.225062728, "room9": -1.514463186}, "spk0": {"room3": -0.8161798720000001}, "spk20": {"room10": 0.14889805}, "spk26": {"room2": -0.9450777770000001}, "spk16": {"room3": -1.730391026, "room4": -1.5953203440000001, "room7": -1.4946281909999999, "room12": -1.063220143, "room9": -1.3550196890000001}, "spk27": {"room5": -1.62784493, "room0": -2.112482548}, "spk25": {"room1": -1.835415959}, "spk21": {"room3": -0.44029635200000006, "room4": -0.7580339309999999, "room2": -0.219111368, "room12": -0.538383603}, "spk30": {"room4": -1.4978098869999998, "room2": -1.479560971, "room12": -0.291574746}, "spk4": {"room6": -0.90660882}, "spk14": {"room10": -0.9930451509999999}, "spk7": {"room12": -1.428367615}, "spk1": {"room5": -0.9602697490000001, "room0": -1.4111588}}}