{"meta": {"speaker": "spk19", "room": "room12"}, "data": {"spk22": {"room0": -1.631189346}, "spk10": {"room4": -1.9699082369999998, "room12": -1.4833911659999999}, "spk18": {"room5": -0.07284411, "room0": -0.15560174, "room2": -0.40004476899999997}, "spk29": {"room10": -2.0575125219999997}, "spk5": {"room3": -1.574085951, "room5": -1.831992984, "room0": -1.845402479}, "spk9": {"room4": -1.92056489, "room7": -1.614970565, "room10": -1.418074489, "room12": -1.816562414, "room9": -1.810326219}, "spk2": {"room5": -1.856722832, "room0": -1.579504728}, "spk23": {"room4": -1.730098963, "room7": -1.9397346969999998, "room2": -1.661810517, "room10": -1.150024891, "room12": -1.6730108259999998, "room9": -2.0864074230000003}, "spk15": {"room10": -1.082660556}, "spk28": {"room10": 0.707772374}, "spk24": {"room1": -2.151495934}, "spk12": {"room10": -0.442625403}, "spk8": {"room10": -0.593022466}, "spk17": {"room5": -1.811693192, "room0": -1.8983089919999998}, "spk11": {"room3": -1.7613646980000002, "room4": -2.064678907, "room7": -1.95757103, "room2": -1.7079861159999998, "room12": -1.5749621390000001, "room9": -2.062612057}, "spk19": {"room4": 4.690323353, "room7": 3.048552513, "room12": 4.386816025}, "spk13": {"room4": -1.3625510930000002, "room12": -1.5561985969999999}, "spk31": {"room10": 1.053122044}, "spk6": {"room10": -1.340095282}, "spk3": {"room3": -2.216750383, "room5": -1.152324796, "room7": -1.596610904, "room0": -1.7901695969999998, "room2": -1.5670694109999999, "room9": -1.5413597819999998}, "spk0": {"room3": -0.9829645159999999}, "spk20": {"room10": 0.250932544}, "spk26": {"room2": -1.302905679}, "spk16": {"room3": -1.9352623219999998, "room4": -1.4049566980000001, "room7": -1.693985939, "room12": -1.2463063, "room9": -1.560234785}, "spk27": {"room5": -1.659580469, "room0": -1.886874318}, "spk25": {"room1": -2.357287169}, "spk21": {"room3": -1.30987668, "room4": -1.480914116, "room2": -0.717896223, "room12": -1.292840958}, "spk30": {"room4": -0.801789045, "room2": -0.97612381, "room12": -0.13545902099999999}, "spk4": {"room6": -1.695475101}, "spk14": {"room10": -1.080112696}, "spk7": {"room12": -1.6726903919999998}, "spk1": {"room5": -1.70267117, "room0": -1.6707977059999999}}}