{"meta": {"speaker": "spk19", "room": "room4"}, "data": {"spk22": {"room0": -1.566954374}, "spk10": {"room4": -1.832371235, "room12": -1.245923638}, "spk18": {"room5": -0.641768575, "room0": -0.869639993, "room2": -0.579713166}, "spk29": {"room10": -1.715945125}, "spk5": {"room3": -1.204681873, "room5": -1.544045687, "room0": -1.2495373490000001}, "spk9": {"room4": -1.888489246, "room7": -1.404085279, "room10": -1.670467615, "room12": -1.913574219, "room9": -1.793651581}, "spk2": {"room5": -1.643588185, "room0": -1.4748290780000002}, "spk23": {"room4": -1.124617338, "room7": -1.439178228, "room2": -0.990326285, "room10": -0.7098292709999999, "room12": -1.286424637, "room9": -1.45746994}, "spk15": {"room10": -0.20126782399999998}, "spk28": {"room10": 0.31053865}, "spk24": {"room1": -1.7200685740000001}, "spk12": {"room10": 0.227659702}, "spk8": {"room10": -0.284523576}, "spk17": {"room5": -1.073894262, "room0": -1.496733308}, "spk11": {"room3": -1.654480696, "room4": -2.282309771, "room7": -2.047445059, "room2": -2.009195089, "room12": -1.589619637, "room9": -2.301438332}, "spk19": {"room4": 5.368926048, "room7": 3.283867121, "room12": 5.102226733999999}, "spk13": {"room4": -1.341200113, "room12": -1.55065465}, "spk31": {"room10": 1.181195259}, "spk6": {"room10": -0.491962135}, "spk3": {"room3": -2.2609720230000003, "room5": -0.975320339, "room7": -2.0052950380000003, "room0": -2.09217906, "room2": -1.7014473680000002, "room9": -1.6278235909999998}, "spk0": {"room3": -0.295922339}, "spk20": {"room10": 1.373198748}, "spk26": {"room2": -0.7737147209999999}, "spk16": {"room3": -2.1775810719999997, "room4": -1.43008244, "room7": -1.9719396830000002, "room12": -1.422018051, "room9": -1.7208956480000002}, "spk27": {"room5": -1.041974068, "room0": -1.251969576}, "spk25": {"room1": -1.6945333480000002}, "spk21": {"room3": -0.7565436959999999, "room4": -1.169692516, "room2": -0.284142673, "room12": -1.200384259}, "spk30": {"room4": -0.487659216, "room2": -1.320718527, "room12": 0.512245536}, "spk4": {"room6": -1.3647048469999998}, "spk14": {"room10": -1.083569407}, "spk7": {"room12": -1.2201410529999999}, "spk1": {"room5": -1.638136148, "room0": -1.911928773}}}