{"meta": {"speaker": "spk19", "room": "room4"}, "data": {"spk22": {"room0": -1.589396477}, "spk10": {"room4": -2.085322857, "room12": -1.382691026}, "spk18": {"room5": -0.8864250779999999, "room0": -0.90751642, "room2": -1.072061658}, "spk29": {"room10": -1.491140127}, "spk5": {"room3": -1.709769607, "room5": -1.725991726, "room0": -1.329134941}, "spk9": {"room4": -1.7785736319999998, "room7": -1.677764297, "room10": -1.3452360630000002, "room12": -1.616562366, "room9": -1.823927641}, "spk2": {"room5": -1.891211152, "room0": -1.473035574}, "spk23": {"room4": -0.896704257, "room7": -1.306352735, "room2": -0.365858048, "room10": -0.36743125299999996, "room12": -1.059202313, "room9": -1.28439486}, "spk15": {"room10": -0.386420727}, "spk28": {"room10": 0.886014223}, "spk24": {"room1": -1.772302628}, "spk12": {"room10": -0.561449289}, "spk8": {"room10": -0.695586205}, "spk17": {"room5": -1.261541128, "room0": -1.593107581}, "spk11": {"room3": -1.560926557, "room4": -2.22986722, "room7": -2.180046082, "room2": -1.9474854469999998, "room12": -1.911722898, "room9": -2.308763504}, "spk19": {"room4": 5.645183086, "room7": 3.7811501030000003, "room12": 5.2162184719999996}, "spk13": {"room4": -1.166953921, "room12": -0.996495545}, "spk31": {"room10": 1.232788086}, "spk6": {"room10": -0.876724362}, "spk3": {"room3": -1.7851234669999998, "room5": -1.060644388, "room7": -2.023229122, "room0": -1.8921667340000001, "room2": -1.6392972469999998, "room9": -1.853700757}, "spk0": {"room3": -0.837478697}, "spk20": {"room10": 0.49776262}, "spk26": {"room2": -0.8344591859999999}, "spk16": {"room3": -2.158118486, "room4": -1.40850246, "room7": -1.944053054, "room12": -1.300964832, "room9": -1.7994022369999998}, "spk27": {"room5": -1.52470696, "room0": -1.4771251680000002}, "spk25": {"room1": -1.636722684}, "spk21": {"room3": -0.836108625, "room4": -0.791281641, "room2": -0.10462771400000001, "room12": -1.131168723}, "spk30": {"room4": -0.529257774, "room2": -0.679081321, "room12": 0.601865172}, "spk4": {"room6": -1.408158064}, "spk14": {"room10": -1.162428617}, "spk7": {"room12": -1.5196971890000002}, "spk1": {"room5": -1.4209458830000001, "room0": -1.425486684}}}