{"meta": {"speaker": "spk19", "room": "room12"}, "data": {"spk22": {"room0": -1.073719144}, "spk10": {"room4": -1.686638951, "room12": -0.897292256}, "spk18": {"room5": -0.476959139, "room0": -0.718401909, "room2": -1.08168745}, "spk29": {"room10": -1.364806056}, "spk5": {"room3": -1.247056842, "room5": -1.439169049, "room0": -1.3213325740000001}, "spk9": {"room4": -1.65938437, "room7": -1.040638804, "room10": -1.3498200180000002, "room12": -1.602840424, "room9": -1.4783496859999998}, "spk2": {"room5": -0.943552196, "room0": -1.022242904}, "spk23": {"room4": -1.3759167190000001, "room7": -1.34523797, "room2": -1.2797522540000001, "room10": -0.869224608, "room12": -1.1658056970000001, "room9": -1.514893293}, "spk15": {"room10": -0.40466845}, "spk28": {"room10": 1.0122598409999999}, "spk24": {"room1": -2.0296244619999997}, "spk12": {"room10": -0.933602273}, "spk8": {"room10": -0.464702189}, "spk17": {"room5": -1.30113852, "room0": -1.105902076}, "spk11": {"room3": -1.244496942, "room4": -1.7609353069999998, "room7": -1.448307157, "room2": -1.373214722, "room12": -1.271171212, "room9": -1.697673917}, "spk19": {"room4": 4.178972244, "room7": 3.767804146, "room12": 3.8961472510000004}, "spk13": {"room4": -1.081297517, "room12": -0.990796447}, "spk31": {"room10": 0.574618101}, "spk6": {"room10": -0.866166592}, "spk3": {"room3": -2.010366917, "room5": -0.971705794, "room7": -1.461174965, "room0": -1.47931695, "room2": -1.429537892, "room9": -1.29614377}, "spk0": {"room3": -0.946726918}, "spk20": {"room10": 0.295756876}, "spk26": {"room2": -0.922416508}, "spk16": {"room3": -1.4659892319999999, "room4": -1.180153251, "room7": -1.4087615009999999, "room12": -1.045815587, "room9": -1.396007419}, "spk27": {"room5": -1.18027389, "room0": -1.2405450340000002}, "spk25": {"room1": -1.482471585}, "spk21": {"room3": -0.65989691, "room4": -0.6435140970000001, "room2": -0.071468435, "room12": -0.299378812}, "spk30": {"room4": -0.7355970740000001, "room2": -1.010535479, "room12": 0.365934461}, "spk4": {"room6": -1.260355592}, "spk14": {"room10": -0.762380183}, "spk7": {"room12": -1.100726485}, "spk1": {"room5": -1.232361555, "room0": -1.3464504480000001}}}