{"meta": {"speaker": "spk19", "room": "room7"}, "data": {"spk22": {"room0": -1.301197052}, "spk10": {"room4": -1.641081214, "room12": -1.2623717779999999}, "spk18": {"room5": -0.614347279, "room0": -0.901192665, "room2": -1.15753603}, "spk29": {"room10": -1.556366086}, "spk5": {"room3": -1.147641778, "room5": -1.270191073, "room0": -1.233561635}, "spk9": {"room4": -1.449152231, "room7": -1.357989788, "room10": -1.3851393459999999, "room12": -1.48904264, "room9": -1.402147412}, "spk2": {"room5": -0.97443682, "room0": -1.42355454}, "spk23": {"room4": -1.222106338, "room7": -1.406674623, "room2": -1.376850009, "room10": -1.0638103490000002, "room12": -1.189916611, "room9": -1.5482037069999999}, "spk15": {"room10": -0.114102624}, "spk28": {"room10": 1.56293571}, "spk24": {"room1": -1.646359563}, "spk12": {"room10": -1.067066073}, "spk8": {"room10": -0.31665656}, "spk17": {"room5": -1.313601255, "room0": -1.35001266}, "spk11": {"room3": -1.3763281109999999, "room4": -1.902513027, "room7": -1.6289163830000002, "room2": -1.761664748, "room12": -1.4175652269999999, "room9": -1.861336589}, "spk19": {"room4": 4.361833096, "room7": 3.4147782330000003, "room12": 4.457606792}, "spk13": {"room4": -1.220692515, "room12": -1.257192254}, "spk31": {"room10": 0.5618420239999999}, "spk6": {"room10": -1.089163542}, "spk3": {"room3": -1.636793375, "room5": -0.6950359340000001, "room7": -1.244268775, "room0": -1.164597631, "room2": -1.07565999, "room9": -1.139235973}, "spk0": {"room3": -0.9379673000000001}, "spk20": {"room10": -0.211006552}, "spk26": {"room2": -0.905029058}, "spk16": {"room3": -1.25331068, "room4": -1.136765957, "room7": -1.22605741, "room12": -0.9793455, "room9": -1.191731215}, "spk27": {"room5": -1.477422953, "room0": -1.650717854}, "spk25": {"room1": -1.980869293}, "spk21": {"room3": -0.543727934, "room4": -0.7571605440000001, "room2": -0.098435625, "room12": -0.387196869}, "spk30": {"room4": -0.531819165, "room2": -0.47945693100000003, "room12": 0.526610434}, "spk4": {"room6": -1.217710495}, "spk14": {"room10": -0.954584181}, "spk7": {"room12": -1.192880034}, "spk1": {"room5": -1.389615655, "room0": -1.280182123}}}