{"meta": {"speaker": "spk19", "room": "room9"}, "data": {"spk22": {"room0": -0.836844444}, "spk10": {"room4": -1.2712352279999999, "room12": -0.619346261}, "spk18": {"room5": -0.466217428, "room0": -0.743287563, "room2": -1.404605865}, "spk29": {"room10": -1.2832080129999999}, "spk5": {"room3": -0.905933738, "room5": -1.490899086, "room0": -1.229308605}, "spk9": {"room4": -1.469180346, "room7": -1.239907026, "room10": -1.130829573, "room12": -1.373431087, "room9": -1.220244169}, "spk2": {"room5": -1.446358442, "room0": -0.953842163}, "spk23": {"room4": -0.665688396, "room7": -0.945676863, "room2": -0.65089798, "room10": -0.626311362, "room12": -1.144309044, "room9": -1.019849539}, "spk15": {"room10": -0.219726041}, "spk28": {"room10": 0.6386836770000001}, "spk24": {"room1": -2.02153182}, "spk12": {"room10": -0.73559463}, "spk8": {"room10": -0.44757339399999996}, "spk17": {"room5": -1.161418796, "room0": -1.040294528}, "spk11": {"room3": -1.18206501, "room4": -2.101973295, "room7": -1.47224319, "room2": -1.282358289, "room12": -1.090314746, "room9": -1.77408278}, "spk19": {"room4": 5.7639851570000005, "room7": 5.2159953119999996, "room12": 5.372852325}, "spk13": {"room4": -0.631253839, "room12": -0.972273171}, "spk31": {"room10": 1.188804507}, "spk6": {"room10": -0.80621922}, "spk3": {"room3": -1.5217735769999998, "room5": -0.823200822, "room7": -1.356992245, "room0": -1.206941485, "room2": -0.8613822459999999, "room9": -0.962658048}, "spk0": {"room3": -0.673284173}, "spk20": {"room10": 0.879378021}, "spk26": {"room2": -0.8827636240000001}, "spk16": {"room3": -1.156823874, "room4": -0.81684798, "room7": -0.7051453590000001, "room12": -0.742610633, "room9": -0.889373779}, "spk27": {"room5": -1.187789202, "room0": -1.474189639}, "spk25": {"room1": -1.648040414}, "spk21": {"room3": -0.598401785, "room4": -0.695017874, "room2": -0.063100748, "room12": -0.665147364}, "spk30": {"room4": -1.359191775, "room2": -0.942436099, "room12": -0.025405951}, "spk4": {"room6": -0.687529981}, "spk14": {"room10": -0.607898772}, "spk7": {"room12": -1.00277555}, "spk1": {"room5": -1.2721565959999999, "room0": -0.7436241509999999}}}