{"meta": {"speaker": "spk19", "room": "room2"}, "data": {"spk22": {"room0": -1.4770030980000002}, "spk10": {"room4": -2.033920288, "room12": -1.53849864}, "spk18": {"room5": -0.930427015, "room0": -1.4411133530000002, "room2": -0.7268939609999999}, "spk29": {"room10": -1.751304507}, "spk5": {"room3": -1.639100552, "room5": -1.67204237, "room0": -1.541363001}, "spk9": {"room4": -1.938881755, "room7": -1.654730558, "room10": -1.638192654, "room12": -2.000819445, "room9": -2.048549414}, "spk2": {"room5": -1.644416928, "room0": -1.879176617}, "spk23": {"room4": -1.6854968069999998, "room7": -1.7718329430000002, "room2": -1.863653779, "room10": -1.591961026, "room12": -1.664921761, "room9": -1.912402868}, "spk15": {"room10": -0.87447679}, "spk28": {"room10": 0.59605813}, "spk24": {"room1": -1.93136692}, "spk12": {"room10": -0.666529536}, "spk8": {"room10": -0.726928115}, "spk17": {"room5": -1.3372896909999998, "room0": -1.511585951}, "spk11": {"room3": -1.627083778, "room4": -2.001701355, "room7": -1.78970778, "room2": -1.6031847, "room12": -1.555458784, "room9": -2.14881897}, "spk19": {"room4": 4.322468281, "room7": 3.080108166, "room12": 4.429071426}, "spk13": {"room4": -1.261724114, "room12": -1.453522444}, "spk31": {"room10": 0.49994722}, "spk6": {"room10": -1.192867994}, "spk3": {"room3": -2.188276529, "room5": -1.27722764, "room7": -1.799015164, "room0": -1.654961586, "room2": -1.571039081, "room9": -1.605937839}, "spk0": {"room3": -0.9951362009999999}, "spk20": {"room10": -0.1213893}, "spk26": {"room2": -1.59086442}, "spk16": {"room3": -1.8707780840000001, "room4": -1.433473468, "room7": -1.5212750430000002, "room12": -1.09014976, "room9": -1.664860606}, "spk27": {"room5": -1.820999265, "room0": -2.008627892}, "spk25": {"room1": -1.9668388369999998}, "spk21": {"room3": -1.348869801, "room4": -1.6923489569999999, "room2": -1.123574138, "room12": -1.4717271330000001}, "spk30": {"room4": -0.81343478, "room2": -0.11629469699999999, "room12": 0.146782681}, "spk4": {"room6": -1.653168917}, "spk14": {"room10": -1.148359895}, "spk7": {"room12": -1.6121876240000002}, "spk1": {"room5": -1.9483591319999998, "room0": -1.809577107}}}