{"meta": {"speaker": "spk19", "room": "room12"}, "data": {"spk22": {"room0": -1.6214869019999998}, "spk10": {"room4": -1.827914476, "room12": -1.246075511}, "spk18": {"room5": -0.47366449200000005, "room0": -0.45295336799999997, "room2": -0.594563007}, "spk29": {"room10": -2.0136654380000003}, "spk5": {"room3": -1.5011636019999999, "room5": -1.930162787, "room0": -1.648016691}, "spk9": {"room4": -2.069279194, "room7": -1.747460842, "room10": -1.591552615, "room12": -1.870391846, "room9": -1.972693086}, "spk2": {"room5": -1.7455981969999999, "room0": -1.3552044630000002}, "spk23": {"room4": -1.6846435069999999, "room7": -1.703311443, "room2": -1.5259892940000002, "room10": -1.10140419, "room12": -1.435341358, "room9": -2.107097864}, "spk15": {"room10": -0.403229505}, "spk28": {"room10": 0.9507936840000001}, "spk24": {"room1": -2.402098894}, "spk12": {"room10": -0.472126365}, "spk8": {"room10": -0.555496097}, "spk17": {"room5": -1.713500381, "room0": -1.593308449}, "spk11": {"room3": -1.8216381069999998, "room4": -2.3899772169999998, "room7": -2.1336731909999997, "room2": -1.728385091, "room12": -1.778109908, "room9": -2.225725889}, "spk19": {"room4": 4.958758831, "room7": 3.6739461419999997, "room12": 4.756559848999999}, "spk13": {"room4": -1.315700769, "room12": -1.7587767840000001}, "spk31": {"room10": 1.312503695}, "spk6": {"room10": -1.047219157}, "spk3": {"room3": -2.334484577, "room5": -1.120620012, "room7": -1.83942914, "room0": -1.981131077, "room2": -1.618669748, "room9": -1.689432144}, "spk0": {"room3": -1.03599298}, "spk20": {"room10": 0.56948638}, "spk26": {"room2": -1.290143609}, "spk16": {"room3": -1.7843928340000001, "room4": -1.375308514, "room7": -1.634723186, "room12": -1.25603652, "room9": -1.729993343}, "spk27": {"room5": -1.722466469, "room0": -2.0104258059999998}, "spk25": {"room1": -1.9999272819999998}, "spk21": {"room3": -0.9060513379999999, "room4": -1.5320187809999999, "room2": -0.586694539, "room12": -1.459101796}, "spk30": {"room4": -0.9165002109999999, "room2": -1.088057995, "room12": 0.238812119}, "spk4": {"room6": -1.396185517}, "spk14": {"room10": -0.898290932}, "spk7": {"room12": -1.6593679190000001}, "spk1": {"room5": -1.644975901, "room0": -1.8515524859999999}}}