{"meta": {"speaker": "spk19", "room": "room2"}, "data": {"spk22": {"room0": -1.6480647330000002}, "spk10": {"room4": -2.061468601, "room12": -1.413704515}, "spk18": {"room5": -1.6281138659999999, "room0": -1.9688037630000002, "room2": -1.514156461}, "spk29": {"room10": -1.806128502}, "spk5": {"room3": -1.486029625, "room5": -1.6677919630000002, "room0": -1.25150609}, "spk9": {"room4": -2.093687534, "room7": -1.658461094, "room10": -1.907936811, "room12": -1.9606651069999999, "room9": -1.9337749480000002}, "spk2": {"room5": -1.833381891, "room0": -1.5682911869999998}, "spk23": {"room4": -1.520645618, "room7": -1.8426942830000002, "room2": -1.35077095, "room10": -1.494333982, "room12": -1.833659291, "room9": -1.928146005}, "spk15": {"room10": 0.239321545}, "spk28": {"room10": 0.094327375}, "spk24": {"room1": -2.108593702}, "spk12": {"room10": -1.079286933}, "spk8": {"room10": -1.207404017}, "spk17": {"room5": -1.509810567, "room0": -1.692565203}, "spk11": {"room3": -1.740803361, "room4": -2.115778923, "room7": -1.9595756530000001, "room2": -1.924292445, "room12": -1.6191221480000002, "room9": -2.164157152}, "spk19": {"room4": 3.951815844, "room7": 2.475036383, "room12": 3.9991288189999996}, "spk13": {"room4": -1.230988622, "room12": -1.6920511719999998}, "spk31": {"room10": 0.917806923}, "spk6": {"room10": -0.61985898}, "spk3": {"room3": -1.923566699, "room5": -1.105666757, "room7": -1.7103278640000001, "room0": -1.5914835930000002, "room2": -1.749034405, "room9": -1.519043326}, "spk0": {"room3": -1.247968197}, "spk20": {"room10": 0.029155171}, "spk26": {"room2": -1.471627831}, "spk16": {"room3": -1.847963929, "room4": -1.417550445, "room7": -1.5833212140000001, "room12": -1.2645808459999999, "room9": -1.51266408}, "spk27": {"room5": -1.6183111669999999, "room0": -1.730350852}, "spk25": {"room1": -2.095223427}, "spk21": {"room3": -0.8286049959999999, "room4": -1.4350430969999999, "room2": -0.8368079070000001, "room12": -1.462875247}, "spk30": {"room4": -0.145506054, "room2": -0.224927157, "room12": 0.702308238}, "spk4": {"room6": -1.36873579}, "spk14": {"room10": -1.111192584}, "spk7": {"room12": -1.688465476}, "spk1": {"room5": -1.7409001590000002, "room0": -1.9016965630000002}}}