{"meta": {"speaker": "spk19", "room": "room2"}, "data": {"spk22": {"room0": -1.9018117190000001}, "spk10": {"room4": -2.092799187, "room12": -1.619058251}, "spk18": {"room5": -1.5401561259999998, "room0": -1.955724716, "room2": -1.178482413}, "spk29": {"room10": -2.2592310909999997}, "spk5": {"room3": -1.969891667, "room5": -2.295644999, "room0": -1.7763429880000001}, "spk9": {"room4": -2.586077452, "room7": -2.229247093, "room10": -2.0249721999999997, "room12": -2.223602772, "room9": -2.1832752230000003}, "spk2": {"room5": -2.1571307180000003, "room0": -1.6098804469999999}, "spk23": {"room4": -1.823789954, "room7": -2.30287838, "room2": -1.799387813, "room10": -1.50382483, "room12": -1.958050609, "room9": -2.132675648}, "spk15": {"room10": -0.268869072}, "spk28": {"room10": -0.425907075}, "spk24": {"room1": -2.552783012}, "spk12": {"room10": -0.272173047}, "spk8": {"room10": -1.0939872259999999}, "spk17": {"room5": -2.116266012, "room0": -1.9472141269999999}, "spk11": {"room3": -2.073753119, "room4": -2.0848989490000003, "room7": -2.1613276000000003, "room2": -1.9721710680000002, "room12": -1.757806063, "room9": -2.085119963}, "spk19": {"room4": 3.713385582, "room7": 2.3742237090000002, "room12": 3.386115551}, "spk13": {"room4": -1.5736939909999998, "room12": -1.7468634840000001}, "spk31": {"room10": 0.36749461299999997}, "spk6": {"room10": -1.022913098}, "spk3": {"room3": -2.397641659, "room5": -1.627425313, "room7": -2.06137228, "room0": -1.949778438, "room2": -1.9481141569999998, "room9": -1.7974650859999999}, "spk0": {"room3": -1.670119524}, "spk20": {"room10": 0.47882068200000005}, "spk26": {"room2": -2.246927023}, "spk16": {"room3": -2.400036573, "room4": -1.7127403019999998, "room7": -2.1617019180000003, "room12": -1.6356676819999998, "room9": -1.7875989680000002}, "spk27": {"room5": -1.8474968669999998, "room0": -1.8856962919999998}, "spk25": {"room1": -2.584566116}, "spk21": {"room3": -1.260189056, "room4": -2.1181190009999997, "room2": -1.2739923, "room12": -2.186027288}, "spk30": {"room4": -0.687496364, "room2": -1.543275952, "room12": -0.322335809}, "spk4": {"room6": -1.894550323}, "spk14": {"room10": -1.2861609459999999}, "spk7": {"room12": -2.003696442}, "spk1": {"room5": -1.862803102, "room0": -1.926379681}}}