{"meta": {"speaker": "spk19", "room": "room9"}, "data": {"spk22": {"room0": -0.963232815}, "spk10": {"room4": -1.347446799, "room12": -0.7406871909999999}, "spk18": {"room5": -0.23424255800000002, "room0": -0.132026061, "room2": -0.984575093}, "spk29": {"room10": -1.380217075}, "spk5": {"room3": -0.695376098, "room5": -1.43251729, "room0": -1.17711556}, "spk9": {"room4": -1.127013445, "room7": -1.085499048, "room10": -0.5493368510000001, "room12": -1.033565164, "room9": -1.357732177}, "spk2": {"room5": -0.712598443, "room0": -0.88858515}, "spk23": {"room4": -0.557355642, "room7": -0.760858893, "room2": -0.875857234, "room10": -0.418046862, "room12": -0.80771172, "room9": -1.093741775}, "spk15": {"room10": -0.707910776}, "spk28": {"room10": 0.648067296}, "spk24": {"room1": -1.472434402}, "spk12": {"room10": -0.391934186}, "spk8": {"room10": -0.045835909}, "spk17": {"room5": -0.646287143, "room0": -0.463859707}, "spk11": {"room3": -1.5409120319999998, "room4": -1.759854078, "room7": -1.553135395, "room2": -1.155737758, "room12": -1.5038069490000001, "room9": -1.556894779}, "spk19": {"room4": 4.2718553539999995, "room7": 3.687312603, "room12": 3.845931292}, "spk13": {"room4": -0.56278652, "room12": -0.461670518}, "spk31": {"room10": 1.047999144}, "spk6": {"room10": -1.256268263}, "spk3": {"room3": -1.542962313, "room5": -0.791258276, "room7": -1.331862807, "room0": -1.330523968, "room2": -0.9278159140000001, "room9": -1.1770108940000001}, "spk0": {"room3": -1.087783575}, "spk20": {"room10": -0.06641648}, "spk26": {"room2": -1.306145072}, "spk16": {"room3": -1.161937952, "room4": -1.4137940409999998, "room7": -1.638700485, "room12": -1.040197611, "room9": -1.346529603}, "spk27": {"room5": -1.100694895, "room0": -1.499016643}, "spk25": {"room1": -1.810901284}, "spk21": {"room3": -0.20521602, "room4": -0.38772019700000004, "room2": 0.350539356, "room12": -0.249800727}, "spk30": {"room4": -1.2291737790000001, "room2": -1.807278395, "room12": -0.79113996}, "spk4": {"room6": -0.67887944}, "spk14": {"room10": -1.103093863}, "spk7": {"room12": -1.330341935}, "spk1": {"room5": -0.840753675, "room0": -0.872165561}}}