{"meta": {"speaker": "spk19", "room": "room7"}, "data": {"spk22": {"room0": -1.091055632}, "spk10": {"room4": -2.1822867390000003, "room12": -1.194075108}, "spk18": {"room5": -0.929800093, "room0": -1.8952785730000001, "room2": -1.660466194}, "spk29": {"room10": -2.017922163}, "spk5": {"room3": -1.592035651, "room5": -1.629212141, "room0": -1.550966382}, "spk9": {"room4": -1.760194302, "room7": -1.54483676, "room10": -1.39961493, "room12": -1.686880589, "room9": -1.631039619}, "spk2": {"room5": -1.237262726, "room0": -1.619699836}, "spk23": {"room4": -1.712500691, "room7": -1.245195985, "room2": -2.15937829, "room10": -1.598947525, "room12": -1.566776276, "room9": -1.863821745}, "spk15": {"room10": -1.066141009}, "spk28": {"room10": 0.235764936}, "spk24": {"room1": -2.525710583}, "spk12": {"room10": -0.19924139999999999}, "spk8": {"room10": -1.32410264}, "spk17": {"room5": -1.286741495, "room0": -1.248437524}, "spk11": {"room3": -1.4160135980000002, "room4": -2.116948366, "room7": -1.698987961, "room2": -1.7152330880000002, "room12": -1.396587014, "room9": -1.975946426}, "spk19": {"room4": 3.943155527, "room7": 3.1854162219999997, "room12": 3.696895123}, "spk13": {"room4": -1.150226593, "room12": -1.864835501}, "spk31": {"room10": 0.023861391000000003}, "spk6": {"room10": -1.447074771}, "spk3": {"room3": -2.089660406, "room5": -1.0879889729999999, "room7": -1.5159291030000002, "room0": -1.505245805, "room2": -1.5503232480000002, "room9": -1.487833381}, "spk0": {"room3": -1.1728860140000001}, "spk20": {"room10": -0.6727756859999999}, "spk26": {"room2": -1.723778725}, "spk16": {"room3": -1.8415153030000002, "room4": -1.055237532, "room7": -1.621798754, "room12": -0.94589746, "room9": -1.553169847}, "spk27": {"room5": -1.705559731, "room0": -1.9321444030000001}, "spk25": {"room1": -2.16844511}, "spk21": {"room3": -0.49775907399999997, "room4": -1.0024824140000002, "room2": -0.629160166, "room12": -0.62172091}, "spk30": {"room4": -0.9388081429999999, "room2": -1.195502639, "room12": -0.43270978299999996}, "spk4": {"room6": -1.284503341}, "spk14": {"room10": -0.980633855}, "spk7": {"room12": -1.358197927}, "spk1": {"room5": -1.437936664, "room0": -1.486955047}}}