{"meta": {"speaker": "spk19", "room": "room7"}, "data": {"spk22": {"room0": -2.011369705}, "spk10": {"room4": -1.700708151, "room12": -1.300922155}, "spk18": {"room5": 0.113086373, "room0": 0.13545981, "room2": -0.245253265}, "spk29": {"room10": -1.860722899}, "spk5": {"room3": -1.704750896, "room5": -2.169106483, "room0": -1.982277274}, "spk9": {"room4": -2.228966951, "room7": -2.113357067, "room10": -1.9232232569999999, "room12": -2.28037715, "room9": -2.117493391}, "spk2": {"room5": -1.810805798, "room0": -2.115402699}, "spk23": {"room4": -1.52608335, "room7": -1.445974946, "room2": -1.8016922469999999, "room10": -1.578104496, "room12": -1.262531638, "room9": -1.836488485}, "spk15": {"room10": -0.26722186800000003}, "spk28": {"room10": 0.6608824729999999}, "spk24": {"room1": -2.63709259}, "spk12": {"room10": -0.260223627}, "spk8": {"room10": -0.999935687}, "spk17": {"room5": -1.883674026, "room0": -1.7138530019999998}, "spk11": {"room3": -1.9155865909999998, "room4": -2.3149168490000003, "room7": -2.3021862509999997, "room2": -2.257664442, "room12": -2.0629546640000003, "room9": -2.252332926}, "spk19": {"room4": 2.6779820919999997, "room7": 2.6499688630000002, "room12": 2.499879122}, "spk13": {"room4": -1.548309445, "room12": -1.698523641}, "spk31": {"room10": 1.6812965869999998}, "spk6": {"room10": -1.825994492}, "spk3": {"room3": -1.844859958, "room5": -1.621169329, "room7": -2.1218094830000003, "room0": -2.002657175, "room2": -1.781789303, "room9": -1.840766788}, "spk0": {"room3": -0.677891672}, "spk20": {"room10": 0.277081072}, "spk26": {"room2": -1.709618092}, "spk16": {"room3": -1.810139656, "room4": -1.915813565, "room7": -1.877260089, "room12": -1.566305995, "room9": -1.84438622}, "spk27": {"room5": -1.830000281, "room0": -2.093266726}, "spk25": {"room1": -2.7379364969999997}, "spk21": {"room3": -0.88645792, "room4": -1.374502301, "room2": -0.873334587, "room12": -1.165369034}, "spk30": {"room4": -1.4459536080000002, "room2": -1.6128436330000002, "room12": -0.775774062}, "spk4": {"room6": -1.222859025}, "spk14": {"room10": -1.4172297719999998}, "spk7": {"room12": -1.672934532}, "spk1": {"room5": -1.364139438, "room0": -1.381889343}}}