{"meta": {"speaker": "spk19", "room": "room7"}, "data": {"spk22": {"room0": -1.320853949}, "spk10": {"room4": -2.032905579, "room12": -1.4090150590000001}, "spk18": {"room5": -0.10317095400000001, "room0": 0.069438532, "room2": 0.157654837}, "spk29": {"room10": -1.885306358}, "spk5": {"room3": -1.301876426, "room5": -1.57654345, "room0": -1.479925036}, "spk9": {"room4": -1.682059169, "room7": -1.47863853, "room10": -1.620947599, "room12": -1.7254624369999998, "room9": -1.60143888}, "spk2": {"room5": -1.387340188, "room0": -1.421704769}, "spk23": {"room4": -1.516387224, "room7": -1.319969773, "room2": -1.861742735, "room10": -1.298316836, "room12": -1.032891273, "room9": -1.6499599219999999}, "spk15": {"room10": -0.723531425}, "spk28": {"room10": 1.6754666569999999}, "spk24": {"room1": -1.851343393}, "spk12": {"room10": -0.654871345}, "spk8": {"room10": -0.7420725229999999}, "spk17": {"room5": -1.2769818309999998, "room0": -1.027346849}, "spk11": {"room3": -1.293704629, "room4": -2.0195910930000003, "room7": -1.686868906, "room2": -1.319785595, "room12": -1.348442674, "room9": -1.6992312669999998}, "spk19": {"room4": 3.682380676, "room7": 3.17409277, "room12": 3.93672061}, "spk13": {"room4": -1.240183353, "room12": -1.269566894}, "spk31": {"room10": 1.6490921969999999}, "spk6": {"room10": -1.311327815}, "spk3": {"room3": -2.075989008, "room5": -0.9414991140000001, "room7": -1.611668348, "room0": -1.525374651, "room2": -1.1724166870000001, "room9": -1.440518856}, "spk0": {"room3": -1.033062696}, "spk20": {"room10": 0.8291379209999999}, "spk26": {"room2": -1.215159535}, "spk16": {"room3": -1.455163479, "room4": -1.207317352, "room7": -1.0846629140000001, "room12": -0.8056322929999999, "room9": -1.324758053}, "spk27": {"room5": -1.647742391, "room0": -1.9161502119999998}, "spk25": {"room1": -1.9326736930000001}, "spk21": {"room3": -1.2273998259999999, "room4": -1.218212247, "room2": -0.6704345939999999, "room12": -0.998416007}, "spk30": {"room4": -0.6850805879999999, "room2": -0.6489366289999999, "room12": 0.354188591}, "spk4": {"room6": -1.336404085}, "spk14": {"room10": -1.1518510579999999}, "spk7": {"room12": -1.4341510530000001}, "spk1": {"room5": -1.5207090380000001, "room0": -1.354891896}}}