{"meta": {"speaker": "spk19", "room": "room7"}, "data": {"spk22": {"room0": -1.480973125}, "spk10": {"room4": -2.010731459, "room12": -1.34158206}, "spk18": {"room5": -0.8479540940000001, "room0": -1.308152914, "room2": -1.10696435}, "spk29": {"room10": -2.1335864069999997}, "spk5": {"room3": -1.84794724, "room5": -1.824149489, "room0": -1.72306025}, "spk9": {"room4": -1.8571016790000001, "room7": -1.732685328, "room10": -1.75636065, "room12": -2.034977913, "room9": -1.978807688}, "spk2": {"room5": -1.5998690130000002, "room0": -1.437740684}, "spk23": {"room4": -1.2664065359999999, "room7": -1.3894977569999998, "room2": -1.816014051, "room10": -1.258611202, "room12": -1.3246120209999999, "room9": -1.618465424}, "spk15": {"room10": -0.13000223}, "spk28": {"room10": 0.7035589809999999}, "spk24": {"room1": -2.164230585}, "spk12": {"room10": -0.597467184}, "spk8": {"room10": -1.062592864}, "spk17": {"room5": -1.7221421000000001, "room0": -1.386542678}, "spk11": {"room3": -1.592670918, "room4": -2.241612911, "room7": -2.081861734, "room2": -1.8610682490000001, "room12": -1.699388981, "room9": -1.931070209}, "spk19": {"room4": 6.22807169, "room7": 4.645754337, "room12": 5.474541664}, "spk13": {"room4": -1.270843387, "room12": -1.659245968}, "spk31": {"room10": 0.44808057}, "spk6": {"room10": -1.4020477530000002}, "spk3": {"room3": -2.1942222119999997, "room5": -1.215186715, "room7": -1.934972525, "room0": -1.932523727, "room2": -1.64815557, "room9": -1.42163837}, "spk0": {"room3": -1.3869045969999998}, "spk20": {"room10": 0.283287585}, "spk26": {"room2": -1.389424205}, "spk16": {"room3": -2.144137621, "room4": -1.1604138609999999, "room7": -1.6389961240000002, "room12": -1.195046067, "room9": -1.368059397}, "spk27": {"room5": -1.282704592, "room0": -1.989862323}, "spk25": {"room1": -2.272985458}, "spk21": {"room3": -1.220347881, "room4": -1.667961478, "room2": -0.7533360720000001, "room12": -1.056379199}, "spk30": {"room4": -0.798105359, "room2": -0.399420053, "room12": 0.24379406899999997}, "spk4": {"room6": -1.57318604}, "spk14": {"room10": -1.041322589}, "spk7": {"room12": -1.3392386440000001}, "spk1": {"room5": -1.6521430019999999, "room0": -1.6177122590000002}}}