{"meta": {"speaker": "spk19", "room": "room9"}, "data": {"spk22": {"room0": -1.476621509}, "spk10": {"room4": -1.7395910019999998, "room12": -1.348943114}, "spk18": {"room5": -0.365483612, "room0": -0.8760536309999999, "room2": -1.484431386}, "spk29": {"room10": -1.9215775730000002}, "spk5": {"room3": -1.5547507999999999, "room5": -2.117032051, "room0": -1.53695333}, "spk9": {"room4": -2.025697708, "room7": -2.044224739, "room10": -1.275055885, "room12": -1.794153214, "room9": -1.8770906930000002}, "spk2": {"room5": -1.539306164, "room0": -1.625665903}, "spk23": {"room4": -1.104883313, "room7": -1.363686085, "room2": -1.324506044, "room10": -0.670224845, "room12": -1.27129364, "room9": -1.21868825}, "spk15": {"room10": 0.308856428}, "spk28": {"room10": -0.19881604600000002}, "spk24": {"room1": -2.532917261}, "spk12": {"room10": -0.9314329029999999}, "spk8": {"room10": -0.5095912810000001}, "spk17": {"room5": -1.400910616, "room0": -1.326132178}, "spk11": {"room3": -1.90054822, "room4": -2.332027435, "room7": -2.074433565, "room2": -2.152309179, "room12": -2.229294538, "room9": -2.461791039}, "spk19": {"room4": 5.457232952000001, "room7": 4.246652126, "room12": 4.997178555}, "spk13": {"room4": -1.742336035, "room12": -1.370968819}, "spk31": {"room10": 0.34633404}, "spk6": {"room10": -1.076057434}, "spk3": {"room3": -2.110056162, "room5": -1.684290528, "room7": -1.905431628, "room0": -1.889583826, "room2": -1.8841108080000002, "room9": -1.973389745}, "spk0": {"room3": -1.4073839190000001}, "spk20": {"room10": 0.152252436}, "spk26": {"room2": -1.51347506}, "spk16": {"room3": -1.742333055, "room4": -1.6973965169999998, "room7": -1.74441123, "room12": -1.205491543, "room9": -1.861978173}, "spk27": {"room5": -2.147873878, "room0": -2.057736874}, "spk25": {"room1": -2.2921013830000003}, "spk21": {"room3": -0.809332669, "room4": -0.764167905, "room2": -0.11188361, "room12": -0.32531932}, "spk30": {"room4": -1.89163363, "room2": -1.7210006709999999, "room12": 0.03814793}, "spk4": {"room6": -1.349025965}, "spk14": {"room10": -1.570295334}, "spk7": {"room12": -1.57902205}, "spk1": {"room5": -1.8633028269999998, "room0": -1.7353395219999999}}}