{"meta": {"speaker": "spk19", "room": "room2"}, "data": {"spk22": {"room0": -1.396152496}, "spk10": {"room4": -2.019339323, "room12": -1.2047533990000001}, "spk18": {"room5": -1.3913176059999999, "room0": -1.434534907, "room2": -1.024564743}, "spk29": {"room10": -1.585802674}, "spk5": {"room3": -1.229330778, "room5": -1.525560379, "room0": -1.488537908}, "spk9": {"room4": -1.7513867619999999, "room7": -1.5905644890000001, "room10": -1.67066741, "room12": -1.533462167, "room9": -1.64839828}, "spk2": {"room5": -1.4231983419999998, "room0": -1.328297973}, "spk23": {"room4": -1.237570882, "room7": -1.509281039, "room2": -1.051422358, "room10": -1.194800258, "room12": -1.376654148, "room9": -1.79361856}, "spk15": {"room10": -0.074521832}, "spk28": {"room10": 0.875254512}, "spk24": {"room1": -1.7002038959999999}, "spk12": {"room10": -1.613149166}, "spk8": {"room10": -0.858499885}, "spk17": {"room5": -1.4125959869999998, "room0": -1.23687458}, "spk11": {"room3": -1.471636653, "room4": -1.9007457490000002, "room7": -1.649298787, "room2": -1.522851706, "room12": -1.4204961059999999, "room9": -1.833639979}, "spk19": {"room4": 3.493200541, "room7": 2.773724318, "room12": 4.133462429}, "spk13": {"room4": -1.005458593, "room12": -1.2608773709999999}, "spk31": {"room10": 1.1336452959999999}, "spk6": {"room10": -0.511083782}, "spk3": {"room3": -1.55005765, "room5": -1.197137356, "room7": -1.68369031, "room0": -1.3570332530000002, "room2": -1.383980513, "room9": -1.433333516}, "spk0": {"room3": -1.078701615}, "spk20": {"room10": -0.077960834}, "spk26": {"room2": -1.554562807}, "spk16": {"room3": -1.748122215, "room4": -1.103275061, "room7": -1.230356216, "room12": -1.029932976, "room9": -1.348278046}, "spk27": {"room5": -1.342815518, "room0": -1.550125241}, "spk25": {"room1": -1.834811926}, "spk21": {"room3": -0.9848499890000001, "room4": -1.562747121, "room2": -0.561839283, "room12": -1.3647545580000002}, "spk30": {"room4": -0.9539114240000001, "room2": -0.8063120840000001, "room12": 0.335076213}, "spk4": {"room6": -1.28910315}, "spk14": {"room10": -0.97849983}, "spk7": {"room12": -1.421820045}, "spk1": {"room5": -1.358715296, "room0": -1.5326198340000001}}}