{"meta": {"speaker": "spk19", "room": "room12"}, "data": {"spk22": {"room0": -1.529247403}, "spk10": {"room4": -1.483620405, "room12": -0.924616992}, "spk18": {"room5": -0.42522788, "room0": -0.817047119, "room2": -0.7788032290000001}, "spk29": {"room10": -1.570485115}, "spk5": {"room3": -1.67563796, "room5": -1.68456471, "room0": -1.671004295}, "spk9": {"room4": -1.930073142, "room7": -1.808522344, "room10": -1.601492167, "room12": -2.1397802830000003, "room9": -1.7167425159999998}, "spk2": {"room5": -1.5692033769999998, "room0": -1.1383476259999998}, "spk23": {"room4": -1.395274162, "room7": -1.488411665, "room2": -1.3516502380000002, "room10": -1.2179267409999999, "room12": -1.3217921259999998, "room9": -1.4559688569999998}, "spk15": {"room10": -0.405521005}, "spk28": {"room10": 0.850972176}, "spk24": {"room1": -1.928375959}, "spk12": {"room10": -0.188047722}, "spk8": {"room10": -0.504380822}, "spk17": {"room5": -1.22160542, "room0": -1.473901272}, "spk11": {"room3": -1.571809411, "room4": -2.100830793, "room7": -1.78135407, "room2": -1.9228088859999999, "room12": -1.579717398, "room9": -1.854846478}, "spk19": {"room4": 3.880851507, "room7": 3.2613830569999998, "room12": 3.667179346}, "spk13": {"room4": -0.982607543, "room12": -1.4679176809999999}, "spk31": {"room10": -0.06272129}, "spk6": {"room10": -0.891667902}, "spk3": {"room3": -1.730753064, "room5": -1.050134301, "room7": -2.056803703, "room0": -1.8648048640000001, "room2": -1.5623850819999998, "room9": -1.668362975}, "spk0": {"room3": -1.11267972}, "spk20": {"room10": 0.111196734}, "spk26": {"room2": -1.099698901}, "spk16": {"room3": -1.724071741, "room4": -1.445648909, "room7": -1.901230931, "room12": -1.365700245, "room9": -1.5595730540000001}, "spk27": {"room5": -1.5586053130000002, "room0": -1.847071648}, "spk25": {"room1": -2.010636806}, "spk21": {"room3": -0.34316706700000005, "room4": -0.874303222, "room2": -0.504243433, "room12": -0.530392587}, "spk30": {"room4": -0.9764066929999999, "room2": -1.4555767769999999, "room12": 0.26411831399999997}, "spk4": {"room6": -1.369502425}, "spk14": {"room10": -1.066393495}, "spk7": {"room12": -1.5320423840000001}, "spk1": {"room5": -1.307961822, "room0": -1.2885023359999999}}}