{"meta": {"speaker": "spk20", "room": "room10"}, "data": {"spk22": {"room0": -0.954480648}, "spk10": {"room4": -1.941838384, "room12": -0.67828095}, "spk18": {"room5": 1.02718091, "room0": 0.466629535, "room2": 0.461494178}, "spk29": {"room10": -1.0587524179999999}, "spk5": {"room3": -1.063380003, "room5": -1.713889241, "room0": -1.082109094}, "spk9": {"room4": -1.4493659730000001, "room7": -0.73094064, "room10": -1.059934497, "room12": -1.3451620340000001, "room9": -0.901663423}, "spk2": {"room5": -1.5177640909999999, "room0": -1.520329118}, "spk23": {"room4": -0.9415982959999999, "room7": -1.159175396, "room2": -0.157604665, "room10": -0.44558119799999996, "room12": -0.814239442, "room9": -1.3356325629999999}, "spk15": {"room10": -0.128837332}, "spk28": {"room10": 0.025457256}, "spk24": {"room1": -1.9116016630000001}, "spk12": {"room10": 2.272085428}, "spk8": {"room10": -0.2375779}, "spk17": {"room5": -0.670815945, "room0": -1.1075719590000002}, "spk11": {"room3": -1.566741943, "room4": -1.4912476540000001, "room7": -1.564277649, "room2": -1.4076403380000002, "room12": -1.12557137, "room9": -1.3978182080000001}, "spk19": {"room4": 1.305916905, "room7": 0.853219807, "room12": 0.887506604}, "spk13": {"room4": -1.136435747, "room12": -0.5194432139999999}, "spk31": {"room10": 4.565943241}, "spk6": {"room10": -0.779553652}, "spk3": {"room3": -1.684683919, "room5": -0.546296, "room7": -1.478879333, "room0": -1.07358098, "room2": -1.415722489, "room9": -1.364157438}, "spk0": {"room3": 0.852281451}, "spk20": {"room10": 5.022914886000001}, "spk26": {"room2": -0.658486366}, "spk16": {"room3": -1.552738547, "room4": -0.903153896, "room7": -1.035617828, "room12": -0.539297044, "room9": -1.214826822}, "spk27": {"room5": -0.540156662, "room0": -0.722202837}, "spk25": {"room1": -1.340239048}, "spk21": {"room3": -0.630902946, "room4": -0.280785203, "room2": -0.43554034799999997, "room12": -1.300711989}, "spk30": {"room4": -0.441436738, "room2": -0.7175675029999999, "room12": -0.465678751}, "spk4": {"room6": -1.190624118}, "spk14": {"room10": -0.69358629}, "spk7": {"room12": -1.606240273}, "spk1": {"room5": -2.0411961080000003, "room0": -1.417795897}}}