{"meta": {"speaker": "spk20", "room": "room10"}, "data": {"spk22": {"room0": -0.46665337700000004}, "spk10": {"room4": -0.573435366, "room12": 0.561201274}, "spk18": {"room5": -0.27478838, "room0": -0.7013660070000001, "room2": -0.37458530100000004}, "spk29": {"room10": -0.039239012000000004}, "spk5": {"room3": 0.49787518399999997, "room5": -0.0014028489999999998, "room0": 1.005014658}, "spk9": {"room4": -0.495411396, "room7": 0.398334622, "room10": 0.246058762, "room12": -0.3107014, "room9": -0.074832223}, "spk2": {"room5": -0.40182480200000004, "room0": -0.209053293}, "spk23": {"room4": 0.06317485099999999, "room7": 0.12666375900000001, "room2": 0.584376574, "room10": 0.03272637, "room12": 0.045963682, "room9": 0.11548293400000001}, "spk15": {"room10": 0.399621874}, "spk28": {"room10": -0.531718493}, "spk24": {"room1": -1.414368272}, "spk12": {"room10": 1.3802145719999999}, "spk8": {"room10": -0.503372788}, "spk17": {"room5": -0.025866885, "room0": -0.761909485}, "spk11": {"room3": -0.930520415, "room4": -0.60588944, "room7": -0.375311226, "room2": -0.924420059, "room12": -0.6423003079999999, "room9": -0.550805271}, "spk19": {"room4": 1.068648219, "room7": 0.96845001, "room12": 1.512132049}, "spk13": {"room4": -0.273847312, "room12": -0.101864904}, "spk31": {"room10": 1.4266629219999998}, "spk6": {"room10": -0.006529910999999999}, "spk3": {"room3": 0.047026995999999995, "room5": -0.064841628, "room7": -0.484317392, "room0": -0.12590152, "room2": -0.166021824, "room9": -0.49506616600000003}, "spk0": {"room3": 1.7121114730000002}, "spk20": {"room10": 6.379961491}, "spk26": {"room2": -0.38920679700000005}, "spk16": {"room3": -0.34375599, "room4": 0.359826595, "room7": -0.05668403599999999, "room12": 0.18352347600000002, "room9": -0.06116111900000001}, "spk27": {"room5": 0.17555652600000002, "room0": -0.117174186}, "spk25": {"room1": -0.394307047}, "spk21": {"room3": 0.645867348, "room4": 0.046006858, "room2": -0.514359415, "room12": -0.530456305}, "spk30": {"room4": -0.077117823, "room2": -0.846221805, "room12": -0.931410372}, "spk4": {"room6": 0.041818917000000004}, "spk14": {"room10": -0.156887293}, "spk7": {"room12": 0.08471422599999999}, "spk1": {"room5": -0.594159961, "room0": -0.183620825}}}