{"meta": {"speaker": "spk12", "room": "room10"}, "data": {"spk22": {"room0": -0.24050332600000002}, "spk10": {"room4": -0.919783413, "room12": -0.761787593}, "spk18": {"room5": 3.4678294660000004, "room0": 2.854509592, "room2": 2.251670599}, "spk29": {"room10": -1.166406274}, "spk5": {"room3": -0.878665268, "room5": -0.8998092409999999, "room0": -0.90316993}, "spk9": {"room4": -0.564059734, "room7": -0.40605139700000004, "room10": -0.916734815, "room12": -0.75501883, "room9": -0.38978400799999996}, "spk2": {"room5": -0.428117126, "room0": -0.36687687}, "spk23": {"room4": -0.950621188, "room7": -0.466861576, "room2": -0.599285185, "room10": -0.517886698, "room12": -0.782244802, "room9": -0.756157875}, "spk15": {"room10": -0.258603215}, "spk28": {"room10": -0.232323095}, "spk24": {"room1": -0.996441782}, "spk12": {"room10": 5.1578025819999995}, "spk8": {"room10": -0.080162033}, "spk17": {"room5": -0.597618282, "room0": -0.791760027}, "spk11": {"room3": -0.323434591, "room4": -0.821899831, "room7": -0.636015177, "room2": -0.40552637, "room12": -0.44633182899999996, "room9": -0.601126134}, "spk19": {"room4": 0.137450412, "room7": -0.068284802, "room12": 0.052716747}, "spk13": {"room4": -0.198387504, "room12": -0.735628664}, "spk31": {"room10": 1.2354159359999999}, "spk6": {"room10": -0.604130745}, "spk3": {"room3": -1.254415274, "room5": -0.30609265, "room7": -0.81104368, "room0": -0.969525814, "room2": -0.7694277759999999, "room9": -1.029969335}, "spk0": {"room3": 0.22504977899999998}, "spk20": {"room10": 0.7342967990000001}, "spk26": {"room2": -0.270916045}, "spk16": {"room3": -0.670557141, "room4": -0.359382451, "room7": -0.748294353, "room12": -0.288957179, "room9": -0.7820013170000001}, "spk27": {"room5": -0.6183547970000001, "room0": -0.562942982}, "spk25": {"room1": -0.591962039}, "spk21": {"room3": -0.77107805, "room4": -0.24444952600000003, "room2": -0.08708527699999999, "room12": -0.620868623}, "spk30": {"room4": -0.253593743, "room2": -0.163938671, "room12": -0.427613795}, "spk4": {"room6": -0.602769494}, "spk14": {"room10": -0.27298811100000003}, "spk7": {"room12": -0.717701495}, "spk1": {"room5": -1.162293077, "room0": -1.054072976}}}