{"meta": {"speaker": "spk6", "room": "room10"}, "data": {"spk22": {"room0": -0.124091141}, "spk10": {"room4": 0.903891265, "room12": 0.866686583}, "spk18": {"room5": -1.485594869, "room0": -1.537459016, "room2": -1.723795295}, "spk29": {"room10": 1.214385509}, "spk5": {"room3": 0.8992264870000001, "room5": 0.269536138, "room0": 0.5727718470000001}, "spk9": {"room4": -0.847334206, "room7": -0.581676781, "room10": -0.10954216900000001, "room12": -0.537099361, "room9": -0.473346293}, "spk2": {"room5": -0.013312097, "room0": 0.219917312}, "spk23": {"room4": 1.65729475, "room7": 1.3887733219999998, "room2": 0.583193541, "room10": 0.951172292, "room12": 1.318622947, "room9": 1.3903093340000001}, "spk15": {"room10": -0.958177507}, "spk28": {"room10": -1.2132371659999999}, "spk24": {"room1": 0.616607785}, "spk12": {"room10": -1.335361719}, "spk8": {"room10": 0.238938421}, "spk17": {"room5": 1.180490255, "room0": 1.45810616}, "spk11": {"room3": -0.687636435, "room4": -0.814350247, "room7": -1.1452003720000001, "room2": -1.298346996, "room12": -1.588927269, "room9": -1.0103302}, "spk19": {"room4": -1.683693886, "room7": -1.375167012, "room12": -1.5751740930000002}, "spk13": {"room4": 0.354132891, "room12": -0.567256153}, "spk31": {"room10": -1.713630915}, "spk6": {"room10": 2.974823713}, "spk3": {"room3": 0.46894475799999996, "room5": 0.8502027990000001, "room7": 1.045899153, "room0": 0.8965623970000001, "room2": 1.286370397, "room9": 0.877464116}, "spk0": {"room3": 0.435017496}, "spk20": {"room10": -1.051643729}, "spk26": {"room2": 0.751291037}, "spk16": {"room3": 1.29267478, "room4": -0.819478452, "room7": -0.75803864, "room12": -1.145283103, "room9": -0.11024720199999999}, "spk27": {"room5": -1.446683288, "room0": -0.846131027}, "spk25": {"room1": 0.967894375}, "spk21": {"room3": 0.43262898899999996, "room4": 0.851792812, "room2": 0.208148897, "room12": 0.412606388}, "spk30": {"room4": -1.01402998, "room2": -1.5710626840000002, "room12": -1.559962034}, "spk4": {"room6": 2.089889765}, "spk14": {"room10": 1.251787305}, "spk7": {"room12": 2.012709856}, "spk1": {"room5": -0.38467896, "room0": 0.29201898}}}