{"meta": {"speaker": "spk4", "room": "room6"}, "data": {"spk22": {"room0": -0.14952302}, "spk10": {"room4": 1.701257944, "room12": 1.767428398}, "spk18": {"room5": -1.6434506180000001, "room0": -1.373029232, "room2": -1.153817415}, "spk29": {"room10": 1.644044042}, "spk5": {"room3": 3.1333708760000003, "room5": 2.471221209, "room0": 2.912821293}, "spk9": {"room4": -0.7040862440000001, "room7": -0.083906323, "room10": -0.989355445, "room12": -0.537830114, "room9": -1.001710057}, "spk2": {"room5": -0.477617323, "room0": -0.545835793}, "spk23": {"room4": 3.0569727419999997, "room7": 3.25306344, "room2": 1.972069979, "room10": 2.959911823, "room12": 2.637855768, "room9": 2.562707424}, "spk15": {"room10": 1.509934306}, "spk28": {"room10": -0.921616971}, "spk24": {"room1": 0.33075282}, "spk12": {"room10": -0.532746434}, "spk8": {"room10": 0.7580817940000001}, "spk17": {"room5": 2.550871849, "room0": 2.051808357}, "spk11": {"room3": -1.700266957, "room4": -1.150975347, "room7": -1.504129887, "room2": -1.4513304230000001, "room12": -1.037688494, "room9": -1.3656344409999999}, "spk19": {"room4": -0.600186884, "room7": -0.473350286, "room12": -0.95478183}, "spk13": {"room4": 0.767151475, "room12": -0.087884374}, "spk31": {"room10": -0.75992465}, "spk6": {"room10": 2.0810661319999997}, "spk3": {"room3": 1.495526195, "room5": 0.024268138999999998, "room7": 0.424093366, "room0": 0.7854192259999999, "room2": 0.36612275200000005, "room9": 0.540101051}, "spk0": {"room3": 0.45555245899999997}, "spk20": {"room10": 0.197892994}, "spk26": {"room2": 0.8703518509999999}, "spk16": {"room3": -0.6889361740000001, "room4": -0.178918839, "room7": -0.994051695, "room12": -1.0168690679999999, "room9": -0.570822835}, "spk27": {"room5": 0.017818384, "room0": -0.003940972}, "spk25": {"room1": 1.054513931}, "spk21": {"room3": 2.479661465, "room4": 2.63217473, "room2": 1.9018388990000001, "room12": 1.329814911}, "spk30": {"room4": -0.471917301, "room2": -1.341622233, "room12": -0.12346632800000001}, "spk4": {"room6": 8.315946579}, "spk14": {"room10": 0.351941437}, "spk7": {"room12": 0.98032999}, "spk1": {"room5": 0.06461443, "room0": -0.44668355600000004}}}