{"meta": {"speaker": "spk4", "room": "room6"}, "data": {"spk22": {"room0": -0.304664165}, "spk10": {"room4": 2.2659351830000003, "room12": 1.82103014}, "spk18": {"room5": -2.214012861, "room0": -1.998715639, "room2": -1.5087459090000002}, "spk29": {"room10": 2.420301437}, "spk5": {"room3": 3.404459953, "room5": 1.899270415, "room0": 2.41549778}, "spk9": {"room4": -0.7787063120000001, "room7": 0.10837797099999999, "room10": -0.8863792420000001, "room12": -0.532974124, "room9": -1.1929035190000001}, "spk2": {"room5": -0.475187749, "room0": -1.048230171}, "spk23": {"room4": 2.367774725, "room7": 2.490086079, "room2": 1.6139456030000001, "room10": 2.113212109, "room12": 2.607498646, "room9": 2.6368124490000002}, "spk15": {"room10": 1.11146152}, "spk28": {"room10": -1.289084435}, "spk24": {"room1": 0.223933518}, "spk12": {"room10": -1.063148499}, "spk8": {"room10": 0.089146376}, "spk17": {"room5": 2.059801579, "room0": 1.786759138}, "spk11": {"room3": -1.6074175830000001, "room4": -0.993267417, "room7": -1.99457562, "room2": -1.386110306, "room12": -1.236706018, "room9": -1.010008335}, "spk19": {"room4": -1.487324476, "room7": -1.178101659, "room12": -1.779372573}, "spk13": {"room4": 1.098164678, "room12": 0.472006053}, "spk31": {"room10": -1.378772736}, "spk6": {"room10": 1.1913033720000001}, "spk3": {"room3": 1.848862529, "room5": -0.176239267, "room7": -0.0290325, "room0": 0.473678321, "room2": 0.542381644, "room9": 0.208446711}, "spk0": {"room3": 0.26750087699999997}, "spk20": {"room10": -0.254082829}, "spk26": {"room2": 0.39751935}, "spk16": {"room3": -0.783880591, "room4": -1.013321042, "room7": -1.6618630890000001, "room12": -1.256531477, "room9": -1.655734181}, "spk27": {"room5": -0.269897282, "room0": -0.379387259}, "spk25": {"room1": 1.111620545}, "spk21": {"room3": 2.627830505, "room4": 2.83041954, "room2": 3.081121922, "room12": 1.5943095680000001}, "spk30": {"room4": -1.021087646, "room2": -2.168962002, "room12": -0.799749672}, "spk4": {"room6": 7.841921329}, "spk14": {"room10": -0.050279795999999995}, "spk7": {"room12": 0.826842248}, "spk1": {"room5": 0.28172797, "room0": -0.10649380800000001}}}