{"meta": {"speaker": "spk4", "room": "room6"}, "data": {"spk22": {"room0": -0.34363517200000004}, "spk10": {"room4": 1.143738151, "room12": 0.11904205400000001}, "spk18": {"room5": -1.3971029519999998, "room0": -1.159544468, "room2": -0.8809025290000001}, "spk29": {"room10": 1.866101265}, "spk5": {"room3": 3.4086740019999997, "room5": 3.186120033, "room0": 3.006581545}, "spk9": {"room4": -1.131550908, "room7": -0.49922302399999996, "room10": -0.8914325240000001, "room12": -0.7645691040000001, "room9": -1.068081141}, "spk2": {"room5": -1.7417885069999999, "room0": -1.535283327}, "spk23": {"room4": 2.1141448019999998, "room7": 2.2007172109999997, "room2": 0.6644344329999999, "room10": 1.0923193690000002, "room12": 1.2214543820000001, "room9": 2.0788009169999997}, "spk15": {"room10": 0.682146549}, "spk28": {"room10": -1.009318709}, "spk24": {"room1": -0.023601331}, "spk12": {"room10": -1.100256801}, "spk8": {"room10": 0.13988623}, "spk17": {"room5": 0.851972163, "room0": 1.026621699}, "spk11": {"room3": -1.3597009180000001, "room4": -1.4153149130000002, "room7": -1.5495499369999999, "room2": -1.619841695, "room12": -1.6553092, "room9": -1.631480455}, "spk19": {"room4": -1.267283797, "room7": -0.6097499129999999, "room12": -1.168646097}, "spk13": {"room4": -0.33500421, "room12": -0.622111559}, "spk31": {"room10": -1.4161351919999998}, "spk6": {"room10": 1.385507345}, "spk3": {"room3": 1.765295625, "room5": -0.45785531399999996, "room7": 0.47662293899999997, "room0": 0.39123603700000004, "room2": 0.50435847, "room9": 0.38841304200000004}, "spk0": {"room3": -0.445070475}, "spk20": {"room10": -0.39611908799999995}, "spk26": {"room2": 0.130600914}, "spk16": {"room3": -0.40136203200000004, "room4": -0.763374269, "room7": -1.015158653, "room12": -1.361752391, "room9": -0.970616519}, "spk27": {"room5": -1.5150671009999999, "room0": -1.31571722}, "spk25": {"room1": 0.841326535}, "spk21": {"room3": 1.210883975, "room4": 1.1923382279999999, "room2": 0.612974465, "room12": 0.707176328}, "spk30": {"room4": -1.184982657, "room2": -1.526059866, "room12": -0.784539223}, "spk4": {"room6": 7.660642623999999}, "spk14": {"room10": -0.516634762}, "spk7": {"room12": 1.823744535}, "spk1": {"room5": -0.338690728, "room0": -0.7046819329999999}}}