{"meta": {"speaker": "spk4", "room": "room6"}, "data": {"spk22": {"room0": -0.562866628}, "spk10": {"room4": 1.767075896, "room12": 1.2707835440000002}, "spk18": {"room5": -1.524819016, "room0": -1.1935566659999999, "room2": -0.762946606}, "spk29": {"room10": 2.428329945}, "spk5": {"room3": 3.034063339, "room5": 2.773402452, "room0": 2.167676926}, "spk9": {"room4": -0.486687958, "room7": 0.029301165, "room10": -0.029282733999999998, "room12": 0.102386326, "room9": -0.529892921}, "spk2": {"room5": -0.957198799, "room0": -0.9206355209999999}, "spk23": {"room4": 2.806048393, "room7": 2.68602705, "room2": 1.11920023, "room10": 2.354103327, "room12": 1.95898819, "room9": 3.17746067}, "spk15": {"room10": 0.39036604799999997}, "spk28": {"room10": -0.7797136309999999}, "spk24": {"room1": 0.117893815}, "spk12": {"room10": -0.676476538}, "spk8": {"room10": 0.236182526}, "spk17": {"room5": 1.177362561, "room0": 1.955296636}, "spk11": {"room3": -1.6017732619999998, "room4": -1.2608233690000001, "room7": -1.402371407, "room2": -1.4995214940000001, "room12": -1.6036696430000001, "room9": -0.9639280440000001}, "spk19": {"room4": -1.277307868, "room7": -0.9303231240000001, "room12": -1.532067895}, "spk13": {"room4": 0.424719125, "room12": 0.464957356}, "spk31": {"room10": -1.281414032}, "spk6": {"room10": 0.382072985}, "spk3": {"room3": 2.225309372, "room5": -0.073290855, "room7": 0.518566906, "room0": 0.780192375, "room2": 1.215237379, "room9": 0.6873599290000001}, "spk0": {"room3": -0.863762617}, "spk20": {"room10": -0.6669077870000001}, "spk26": {"room2": -0.007009108000000001}, "spk16": {"room3": -0.33694428200000004, "room4": -0.677556336, "room7": -1.0813680890000001, "room12": -1.591153026, "room9": -0.71874553}, "spk27": {"room5": -0.900659502, "room0": -0.905105233}, "spk25": {"room1": 1.371874452}, "spk21": {"room3": 1.325725436, "room4": 0.866538107, "room2": 1.359423518, "room12": 0.5583198070000001}, "spk30": {"room4": -1.3136417870000001, "room2": -1.746702552, "room12": -0.898737133}, "spk4": {"room6": 7.416162491000001}, "spk14": {"room10": -0.19574017800000001}, "spk7": {"room12": 1.402940989}, "spk1": {"room5": 0.559858441, "room0": 0.35797604899999996}}}