{"meta": {"speaker": "spk4", "room": "room6"}, "data": {"spk22": {"room0": -0.683382988}, "spk10": {"room4": 1.222194672, "room12": 0.98731792}, "spk18": {"room5": -2.137045145, "room0": -1.637275696, "room2": -1.334041715}, "spk29": {"room10": 2.1044499869999997}, "spk5": {"room3": 3.5193953510000004, "room5": 2.686879635, "room0": 2.7429523469999997}, "spk9": {"room4": -0.951865733, "room7": -0.11760873300000001, "room10": -0.976857841, "room12": -0.771953166, "room9": -1.24154973}, "spk2": {"room5": -1.71048665, "room0": -1.6965663430000002}, "spk23": {"room4": 2.076791048, "room7": 3.0630493160000003, "room2": 1.080304742, "room10": 1.447591305, "room12": 2.096054554, "room9": 2.405190945}, "spk15": {"room10": 0.727099061}, "spk28": {"room10": -0.9530943629999999}, "spk24": {"room1": 5.720000000000001e-05}, "spk12": {"room10": -0.8864045140000001}, "spk8": {"room10": 0.604899526}, "spk17": {"room5": 1.171080828, "room0": 1.815878391}, "spk11": {"room3": -1.4254122969999998, "room4": -1.187409878, "room7": -1.374001026, "room2": -1.3028511999999999, "room12": -1.114418983, "room9": -1.2043225770000001}, "spk19": {"room4": -1.217407346, "room7": -0.6813648940000001, "room12": -1.218592405}, "spk13": {"room4": 0.558640182, "room12": 0.209283412}, "spk31": {"room10": -1.5286577940000001}, "spk6": {"room10": 1.155305147}, "spk3": {"room3": 2.347264051, "room5": 0.058676589, "room7": 1.035998225, "room0": 0.75536865, "room2": 1.121699333, "room9": 0.678702652}, "spk0": {"room3": -0.649167061}, "spk20": {"room10": -0.6676750779999999}, "spk26": {"room2": -0.175717801}, "spk16": {"room3": -0.412621886, "room4": -1.013982296, "room7": -0.927880168, "room12": -1.4991093869999998, "room9": -0.969890833}, "spk27": {"room5": -0.826032221, "room0": -1.148072481}, "spk25": {"room1": 1.3890430930000002}, "spk21": {"room3": 3.192651987, "room4": 3.312020302, "room2": 2.8391098980000002, "room12": 1.929858446}, "spk30": {"room4": -1.499786258, "room2": -1.8880239730000001, "room12": -0.922373474}, "spk4": {"room6": 9.007575035}, "spk14": {"room10": 0.06389716299999999}, "spk7": {"room12": 1.132087111}, "spk1": {"room5": 0.132923141, "room0": 0.145647421}}}