{"meta": {"speaker": "spk4", "room": "room6"}, "data": {"spk22": {"room0": -0.055098467000000005}, "spk10": {"room4": 1.04704535, "room12": 1.3937716480000002}, "spk18": {"room5": -1.8333166840000001, "room0": -1.512131095, "room2": -1.180514812}, "spk29": {"room10": 2.2099633219999997}, "spk5": {"room3": 3.219200373, "room5": 2.670721531, "room0": 2.7954320910000003}, "spk9": {"room4": -0.638894379, "room7": -0.103299327, "room10": -0.527493, "room12": -0.206262812, "room9": -0.8556297420000001}, "spk2": {"room5": -0.8599786159999999, "room0": -0.877036512}, "spk23": {"room4": 2.171314478, "room7": 2.348608494, "room2": 1.6477007869999998, "room10": 1.652832031, "room12": 2.063301563, "room9": 2.185536146}, "spk15": {"room10": 0.6749235990000001}, "spk28": {"room10": -0.8145365720000001}, "spk24": {"room1": 0.14716327199999998}, "spk12": {"room10": -0.468963057}, "spk8": {"room10": 0.325828075}, "spk17": {"room5": 1.109193683, "room0": 1.2416313890000001}, "spk11": {"room3": -1.014746428, "room4": -0.860410392, "room7": -1.2575896979999999, "room2": -1.165860057, "room12": -1.212979913, "room9": -0.90961951}, "spk19": {"room4": -0.8450630309999999, "room7": -0.387614787, "room12": -1.24403882}, "spk13": {"room4": 0.38609197700000003, "room12": 0.22047127800000002}, "spk31": {"room10": -1.44752717}, "spk6": {"room10": 1.176552057}, "spk3": {"room3": 2.052119017, "room5": 0.04648209, "room7": 0.339600623, "room0": 0.33571866200000006, "room2": 0.489555925, "room9": 0.30537581399999997}, "spk0": {"room3": -0.219326675}, "spk20": {"room10": -0.279929489}, "spk26": {"room2": 0.611695349}, "spk16": {"room3": -0.03185283, "room4": -0.764099717, "room7": -1.031015515, "room12": -1.376057029, "room9": -0.876398087}, "spk27": {"room5": -0.6640114189999999, "room0": -0.557780862}, "spk25": {"room1": 1.41841352}, "spk21": {"room3": 2.362650156, "room4": 1.8286138769999998, "room2": 1.818801761, "room12": 1.159626722}, "spk30": {"room4": -1.102509618, "room2": -1.644593954, "room12": -0.828716695}, "spk4": {"room6": 6.521196365}, "spk14": {"room10": 0.20715427399999997}, "spk7": {"room12": 1.2667189840000002}, "spk1": {"room5": 0.015063007, "room0": 0.19928506}}}