{"meta": {"speaker": "spk4", "room": "room6"}, "data": {"spk22": {"room0": -0.9109942320000001}, "spk10": {"room4": 0.896500766, "room12": 0.9339569809999999}, "spk18": {"room5": -1.858899117, "room0": -1.4043515919999998, "room2": -1.164075136}, "spk29": {"room10": 1.9166400430000001}, "spk5": {"room3": 3.327571392, "room5": 3.0546560289999998, "room0": 2.584741354}, "spk9": {"room4": -1.052724242, "room7": -0.34792643799999995, "room10": -0.9375903609999999, "room12": -0.6623112560000001, "room9": -1.0086705679999999}, "spk2": {"room5": -1.6709011790000001, "room0": -1.510835528}, "spk23": {"room4": 2.454758644, "room7": 2.279882669, "room2": 0.541875899, "room10": 1.6356729269999999, "room12": 1.679221511, "room9": 2.89709425}, "spk15": {"room10": 0.42675009399999997}, "spk28": {"room10": -1.145990372}, "spk24": {"room1": 0.36368024299999996}, "spk12": {"room10": -1.1673949959999999}, "spk8": {"room10": 0.47687548399999996}, "spk17": {"room5": 0.993488908, "room0": 1.9843702319999998}, "spk11": {"room3": -1.817644835, "room4": -1.9378041030000002, "room7": -1.9925805330000002, "room2": -1.597649336, "room12": -1.698766947, "room9": -1.8404469490000002}, "spk19": {"room4": -1.289804816, "room7": -0.9413996929999999, "room12": -1.551675439}, "spk13": {"room4": -0.031635351, "room12": -0.218804792}, "spk31": {"room10": -1.5462337730000002}, "spk6": {"room10": 1.76039505}, "spk3": {"room3": 1.285281777, "room5": -0.621270239, "room7": 0.0019477129999999998, "room0": -0.013943154, "room2": 0.046467762, "room9": 0.03760092}, "spk0": {"room3": -0.6173070070000001}, "spk20": {"room10": -0.593860924}, "spk26": {"room2": 0.8698558809999999}, "spk16": {"room3": -1.04546535, "room4": -0.78920567, "room7": -1.549123645, "room12": -1.716757059, "room9": -1.165607214}, "spk27": {"room5": -1.141357899, "room0": -1.031223774}, "spk25": {"room1": 0.7957727309999999}, "spk21": {"room3": 1.179864764, "room4": 1.7820259330000001, "room2": 0.743043125, "room12": 1.2134734390000002}, "spk30": {"room4": -1.1179667709999999, "room2": -1.814796686, "room12": -0.85383606}, "spk4": {"room6": 7.83331728}, "spk14": {"room10": -0.514608085}, "spk7": {"room12": 1.7393105030000002}, "spk1": {"room5": -0.219337195, "room0": -1.003148675}}}