{"meta": {"speaker": "spk5", "room": "room8"}, "data": {"spk22": {"room0": 0.344409376}, "spk10": {"room4": 1.150977731, "room12": 0.5298527479999999}, "spk18": {"room5": -0.262039393, "room0": -0.276384801, "room2": -0.075732946}, "spk29": {"room10": 1.7167272569999998}, "spk5": {"room3": 3.960334778, "room5": 3.063392401, "room0": 3.430253506}, "spk9": {"room4": 0.317810804, "room7": 0.6550956960000001, "room10": 0.611029387, "room12": 0.041026253, "room9": 0.383560091}, "spk2": {"room5": 0.7649756670000001, "room0": -0.087976165}, "spk23": {"room4": 2.035552979, "room7": 2.458456993, "room2": 1.946467519, "room10": 2.478453398, "room12": 2.456278801, "room9": 2.18405962}, "spk15": {"room10": 0.413457185}, "spk28": {"room10": -0.49944368}, "spk24": {"room1": 0.5786457660000001}, "spk12": {"room10": -0.14596362400000001}, "spk8": {"room10": 1.6095917219999998}, "spk17": {"room5": 1.912414074, "room0": 1.638713717}, "spk11": {"room3": -0.42973581, "room4": -0.520288169, "room7": -0.9716971520000001, "room2": -0.457180738, "room12": -0.40824440100000003, "room9": -0.665380836}, "spk19": {"room4": 0.09660566599999999, "room7": 0.261362165, "room12": -0.136143282}, "spk13": {"room4": 0.837088585, "room12": 0.514509737}, "spk31": {"room10": -0.137246445}, "spk6": {"room10": 0.570294619}, "spk3": {"room3": 0.550394714, "room5": 0.9931122059999999, "room7": -0.023583686, "room0": 0.720573962, "room2": 0.03164066, "room9": -0.137860328}, "spk0": {"room3": 0.8153128620000001}, "spk20": {"room10": 0.328147858}, "spk26": {"room2": 0.46722674399999997}, "spk16": {"room3": 0.584315658, "room4": 0.5253071189999999, "room7": -0.270884216, "room12": 0.32860338699999997, "room9": 0.579914689}, "spk27": {"room5": 1.695611954, "room0": 1.800052404}, "spk25": {"room1": 0.6811494229999999}, "spk21": {"room3": 2.754962206, "room4": 1.3731174469999998, "room2": 1.970183969, "room12": 0.8316073420000001}, "spk30": {"room4": -0.097943537, "room2": -0.9599621890000001, "room12": -0.138689801}, "spk4": {"room6": 1.7309696669999999}, "spk14": {"room10": 0.19753105899999998}, "spk7": {"room12": 0.90232569}, "spk1": {"room5": 0.035192947999999995, "room0": -0.11568746699999999}}}