{"meta": {"speaker": "spk5", "room": "room8"}, "data": {"spk22": {"room0": -0.21444203}, "spk10": {"room4": 0.575488091, "room12": 0.013391837}, "spk18": {"room5": -1.090471983, "room0": -0.869119942, "room2": -0.55001384}, "spk29": {"room10": 1.519929886}, "spk5": {"room3": 4.035534859, "room5": 3.931230783, "room0": 4.2838482860000004}, "spk9": {"room4": -0.0022934879999999998, "room7": 0.179474086, "room10": 0.418814659, "room12": 0.089038752, "room9": 0.381260097}, "spk2": {"room5": -0.251144171, "room0": -0.922641158}, "spk23": {"room4": 2.342022896, "room7": 2.6730744840000003, "room2": 1.625656843, "room10": 2.089789391, "room12": 2.128626108, "room9": 2.153399229}, "spk15": {"room10": 0.346500665}, "spk28": {"room10": -1.02090776}, "spk24": {"room1": 0.8174278140000001}, "spk12": {"room10": -0.383791059}, "spk8": {"room10": 0.520362735}, "spk17": {"room5": 1.626215577, "room0": 1.174538612}, "spk11": {"room3": -0.7319440840000001, "room4": -0.777358294, "room7": -1.317780495, "room2": -1.180376768, "room12": -0.8712059259999999, "room9": -1.049085617}, "spk19": {"room4": -0.6888567809999999, "room7": -0.37943518200000004, "room12": -0.923051417}, "spk13": {"room4": 0.371237844, "room12": -0.044470273}, "spk31": {"room10": -0.9385328890000001}, "spk6": {"room10": 0.556774616}, "spk3": {"room3": 1.133594513, "room5": 0.20823043600000002, "room7": 0.282738805, "room0": 0.943138838, "room2": 0.645606518, "room9": 0.614875972}, "spk0": {"room3": 0.338502884}, "spk20": {"room10": 0.27843073}, "spk26": {"room2": 0.429608554}, "spk16": {"room3": 0.6045998929999999, "room4": -0.070066348, "room7": -0.574951649, "room12": -0.5933825970000001, "room9": 0.49547070299999996}, "spk27": {"room5": 0.45824810899999996, "room0": 1.030123591}, "spk25": {"room1": 1.282844543}, "spk21": {"room3": 1.9244272709999999, "room4": 0.690833092, "room2": 1.033504963, "room12": 0.356464118}, "spk30": {"room4": -0.761905968, "room2": -1.2571475509999999, "room12": -0.43427512}, "spk4": {"room6": 2.117202759}, "spk14": {"room10": -0.113267519}, "spk7": {"room12": 1.4967818259999999}, "spk1": {"room5": -0.130748913, "room0": -0.10410298400000001}}}