{"meta": {"speaker": "spk5", "room": "room8"}, "data": {"spk22": {"room0": 0.289607763}, "spk10": {"room4": 0.27809149, "room12": 0.24893595300000002}, "spk18": {"room5": -0.888755083, "room0": -0.6818481679999999, "room2": -0.393433273}, "spk29": {"room10": 1.212263227}, "spk5": {"room3": 2.98116827, "room5": 2.57871151, "room0": 2.5033645630000003}, "spk9": {"room4": 0.293882668, "room7": 0.613398015, "room10": 0.940943718, "room12": 0.969364405, "room9": 0.766922057}, "spk2": {"room5": 0.410394281, "room0": -0.428269774}, "spk23": {"room4": 2.2015583519999997, "room7": 2.216944933, "room2": 1.179141998, "room10": 1.9140832419999998, "room12": 2.033596516, "room9": 2.04413271}, "spk15": {"room10": -0.17791035800000002}, "spk28": {"room10": -0.42245978100000003}, "spk24": {"room1": 0.740244091}, "spk12": {"room10": -0.230090722}, "spk8": {"room10": 0.851593673}, "spk17": {"room5": 1.090626001, "room0": 1.4612486359999999}, "spk11": {"room3": -0.47356382, "room4": -0.41750297, "room7": -0.814718127, "room2": -0.614517987, "room12": -0.511915743, "room9": -0.571533442}, "spk19": {"room4": -0.50247097, "room7": -0.38122952, "room12": -0.55898279}, "spk13": {"room4": 0.45693418399999997, "room12": 0.065262839}, "spk31": {"room10": -0.785783887}, "spk6": {"room10": -0.08947201800000001}, "spk3": {"room3": 0.725528359, "room5": 0.079275131, "room7": 0.056949335999999996, "room0": 0.146376789, "room2": 0.439549983, "room9": 0.246916562}, "spk0": {"room3": 0.001901875}, "spk20": {"room10": 0.010764744}, "spk26": {"room2": 0.48420968700000006}, "spk16": {"room3": 0.736961126, "room4": 0.357388407, "room7": -0.038625058, "room12": 0.114533417, "room9": 0.988476992}, "spk27": {"room5": 0.564903975, "room0": 0.857224584}, "spk25": {"room1": 1.255756259}, "spk21": {"room3": 1.793413401, "room4": 0.832062781, "room2": 1.143203497, "room12": 0.506926298}, "spk30": {"room4": -0.701002479, "room2": -1.177769065, "room12": -0.597969651}, "spk4": {"room6": 1.4355344769999998}, "spk14": {"room10": -0.234174788}, "spk7": {"room12": 1.068588138}, "spk1": {"room5": 0.140039429, "room0": -0.325760067}}}