{"meta": {"speaker": "spk5", "room": "room0"}, "data": {"spk22": {"room0": 0.347370505}, "spk10": {"room4": 1.206623197, "room12": 0.715553463}, "spk18": {"room5": -0.8527496459999999, "room0": -0.6900902990000001, "room2": -0.46935519600000003}, "spk29": {"room10": 2.527559519}, "spk5": {"room3": 4.447313309, "room5": 5.40058136, "room0": 5.147426128}, "spk9": {"room4": 0.36383783799999997, "room7": 1.7480262519999998, "room10": 1.142633677, "room12": 1.263064027, "room9": 1.099061251}, "spk2": {"room5": -0.553997993, "room0": -0.406513244}, "spk23": {"room4": 3.66159749, "room7": 3.0515451430000002, "room2": 2.063362122, "room10": 2.432782888, "room12": 2.8039319519999997, "room9": 2.55455637}, "spk15": {"room10": -0.09564308099999999}, "spk28": {"room10": -0.639006376}, "spk24": {"room1": 1.382862091}, "spk12": {"room10": -0.26921439199999997}, "spk8": {"room10": 0.526357055}, "spk17": {"room5": 1.6317144630000002, "room0": 1.5873519180000002}, "spk11": {"room3": -0.514780819, "room4": -0.832277596, "room7": -1.095615864, "room2": -1.082146645, "room12": -0.6653147939999999, "room9": -1.067342043}, "spk19": {"room4": -0.619186103, "room7": -0.393005282, "room12": -0.917288065}, "spk13": {"room4": 0.153864488, "room12": 0.42935028700000005}, "spk31": {"room10": -1.11455071}, "spk6": {"room10": 1.19038868}, "spk3": {"room3": 1.4563720230000001, "room5": 1.010966778, "room7": 0.43190702799999997, "room0": 1.349228501, "room2": 0.785071909, "room9": 1.0518276690000001}, "spk0": {"room3": 0.02558066}, "spk20": {"room10": 0.282997608}, "spk26": {"room2": 1.258113146}, "spk16": {"room3": 0.33107212199999997, "room4": 0.40445295, "room7": -0.830695629, "room12": -0.852193058, "room9": 0.762257814}, "spk27": {"room5": 0.224983081, "room0": 1.044911146}, "spk25": {"room1": 2.0375247}, "spk21": {"room3": 1.972225189, "room4": 1.648216844, "room2": 1.322437763, "room12": 1.155570626}, "spk30": {"room4": -0.41615852700000006, "room2": -0.5930335520000001, "room12": -0.25701195}, "spk4": {"room6": 2.4973735809999997}, "spk14": {"room10": 0.001244024}, "spk7": {"room12": 1.8789585830000002}, "spk1": {"room5": -0.154324055, "room0": 0.38843336700000003}}}