{"meta": {"speaker": "spk5", "room": "room8"}, "data": {"spk22": {"room0": -0.14109914}, "spk10": {"room4": 0.14349626, "room12": 0.060394563}, "spk18": {"room5": -0.779003978, "room0": -0.602681637, "room2": -0.116341315}, "spk29": {"room10": 2.152185202}, "spk5": {"room3": 3.867067575, "room5": 4.148380756, "room0": 4.745316982}, "spk9": {"room4": 0.42422515200000005, "room7": 0.781060517, "room10": 0.631692946, "room12": 0.519516826, "room9": 0.59306848}, "spk2": {"room5": -1.037104249, "room0": -0.11505769199999999}, "spk23": {"room4": 3.169497728, "room7": 2.704802513, "room2": 2.284864902, "room10": 1.9825758930000001, "room12": 2.451711655, "room9": 2.8437485689999997}, "spk15": {"room10": -0.09060239}, "spk28": {"room10": -0.173017353}, "spk24": {"room1": 2.061779499}, "spk12": {"room10": 0.36621254700000005}, "spk8": {"room10": 0.29482901100000003}, "spk17": {"room5": 1.658666015, "room0": 1.18541646}, "spk11": {"room3": -1.141064286, "room4": -0.9384472970000001, "room7": -1.46254468, "room2": -1.1097697020000001, "room12": -0.856947482, "room9": -1.384837151}, "spk19": {"room4": 0.00072819, "room7": -0.717143357, "room12": -0.302178949}, "spk13": {"room4": 1.108432293, "room12": 0.250119507}, "spk31": {"room10": -0.623722494}, "spk6": {"room10": 1.7547593119999998}, "spk3": {"room3": 1.207958817, "room5": 1.398096442, "room7": 0.640632689, "room0": 1.178083301, "room2": 0.877196372, "room9": 0.8278381229999999}, "spk0": {"room3": 1.375236273}, "spk20": {"room10": 0.388399482}, "spk26": {"room2": 1.7862939830000002}, "spk16": {"room3": 0.8221384290000001, "room4": 1.1406104559999999, "room7": -0.027763404, "room12": 0.664305687, "room9": 0.971888125}, "spk27": {"room5": 1.012196302, "room0": 1.282559156}, "spk25": {"room1": 2.981825352}, "spk21": {"room3": 1.688954115, "room4": 2.540350437, "room2": 1.39748168, "room12": 0.997739315}, "spk30": {"room4": 0.07114865599999999, "room2": -0.686363995, "room12": 0.20984955100000002}, "spk4": {"room6": 2.565650225}, "spk14": {"room10": 0.505873978}, "spk7": {"room12": 2.036376715}, "spk1": {"room5": -0.55201906, "room0": -0.279991686}}}