{"meta": {"speaker": "spk5", "room": "room8"}, "data": {"spk22": {"room0": 0.095003918}, "spk10": {"room4": 0.845580995, "room12": 0.30209785699999997}, "spk18": {"room5": -0.785268486, "room0": -0.463682383, "room2": -0.36386627}, "spk29": {"room10": 1.8287312980000001}, "spk5": {"room3": 3.887333632, "room5": 3.7939348219999998, "room0": 4.270277023}, "spk9": {"room4": 0.286995709, "room7": 0.36022853899999996, "room10": 0.634751976, "room12": 0.361082584, "room9": 0.149601549}, "spk2": {"room5": 0.114778385, "room0": 0.012234723999999999}, "spk23": {"room4": 2.431092978, "room7": 2.614070892, "room2": 1.402664304, "room10": 2.0710537430000002, "room12": 1.955505729, "room9": 1.851258874}, "spk15": {"room10": 0.5602271560000001}, "spk28": {"room10": -0.7356026170000001}, "spk24": {"room1": 1.762033582}, "spk12": {"room10": -0.11017561}, "spk8": {"room10": 0.871348679}, "spk17": {"room5": 1.662669301, "room0": 0.7660076020000001}, "spk11": {"room3": -0.30382874600000004, "room4": -0.31278803899999996, "room7": -1.005207658, "room2": -0.7259925009999999, "room12": -0.699704707, "room9": -0.787627757}, "spk19": {"room4": -0.560169041, "room7": -0.461029291, "room12": -0.68417269}, "spk13": {"room4": 0.7626966829999999, "room12": 0.045689758}, "spk31": {"room10": -0.691785455}, "spk6": {"room10": 0.641817808}, "spk3": {"room3": 0.8724690079999999, "room5": 0.393101305, "room7": -0.002983522, "room0": 0.572775841, "room2": 1.235150337, "room9": 0.46194419299999995}, "spk0": {"room3": 0.678946316}, "spk20": {"room10": -0.24070645899999998}, "spk26": {"room2": 1.44502461}, "spk16": {"room3": 0.907794416, "room4": -0.11065618699999999, "room7": -0.073119663, "room12": -0.42810437100000004, "room9": 0.34698057200000004}, "spk27": {"room5": 0.307112783, "room0": 0.363101065}, "spk25": {"room1": 1.628618836}, "spk21": {"room3": 2.123093367, "room4": 1.6691006419999999, "room2": 1.31271565, "room12": 0.811202586}, "spk30": {"room4": -0.550441921, "room2": -0.9820613859999999, "room12": -0.330443889}, "spk4": {"room6": 2.06769371}, "spk14": {"room10": -0.17549209300000002}, "spk7": {"room12": 2.018368483}, "spk1": {"room5": 0.010009423, "room0": 0.499909341}}}