{"meta": {"speaker": "spk5", "room": "room8"}, "data": {"spk22": {"room0": -0.42367553700000005}, "spk10": {"room4": 0.237765148, "room12": -0.012404313}, "spk18": {"room5": -0.9548310640000001, "room0": -0.891314983, "room2": -0.224576175}, "spk29": {"room10": 1.580667853}, "spk5": {"room3": 3.272996664, "room5": 3.422939777, "room0": 3.7394030089999997}, "spk9": {"room4": 0.348339379, "room7": 0.083139278, "room10": 0.666004419, "room12": -0.23693898300000002, "room9": 0.527979732}, "spk2": {"room5": -0.963734448, "room0": -0.671225607}, "spk23": {"room4": 2.6989142889999997, "room7": 2.1667442319999997, "room2": 1.9890897269999999, "room10": 1.604305506, "room12": 2.334029913, "room9": 2.42792964}, "spk15": {"room10": 0.08827676599999999}, "spk28": {"room10": -0.541172564}, "spk24": {"room1": 0.404334277}, "spk12": {"room10": -0.37762776}, "spk8": {"room10": 0.4666107}, "spk17": {"room5": 0.7302507159999999, "room0": 0.9410827759999999}, "spk11": {"room3": -0.9479874970000001, "room4": -0.8839003440000001, "room7": -1.01881218, "room2": -0.780654728, "room12": -0.7368024590000001, "room9": -0.99380374}, "spk19": {"room4": 0.162343323, "room7": -0.393849701, "room12": -0.099073119}, "spk13": {"room4": 1.223195314, "room12": 0.7168638709999999}, "spk31": {"room10": -0.914451122}, "spk6": {"room10": 1.292476773}, "spk3": {"room3": 1.254015684, "room5": 0.357133031, "room7": 0.26105239999999996, "room0": 0.596102476, "room2": 0.494989157, "room9": 0.258672506}, "spk0": {"room3": 1.471615195}, "spk20": {"room10": 0.486822724}, "spk26": {"room2": 1.3015464540000001}, "spk16": {"room3": 0.307487428, "room4": 0.293560892, "room7": -0.645957708, "room12": 0.238045111, "room9": 0.27923402199999997}, "spk27": {"room5": 0.56705153, "room0": 0.767929733}, "spk25": {"room1": 1.004200935}, "spk21": {"room3": 2.529027224, "room4": 1.93983233, "room2": 1.339085817, "room12": 0.9749731420000001}, "spk30": {"room4": -0.31426376100000003, "room2": -0.9727069740000001, "room12": -0.5007501839999999}, "spk4": {"room6": 2.114118576}, "spk14": {"room10": 0.6390918489999999}, "spk7": {"room12": 0.6660433410000001}, "spk1": {"room5": -0.25101155, "room0": -0.118870929}}}