{"meta": {"speaker": "spk5", "room": "room8"}, "data": {"spk22": {"room0": 0.060493276}, "spk10": {"room4": 0.670811594, "room12": 0.222762629}, "spk18": {"room5": -0.781709969, "room0": -0.750626385, "room2": -0.290067375}, "spk29": {"room10": 1.883809209}, "spk5": {"room3": 3.9557585719999997, "room5": 3.5317695139999996, "room0": 3.809718132}, "spk9": {"room4": 0.340771049, "room7": 0.21703957, "room10": 0.717607737, "room12": 0.077294931, "room9": 0.198144972}, "spk2": {"room5": 0.084466919, "room0": -0.544948161}, "spk23": {"room4": 2.313926697, "room7": 2.506094933, "room2": 1.451856732, "room10": 2.379746914, "room12": 2.151792526, "room9": 2.1437883380000002}, "spk15": {"room10": 0.452508956}, "spk28": {"room10": -0.505402923}, "spk24": {"room1": 1.016290665}, "spk12": {"room10": -0.09552410199999999}, "spk8": {"room10": 0.786663234}, "spk17": {"room5": 1.554358125, "room0": 1.677378654}, "spk11": {"room3": -0.665738106, "room4": -0.686425745, "room7": -0.98558861, "room2": -0.8300572629999999, "room12": -0.808034062, "room9": -0.745701849}, "spk19": {"room4": -0.320298195, "room7": -0.24986515899999998, "room12": -0.313756168}, "spk13": {"room4": 0.8438233140000001, "room12": 0.309339613}, "spk31": {"room10": -0.302799404}, "spk6": {"room10": 0.588054836}, "spk3": {"room3": 0.7230025529999999, "room5": 0.979966998, "room7": 0.055519514000000006, "room0": 0.35663095100000003, "room2": 0.799164832, "room9": -0.041840646}, "spk0": {"room3": 0.47815337799999996}, "spk20": {"room10": 0.585113466}, "spk26": {"room2": 0.775300443}, "spk16": {"room3": 0.6984609959999999, "room4": 0.557667434, "room7": -0.03471525, "room12": 0.155393451, "room9": 0.8086621759999999}, "spk27": {"room5": 0.8776751159999999, "room0": 1.21316874}, "spk25": {"room1": 1.535103559}, "spk21": {"room3": 1.4108772280000001, "room4": 1.125716329, "room2": 1.0887732509999999, "room12": 0.513185143}, "spk30": {"room4": -0.389218688, "room2": -0.7578556540000001, "room12": 0.071397632}, "spk4": {"room6": 2.055223227}, "spk14": {"room10": -0.19589904}, "spk7": {"room12": 1.583810687}, "spk1": {"room5": 0.027845368, "room0": 0.111932009}}}