{"meta": {"speaker": "spk5", "room": "room8"}, "data": {"spk22": {"room0": 0.0087007}, "spk10": {"room4": 0.505565822, "room12": 0.075547919}, "spk18": {"room5": -1.075974107, "room0": -0.6210592389999999, "room2": -0.38821217399999997}, "spk29": {"room10": 2.138686419}, "spk5": {"room3": 4.796102047, "room5": 4.149506569, "room0": 4.692282677}, "spk9": {"room4": 0.039693553, "room7": 0.254036844, "room10": -0.40824151, "room12": -0.055344230999999994, "room9": -0.318743974}, "spk2": {"room5": -0.055543825, "room0": -0.726189435}, "spk23": {"room4": 2.458230019, "room7": 2.88753891, "room2": 1.74449265, "room10": 1.8158961530000002, "room12": 1.935070992, "room9": 2.387026787}, "spk15": {"room10": 1.353798985}, "spk28": {"room10": -0.970030367}, "spk24": {"room1": 1.62887001}, "spk12": {"room10": -0.225141659}, "spk8": {"room10": 0.8906849029999999}, "spk17": {"room5": 1.9193739890000001, "room0": 1.115683675}, "spk11": {"room3": -0.9864526990000001, "room4": -0.9703773259999999, "room7": -1.3572649959999998, "room2": -1.361255527, "room12": -0.8651762009999999, "room9": -1.046601892}, "spk19": {"room4": -0.6999276879999999, "room7": -0.35485065, "room12": -0.706357479}, "spk13": {"room4": 0.555677891, "room12": -0.331413299}, "spk31": {"room10": -0.649005651}, "spk6": {"room10": 1.287711263}, "spk3": {"room3": 1.613475323, "room5": 1.084455729, "room7": 0.646718979, "room0": 1.492264509, "room2": 1.772729754, "room9": 0.625758469}, "spk0": {"room3": 0.702378452}, "spk20": {"room10": 0.415182829}, "spk26": {"room2": 1.085493088}, "spk16": {"room3": 0.192475542, "room4": -0.259074718, "room7": -0.757422447, "room12": -0.196126178, "room9": -0.32007253199999997}, "spk27": {"room5": 0.749680817, "room0": 0.608818054}, "spk25": {"room1": 1.553185225}, "spk21": {"room3": 2.202422619, "room4": 1.851905823, "room2": 1.821206927, "room12": 0.6917395000000001}, "spk30": {"room4": -0.524907231, "room2": -1.103514433, "room12": -0.38333129899999996}, "spk4": {"room6": 2.930422306}, "spk14": {"room10": -0.034513999}, "spk7": {"room12": 1.4678651090000001}, "spk1": {"room5": -0.54928261, "room0": -0.317132235}}}