{"meta": {"speaker": "spk5", "room": "room0"}, "data": {"spk22": {"room0": 0.266660362}, "spk10": {"room4": 1.238894224, "room12": 0.48480555399999997}, "spk18": {"room5": -0.601188421, "room0": -0.390850753, "room2": -0.240640998}, "spk29": {"room10": 2.422254562}, "spk5": {"room3": 3.4570076469999997, "room5": 4.878826618, "room0": 4.379654408}, "spk9": {"room4": 0.988052845, "room7": 1.3256678579999999, "room10": 1.171243668, "room12": 1.190270185, "room9": 1.203122616}, "spk2": {"room5": 0.31622445600000004, "room0": -0.026760318999999998}, "spk23": {"room4": 2.964946508, "room7": 2.056048155, "room2": 1.54481411, "room10": 2.104091883, "room12": 2.532973766, "room9": 2.6836981769999997}, "spk15": {"room10": 0.079915747}, "spk28": {"room10": -0.788870335}, "spk24": {"room1": 1.355251789}, "spk12": {"room10": -0.526701987}, "spk8": {"room10": 0.233548105}, "spk17": {"room5": 0.617206216, "room0": 1.061648488}, "spk11": {"room3": -0.09195513300000001, "room4": 0.10262145800000001, "room7": -0.295178145, "room2": -0.378930569, "room12": -0.24828507, "room9": -0.138718069}, "spk19": {"room4": -0.656771421, "room7": -0.566717684, "room12": -0.7725018859999999}, "spk13": {"room4": 0.662781954, "room12": 0.444999188}, "spk31": {"room10": -0.942262232}, "spk6": {"room10": 0.360017985}, "spk3": {"room3": 0.42260125299999995, "room5": 0.754860997, "room7": 0.486791104, "room0": 1.019809246, "room2": 0.890735924, "room9": 1.207603574}, "spk0": {"room3": -0.109639645}, "spk20": {"room10": -0.1733502}, "spk26": {"room2": 0.7915371059999999}, "spk16": {"room3": 0.54008466, "room4": 0.295085669, "room7": -0.403316587, "room12": -0.47250732799999995, "room9": 1.433915496}, "spk27": {"room5": 0.218423069, "room0": 1.073257923}, "spk25": {"room1": 1.690320373}, "spk21": {"room3": 0.885519803, "room4": 0.732577026, "room2": 0.7128736379999999, "room12": 0.939263284}, "spk30": {"room4": -0.713581085, "room2": -0.680803776, "room12": -0.417691618}, "spk4": {"room6": 1.9915463919999998}, "spk14": {"room10": 0.5103305579999999}, "spk7": {"room12": 1.8205028769999998}, "spk1": {"room5": 0.171865895, "room0": 0.497906744}}}