{"meta": {"speaker": "spk5", "room": "room8"}, "data": {"spk22": {"room0": -0.095261186}, "spk10": {"room4": 0.891184807, "room12": -0.209797382}, "spk18": {"room5": -0.472045392, "room0": -0.638971329, "room2": -0.15875604699999998}, "spk29": {"room10": 1.623682141}, "spk5": {"room3": 4.25452137, "room5": 4.046265125, "room0": 4.295608044}, "spk9": {"room4": -0.393918335, "room7": 0.167742044, "room10": 0.128967375, "room12": -0.22007553300000002, "room9": 0.09451574800000001}, "spk2": {"room5": -0.7140641209999999, "room0": -0.867816865}, "spk23": {"room4": 2.676549435, "room7": 2.9870169160000004, "room2": 2.510574102, "room10": 1.6636625530000002, "room12": 2.109336138, "room9": 2.507263184}, "spk15": {"room10": 0.808470905}, "spk28": {"room10": -1.1906082629999999}, "spk24": {"room1": 1.36976099}, "spk12": {"room10": 0.17006027699999998}, "spk8": {"room10": 0.175795421}, "spk17": {"room5": 1.898389101, "room0": 1.388654351}, "spk11": {"room3": -0.99286437, "room4": -0.771925867, "room7": -0.995715916, "room2": -1.3512424230000002, "room12": -0.635790229, "room9": -1.596396804}, "spk19": {"room4": -0.36182665799999997, "room7": -0.38858363, "room12": -0.552895069}, "spk13": {"room4": 0.518248975, "room12": -0.146346226}, "spk31": {"room10": -0.705471218}, "spk6": {"room10": 2.006664276}, "spk3": {"room3": 1.427291274, "room5": 0.570832849, "room7": 0.285563856, "room0": 1.261669159, "room2": 1.13095367, "room9": 0.628484964}, "spk0": {"room3": 1.167519927}, "spk20": {"room10": 0.550524652}, "spk26": {"room2": 1.542070389}, "spk16": {"room3": -0.270533144, "room4": -0.1777924, "room7": -0.681122661, "room12": 0.10999871800000001, "room9": -0.288701296}, "spk27": {"room5": 1.079400301, "room0": 1.12206912}, "spk25": {"room1": 1.6704711909999999}, "spk21": {"room3": 2.973091125, "room4": 2.161607981, "room2": 1.822479725, "room12": 0.548128545}, "spk30": {"room4": -0.058035702, "room2": -0.681320488, "room12": 0.17445492699999998}, "spk4": {"room6": 2.559428215}, "spk14": {"room10": 0.060652882000000005}, "spk7": {"room12": 0.335433871}, "spk1": {"room5": -0.417024016, "room0": 0.329207271}}}