{"meta": {"speaker": "spk5", "room": "room8"}, "data": {"spk22": {"room0": -0.21773859899999998}, "spk10": {"room4": 0.36740130200000004, "room12": 0.460572004}, "spk18": {"room5": -0.8978749509999999, "room0": -0.869100332, "room2": -0.530522168}, "spk29": {"room10": 0.969228685}, "spk5": {"room3": 3.042954206, "room5": 3.670517683, "room0": 3.72961092}, "spk9": {"room4": 0.141930044, "room7": 0.678570986, "room10": 0.473201334, "room12": 0.325897396, "room9": 0.6983399990000001}, "spk2": {"room5": 0.309972376, "room0": -0.196851611}, "spk23": {"room4": 2.1525287630000003, "room7": 2.0167536740000003, "room2": 1.37441659, "room10": 1.378752589, "room12": 2.462702513, "room9": 1.8599115609999999}, "spk15": {"room10": -0.099631466}, "spk28": {"room10": -0.588303149}, "spk24": {"room1": 0.8833557959999999}, "spk12": {"room10": -0.038613308}, "spk8": {"room10": 0.071149424}, "spk17": {"room5": 1.4168391230000001, "room0": 1.19491899}, "spk11": {"room3": -0.587417722, "room4": -0.628609359, "room7": -1.0695264340000001, "room2": -1.067069888, "room12": -0.530078411, "room9": -0.677339792}, "spk19": {"room4": -0.11767406, "room7": -0.287234038, "room12": -0.35944160799999997}, "spk13": {"room4": 0.219211742, "room12": -0.157293081}, "spk31": {"room10": -0.7748439909999999}, "spk6": {"room10": 0.42329731600000003}, "spk3": {"room3": -0.028810427000000003, "room5": 0.029660838, "room7": -0.7064989209999999, "room0": -0.011610205, "room2": -0.393502384, "room9": -0.494291097}, "spk0": {"room3": 0.600257695}, "spk20": {"room10": 0.060954395999999994}, "spk26": {"room2": 0.48910462899999996}, "spk16": {"room3": 0.18173115, "room4": -0.09740179800000001, "room7": -0.523820937, "room12": -0.068384372, "room9": 0.462682992}, "spk27": {"room5": 1.224375844, "room0": 1.097335696}, "spk25": {"room1": 1.644941449}, "spk21": {"room3": 2.497314215, "room4": 2.049536943, "room2": 1.703494906, "room12": 1.584775209}, "spk30": {"room4": -0.17122364, "room2": -0.7243526579999999, "room12": -0.11518233300000001}, "spk4": {"room6": 0.9897801279999999}, "spk14": {"room10": -0.297961533}, "spk7": {"room12": 1.134480715}, "spk1": {"room5": 0.345042199, "room0": 0.17653577}}}