{"meta": {"speaker": "spk5", "room": "room8"}, "data": {"spk22": {"room0": 0.09856610699999999}, "spk10": {"room4": 0.082212746, "room12": -0.080892362}, "spk18": {"room5": -0.74941057, "room0": -0.530403078, "room2": -0.36675438299999996}, "spk29": {"room10": 1.45343709}, "spk5": {"room3": 3.302810431, "room5": 3.228868484, "room0": 3.159285545}, "spk9": {"room4": 0.124093652, "room7": 0.313126415, "room10": 0.690860093, "room12": 0.451836497, "room9": 0.541630328}, "spk2": {"room5": 0.197673842, "room0": -0.47456339}, "spk23": {"room4": 2.0854024890000002, "room7": 2.51981926, "room2": 1.143787265, "room10": 1.764520884, "room12": 1.79081881, "room9": 2.1397359369999998}, "spk15": {"room10": 0.322231174}, "spk28": {"room10": -0.628438711}, "spk24": {"room1": 0.738436222}, "spk12": {"room10": -0.143111199}, "spk8": {"room10": 0.733471572}, "spk17": {"room5": 1.132198095, "room0": 1.207482338}, "spk11": {"room3": -0.485863596, "room4": -0.611493707, "room7": -1.087198734, "room2": -0.84232378, "room12": -0.9820168020000001, "room9": -0.9006269570000001}, "spk19": {"room4": -0.568202853, "room7": -0.525914907, "room12": -0.42814341200000006}, "spk13": {"room4": 0.261329889, "room12": -0.126005098}, "spk31": {"room10": -0.865077972}, "spk6": {"room10": 0.20351381600000001}, "spk3": {"room3": 0.9549098009999999, "room5": 0.27698165199999997, "room7": 0.22393173, "room0": 0.12556316, "room2": 1.047889471, "room9": 0.008089606}, "spk0": {"room3": 0.42255225799999996}, "spk20": {"room10": 0.13186498}, "spk26": {"room2": 0.625819087}, "spk16": {"room3": 1.170410395, "room4": -0.021940893, "room7": -0.035904355, "room12": -0.18421506899999998, "room9": 0.702295363}, "spk27": {"room5": 0.302008569, "room0": 0.076843135}, "spk25": {"room1": 1.35037601}, "spk21": {"room3": 1.890503645, "room4": 0.827661395, "room2": 1.082729459, "room12": 0.349795222}, "spk30": {"room4": -0.44973895, "room2": -0.958992243, "room12": -0.49097126700000004}, "spk4": {"room6": 1.1725857259999999}, "spk14": {"room10": -0.057610605}, "spk7": {"room12": 1.273014903}, "spk1": {"room5": -0.004521613, "room0": -0.132482886}}}