{"meta": {"speaker": "spk5", "room": "room3"}, "data": {"spk22": {"room0": 0.41345435399999997}, "spk10": {"room4": 1.237089515, "room12": 0.298453987}, "spk18": {"room5": -1.221506715, "room0": -0.963254035, "room2": -0.737119913}, "spk29": {"room10": 2.738052368}, "spk5": {"room3": 5.0046772960000006, "room5": 4.239953518, "room0": 3.6046996119999997}, "spk9": {"room4": 0.921244562, "room7": 1.323248148, "room10": 1.085447788, "room12": 1.1444319490000001, "room9": 1.287239075}, "spk2": {"room5": 0.027712868999999998, "room0": 0.029089889}, "spk23": {"room4": 1.642762661, "room7": 2.441496611, "room2": 1.11876452, "room10": 1.107294917, "room12": 1.7977576259999999, "room9": 1.962586641}, "spk15": {"room10": 0.03682116}, "spk28": {"room10": -0.21781809600000002}, "spk24": {"room1": 0.491597176}, "spk12": {"room10": -0.57257688}, "spk8": {"room10": 0.30291363600000004}, "spk17": {"room5": 1.1456121209999999, "room0": 1.483157635}, "spk11": {"room3": 0.36255344700000003, "room4": 0.41253534, "room7": 0.209673807, "room2": 0.38220036, "room12": 0.12104824199999999, "room9": 0.390004247}, "spk19": {"room4": -0.289473236, "room7": -0.23254139699999998, "room12": -0.569726765}, "spk13": {"room4": 0.630581319, "room12": 0.7301105259999999}, "spk31": {"room10": -1.120175481}, "spk6": {"room10": -0.12143599999999999}, "spk3": {"room3": 2.11241889, "room5": 0.837679565, "room7": 1.970552444, "room0": 2.0314350130000003, "room2": 1.275308132, "room9": 1.218447208}, "spk0": {"room3": 0.34091675299999996}, "spk20": {"room10": -0.081729174}, "spk26": {"room2": -0.078527048}, "spk16": {"room3": 2.222980976, "room4": 1.396905899, "room7": 1.204118967, "room12": 0.184733748, "room9": 1.9832792280000002}, "spk27": {"room5": 0.465181112, "room0": 0.87364012}, "spk25": {"room1": 1.28810358}, "spk21": {"room3": 1.947095275, "room4": 1.451347947, "room2": 1.0987272259999998, "room12": 1.330897093}, "spk30": {"room4": -0.55432719, "room2": -0.8716735240000001, "room12": -0.4225429}, "spk4": {"room6": 1.767122865}, "spk14": {"room10": 0.17202259600000003}, "spk7": {"room12": 1.475014448}, "spk1": {"room5": 0.18118611, "room0": 0.560359716}}}