{"meta": {"speaker": "spk5", "room": "room3"}, "data": {"spk22": {"room0": 0.024172352999999997}, "spk10": {"room4": 1.0479060409999998, "room12": 0.170907825}, "spk18": {"room5": -1.23403728, "room0": -0.875207961, "room2": -0.518632591}, "spk29": {"room10": 2.470006227}, "spk5": {"room3": 4.465053558, "room5": 4.231536388, "room0": 3.660394192}, "spk9": {"room4": 0.612139046, "room7": 1.2224756479999999, "room10": 1.056466222, "room12": 0.8309690359999999, "room9": 0.873406708}, "spk2": {"room5": -0.46582639200000003, "room0": -0.47119510200000003}, "spk23": {"room4": 1.811856031, "room7": 2.05155611, "room2": 1.07629168, "room10": 0.981742978, "room12": 1.185575128, "room9": 1.7790257930000002}, "spk15": {"room10": -0.232925668}, "spk28": {"room10": -0.46711319700000004}, "spk24": {"room1": 0.745788515}, "spk12": {"room10": -0.638416529}, "spk8": {"room10": 0.30950942600000003}, "spk17": {"room5": 0.710936248, "room0": 1.3688274619999998}, "spk11": {"room3": 0.5389919879999999, "room4": 0.146684274, "room7": -0.18875812, "room2": 0.317561775, "room12": -0.18128211800000002, "room9": 0.005322605}, "spk19": {"room4": -0.366712451, "room7": -0.420963436, "room12": -0.713276625}, "spk13": {"room4": 0.31375801600000003, "room12": 0.56130749}, "spk31": {"room10": -0.8907776470000001}, "spk6": {"room10": -0.103263803}, "spk3": {"room3": 1.7355103490000001, "room5": 1.020180583, "room7": 0.94783318, "room0": 1.683340192, "room2": 1.4964715240000002, "room9": 1.284266114}, "spk0": {"room3": -0.007589755}, "spk20": {"room10": -0.25134807800000003}, "spk26": {"room2": 0.07689148900000001}, "spk16": {"room3": 1.388721347, "room4": 0.7792571779999999, "room7": 0.671575129, "room12": -0.319227517, "room9": 1.4772795440000002}, "spk27": {"room5": -0.01170702, "room0": 0.47479292799999995}, "spk25": {"room1": 1.595904231}, "spk21": {"room3": 1.52027905, "room4": 1.0419449809999999, "room2": 1.095389247, "room12": 0.973438203}, "spk30": {"room4": -0.532889187, "room2": -0.897961855, "room12": -0.5825286510000001}, "spk4": {"room6": 1.8875356909999998}, "spk14": {"room10": -0.41334530700000005}, "spk7": {"room12": 1.3882160190000001}, "spk1": {"room5": 0.23278378, "room0": 0.759445131}}}