{"meta": {"speaker": "spk5", "room": "room8"}, "data": {"spk22": {"room0": -0.294572204}, "spk10": {"room4": 0.29296207399999996, "room12": 0.31452411399999997}, "spk18": {"room5": -0.44603753100000004, "room0": -0.32841348600000003, "room2": -0.123391181}, "spk29": {"room10": 1.635023713}, "spk5": {"room3": 2.736512423, "room5": 2.5445761680000003, "room0": 3.505364895}, "spk9": {"room4": -0.19952219699999998, "room7": 0.329345465, "room10": 0.782342315, "room12": -0.029471561, "room9": 0.300499976}, "spk2": {"room5": -0.044040311, "room0": -0.985040963}, "spk23": {"room4": 2.154942036, "room7": 2.200499773, "room2": 2.008720636, "room10": 1.78573072, "room12": 1.7231925730000002, "room9": 1.82483983}, "spk15": {"room10": 0.09196656199999999}, "spk28": {"room10": -0.580165744}, "spk24": {"room1": 0.931391478}, "spk12": {"room10": -0.007136259}, "spk8": {"room10": 0.551183701}, "spk17": {"room5": 0.937003493, "room0": 0.216222167}, "spk11": {"room3": -0.307185113, "room4": -0.988478124, "room7": -1.417047858, "room2": -0.8835136290000001, "room12": -0.644581795, "room9": -0.8489741679999999}, "spk19": {"room4": -0.238714039, "room7": -0.460996866, "room12": -0.581599891}, "spk13": {"room4": 0.488722593, "room12": -0.180946991}, "spk31": {"room10": -0.11889758}, "spk6": {"room10": 0.501789808}, "spk3": {"room3": 0.718006968, "room5": -0.299478918, "room7": -0.786939442, "room0": 0.050621234, "room2": 0.10913725199999999, "room9": -0.313949883}, "spk0": {"room3": 0.906373322}, "spk20": {"room10": 0.43992760799999997}, "spk26": {"room2": 0.7648672459999999}, "spk16": {"room3": 0.240689099, "room4": -0.49742680799999994, "room7": -0.463960618, "room12": 0.043157503, "room9": -0.141260862}, "spk27": {"room5": 0.48193219299999995, "room0": 0.757294714}, "spk25": {"room1": 0.994561017}, "spk21": {"room3": 2.07258153, "room4": 1.202641726, "room2": 1.048892021, "room12": 0.452086031}, "spk30": {"room4": -0.45225858700000005, "room2": -1.233942509, "room12": -0.507531226}, "spk4": {"room6": 1.716159701}, "spk14": {"room10": -0.22613427}, "spk7": {"room12": 0.922753215}, "spk1": {"room5": -0.150740832, "room0": -0.141088635}}}