{"meta": {"speaker": "spk5", "room": "room8"}, "data": {"spk22": {"room0": -0.515652597}, "spk10": {"room4": 0.510192811, "room12": 0.128701717}, "spk18": {"room5": -0.577707648, "room0": -0.501202106, "room2": -0.08710627300000001}, "spk29": {"room10": 1.52221334}, "spk5": {"room3": 3.5684394839999998, "room5": 3.258927822, "room0": 3.7502255439999996}, "spk9": {"room4": -0.15314801, "room7": 0.163197562, "room10": 0.205729112, "room12": -0.22258074600000002, "room9": -0.073321573}, "spk2": {"room5": -0.38065207, "room0": -0.701830864}, "spk23": {"room4": 2.0252861980000003, "room7": 2.069073439, "room2": 1.314249754, "room10": 1.5190815930000001, "room12": 1.60992074, "room9": 1.836615801}, "spk15": {"room10": 0.594701529}, "spk28": {"room10": -0.716636121}, "spk24": {"room1": 0.71340549}, "spk12": {"room10": 0.203679398}, "spk8": {"room10": 1.208426595}, "spk17": {"room5": 1.127625465, "room0": 0.799198031}, "spk11": {"room3": -0.581446409, "room4": -0.836139321, "room7": -1.251620293, "room2": -0.756900847, "room12": -0.913756073, "room9": -1.208012104}, "spk19": {"room4": 0.0792206, "room7": -0.146776631, "room12": -0.081697144}, "spk13": {"room4": 0.830367565, "room12": 0.160715625}, "spk31": {"room10": -0.267896146}, "spk6": {"room10": 0.5148457879999999}, "spk3": {"room3": 0.7664467690000001, "room5": 0.268932134, "room7": 0.18286286300000001, "room0": 0.298856914, "room2": 0.8418437240000001, "room9": 0.016304724}, "spk0": {"room3": 1.02425468}, "spk20": {"room10": 0.411982954}, "spk26": {"room2": 1.041893482}, "spk16": {"room3": 0.449166536, "room4": -0.069155224, "room7": -0.662668467, "room12": -0.059390715999999996, "room9": -0.027582183}, "spk27": {"room5": 0.19090294800000002, "room0": 0.29125765}, "spk25": {"room1": 0.748307526}, "spk21": {"room3": 2.226449728, "room4": 1.460188627, "room2": 1.522706985, "room12": 0.42368689200000004}, "spk30": {"room4": -0.370458305, "room2": -0.8041175009999999, "room12": -0.05663736900000001}, "spk4": {"room6": 1.8264737130000002}, "spk14": {"room10": 0.118832387}, "spk7": {"room12": 0.8681099409999999}, "spk1": {"room5": -0.485971183, "room0": -0.342945695}}}