{"meta": {"speaker": "spk5", "room": "room8"}, "data": {"spk22": {"room0": 0.190270007}, "spk10": {"room4": 0.144650638, "room12": 0.26466772}, "spk18": {"room5": -0.679137647, "room0": -0.549172342, "room2": -0.449993759}, "spk29": {"room10": 2.756780863}, "spk5": {"room3": 3.516052723, "room5": 3.59049058, "room0": 3.7399196619999997}, "spk9": {"room4": -0.43107327799999995, "room7": 0.453164726, "room10": 0.382688016, "room12": 0.168125033, "room9": 0.11834544699999999}, "spk2": {"room5": -0.29201349600000004, "room0": -0.482562035}, "spk23": {"room4": 2.031752348, "room7": 2.528173447, "room2": 1.372505665, "room10": 1.52963984, "room12": 1.82152617, "room9": 1.5813205240000001}, "spk15": {"room10": -0.10542459800000001}, "spk28": {"room10": -0.550721943}, "spk24": {"room1": 1.189932585}, "spk12": {"room10": -0.438907564}, "spk8": {"room10": 0.48616907}, "spk17": {"room5": 1.017699838, "room0": 1.098103166}, "spk11": {"room3": -0.43289661399999996, "room4": -1.008710742, "room7": -1.1748957629999999, "room2": -0.980865836, "room12": -1.09568882, "room9": -1.005128264}, "spk19": {"room4": -0.495884031, "room7": -0.43870055700000005, "room12": -0.467153251}, "spk13": {"room4": 0.577215016, "room12": 0.28940469}, "spk31": {"room10": -0.64853555}, "spk6": {"room10": 0.036528435}, "spk3": {"room3": 2.3353033069999998, "room5": 0.527730942, "room7": 0.610548258, "room0": 1.410118103, "room2": 1.8295702930000002, "room9": 0.612014115}, "spk0": {"room3": 0.105544515}, "spk20": {"room10": -0.28168475600000004}, "spk26": {"room2": 0.946954429}, "spk16": {"room3": 1.1404557229999999, "room4": -0.40642333, "room7": 0.412075669, "room12": -0.33848074100000003, "room9": 0.714402676}, "spk27": {"room5": -0.260347664, "room0": 0.17375490100000002}, "spk25": {"room1": 2.551618099}, "spk21": {"room3": 1.358653665, "room4": 0.7187283040000001, "room2": 0.955740154, "room12": 0.315888286}, "spk30": {"room4": -0.589448333, "room2": -0.9298301940000001, "room12": -0.41203182899999996}, "spk4": {"room6": 1.5183082819999998}, "spk14": {"room10": 0.104594819}, "spk7": {"room12": 1.821703076}, "spk1": {"room5": -0.453291386, "room0": 0.271498084}}}