{"meta": {"speaker": "spk5", "room": "room8"}, "data": {"spk22": {"room0": -0.87195456}, "spk10": {"room4": 0.32141304, "room12": 0.085945301}, "spk18": {"room5": -1.574513674, "room0": -1.176065683, "room2": -0.7532923220000001}, "spk29": {"room10": 2.0228605269999997}, "spk5": {"room3": 4.65225935, "room5": 4.334386349, "room0": 4.67754221}, "spk9": {"room4": -0.6257497670000001, "room7": 0.344335139, "room10": -0.09277921900000001, "room12": -0.441303313, "room9": -0.314684063}, "spk2": {"room5": -0.8944180009999999, "room0": -1.095837116}, "spk23": {"room4": 2.371874332, "room7": 2.191178083, "room2": 1.349729538, "room10": 1.5296145680000002, "room12": 1.599182844, "room9": 1.901968122}, "spk15": {"room10": 0.15026179}, "spk28": {"room10": -1.069158316}, "spk24": {"room1": 1.6221644880000001}, "spk12": {"room10": -0.766036808}, "spk8": {"room10": 0.073450685}, "spk17": {"room5": 1.470255852, "room0": 0.7593248490000001}, "spk11": {"room3": -1.417842746, "room4": -1.414566517, "room7": -1.8213750119999998, "room2": -1.739263535, "room12": -1.4223170280000001, "room9": -1.580447793}, "spk19": {"room4": -1.14892602, "room7": -1.325093985, "room12": -1.072032809}, "spk13": {"room4": 0.243079662, "room12": -0.491482198}, "spk31": {"room10": -1.36350286}, "spk6": {"room10": 1.552383065}, "spk3": {"room3": 1.233813167, "room5": 0.059134938, "room7": -0.331869274, "room0": -0.071462773, "room2": 0.7621430159999999, "room9": -0.261377245}, "spk0": {"room3": 0.7790497540000001}, "spk20": {"room10": -0.259877831}, "spk26": {"room2": 1.219373465}, "spk16": {"room3": 0.335188568, "room4": -0.575819492, "room7": -0.89245981, "room12": -0.874242842, "room9": 0.129659578}, "spk27": {"room5": 0.26794213100000003, "room0": 0.46633517700000005}, "spk25": {"room1": 1.56875813}, "spk21": {"room3": 1.9339516159999999, "room4": 1.919652104, "room2": 0.741616607, "room12": 0.722021103}, "spk30": {"room4": -0.420976877, "room2": -1.162428141, "room12": -0.44255504}, "spk4": {"room6": 2.605092525}, "spk14": {"room10": 0.174262315}, "spk7": {"room12": 1.4313260319999999}, "spk1": {"room5": -0.39506083700000005, "room0": -0.20215953899999997}}}