{"meta": {"speaker": "spk5", "room": "room0"}, "data": {"spk22": {"room0": 0.870299637}, "spk10": {"room4": 1.160535455, "room12": 1.1902776959999999}, "spk18": {"room5": -0.7887969020000001, "room0": -0.281685293, "room2": -0.33925783600000003}, "spk29": {"room10": 1.752349734}, "spk5": {"room3": 6.102852821, "room5": 6.652890682000001, "room0": 6.697383881}, "spk9": {"room4": 0.377714247, "room7": 1.36509645, "room10": 0.545956731, "room12": 1.429352999, "room9": 1.236061573}, "spk2": {"room5": -0.182597101, "room0": 0.146703526}, "spk23": {"room4": 2.974177837, "room7": 2.7255051139999997, "room2": 1.846966863, "room10": 2.106908083, "room12": 2.4728322030000003, "room9": 2.989503622}, "spk15": {"room10": -0.129399776}, "spk28": {"room10": -0.266373724}, "spk24": {"room1": 1.589728117}, "spk12": {"room10": 0.276915133}, "spk8": {"room10": 0.840526283}, "spk17": {"room5": 2.1490108969999997, "room0": 1.896769404}, "spk11": {"room3": -0.646767497, "room4": -0.35501840700000004, "room7": -0.810008049, "room2": -1.3585574630000001, "room12": -0.874287665, "room9": -0.438453645}, "spk19": {"room4": -0.221959159, "room7": 0.015982812, "room12": -0.513496399}, "spk13": {"room4": 0.6621510979999999, "room12": 0.211590201}, "spk31": {"room10": -0.632273436}, "spk6": {"room10": 1.194937229}, "spk3": {"room3": 2.368863344, "room5": 1.521401882, "room7": 1.867093205, "room0": 1.488755345, "room2": 1.73715508, "room9": 1.610422134}, "spk0": {"room3": 0.10340672699999999}, "spk20": {"room10": 0.55813998}, "spk26": {"room2": 0.84094137}, "spk16": {"room3": 1.5860297680000002, "room4": 1.4644702669999998, "room7": 0.897892714, "room12": -0.303902894, "room9": 2.368680477}, "spk27": {"room5": -0.018243358, "room0": 1.065952778}, "spk25": {"room1": 1.968562126}, "spk21": {"room3": 2.54741478, "room4": 2.210009098, "room2": 1.329573035, "room12": 1.903725863}, "spk30": {"room4": -0.352475256, "room2": -0.615074873, "room12": -0.081196092}, "spk4": {"room6": 3.10774827}, "spk14": {"room10": 0.8311721679999999}, "spk7": {"room12": 1.9734412430000001}, "spk1": {"room5": 0.05398073, "room0": 0.6079650520000001}}}