{"meta": {"speaker": "spk5", "room": "room8"}, "data": {"spk22": {"room0": -0.057349704}, "spk10": {"room4": 0.67884773, "room12": 0.32110226199999997}, "spk18": {"room5": -0.323310971, "room0": -0.439717829, "room2": 0.073304668}, "spk29": {"room10": 1.745045424}, "spk5": {"room3": 3.715525866, "room5": 3.455487251, "room0": 4.039413452}, "spk9": {"room4": -0.026874686000000002, "room7": 0.656206608, "room10": 0.62264806, "room12": -0.125792429, "room9": 0.330335557}, "spk2": {"room5": 0.116564162, "room0": -0.332693756}, "spk23": {"room4": 3.079698563, "room7": 2.980014086, "room2": 2.821744442, "room10": 2.6845369339999996, "room12": 2.981135845, "room9": 2.178147793}, "spk15": {"room10": 0.929455101}, "spk28": {"room10": -0.632745087}, "spk24": {"room1": 0.931632221}, "spk12": {"room10": 0.068077378}, "spk8": {"room10": 0.949734449}, "spk17": {"room5": 2.0993571280000003, "room0": 1.464817047}, "spk11": {"room3": -0.9833412770000001, "room4": -1.174624801, "room7": -1.7851120230000002, "room2": -1.317313194, "room12": -0.891312063, "room9": -1.324920177}, "spk19": {"room4": -0.042698535999999995, "room7": -0.06293375799999999, "room12": -0.143769592}, "spk13": {"room4": 0.96146661, "room12": 0.606349707}, "spk31": {"room10": -0.158874616}, "spk6": {"room10": 1.6048437359999999}, "spk3": {"room3": 0.9504259820000001, "room5": 0.7980051640000001, "room7": -0.420641124, "room0": 0.306973398, "room2": 0.266473502, "room9": -0.17105773100000002}, "spk0": {"room3": 1.24082756}, "spk20": {"room10": 0.590087771}, "spk26": {"room2": 1.470281959}, "spk16": {"room3": 0.268914551, "room4": -0.156422749, "room7": -0.428085893, "room12": 0.0042935379999999995, "room9": -0.056606345}, "spk27": {"room5": 1.406930685, "room0": 1.9307681319999999}, "spk25": {"room1": 1.3918151859999999}, "spk21": {"room3": 2.340163469, "room4": 1.4506409169999999, "room2": 1.765902638, "room12": 0.573004901}, "spk30": {"room4": -0.464877009, "room2": -1.5556830169999998, "room12": -0.08397264800000001}, "spk4": {"room6": 2.085951567}, "spk14": {"room10": 0.319543153}, "spk7": {"room12": 0.97450614}, "spk1": {"room5": -0.208013728, "room0": 0.047362849000000005}}}