{"meta": {"speaker": "spk5", "room": "room8"}, "data": {"spk22": {"room0": -0.34502142700000005}, "spk10": {"room4": 0.21652028, "room12": 0.089867294}, "spk18": {"room5": -0.676764846, "room0": -0.45564529299999995, "room2": -0.050359465}, "spk29": {"room10": 1.728266597}, "spk5": {"room3": 3.686826944, "room5": 3.4946877960000005, "room0": 4.116057873}, "spk9": {"room4": -0.247938931, "room7": 0.205034658, "room10": 0.173096225, "room12": -0.080601521, "room9": 0.086943373}, "spk2": {"room5": -0.694515765, "room0": -0.823061645}, "spk23": {"room4": 1.8359377380000002, "room7": 1.945912004, "room2": 1.5356274840000002, "room10": 1.36350441, "room12": 1.490002632, "room9": 1.54215312}, "spk15": {"room10": 0.034303362999999996}, "spk28": {"room10": -0.35587388299999995}, "spk24": {"room1": 1.623196006}, "spk12": {"room10": -0.108245127}, "spk8": {"room10": 0.437881798}, "spk17": {"room5": 0.979053617, "room0": 0.48326849899999996}, "spk11": {"room3": -0.996017873, "room4": -1.028873682, "room7": -1.4415585990000002, "room2": -1.349689484, "room12": -0.9114773270000001, "room9": -1.216649175}, "spk19": {"room4": -0.22252875600000002, "room7": -0.330179811, "room12": -0.358043075}, "spk13": {"room4": 0.604400814, "room12": -0.268086523}, "spk31": {"room10": -0.40453136}, "spk6": {"room10": 0.947107375}, "spk3": {"room3": 1.09143889, "room5": 0.629283845, "room7": 0.159321636, "room0": 0.46361208, "room2": 0.9818570609999999, "room9": 0.40671429}, "spk0": {"room3": 0.9576753379999999}, "spk20": {"room10": 0.371592075}, "spk26": {"room2": 1.064135075}, "spk16": {"room3": 0.656653881, "room4": 0.552529156, "room7": -0.27311170100000004, "room12": 0.08520621800000001, "room9": 0.583805025}, "spk27": {"room5": 0.037389159, "room0": 0.32971555}, "spk25": {"room1": 1.076587915}, "spk21": {"room3": 2.0607755180000003, "room4": 1.51049602, "room2": 0.9498491290000001, "room12": 0.29174736100000004}, "spk30": {"room4": -0.287640363, "room2": -0.7129689459999999, "room12": -0.36648941}, "spk4": {"room6": 2.136347294}, "spk14": {"room10": 0.25294134}, "spk7": {"room12": 1.267353535}, "spk1": {"room5": -0.52894938, "room0": -0.18891122899999999}}}