{"meta": {"speaker": "spk5", "room": "room8"}, "data": {"spk22": {"room0": 0.5714081529999999}, "spk10": {"room4": 0.811228752, "room12": 0.528603852}, "spk18": {"room5": -0.715910077, "room0": -0.493501157, "room2": -0.05794798599999999}, "spk29": {"room10": 2.218905687}, "spk5": {"room3": 4.299376488, "room5": 3.354425192, "room0": 3.675365925}, "spk9": {"room4": -0.45874434700000005, "room7": 0.253225148, "room10": 0.539908469, "room12": 0.304102689, "room9": -0.24486440399999998}, "spk2": {"room5": 0.37043774100000004, "room0": -0.061105717000000004}, "spk23": {"room4": 2.182097435, "room7": 2.369751215, "room2": 2.217128277, "room10": 2.048618555, "room12": 2.083211899, "room9": 1.84896636}, "spk15": {"room10": 0.023299717999999997}, "spk28": {"room10": -0.8766285779999999}, "spk24": {"room1": 1.316153407}, "spk12": {"room10": 0.2615183}, "spk8": {"room10": 0.780675948}, "spk17": {"room5": 1.386641741, "room0": 0.8515095109999999}, "spk11": {"room3": 0.1801254, "room4": 0.034128658, "room7": -0.862806022, "room2": -0.398964018, "room12": -0.319289148, "room9": -0.252872378}, "spk19": {"room4": -0.37831476299999994, "room7": -0.39089772100000003, "room12": -0.554953933}, "spk13": {"room4": 1.130724788, "room12": 0.267372519}, "spk31": {"room10": -0.134407952}, "spk6": {"room10": 0.605147481}, "spk3": {"room3": 0.736982942, "room5": 0.704518497, "room7": -0.03700494, "room0": 0.64336288, "room2": 1.769461155, "room9": 0.496647775}, "spk0": {"room3": 1.1457104679999999}, "spk20": {"room10": 0.319342613}, "spk26": {"room2": 1.6117643119999998}, "spk16": {"room3": 0.867018878, "room4": 0.310493082, "room7": -0.417430401, "room12": -0.26750782100000003, "room9": 0.37726470799999995}, "spk27": {"room5": 0.441655219, "room0": 0.322098166}, "spk25": {"room1": 1.003002167}, "spk21": {"room3": 2.247449875, "room4": 1.175644398, "room2": 1.376132607, "room12": 0.33319971}, "spk30": {"room4": -0.5804423089999999, "room2": -0.56382513, "room12": -0.345215648}, "spk4": {"room6": 1.339877367}, "spk14": {"room10": 0.139647976}, "spk7": {"room12": 1.340549231}, "spk1": {"room5": -0.099862449, "room0": 0.280266434}}}