{"meta": {"speaker": "spk5", "room": "room8"}, "data": {"spk22": {"room0": 0.295356482}, "spk10": {"room4": 0.404112607, "room12": 0.532573283}, "spk18": {"room5": -0.963745415, "room0": -0.876827955, "room2": -0.44116798}, "spk29": {"room10": 2.3333401680000003}, "spk5": {"room3": 4.465855598, "room5": 4.50831461, "room0": 4.619164467}, "spk9": {"room4": 1.324578762, "room7": 1.411500335, "room10": 1.269500375, "room12": 1.279685736, "room9": 1.649478912}, "spk2": {"room5": -0.47974509, "room0": -0.30383816399999997}, "spk23": {"room4": 2.342610121, "room7": 2.243371964, "room2": 1.912505031, "room10": 1.462197781, "room12": 1.839537024, "room9": 1.6434724330000001}, "spk15": {"room10": -0.5550102}, "spk28": {"room10": -0.461122125}, "spk24": {"room1": 1.5222985740000001}, "spk12": {"room10": -0.12409728}, "spk8": {"room10": -0.210410729}, "spk17": {"room5": 1.232426524, "room0": 0.9206336140000001}, "spk11": {"room3": -0.56743592, "room4": 0.033671587999999995, "room7": -0.815662503, "room2": -0.6118534210000001, "room12": -0.24673923899999997, "room9": -0.307144254}, "spk19": {"room4": -0.769490838, "room7": -0.597520053, "room12": -0.7374861840000001}, "spk13": {"room4": 1.317176104, "room12": 0.794574797}, "spk31": {"room10": -0.7178632620000001}, "spk6": {"room10": 0.619205534}, "spk3": {"room3": 2.226485252, "room5": 1.117600083, "room7": 1.3096514940000001, "room0": 1.4500623940000001, "room2": 1.415976167, "room9": 1.267980218}, "spk0": {"room3": 0.842672467}, "spk20": {"room10": 0.082062632}, "spk26": {"room2": 0.540331185}, "spk16": {"room3": 1.054890156, "room4": 1.1377215390000002, "room7": 0.019507969, "room12": 0.549973249, "room9": 1.513584733}, "spk27": {"room5": 0.45876458299999995, "room0": 0.051413652000000004}, "spk25": {"room1": 2.72607708}, "spk21": {"room3": 1.8594559430000002, "room4": 1.313474536, "room2": 0.73670274, "room12": 0.7829232220000001}, "spk30": {"room4": -0.658834696, "room2": -0.866115332, "room12": -0.23308216}, "spk4": {"room6": 1.5143169159999998}, "spk14": {"room10": 0.852119327}, "spk7": {"room12": 1.093804598}, "spk1": {"room5": 0.086142845, "room0": 0.370957881}}}