{"meta": {"speaker": "spk27", "room": "room11"}, "data": {"spk22": {"room0": 1.091270685}, "spk10": {"room4": 1.24184227, "room12": 2.3127286430000003}, "spk18": {"room5": -0.8645690079999999, "room0": -0.6987979409999999, "room2": -1.00724113}, "spk29": {"room10": 1.808241606}, "spk5": {"room3": 0.17303046600000002, "room5": -0.002464245, "room0": 0.744689345}, "spk9": {"room4": -0.37070331, "room7": 0.7695789340000001, "room10": 0.648269534, "room12": 0.331640661, "room9": 0.42395412899999996}, "spk2": {"room5": 1.1731238370000001, "room0": -0.10769434300000001}, "spk23": {"room4": 1.3843281269999999, "room7": 2.442098141, "room2": 2.75804019, "room10": 2.6181638240000003, "room12": 1.758539557, "room9": 2.369851351}, "spk15": {"room10": -1.177650213}, "spk28": {"room10": -1.464243054}, "spk24": {"room1": 0.016516425}, "spk12": {"room10": -0.99586612}, "spk8": {"room10": 0.885816693}, "spk17": {"room5": 1.7358124259999999, "room0": 2.517256737}, "spk11": {"room3": 1.089285612, "room4": 0.213971347, "room7": -0.775621474, "room2": -0.207697183, "room12": 0.330841273, "room9": -0.534927666}, "spk19": {"room4": -1.2041124109999999, "room7": -0.8253944520000001, "room12": -1.4011476040000002}, "spk13": {"room4": 1.096222043, "room12": 1.0863692759999999}, "spk31": {"room10": -1.15006578}, "spk6": {"room10": -0.044560172}, "spk3": {"room3": -0.08893699199999999, "room5": -0.117216684, "room7": -0.752643704, "room0": -0.062500238, "room2": -0.493152231, "room9": -0.218818918}, "spk0": {"room3": 2.089058161}, "spk20": {"room10": 0.103575267}, "spk26": {"room2": 1.3963966369999998}, "spk16": {"room3": -0.26568943300000003, "room4": -0.656178832, "room7": 0.115451038, "room12": 0.335141748, "room9": -0.406365782}, "spk27": {"room5": 4.384175301, "room0": 3.418761253}, "spk25": {"room1": 0.41202595799999997}, "spk21": {"room3": 1.8620380159999999, "room4": 0.7198767070000001, "room2": 1.164474726, "room12": 1.265767336}, "spk30": {"room4": -1.5114570859999998, "room2": -2.0947625640000003, "room12": -1.590206385}, "spk4": {"room6": 0.19199624699999998}, "spk14": {"room10": 0.384237915}, "spk7": {"room12": -0.19274441899999997}, "spk1": {"room5": 1.844808578, "room0": 0.151290506}}}