{"meta": {"speaker": "spk27", "room": "room13"}, "data": {"spk22": {"room0": 0.017706448}, "spk10": {"room4": -0.141337484, "room12": -0.038549926}, "spk18": {"room5": -1.338913918, "room0": -0.88089186, "room2": -0.806150556}, "spk29": {"room10": 1.5696874859999999}, "spk5": {"room3": 0.660474181, "room5": 1.111112237, "room0": 0.511129677}, "spk9": {"room4": 0.74600476, "room7": 1.0499153140000002, "room10": 1.412606835, "room12": 0.69349736, "room9": 1.109467745}, "spk2": {"room5": 0.9256477359999999, "room0": 0.729596198}, "spk23": {"room4": 1.6335959430000002, "room7": 2.500502348, "room2": 2.208444595, "room10": 2.456614971, "room12": 1.849129796, "room9": 1.6254980559999999}, "spk15": {"room10": -0.707854867}, "spk28": {"room10": -0.589894414}, "spk24": {"room1": 0.770028412}, "spk12": {"room10": -0.262241244}, "spk8": {"room10": 0.8817893859999999}, "spk17": {"room5": 1.86265099, "room0": 1.744165421}, "spk11": {"room3": 0.107782684, "room4": -1.069714785, "room7": -1.240447283, "room2": -0.6576313970000001, "room12": -0.527952969, "room9": -0.8918611999999999}, "spk19": {"room4": -0.42145994299999995, "room7": -0.537092328, "room12": -0.694175124}, "spk13": {"room4": 0.834783018, "room12": 0.610896945}, "spk31": {"room10": -0.303189605}, "spk6": {"room10": -0.212589487}, "spk3": {"room3": -0.17410814800000002, "room5": 0.625697494, "room7": -0.483881742, "room0": 0.524323761, "room2": -0.261880994, "room9": 0.136317044}, "spk0": {"room3": 1.037393808}, "spk20": {"room10": 0.562938333}, "spk26": {"room2": 0.21858646}, "spk16": {"room3": -0.251377225, "room4": -0.468136251, "room7": -0.22742182, "room12": -0.15933615, "room9": -0.172030479}, "spk27": {"room5": 3.7313847539999996, "room0": 3.5881338119999997}, "spk25": {"room1": 1.608781695}, "spk21": {"room3": 0.797738433, "room4": -0.055199645, "room2": 0.51118505, "room12": 0.41235017799999996}, "spk30": {"room4": -0.7422539, "room2": -1.593625426, "room12": -0.342288882}, "spk4": {"room6": 0.9696769709999999}, "spk14": {"room10": -0.055668443}, "spk7": {"room12": 0.579447746}, "spk1": {"room5": 0.236387447, "room0": 0.269232452}}}