{"meta": {"speaker": "spk27", "room": "room11"}, "data": {"spk22": {"room0": 1.6222609280000002}, "spk10": {"room4": -0.092091411, "room12": -0.058987074}, "spk18": {"room5": -1.7684470419999998, "room0": -1.665671825, "room2": -1.5766847130000001}, "spk29": {"room10": 1.164916515}, "spk5": {"room3": -0.30605185, "room5": 0.7871344690000001, "room0": -0.163688153}, "spk9": {"room4": 2.801669121, "room7": 1.997670293, "room10": 1.253143072, "room12": 1.900048494, "room9": 2.020131588}, "spk2": {"room5": 2.50082612, "room0": 2.360925436}, "spk23": {"room4": 2.486490011, "room7": 1.875166774, "room2": 2.180576324, "room10": 3.101730108, "room12": 2.429881811, "room9": 1.8012655969999998}, "spk15": {"room10": -0.759227097}, "spk28": {"room10": -0.771944821}, "spk24": {"room1": 0.071092337}, "spk12": {"room10": -0.8720675109999999}, "spk8": {"room10": 0.8230389359999999}, "spk17": {"room5": 2.578476191, "room0": 1.614179134}, "spk11": {"room3": -0.6343006489999999, "room4": -0.263690799, "room7": -0.214470252, "room2": -0.17550708399999998, "room12": 0.307332844, "room9": 0.003942098}, "spk19": {"room4": -0.356993943, "room7": -1.10526669, "room12": -0.778400958}, "spk13": {"room4": 1.964275002, "room12": 0.844051123}, "spk31": {"room10": -1.55831778}, "spk6": {"room10": 0.223898515}, "spk3": {"room3": -0.032262523, "room5": 3.0402910710000004, "room7": 0.025132965, "room0": 0.714026451, "room2": 1.141881227, "room9": 0.871350825}, "spk0": {"room3": -0.505768895}, "spk20": {"room10": -0.576633394}, "spk26": {"room2": 0.554943442}, "spk16": {"room3": -0.423726469, "room4": 0.9792275429999999, "room7": -0.23818627, "room12": 0.37373250700000005, "room9": 1.183162332}, "spk27": {"room5": 4.745931625, "room0": 4.843680859}, "spk25": {"room1": 1.595866919}, "spk21": {"room3": 0.36294046, "room4": 0.466921628, "room2": 0.558765709, "room12": 0.174974173}, "spk30": {"room4": -0.773902833, "room2": -1.656771541, "room12": -0.651039422}, "spk4": {"room6": -0.093365274}, "spk14": {"room10": 0.623857677}, "spk7": {"room12": -0.180727437}, "spk1": {"room5": -0.003530128, "room0": 0.33462020800000003}}}