{"meta": {"speaker": "spk27", "room": "room11"}, "data": {"spk22": {"room0": 1.5758299830000002}, "spk10": {"room4": -0.146266371, "room12": 0.5657404070000001}, "spk18": {"room5": -1.7386516330000001, "room0": -1.225942731, "room2": -1.591416717}, "spk29": {"room10": 1.4393162730000002}, "spk5": {"room3": -0.057878415999999995, "room5": 0.8309395909999999, "room0": 0.416693121}, "spk9": {"room4": 1.8166970009999999, "room7": 2.034323454, "room10": 0.5009036060000001, "room12": 1.362498641, "room9": 1.916934133}, "spk2": {"room5": 2.039754629, "room0": 1.71952486}, "spk23": {"room4": 2.999456882, "room7": 2.747205019, "room2": 2.7161288260000003, "room10": 3.350353956, "room12": 3.135000706, "room9": 2.626190186}, "spk15": {"room10": -0.9110822679999999}, "spk28": {"room10": -1.1365042920000001}, "spk24": {"room1": 0.793161035}, "spk12": {"room10": -0.80573523}, "spk8": {"room10": 1.104747653}, "spk17": {"room5": 3.071582794, "room0": 2.817958593}, "spk11": {"room3": -0.038715634, "room4": -0.949681103, "room7": -0.296598762, "room2": -0.22428829999999997, "room12": -0.597901464, "room9": -0.369012296}, "spk19": {"room4": -0.436882526, "room7": -0.998328269, "room12": -0.8569344879999999}, "spk13": {"room4": 1.522438049, "room12": 0.429892063}, "spk31": {"room10": -1.55779779}, "spk6": {"room10": 1.024662495}, "spk3": {"room3": -1.040583372, "room5": 1.631640077, "room7": -0.38198205799999996, "room0": -0.148498833, "room2": -1.0805674790000002, "room9": 0.43965897}, "spk0": {"room3": 0.170056775}, "spk20": {"room10": -0.844270706}, "spk26": {"room2": 0.163782746}, "spk16": {"room3": -0.526146591, "room4": -0.017134115, "room7": -0.767519295, "room12": -0.16618219, "room9": 0.36761075299999996}, "spk27": {"room5": 6.314302444, "room0": 5.566565037}, "spk25": {"room1": 1.03661263}, "spk21": {"room3": 0.58308959, "room4": 1.24377501, "room2": 1.66255641, "room12": 1.61518538}, "spk30": {"room4": -0.978093922, "room2": -1.875523686, "room12": -1.090197802}, "spk4": {"room6": -0.060054153}, "spk14": {"room10": 0.075073794}, "spk7": {"room12": -0.17605423899999997}, "spk1": {"room5": 0.00022340900000000002, "room0": 0.525488257}}}