{"meta": {"speaker": "spk27", "room": "room13"}, "data": {"spk22": {"room0": 0.101767965}, "spk10": {"room4": 0.105233572, "room12": 0.256697118}, "spk18": {"room5": -0.9622306820000001, "room0": -0.872583807, "room2": -0.651156306}, "spk29": {"room10": 2.673930645}, "spk5": {"room3": 1.0463271140000001, "room5": 1.234617114, "room0": 0.9971459509999999}, "spk9": {"room4": 1.89074719, "room7": 1.9532219169999998, "room10": 1.9536349769999999, "room12": 1.6743283269999998, "room9": 1.4518778319999999}, "spk2": {"room5": 0.84332478, "room0": 0.631741703}, "spk23": {"room4": 1.8549017909999999, "room7": 2.050304413, "room2": 1.84302938, "room10": 2.797188044, "room12": 1.978021622, "room9": 2.403740168}, "spk15": {"room10": -0.364129394}, "spk28": {"room10": -0.515448153}, "spk24": {"room1": 1.6806806330000001}, "spk12": {"room10": -0.327328682}, "spk8": {"room10": 0.8779689070000001}, "spk17": {"room5": 1.28081882, "room0": 2.326779842}, "spk11": {"room3": -0.066231154, "room4": -0.240916118, "room7": -0.382832766, "room2": -0.342986733, "room12": -0.474423021, "room9": -0.45084542}, "spk19": {"room4": -0.697593391, "room7": -0.404105335, "room12": -0.56805259}, "spk13": {"room4": 0.849954545, "room12": 0.410235167}, "spk31": {"room10": -0.7688855529999999}, "spk6": {"room10": -0.005269599}, "spk3": {"room3": 0.067030773, "room5": 1.0967073440000001, "room7": -0.30450108600000003, "room0": 0.327242851, "room2": 0.295096219, "room9": 0.28247252100000003}, "spk0": {"room3": 1.28179431}, "spk20": {"room10": 0.269468933}, "spk26": {"room2": 1.449356079}, "spk16": {"room3": 0.251497239, "room4": 0.477844745, "room7": -0.195093811, "room12": -0.147882119, "room9": 0.44979339799999996}, "spk27": {"room5": 3.0379571910000003, "room0": 3.057056904}, "spk25": {"room1": 0.9806177620000001}, "spk21": {"room3": 0.52944988, "room4": 0.139238983, "room2": 0.904729605, "room12": 0.092091843}, "spk30": {"room4": -0.740041912, "room2": -1.5508975980000002, "room12": -1.05693996}, "spk4": {"room6": 1.076623917}, "spk14": {"room10": 0.369339198}, "spk7": {"room12": 1.411463141}, "spk1": {"room5": 1.038322568, "room0": 0.24425132600000002}}}