{"meta": {"speaker": "spk27", "room": "room13"}, "data": {"spk22": {"room0": 1.477462769}, "spk10": {"room4": 0.062041719, "room12": 0.069612525}, "spk18": {"room5": -1.364012599, "room0": -0.786663413, "room2": -1.0047835109999999}, "spk29": {"room10": 1.119349599}, "spk5": {"room3": -0.297919005, "room5": -0.139996976, "room0": -0.149227098}, "spk9": {"room4": 2.223994255, "room7": 1.333665133, "room10": 1.944928885, "room12": 1.967908859, "room9": 2.461900473}, "spk2": {"room5": 0.788005471, "room0": 0.442877829}, "spk23": {"room4": 1.3972454069999998, "room7": 2.084011078, "room2": 0.85819459, "room10": 1.435221195, "room12": 1.891431689, "room9": 1.869896293}, "spk15": {"room10": -1.121119976}, "spk28": {"room10": -0.584217608}, "spk24": {"room1": -0.534140527}, "spk12": {"room10": -0.438362837}, "spk8": {"room10": 0.8649644259999999}, "spk17": {"room5": 1.071122289, "room0": 2.155545235}, "spk11": {"room3": 1.106138825, "room4": 0.46536722799999997, "room7": 0.723679483, "room2": 0.872638881, "room12": 1.50904119, "room9": 0.516340911}, "spk19": {"room4": -0.5495545270000001, "room7": -0.7461357120000001, "room12": -0.7327183490000001}, "spk13": {"room4": 1.450525165, "room12": 1.193798304}, "spk31": {"room10": -1.2521804570000001}, "spk6": {"room10": -0.575563252}, "spk3": {"room3": 0.108595468, "room5": 1.330635309, "room7": 0.261051804, "room0": 0.438315749, "room2": -0.21515619800000002, "room9": 0.658436}, "spk0": {"room3": 0.927295685}, "spk20": {"room10": -0.644137442}, "spk26": {"room2": 0.321193308}, "spk16": {"room3": 1.840602279, "room4": 0.303854495, "room7": 1.7610909940000001, "room12": 1.292009115, "room9": 0.949470103}, "spk27": {"room5": 4.02188921, "room0": 3.4077904219999997}, "spk25": {"room1": 1.190727115}, "spk21": {"room3": 0.586978137, "room4": 0.049075268, "room2": 0.9633717540000001, "room12": 0.885993719}, "spk30": {"room4": -0.974454939, "room2": -1.884889007, "room12": -1.159449577}, "spk4": {"room6": -0.26938644100000003}, "spk14": {"room10": 0.983039737}, "spk7": {"room12": 1.2348135709999999}, "spk1": {"room5": 0.332454383, "room0": 0.7003414029999999}}}