{"meta": {"speaker": "spk27", "room": "room13"}, "data": {"spk22": {"room0": -0.270775318}, "spk10": {"room4": -0.040417295, "room12": -0.326536655}, "spk18": {"room5": -1.103860378, "room0": -0.2181205, "room2": 0.037623219}, "spk29": {"room10": 1.97568059}, "spk5": {"room3": 0.81542629, "room5": 1.2561515570000001, "room0": 0.627174616}, "spk9": {"room4": 0.940765321, "room7": 0.814700544, "room10": 1.0439993140000001, "room12": 0.813677847, "room9": 0.8167872429999999}, "spk2": {"room5": 1.509366035, "room0": 0.542997122}, "spk23": {"room4": 1.6493551730000002, "room7": 2.433819056, "room2": 2.46120286, "room10": 3.627480745, "room12": 1.964515209, "room9": 2.115087986}, "spk15": {"room10": -0.781373918}, "spk28": {"room10": -0.8577903509999999}, "spk24": {"room1": 1.820475459}, "spk12": {"room10": 0.16133824}, "spk8": {"room10": 0.716091096}, "spk17": {"room5": 2.373627663, "room0": 1.893225074}, "spk11": {"room3": 0.261000693, "room4": -0.74936837, "room7": -1.09469223, "room2": -0.208289206, "room12": -0.61424017, "room9": -1.140392542}, "spk19": {"room4": -0.130006343, "room7": -0.12649686599999999, "room12": -0.553133011}, "spk13": {"room4": 0.557399333, "room12": 0.48621681299999997}, "spk31": {"room10": 0.10464990099999999}, "spk6": {"room10": 0.09623970800000001}, "spk3": {"room3": -0.518669188, "room5": 1.4966253040000002, "room7": -0.613076031, "room0": 0.327484816, "room2": -0.621546209, "room9": -0.11789266}, "spk0": {"room3": 1.175243139}, "spk20": {"room10": 0.8448718190000001}, "spk26": {"room2": 0.901788712}, "spk16": {"room3": -0.40265986299999995, "room4": -0.33213976, "room7": -0.818744659, "room12": 0.14132662099999999, "room9": -0.466127932}, "spk27": {"room5": 5.414741516, "room0": 4.218393326}, "spk25": {"room1": 1.024167895}, "spk21": {"room3": 0.8636463879999999, "room4": -0.050088587999999996, "room2": 0.476239741, "room12": 0.030009829}, "spk30": {"room4": -0.71624881, "room2": -2.030578852, "room12": -0.347684175}, "spk4": {"room6": 0.328519583}, "spk14": {"room10": -0.309051603}, "spk7": {"room12": 0.581426322}, "spk1": {"room5": 0.308021575, "room0": -0.370484859}}}