{"meta": {"speaker": "spk27", "room": "room11"}, "data": {"spk22": {"room0": 2.161465645}, "spk10": {"room4": 0.566897213, "room12": 0.12711323800000002}, "spk18": {"room5": -1.170494199, "room0": -0.9392408729999999, "room2": -1.290273547}, "spk29": {"room10": 0.675057292}, "spk5": {"room3": -0.09251639199999999, "room5": 0.766779423, "room0": -0.20740123100000002}, "spk9": {"room4": 2.86966157, "room7": 1.6382945780000002, "room10": 1.541381001, "room12": 1.466489315, "room9": 2.147355556}, "spk2": {"room5": 3.419887543, "room0": 2.295840025}, "spk23": {"room4": 2.551195383, "room7": 2.5902757640000003, "room2": 2.207530499, "room10": 3.006341934, "room12": 3.375240088, "room9": 2.496565819}, "spk15": {"room10": 0.014758638999999999}, "spk28": {"room10": -0.618992984}, "spk24": {"room1": 0.7268584370000001}, "spk12": {"room10": -0.7188729640000001}, "spk8": {"room10": 0.80080688}, "spk17": {"room5": 2.372324228, "room0": 2.732460737}, "spk11": {"room3": -0.39582434299999997, "room4": 0.416704625, "room7": 0.662886441, "room2": 0.43201184299999995, "room12": 0.962677419, "room9": 0.316820651}, "spk19": {"room4": -0.495625794, "room7": -1.424849391, "room12": -0.8112983109999999}, "spk13": {"room4": 0.747265995, "room12": 0.6870586870000001}, "spk31": {"room10": -1.123435497}, "spk6": {"room10": -0.40770769100000004}, "spk3": {"room3": -0.290824354, "room5": 1.85471499, "room7": 0.08719252, "room0": 0.550299585, "room2": -0.17724859699999998, "room9": 0.730686963}, "spk0": {"room3": -0.458803445}, "spk20": {"room10": -1.014144778}, "spk26": {"room2": 0.279192269}, "spk16": {"room3": -0.5152825120000001, "room4": 1.305014372, "room7": 0.36842089899999997, "room12": 1.19561851, "room9": 1.290493488}, "spk27": {"room5": 6.4068136220000005, "room0": 6.3241310120000005}, "spk25": {"room1": 1.1074260470000001}, "spk21": {"room3": 0.9647711520000001, "room4": 0.73224628, "room2": 0.643136322, "room12": 0.982365906}, "spk30": {"room4": -0.446131289, "room2": -1.527423739, "room12": -0.255240977}, "spk4": {"room6": -0.167682916}, "spk14": {"room10": 0.22403259600000003}, "spk7": {"room12": 0.56872052}, "spk1": {"room5": 0.568605959, "room0": 0.390292287}}}