{"meta": {"speaker": "spk27", "room": "room11"}, "data": {"spk22": {"room0": 1.808879256}, "spk10": {"room4": -0.30282381199999997, "room12": -0.08332558}, "spk18": {"room5": -1.37311399, "room0": -1.648583651, "room2": -1.045969725}, "spk29": {"room10": 1.1988195179999999}, "spk5": {"room3": -0.117968597, "room5": 0.794277668, "room0": 0.12103802699999999}, "spk9": {"room4": 2.347314596, "room7": 1.16603899, "room10": 0.5592287779999999, "room12": 0.434286386, "room9": 1.9937006240000001}, "spk2": {"room5": 1.71891582, "room0": 1.157365441}, "spk23": {"room4": 3.084857941, "room7": 1.971403122, "room2": 1.973119855, "room10": 3.654961824, "room12": 2.5692448619999997, "room9": 3.223802328}, "spk15": {"room10": -1.086045861}, "spk28": {"room10": -0.805935979}, "spk24": {"room1": 0.876720488}, "spk12": {"room10": -0.79193294}, "spk8": {"room10": 0.8640182609999999}, "spk17": {"room5": 2.659637451, "room0": 2.401439428}, "spk11": {"room3": -0.537988901, "room4": -1.3583025930000001, "room7": -0.705786228, "room2": 0.09613363400000001, "room12": -0.39895549399999997, "room9": -1.209623814}, "spk19": {"room4": -0.444013149, "room7": -1.410457015, "room12": -0.972621262}, "spk13": {"room4": 0.660616159, "room12": 0.6096110339999999}, "spk31": {"room10": -1.457491279}, "spk6": {"room10": 0.656631052}, "spk3": {"room3": 0.5156270860000001, "room5": 2.0498621459999997, "room7": 0.7944793109999999, "room0": 0.91577518, "room2": 0.10610269, "room9": 1.6537305119999999}, "spk0": {"room3": -0.117321759}, "spk20": {"room10": -0.19553867}, "spk26": {"room2": 0.537817538}, "spk16": {"room3": -0.939554095, "room4": 0.836877167, "room7": -0.457735181, "room12": 0.648734987, "room9": 1.603386045}, "spk27": {"room5": 7.188285828, "room0": 6.804854392999999}, "spk25": {"room1": 1.825402975}, "spk21": {"room3": 0.759633124, "room4": 0.707816184, "room2": 1.1647460459999999, "room12": 0.257018685}, "spk30": {"room4": -0.75832212, "room2": -1.5958309169999998, "room12": -1.272193313}, "spk4": {"room6": -0.483198732}, "spk14": {"room10": 0.8488064409999999}, "spk7": {"room12": 0.036083113}, "spk1": {"room5": 0.6095915439999999, "room0": 0.625526965}}}