{"meta": {"speaker": "spk27", "room": "room13"}, "data": {"spk22": {"room0": 1.126294732}, "spk10": {"room4": 0.23911804, "room12": -0.279279292}, "spk18": {"room5": -0.7398368120000001, "room0": -0.269613624, "room2": -0.08459977099999999}, "spk29": {"room10": 2.515645742}, "spk5": {"room3": 0.7261598709999999, "room5": 1.42781949, "room0": 0.6680758000000001}, "spk9": {"room4": 1.662379265, "room7": 1.706715107, "room10": 0.9989430309999999, "room12": 0.965385497, "room9": 1.4486665730000001}, "spk2": {"room5": 0.745488822, "room0": 0.369900942}, "spk23": {"room4": 1.774291277, "room7": 1.952202797, "room2": 1.77625978, "room10": 2.414182663, "room12": 1.9111413959999999, "room9": 1.741538525}, "spk15": {"room10": -0.984430969}, "spk28": {"room10": -0.456470996}, "spk24": {"room1": 0.639312446}, "spk12": {"room10": 0.20602741800000002}, "spk8": {"room10": 1.07901299}, "spk17": {"room5": 1.821626067, "room0": 2.236574173}, "spk11": {"room3": 0.9819754359999999, "room4": -0.746920705, "room7": -0.489865124, "room2": 0.112882175, "room12": -0.066854678, "room9": -0.652547717}, "spk19": {"room4": -0.553330123, "room7": -0.420334727, "room12": -0.945569456}, "spk13": {"room4": 0.427243561, "room12": 0.6733515259999999}, "spk31": {"room10": -0.5281039479999999}, "spk6": {"room10": 0.250763953}, "spk3": {"room3": -0.251764715, "room5": 1.744711995, "room7": -0.400587231, "room0": 1.021774173, "room2": -0.42026832700000005, "room9": 0.66760993}, "spk0": {"room3": 1.912903309}, "spk20": {"room10": -0.087016143}, "spk26": {"room2": 0.468395025}, "spk16": {"room3": 0.421423882, "room4": 0.149375275, "room7": 0.290021569, "room12": 0.075337969, "room9": 0.724347174}, "spk27": {"room5": 4.997065067, "room0": 5.809460163}, "spk25": {"room1": 1.4719728230000002}, "spk21": {"room3": 0.72391963, "room4": -0.44224780799999996, "room2": 0.351244658, "room12": 0.303527594}, "spk30": {"room4": -0.8502984640000001, "room2": -1.583289385, "room12": -0.6548377870000001}, "spk4": {"room6": 0.23054209399999998}, "spk14": {"room10": 0.16598194800000002}, "spk7": {"room12": 1.095877171}, "spk1": {"room5": -0.0037482759999999996, "room0": -0.313480377}}}