{"meta": {"speaker": "spk27", "room": "room11"}, "data": {"spk22": {"room0": 1.582207084}, "spk10": {"room4": 0.49622324100000004, "room12": 0.611014724}, "spk18": {"room5": -0.732094765, "room0": -0.36547595299999996, "room2": -0.643754244}, "spk29": {"room10": 1.962168932}, "spk5": {"room3": 0.241691902, "room5": 0.889550507, "room0": 0.405988574}, "spk9": {"room4": 2.312127352, "room7": 2.139148951, "room10": 1.502304316, "room12": 2.208542585, "room9": 2.0475010869999997}, "spk2": {"room5": 2.459244967, "room0": 1.622155905}, "spk23": {"room4": 1.6533393859999999, "room7": 2.364900589, "room2": 1.900167346, "room10": 2.9107327460000003, "room12": 2.5076682569999997, "room9": 2.197509766}, "spk15": {"room10": -0.739245534}, "spk28": {"room10": -0.384092182}, "spk24": {"room1": 1.147555947}, "spk12": {"room10": -0.37130126399999996}, "spk8": {"room10": 1.200158715}, "spk17": {"room5": 2.242322445, "room0": 2.6508231159999998}, "spk11": {"room3": 0.158169985, "room4": 0.21564953, "room7": 0.136509761, "room2": 0.847126365, "room12": 0.461105704, "room9": 0.213819653}, "spk19": {"room4": -0.57536447, "room7": -0.9047273990000001, "room12": -0.839595616}, "spk13": {"room4": 1.338795185, "room12": 0.34209585200000003}, "spk31": {"room10": -0.90858829}, "spk6": {"room10": 0.53988421}, "spk3": {"room3": -0.388493329, "room5": 1.8308596609999999, "room7": 0.28954103600000003, "room0": 0.9988792540000001, "room2": 0.166026294, "room9": 0.753180385}, "spk0": {"room3": 0.33983278299999997}, "spk20": {"room10": -0.686519682}, "spk26": {"room2": 0.45677390700000003}, "spk16": {"room3": -0.584726214, "room4": 0.043458983, "room7": 0.12171296, "room12": 0.720932305, "room9": 0.85054028}, "spk27": {"room5": 6.97142601, "room0": 6.026305198999999}, "spk25": {"room1": 1.7293504480000002}, "spk21": {"room3": 0.755181313, "room4": 0.7123770709999999, "room2": 1.4597294330000001, "room12": 0.722684801}, "spk30": {"room4": 0.069502793, "room2": -0.850718558, "room12": -0.51658988}, "spk4": {"room6": -0.350371867}, "spk14": {"room10": 0.837716758}, "spk7": {"room12": 0.209121943}, "spk1": {"room5": 0.975298285, "room0": 0.35531991700000004}}}