{"meta": {"speaker": "spk27", "room": "room0"}, "data": {"spk22": {"room0": 1.6104192730000002}, "spk10": {"room4": 0.211843908, "room12": 0.6844095590000001}, "spk18": {"room5": -0.81847316, "room0": -0.643460751, "room2": -0.501126111}, "spk29": {"room10": 1.9745705130000002}, "spk5": {"room3": -0.13891533, "room5": 0.391280621, "room0": -0.42300161700000005}, "spk9": {"room4": 3.837631941, "room7": 2.9998018739999996, "room10": 2.221196651, "room12": 2.592735529, "room9": 3.255633593}, "spk2": {"room5": 2.718368292, "room0": 2.211161852}, "spk23": {"room4": 2.306572676, "room7": 1.873187184, "room2": 1.9971538780000002, "room10": 2.181058645, "room12": 2.893533707, "room9": 2.333367109}, "spk15": {"room10": -0.45323854700000005}, "spk28": {"room10": -0.502442539}, "spk24": {"room1": -0.52202636}, "spk12": {"room10": -0.003066938}, "spk8": {"room10": 0.875539005}, "spk17": {"room5": 2.45062232, "room0": 3.0835988519999997}, "spk11": {"room3": -0.073720515, "room4": 0.21645636899999998, "room7": 0.709115088, "room2": 0.7337786559999999, "room12": 0.829012394, "room9": -0.107036144}, "spk19": {"room4": -0.331522524, "room7": -0.279321104, "room12": -0.168324873}, "spk13": {"room4": 1.134861469, "room12": 1.268808007}, "spk31": {"room10": -0.604899526}, "spk6": {"room10": -0.496111095}, "spk3": {"room3": -0.618310869, "room5": 0.985058427, "room7": -0.590293527, "room0": -0.039515287, "room2": -1.415161848, "room9": 0.114316322}, "spk0": {"room3": 1.02752614}, "spk20": {"room10": 0.158817261}, "spk26": {"room2": -0.544067085}, "spk16": {"room3": 0.905958295, "room4": 1.2006143329999999, "room7": 1.55461967, "room12": 2.177099943, "room9": 1.465021014}, "spk27": {"room5": 8.988175392, "room0": 10.56315708}, "spk25": {"room1": 1.23974514}, "spk21": {"room3": -0.056573125999999994, "room4": 0.9137042759999999, "room2": 2.507963896, "room12": 1.7686607840000002}, "spk30": {"room4": -0.5713350770000001, "room2": -1.801494479, "room12": -0.650778532}, "spk4": {"room6": -0.53625071}, "spk14": {"room10": -0.48279601299999997}, "spk7": {"room12": 0.341749221}, "spk1": {"room5": 1.076827288, "room0": 1.658438444}}}