{"meta": {"speaker": "spk27", "room": "room5"}, "data": {"spk22": {"room0": 1.328597784}, "spk10": {"room4": 1.259903669, "room12": 2.438144684}, "spk18": {"room5": -0.836578906, "room0": -0.663958788, "room2": -0.975937843}, "spk29": {"room10": 1.715914845}, "spk5": {"room3": -0.454383343, "room5": 0.291874498, "room0": 0.471140534}, "spk9": {"room4": 3.50935936, "room7": 4.058422565, "room10": 1.602148414, "room12": 2.499857903, "room9": 3.4385554789999997}, "spk2": {"room5": 3.5356898310000004, "room0": 2.4219403269999997}, "spk23": {"room4": 3.4930593969999997, "room7": 2.604552031, "room2": 3.28807807, "room10": 3.886438847, "room12": 3.719998121, "room9": 1.805514216}, "spk15": {"room10": -0.140142918}, "spk28": {"room10": -0.443824351}, "spk24": {"room1": 0.217505172}, "spk12": {"room10": 0.37649676200000004}, "spk8": {"room10": 0.648758411}, "spk17": {"room5": 4.298356056, "room0": 3.442110777}, "spk11": {"room3": 0.323740691, "room4": 0.44758853299999996, "room7": -0.14169585699999998, "room2": -0.330638647, "room12": 1.096835375, "room9": -0.157245204}, "spk19": {"room4": 0.071575679, "room7": -0.19304296399999998, "room12": -1.119605899}, "spk13": {"room4": 2.0220260619999997, "room12": 1.6904261109999998}, "spk31": {"room10": -0.798475087}, "spk6": {"room10": 1.9164563419999998}, "spk3": {"room3": -0.288609028, "room5": 1.29029727, "room7": -0.62420392, "room0": 0.171121135, "room2": -1.310732365, "room9": 0.136101007}, "spk0": {"room3": 2.115445614}, "spk20": {"room10": 0.775892735}, "spk26": {"room2": -0.5771195889999999}, "spk16": {"room3": -0.669871867, "room4": 0.200937703, "room7": -0.04336939, "room12": 1.66370225, "room9": 0.153934225}, "spk27": {"room5": 10.22627831, "room0": 8.937923431}, "spk25": {"room1": 1.231590867}, "spk21": {"room3": 0.620584548, "room4": 0.600882173, "room2": 2.2545449730000002, "room12": 1.932324886}, "spk30": {"room4": 0.44164791700000006, "room2": -2.2456340790000002, "room12": -0.15686926199999998}, "spk4": {"room6": 0.531099141}, "spk14": {"room10": 1.119969487}, "spk7": {"room12": -0.383677721}, "spk1": {"room5": 0.180124477, "room0": 0.485375822}}}