{"meta": {"speaker": "spk27", "room": "room11"}, "data": {"spk22": {"room0": 2.053776026}, "spk10": {"room4": 1.295767188, "room12": 1.9053922890000001}, "spk18": {"room5": -1.379858494, "room0": -0.93173635, "room2": -0.906177938}, "spk29": {"room10": 1.51268971}, "spk5": {"room3": -0.11442583099999999, "room5": 0.183188066, "room0": -0.089833878}, "spk9": {"room4": 0.515927196, "room7": 2.256106377, "room10": 1.109513879, "room12": 1.1981809140000002, "room9": 1.488925338}, "spk2": {"room5": 1.845020533, "room0": 1.2919572590000001}, "spk23": {"room4": 1.4375011919999998, "room7": 2.12173152, "room2": 2.028695822, "room10": 2.813982725, "room12": 2.060735703, "room9": 2.013144016}, "spk15": {"room10": -0.27011019}, "spk28": {"room10": -1.1703583}, "spk24": {"room1": 0.663247645}, "spk12": {"room10": -0.9315774440000001}, "spk8": {"room10": 1.414629102}, "spk17": {"room5": 3.500109911, "room0": 3.157330275}, "spk11": {"room3": 0.05951304, "room4": -0.449620366, "room7": -0.641442955, "room2": -0.874215007, "room12": 0.215892047, "room9": -0.475046605}, "spk19": {"room4": -0.9438273909999999, "room7": -1.029808879, "room12": -1.262168527}, "spk13": {"room4": 0.59139818, "room12": 0.148621976}, "spk31": {"room10": -0.880376995}, "spk6": {"room10": 0.318155199}, "spk3": {"room3": 0.058617382999999995, "room5": 1.351736665, "room7": 0.096929841, "room0": 0.759451628, "room2": -0.090457805, "room9": 0.331520855}, "spk0": {"room3": 0.631253541}, "spk20": {"room10": -0.378163546}, "spk26": {"room2": 0.659163177}, "spk16": {"room3": -0.310779244, "room4": 0.102613471, "room7": -0.225447163, "room12": 0.842425227, "room9": 0.322500527}, "spk27": {"room5": 5.521512508, "room0": 3.7120053769999997}, "spk25": {"room1": 0.033370435}, "spk21": {"room3": 0.33438316, "room4": 0.549034238, "room2": 1.268546224, "room12": 0.8139463659999999}, "spk30": {"room4": -0.623016715, "room2": -1.8583329919999998, "room12": -0.354214817}, "spk4": {"room6": 0.122317769}, "spk14": {"room10": 0.38662055100000003}, "spk7": {"room12": -0.90078342}, "spk1": {"room5": 1.028102875, "room0": 0.284232318}}}