{"meta": {"speaker": "spk27", "room": "room11"}, "data": {"spk22": {"room0": 1.239792585}, "spk10": {"room4": -0.801087558, "room12": -0.536896586}, "spk18": {"room5": -0.612632334, "room0": -0.412267506, "room2": -0.5860012170000001}, "spk29": {"room10": 1.3778972630000001}, "spk5": {"room3": -0.6195245979999999, "room5": 0.322060198, "room0": -0.050564054000000004}, "spk9": {"room4": 1.617013454, "room7": 1.6366460319999998, "room10": 0.971168041, "room12": 1.407980442, "room9": 2.13474822}, "spk2": {"room5": 2.177048683, "room0": 1.919791341}, "spk23": {"room4": 2.393966198, "room7": 1.5910254719999999, "room2": 1.894745231, "room10": 3.2369961739999997, "room12": 2.571055651, "room9": 1.339088082}, "spk15": {"room10": -0.36454260299999997}, "spk28": {"room10": -0.391176313}, "spk24": {"room1": 0.741078138}, "spk12": {"room10": -0.7779647709999999}, "spk8": {"room10": 0.943540096}, "spk17": {"room5": 2.552838087, "room0": 2.543083668}, "spk11": {"room3": 0.07877183, "room4": -0.780283272, "room7": -0.077161536, "room2": 0.495395899, "room12": -0.45586016799999995, "room9": -0.841586053}, "spk19": {"room4": -0.8131315109999999, "room7": -0.373468786, "room12": -0.42918098}, "spk13": {"room4": 0.235387668, "room12": -0.42532593}, "spk31": {"room10": -0.79618305}, "spk6": {"room10": 1.118072629}, "spk3": {"room3": -1.049538255, "room5": 1.353222966, "room7": 0.034962900000000005, "room0": 0.692833602, "room2": -0.356905371, "room9": 1.001612306}, "spk0": {"room3": -0.017333148}, "spk20": {"room10": -0.508505523}, "spk26": {"room2": 1.346235514}, "spk16": {"room3": -0.58442843, "room4": 0.486258715, "room7": -0.272675723, "room12": 0.035734124, "room9": 1.147970557}, "spk27": {"room5": 5.116503239, "room0": 4.945481299999999}, "spk25": {"room1": 0.19409021699999998}, "spk21": {"room3": 0.20733656, "room4": 0.360511959, "room2": 0.372860074, "room12": 0.355944902}, "spk30": {"room4": -0.632377863, "room2": -1.024126768, "room12": -0.948199868}, "spk4": {"room6": -0.621200502}, "spk14": {"room10": 0.8351260420000001}, "spk7": {"room12": 0.9822170729999999}, "spk1": {"room5": -0.08365494, "room0": 0.467790514}}}