{"meta": {"speaker": "spk27", "room": "room11"}, "data": {"spk22": {"room0": 1.65362227}, "spk10": {"room4": 0.963357866, "room12": 2.003551245}, "spk18": {"room5": -1.190822482, "room0": -1.035903215, "room2": -1.178978801}, "spk29": {"room10": 0.887168348}, "spk5": {"room3": -0.158308193, "room5": 0.43701964600000004, "room0": 0.49076026700000003}, "spk9": {"room4": 0.26423457300000003, "room7": 1.646450281, "room10": 0.746583283, "room12": 0.7417056559999999, "room9": 1.145377994}, "spk2": {"room5": 2.245506525, "room0": 0.8450904490000001}, "spk23": {"room4": 1.464893103, "room7": 1.9568185809999998, "room2": 2.89087534, "room10": 2.4014410969999997, "room12": 1.9323887830000002, "room9": 1.7182923559999999}, "spk15": {"room10": -0.640747905}, "spk28": {"room10": -0.6938936109999999}, "spk24": {"room1": 1.026603341}, "spk12": {"room10": -0.816003025}, "spk8": {"room10": 1.252855659}, "spk17": {"room5": 3.1114971639999998, "room0": 2.412164927}, "spk11": {"room3": 0.162111551, "room4": 0.032232087, "room7": -0.42629391, "room2": -0.517721295, "room12": 0.642237604, "room9": -0.37652546200000003}, "spk19": {"room4": -0.633469701, "room7": -0.8423747420000001, "room12": -1.221156001}, "spk13": {"room4": 0.7704959509999999, "room12": -0.3508223}, "spk31": {"room10": -0.707376063}, "spk6": {"room10": 0.097746372}, "spk3": {"room3": -0.550110996, "room5": 0.7452093359999999, "room7": -0.410903215, "room0": 0.5487779970000001, "room2": -0.6104599239999999, "room9": 0.37648955}, "spk0": {"room3": 0.630454361}, "spk20": {"room10": 0.23280535600000002}, "spk26": {"room2": 0.109927438}, "spk16": {"room3": -1.26896584, "room4": -0.120706335, "room7": -0.07919123, "room12": 0.422015935, "room9": -0.212521315}, "spk27": {"room5": 6.2348093989999995, "room0": 5.449163914}, "spk25": {"room1": 0.7137418390000001}, "spk21": {"room3": 0.340058953, "room4": 0.40468472200000005, "room2": 0.850311041, "room12": 0.8843375440000001}, "spk30": {"room4": -0.573418677, "room2": -1.443355322, "room12": -0.34066700899999997}, "spk4": {"room6": 0.299835116}, "spk14": {"room10": 1.076433778}, "spk7": {"room12": -0.434307933}, "spk1": {"room5": 1.071046114, "room0": 0.059502695}}}