{"meta": {"speaker": "spk27", "room": "room11"}, "data": {"spk22": {"room0": 0.406552851}, "spk10": {"room4": 0.048418555, "room12": 1.03121078}, "spk18": {"room5": -0.8764923809999999, "room0": -0.147863448, "room2": -1.08483851}, "spk29": {"room10": 0.983933508}, "spk5": {"room3": -0.9469811920000001, "room5": 0.137750447, "room0": 0.10564155900000001}, "spk9": {"room4": 0.7029906509999999, "room7": 1.4642049069999998, "room10": 0.1416592, "room12": 0.5270080570000001, "room9": 1.000089765}, "spk2": {"room5": 1.9935530419999998, "room0": 1.176031828}, "spk23": {"room4": 1.967991471, "room7": 1.934703588, "room2": 2.222412825, "room10": 3.6500263210000004, "room12": 2.417899132, "room9": 2.144432068}, "spk15": {"room10": -0.6964916590000001}, "spk28": {"room10": -0.94794488}, "spk24": {"room1": -0.141267657}, "spk12": {"room10": -0.533069909}, "spk8": {"room10": 0.783618033}, "spk17": {"room5": 2.11446929, "room0": 2.609300375}, "spk11": {"room3": -1.022799134, "room4": -0.820300162, "room7": -1.1243397, "room2": -1.7294664380000002, "room12": -0.725598693, "room9": -1.355025291}, "spk19": {"room4": -0.9798035620000001, "room7": -0.6650562289999999, "room12": -1.4081965680000001}, "spk13": {"room4": 1.084687114, "room12": -0.19146797100000001}, "spk31": {"room10": -0.98939842}, "spk6": {"room10": 0.6243536470000001}, "spk3": {"room3": -1.698307157, "room5": 0.37303543100000003, "room7": -1.407420039, "room0": -0.90547955, "room2": -1.845365524, "room9": -0.880663395}, "spk0": {"room3": 0.6528866289999999}, "spk20": {"room10": -0.09955184199999999}, "spk26": {"room2": 0.33866450200000003}, "spk16": {"room3": -0.920250475, "room4": -0.435377181, "room7": -1.018555522, "room12": -0.062382385, "room9": -0.46181404600000003}, "spk27": {"room5": 6.648975372000001, "room0": 5.594181538}, "spk25": {"room1": 0.275271893}, "spk21": {"room3": 0.7216064329999999, "room4": 0.070462823, "room2": 1.21452868, "room12": 1.289274573}, "spk30": {"room4": -1.285790682, "room2": -2.0329954619999997, "room12": -1.092564225}, "spk4": {"room6": -0.5994048120000001}, "spk14": {"room10": 0.59728837}, "spk7": {"room12": -0.193139657}, "spk1": {"room5": 1.338017821, "room0": 0.38612023}}}