{"meta": {"speaker": "spk27", "room": "room11"}, "data": {"spk22": {"room0": 1.569415569}, "spk10": {"room4": 1.315077066, "room12": 2.230939388}, "spk18": {"room5": -1.363755703, "room0": -0.744692445, "room2": -1.2154706720000001}, "spk29": {"room10": 2.043984652}, "spk5": {"room3": 0.299530327, "room5": 0.9261566999999999, "room0": 1.082483649}, "spk9": {"room4": 1.6004557609999999, "room7": 2.527004242, "room10": 1.510610819, "room12": 2.114950657, "room9": 2.5397267340000003}, "spk2": {"room5": 2.814929247, "room0": 1.7370784280000002}, "spk23": {"room4": 2.2468695640000003, "room7": 3.185122728, "room2": 3.571259499, "room10": 3.623003244, "room12": 3.919574738, "room9": 2.8160777089999995}, "spk15": {"room10": -0.545730293}, "spk28": {"room10": -1.013758779}, "spk24": {"room1": 0.754797339}, "spk12": {"room10": -0.352561891}, "spk8": {"room10": 1.9499462840000001}, "spk17": {"room5": 4.471084118, "room0": 3.987272978}, "spk11": {"room3": -0.219001666, "room4": 0.292176723, "room7": -0.9297603959999999, "room2": -0.728031337, "room12": 0.166756958, "room9": -0.8482775090000001}, "spk19": {"room4": -0.16112153199999998, "room7": -0.9184744359999999, "room12": -0.732539415}, "spk13": {"room4": 1.957829118, "room12": 0.191401973}, "spk31": {"room10": -0.952571988}, "spk6": {"room10": 0.9690063}, "spk3": {"room3": -0.31398707600000003, "room5": 1.3943568469999998, "room7": -0.5851620439999999, "room0": 0.5367015, "room2": -0.7537218929999999, "room9": 0.487004906}, "spk0": {"room3": 2.372868538}, "spk20": {"room10": -0.165993124}, "spk26": {"room2": 0.31391575899999996}, "spk16": {"room3": -1.130170941, "room4": -0.211627796, "room7": -0.163864866, "room12": 0.332789123, "room9": -0.17843011}, "spk27": {"room5": 7.843488692999999, "room0": 6.110677719}, "spk25": {"room1": 0.83885783}, "spk21": {"room3": 1.689161897, "room4": 0.6619319920000001, "room2": 1.399402738, "room12": 1.245072365}, "spk30": {"room4": -0.945005357, "room2": -1.9366425280000001, "room12": -0.877363861}, "spk4": {"room6": 0.476842284}, "spk14": {"room10": 0.969040811}, "spk7": {"room12": 0.377294213}, "spk1": {"room5": 0.674329698, "room0": 0.024232034}}}