{"meta": {"speaker": "spk27", "room": "room13"}, "data": {"spk22": {"room0": -0.27851370000000003}, "spk10": {"room4": 0.283261657, "room12": -0.680677593}, "spk18": {"room5": -2.026311636, "room0": -1.9862140419999998, "room2": -1.41528368}, "spk29": {"room10": 0.786361337}, "spk5": {"room3": 0.745165527, "room5": 0.6873292329999999, "room0": 0.044241327999999996}, "spk9": {"room4": 0.123497866, "room7": 0.086953886, "room10": 0.883221865, "room12": -0.126344949, "room9": -0.282681018}, "spk2": {"room5": 0.8963329790000001, "room0": -0.24132625800000002}, "spk23": {"room4": 1.032882094, "room7": 1.495389581, "room2": 0.333501488, "room10": 1.283127785, "room12": 1.3525794740000001, "room9": 1.322408438}, "spk15": {"room10": -0.9076654909999999}, "spk28": {"room10": -1.508906603}, "spk24": {"room1": 1.122659206}, "spk12": {"room10": -1.657572389}, "spk8": {"room10": 0.236013681}, "spk17": {"room5": 1.201423168, "room0": 1.3561631440000002}, "spk11": {"room3": 0.13181524, "room4": 0.175805137, "room7": -0.39420265, "room2": -0.112024792, "room12": -0.629012525, "room9": -0.28516522}, "spk19": {"room4": -0.9129503370000001, "room7": -1.4254757169999999, "room12": -0.898543894}, "spk13": {"room4": 0.65095979, "room12": 0.5588414070000001}, "spk31": {"room10": -1.97740221}, "spk6": {"room10": -0.681693077}, "spk3": {"room3": -0.46269995, "room5": 0.721516609, "room7": -0.296947807, "room0": -0.062869146, "room2": 0.8228544590000001, "room9": 0.20637252899999997}, "spk0": {"room3": 0.266054928}, "spk20": {"room10": -1.3504195209999998}, "spk26": {"room2": 0.946640432}, "spk16": {"room3": 0.540490985, "room4": -0.758226097, "room7": -0.17625074100000002, "room12": -0.186284289, "room9": 0.27900812}, "spk27": {"room5": 0.8048621420000001, "room0": 0.45767626200000006}, "spk25": {"room1": 0.5668797489999999}, "spk21": {"room3": 0.44618797299999996, "room4": 0.037124444, "room2": 0.9173590540000001, "room12": 0.216655627}, "spk30": {"room4": -1.199323654, "room2": -1.8452135319999998, "room12": -1.323752165}, "spk4": {"room6": -0.356323361}, "spk14": {"room10": -0.120632134}, "spk7": {"room12": 0.729536176}, "spk1": {"room5": 1.215924859, "room0": 0.6738840340000001}}}