{"meta": {"speaker": "spk27", "room": "room13"}, "data": {"spk22": {"room0": -0.214566201}, "spk10": {"room4": -0.235953093, "room12": -0.281491518}, "spk18": {"room5": -1.0515758990000001, "room0": -0.8418288829999999, "room2": -0.466576189}, "spk29": {"room10": 1.789590359}, "spk5": {"room3": 1.114703178, "room5": 1.314490438, "room0": 0.8617448809999999}, "spk9": {"room4": 0.9375005359999999, "room7": 1.237774849, "room10": 0.944237769, "room12": 0.270731121, "room9": 0.61959517}, "spk2": {"room5": 0.735528409, "room0": 0.265315026}, "spk23": {"room4": 2.4454844, "room7": 2.4996860030000003, "room2": 1.980472565, "room10": 2.52274847, "room12": 2.7025368210000003, "room9": 2.52571559}, "spk15": {"room10": -0.181445003}, "spk28": {"room10": -0.53953898}, "spk24": {"room1": 1.320719719}, "spk12": {"room10": -0.464585751}, "spk8": {"room10": 0.568232298}, "spk17": {"room5": 2.071376801, "room0": 2.528278589}, "spk11": {"room3": -0.387228787, "room4": -0.961946905, "room7": -1.330771565, "room2": -1.172133803, "room12": -0.586986303, "room9": -1.032685876}, "spk19": {"room4": -0.452380836, "room7": -0.670063019, "room12": -0.6321840879999999}, "spk13": {"room4": 0.9831765290000001, "room12": -0.013327763000000001}, "spk31": {"room10": 0.055741575}, "spk6": {"room10": -0.01945534}, "spk3": {"room3": -0.036134899, "room5": 1.241454244, "room7": -0.781106293, "room0": 0.466568142, "room2": 0.32338291399999997, "room9": -0.123539113}, "spk0": {"room3": 1.786851645}, "spk20": {"room10": 0.494282812}, "spk26": {"room2": 1.5180187230000002}, "spk16": {"room3": -0.149914101, "room4": -0.227614835, "room7": -0.870963871, "room12": 0.13457161199999998, "room9": -0.058545858}, "spk27": {"room5": 3.667987585, "room0": 3.368583202}, "spk25": {"room1": 1.358984709}, "spk21": {"room3": 0.669865131, "room4": 0.602346659, "room2": 1.045393348, "room12": -0.07432361700000001}, "spk30": {"room4": -0.563137114, "room2": -1.282441497, "room12": -0.466121912}, "spk4": {"room6": 0.736077726}, "spk14": {"room10": -0.391610116}, "spk7": {"room12": 1.032521605}, "spk1": {"room5": 0.938830972, "room0": 0.155779555}}}