{"meta": {"speaker": "spk27", "room": "room0"}, "data": {"spk22": {"room0": 2.379785776}, "spk10": {"room4": 0.846966386, "room12": 1.315123796}, "spk18": {"room5": -1.259235978, "room0": -1.096089602, "room2": -0.729417324}, "spk29": {"room10": 3.227566242}, "spk5": {"room3": 1.502092481, "room5": 2.464854002, "room0": 1.568147659}, "spk9": {"room4": 3.960197687, "room7": 4.559711933, "room10": 1.6021908519999999, "room12": 3.309476376, "room9": 3.479441881}, "spk2": {"room5": 2.471399784, "room0": 1.622315168}, "spk23": {"room4": 3.4888467789999997, "room7": 4.391367435, "room2": 2.8006801610000003, "room10": 3.673618317, "room12": 3.8688814639999998, "room9": 3.463417292}, "spk15": {"room10": -0.228741437}, "spk28": {"room10": -0.48060286}, "spk24": {"room1": 0.759319782}, "spk12": {"room10": -0.376825213}, "spk8": {"room10": 1.023234248}, "spk17": {"room5": 4.354026794, "room0": 3.844159365}, "spk11": {"room3": 0.27474033800000003, "room4": 0.6932135220000001, "room7": 0.250366092, "room2": 0.375735104, "room12": 0.8849658970000001, "room9": 0.129835919}, "spk19": {"room4": -0.194772631, "room7": -0.12689741, "room12": -0.609226406}, "spk13": {"room4": 2.0407841209999997, "room12": 1.622922182}, "spk31": {"room10": -0.82879287}, "spk6": {"room10": 0.181725904}, "spk3": {"room3": 1.2312200070000001, "room5": 2.1143572330000002, "room7": 1.032501578, "room0": 1.81228745, "room2": 0.192954257, "room9": 1.707759619}, "spk0": {"room3": 1.666522384}, "spk20": {"room10": 0.136629686}, "spk26": {"room2": -0.40593743299999996}, "spk16": {"room3": 0.5434814689999999, "room4": 1.52714324, "room7": 0.271269739, "room12": 1.194202185, "room9": 1.264437199}, "spk27": {"room5": 9.713448524, "room0": 8.159533501}, "spk25": {"room1": 3.101232529}, "spk21": {"room3": 1.1711143259999999, "room4": 1.315161824, "room2": 1.453863144, "room12": 1.849187851}, "spk30": {"room4": -0.177873969, "room2": -1.3264549970000001, "room12": -0.681671083}, "spk4": {"room6": 0.8859459759999999}, "spk14": {"room10": 0.462397486}, "spk7": {"room12": 0.5907366279999999}, "spk1": {"room5": 0.12470182, "room0": 0.724173725}}}