{"meta": {"speaker": "spk27", "room": "room11"}, "data": {"spk22": {"room0": 1.3680042030000001}, "spk10": {"room4": 1.024365306, "room12": 1.621612906}, "spk18": {"room5": -0.78758657, "room0": -0.679289103, "room2": -0.587210894}, "spk29": {"room10": 0.979310155}, "spk5": {"room3": -1.364130259, "room5": -0.683369875, "room0": -0.17747353}, "spk9": {"room4": -0.7538733479999999, "room7": -0.101972252, "room10": -0.420311064, "room12": -0.6143617029999999, "room9": 0.34975606200000003}, "spk2": {"room5": 2.232376575, "room0": 0.205161437}, "spk23": {"room4": 1.4029018880000002, "room7": 2.764674902, "room2": 2.451348066, "room10": 2.968564034, "room12": 3.027580261, "room9": 2.544197559}, "spk15": {"room10": -0.557498991}, "spk28": {"room10": -0.721077263}, "spk24": {"room1": 0.375224382}, "spk12": {"room10": -0.15014869}, "spk8": {"room10": 1.3872805830000001}, "spk17": {"room5": 1.246595144, "room0": 1.798387051}, "spk11": {"room3": 1.0933649540000001, "room4": -0.767391443, "room7": -1.144165397, "room2": -0.602687061, "room12": -0.469000995, "room9": -1.006417513}, "spk19": {"room4": -0.508271933, "room7": -0.728410482, "room12": -0.659958005}, "spk13": {"room4": 0.37553790200000003, "room12": -0.40799492600000004}, "spk31": {"room10": -0.520935893}, "spk6": {"room10": -0.295940936}, "spk3": {"room3": -0.9713004829999999, "room5": 0.15461660900000002, "room7": -0.5919343229999999, "room0": 0.219466627, "room2": -1.4916759730000002, "room9": 0.276491523}, "spk0": {"room3": 1.157532334}, "spk20": {"room10": 0.525338888}, "spk26": {"room2": 0.6581893560000001}, "spk16": {"room3": -0.072971143, "room4": -0.38865867299999995, "room7": 0.668430388, "room12": 0.008345274, "room9": 0.216140091}, "spk27": {"room5": 4.92340517, "room0": 4.6571683880000005}, "spk25": {"room1": 0.079214215}, "spk21": {"room3": 0.972241282, "room4": 0.23215133, "room2": 0.031738183999999996, "room12": 1.145046473}, "spk30": {"room4": -0.856112421, "room2": -1.6399724480000002, "room12": 0.11370451}, "spk4": {"room6": -0.20308409600000002}, "spk14": {"room10": 0.7830199000000001}, "spk7": {"room12": -0.223669335}, "spk1": {"room5": 0.91460973, "room0": 0.358011663}}}