{"meta": {"speaker": "spk27", "room": "room0"}, "data": {"spk22": {"room0": 1.953122854}, "spk10": {"room4": 0.7715734240000001, "room12": 0.39359828799999996}, "spk18": {"room5": -1.75491178, "room0": -1.45066762, "room2": -1.1515332459999998}, "spk29": {"room10": 2.682080984}, "spk5": {"room3": 0.648540199, "room5": 1.5835790630000002, "room0": 0.5384593010000001}, "spk9": {"room4": 4.388159275, "room7": 4.675292969, "room10": 2.647656202, "room12": 3.720862865, "room9": 4.484272957}, "spk2": {"room5": 3.279815197, "room0": 2.14338541}, "spk23": {"room4": 3.241660118, "room7": 3.5458071230000003, "room2": 2.622479916, "room10": 3.579030991, "room12": 3.70740819, "room9": 2.706829786}, "spk15": {"room10": -0.47398296}, "spk28": {"room10": -0.8420356509999999}, "spk24": {"room1": 0.536696374}, "spk12": {"room10": -0.517486334}, "spk8": {"room10": 1.012811184}, "spk17": {"room5": 3.996415138, "room0": 3.71594429}, "spk11": {"room3": -0.381674439, "room4": 0.7280960679999999, "room7": 0.169975832, "room2": -0.10498438, "room12": 0.9938819999999999, "room9": 0.33675622899999996}, "spk19": {"room4": -0.427285552, "room7": -0.7548213009999999, "room12": -1.016696453}, "spk13": {"room4": 1.44199264, "room12": 1.419692874}, "spk31": {"room10": -0.878065944}, "spk6": {"room10": -0.33616966}, "spk3": {"room3": 1.20279026, "room5": 2.3043580059999997, "room7": -0.05754069999999999, "room0": 1.885757804, "room2": 0.30000683699999997, "room9": 1.647492051}, "spk0": {"room3": 1.2418695690000001}, "spk20": {"room10": -0.030091608}, "spk26": {"room2": -0.7332232590000001}, "spk16": {"room3": 0.310480863, "room4": 1.2984982729999999, "room7": 0.42542302600000004, "room12": 1.87559402, "room9": 1.507748485}, "spk27": {"room5": 10.48113537, "room0": 8.770078659}, "spk25": {"room1": 3.226802588}, "spk21": {"room3": 0.8302344079999999, "room4": 0.77402091, "room2": 1.73558712, "room12": 1.7503396269999998}, "spk30": {"room4": -0.666838646, "room2": -1.6750019790000001, "room12": -1.263953328}, "spk4": {"room6": 0.40652871100000004}, "spk14": {"room10": -0.494786024}, "spk7": {"room12": 0.387380689}, "spk1": {"room5": 0.590449035, "room0": 0.6232724789999999}}}