{"meta": {"speaker": "spk27", "room": "room13"}, "data": {"spk22": {"room0": 0.8250462409999999}, "spk10": {"room4": 0.844733298, "room12": -0.741653502}, "spk18": {"room5": -1.516722441, "room0": -0.959739149, "room2": -1.0815453529999999}, "spk29": {"room10": 1.914731264}, "spk5": {"room3": 0.777461767, "room5": 1.039770842, "room0": 0.160924822}, "spk9": {"room4": 1.136160254, "room7": 0.5010443929999999, "room10": 1.014222264, "room12": 1.00060308, "room9": 0.981524765}, "spk2": {"room5": 1.466724277, "room0": 0.89539206}, "spk23": {"room4": 1.553717375, "room7": 2.0795567040000003, "room2": 0.12683904199999999, "room10": 2.097392797, "room12": 1.101414919, "room9": 1.852273822}, "spk15": {"room10": -0.577574968}, "spk28": {"room10": -0.34767547200000004}, "spk24": {"room1": 0.350947261}, "spk12": {"room10": -0.5688249470000001}, "spk8": {"room10": 1.1802589890000001}, "spk17": {"room5": 1.816078424, "room0": 2.124554157}, "spk11": {"room3": -0.33833563299999997, "room4": -0.7901827690000001, "room7": 0.14971891, "room2": -0.163306728, "room12": -0.775222957, "room9": 0.304288656}, "spk19": {"room4": -0.470480502, "room7": -0.18255938600000002, "room12": -0.9114835259999999}, "spk13": {"room4": 0.681096554, "room12": 0.798802555}, "spk31": {"room10": -0.666526198}, "spk6": {"room10": 0.046622015999999995}, "spk3": {"room3": 0.34230697200000004, "room5": 1.751021385, "room7": 0.812939525, "room0": 1.114748359, "room2": 0.532506108, "room9": 1.370989799}, "spk0": {"room3": 0.289014906}, "spk20": {"room10": -0.24910733100000002}, "spk26": {"room2": 0.869569182}, "spk16": {"room3": 1.08016026, "room4": 0.075661227, "room7": 0.06681513, "room12": -0.179789633, "room9": 1.438458323}, "spk27": {"room5": 3.4169588089999996, "room0": 2.494779587}, "spk25": {"room1": 1.054755449}, "spk21": {"room3": 0.49901893700000005, "room4": 0.672741592, "room2": 1.273498297, "room12": 0.567596257}, "spk30": {"room4": -0.136458799, "room2": -1.6715666059999998, "room12": -0.8962545390000001}, "spk4": {"room6": 0.63936156}, "spk14": {"room10": -0.237871215}, "spk7": {"room12": 0.277450502}, "spk1": {"room5": 0.845540583, "room0": 0.434368789}}}