{"meta": {"speaker": "spk27", "room": "room11"}, "data": {"spk22": {"room0": 1.040581226}, "spk10": {"room4": 0.10594715199999999, "room12": 0.211750403}, "spk18": {"room5": -1.721535206, "room0": -1.470110178, "room2": -1.130302191}, "spk29": {"room10": 1.591044307}, "spk5": {"room3": 0.256476432, "room5": 1.6810131069999998, "room0": 1.10454607}, "spk9": {"room4": 2.5185096259999997, "room7": 2.151749849, "room10": 1.141799927, "room12": 1.998260975, "room9": 2.4501214030000003}, "spk2": {"room5": 2.502919674, "room0": 1.9126724}, "spk23": {"room4": 2.235680819, "room7": 2.045783043, "room2": 2.461741686, "room10": 3.004636526, "room12": 2.4273777009999997, "room9": 2.597857475}, "spk15": {"room10": -0.69292587}, "spk28": {"room10": -0.886306047}, "spk24": {"room1": 0.459065586}, "spk12": {"room10": -0.903659523}, "spk8": {"room10": 0.885778666}, "spk17": {"room5": 2.624529362, "room0": 2.540510893}, "spk11": {"room3": -0.89056164, "room4": -0.941241801, "room7": -0.6429036260000001, "room2": -0.203428298, "room12": -0.410105526, "room9": -1.109107494}, "spk19": {"room4": -0.569773972, "room7": -0.965170264, "room12": -1.53531146}, "spk13": {"room4": 0.199522227, "room12": -0.555792689}, "spk31": {"room10": -2.7445669169999998}, "spk6": {"room10": 0.7351523640000001}, "spk3": {"room3": -0.11967383300000001, "room5": 2.2922883030000003, "room7": -0.679352939, "room0": 0.43613147700000005, "room2": -1.043464065, "room9": 0.607335627}, "spk0": {"room3": -0.46120977399999996}, "spk20": {"room10": -0.797274053}, "spk26": {"room2": -0.263968647}, "spk16": {"room3": -0.630907476, "room4": 0.262997359, "room7": -0.81975174, "room12": -0.262827843, "room9": 0.655623078}, "spk27": {"room5": 5.507537365, "room0": 5.188219547}, "spk25": {"room1": 1.547497034}, "spk21": {"room3": 0.562410772, "room4": 1.140816331, "room2": 0.355821073, "room12": 1.8387956619999999}, "spk30": {"room4": -1.097543836, "room2": -2.147178888, "room12": -1.2878532409999999}, "spk4": {"room6": 0.411855042}, "spk14": {"room10": 0.077319317}, "spk7": {"room12": 1.065487981}, "spk1": {"room5": 0.146869764, "room0": 0.19132638}}}