{"meta": {"speaker": "spk27", "room": "room11"}, "data": {"spk22": {"room0": 1.546600103}, "spk10": {"room4": 0.685087502, "room12": 1.687640309}, "spk18": {"room5": -0.5931283829999999, "room0": -0.503352404, "room2": -0.37988609100000004}, "spk29": {"room10": 2.012031317}, "spk5": {"room3": 0.054672919, "room5": 0.23978905399999997, "room0": 0.380429715}, "spk9": {"room4": 1.2662391659999999, "room7": 1.618248343, "room10": 1.095999599, "room12": 1.195157647, "room9": 1.7695804830000001}, "spk2": {"room5": 1.674500465, "room0": 0.707507074}, "spk23": {"room4": 1.901224136, "room7": 2.58870244, "room2": 2.469008207, "room10": 3.409356833, "room12": 2.168949366, "room9": 2.667727232}, "spk15": {"room10": -0.75132966}, "spk28": {"room10": -0.8569834829999999}, "spk24": {"room1": 0.534261405}, "spk12": {"room10": -0.298368126}, "spk8": {"room10": 0.7895572190000001}, "spk17": {"room5": 1.84266901, "room0": 2.741210461}, "spk11": {"room3": 0.29531765, "room4": -0.294116527, "room7": -0.6566543579999999, "room2": -0.40278384100000003, "room12": -0.06291651, "room9": -0.628098488}, "spk19": {"room4": -0.530716002, "room7": -0.297778308, "room12": -0.722921789}, "spk13": {"room4": 0.975844204, "room12": -0.031051952}, "spk31": {"room10": -0.765803218}, "spk6": {"room10": 0.21115365600000002}, "spk3": {"room3": -0.048932570999999994, "room5": 0.8356293440000001, "room7": 0.020165686999999998, "room0": 0.8383141159999999, "room2": -0.151772678, "room9": 0.9449128509999999}, "spk0": {"room3": 1.059879303}, "spk20": {"room10": -0.09139026}, "spk26": {"room2": 0.361892521}, "spk16": {"room3": -1.060940862, "room4": -0.205399081, "room7": -0.303453505, "room12": -0.178946346, "room9": -0.178420231}, "spk27": {"room5": 5.849381923999999, "room0": 4.994408131}, "spk25": {"room1": 0.7364352940000001}, "spk21": {"room3": 1.6572629209999998, "room4": 0.42201498200000004, "room2": 1.230489492, "room12": 0.558178902}, "spk30": {"room4": -0.514462292, "room2": -1.4448908569999999, "room12": -0.752647698}, "spk4": {"room6": 0.43385484799999996}, "spk14": {"room10": 0.362216145}, "spk7": {"room12": 0.255770862}, "spk1": {"room5": 1.186663389, "room0": 0.364020377}}}