{"meta": {"speaker": "spk27", "room": "room13"}, "data": {"spk22": {"room0": 0.724559128}, "spk10": {"room4": 0.796115637, "room12": 0.528957605}, "spk18": {"room5": -1.296113968, "room0": -0.74199903, "room2": -0.755592465}, "spk29": {"room10": 2.05318737}, "spk5": {"room3": 0.6614172460000001, "room5": 1.487967253, "room0": 0.95832324}, "spk9": {"room4": 1.102461815, "room7": 1.185515523, "room10": 0.808821082, "room12": 0.901660144, "room9": 1.262402415}, "spk2": {"room5": 2.1733798980000003, "room0": 1.000999331}, "spk23": {"room4": 1.871630669, "room7": 2.912452936, "room2": 2.023573399, "room10": 2.614990711, "room12": 2.75771451, "room9": 2.3442137240000003}, "spk15": {"room10": -0.741562724}, "spk28": {"room10": -0.622405887}, "spk24": {"room1": 0.79322809}, "spk12": {"room10": -0.562693655}, "spk8": {"room10": 1.565979719}, "spk17": {"room5": 3.334188461, "room0": 3.1392097469999998}, "spk11": {"room3": -0.514403284, "room4": -1.062765956, "room7": -1.304485559, "room2": -0.843906939, "room12": -1.06457901, "room9": -1.6315599680000001}, "spk19": {"room4": -0.147565797, "room7": -0.5832023620000001, "room12": -0.639531136}, "spk13": {"room4": 1.134874105, "room12": 0.202826008}, "spk31": {"room10": -0.807897568}, "spk6": {"room10": 0.501460314}, "spk3": {"room3": -0.324982941, "room5": 1.3456666469999998, "room7": -0.43791940799999995, "room0": 0.7649646999999999, "room2": -0.590629041, "room9": 0.18470259}, "spk0": {"room3": 1.311099768}, "spk20": {"room10": 0.089569151}, "spk26": {"room2": -0.04971458}, "spk16": {"room3": -0.139015734, "room4": -0.41311308700000005, "room7": -0.24683266899999998, "room12": 0.15814456300000002, "room9": 0.21831749399999997}, "spk27": {"room5": 4.936507702, "room0": 4.401549339}, "spk25": {"room1": 0.704988122}, "spk21": {"room3": 1.075439692, "room4": 0.09332829, "room2": 1.5514124630000001, "room12": 0.91390413}, "spk30": {"room4": -0.6352988479999999, "room2": -1.9161020519999998, "room12": -0.41840025799999997}, "spk4": {"room6": 0.8008869890000001}, "spk14": {"room10": -0.518797815}, "spk7": {"room12": 0.7397761340000001}, "spk1": {"room5": 0.129792467, "room0": -0.62129426}}}