{"meta": {"speaker": "spk27", "room": "room13"}, "data": {"spk22": {"room0": 1.516882896}, "spk10": {"room4": 1.269720793, "room12": 0.874100089}, "spk18": {"room5": -0.8069366809999999, "room0": -0.153233156, "room2": 0.016589757}, "spk29": {"room10": 3.002501726}, "spk5": {"room3": 1.857946396, "room5": 2.7426211830000002, "room0": 1.662510872}, "spk9": {"room4": 0.979512155, "room7": 1.4182034730000002, "room10": 2.533014297, "room12": 1.526476741, "room9": 0.942011952}, "spk2": {"room5": 1.203240156, "room0": 1.150118113}, "spk23": {"room4": 1.6054050919999998, "room7": 1.7185082440000001, "room2": 1.54595387, "room10": 2.580469608, "room12": 1.089759707, "room9": 2.50685811}, "spk15": {"room10": -0.285088778}, "spk28": {"room10": -0.272648454}, "spk24": {"room1": 1.409818411}, "spk12": {"room10": 0.43697422700000005}, "spk8": {"room10": 1.36933136}, "spk17": {"room5": 1.3106912370000001, "room0": 2.347191095}, "spk11": {"room3": -0.12573123, "room4": -0.06802398700000001, "room7": 0.679378092, "room2": 0.15970175, "room12": 0.028938554, "room9": -0.031115382999999996}, "spk19": {"room4": 0.083957434, "room7": 0.455907524, "room12": 0.266175002}, "spk13": {"room4": 2.085662365, "room12": 1.324299455}, "spk31": {"room10": 0.05287639400000001}, "spk6": {"room10": -0.580195785}, "spk3": {"room3": 1.5311529640000001, "room5": 3.163809299, "room7": 0.780107856, "room0": 2.7424657339999996, "room2": 1.888896465, "room9": 3.412454605}, "spk0": {"room3": 0.7524141670000001}, "spk20": {"room10": 0.460064501}, "spk26": {"room2": 1.712862492}, "spk16": {"room3": 1.404607296, "room4": 0.933807611, "room7": 0.541760325, "room12": 1.126821876, "room9": 2.511086464}, "spk27": {"room5": 1.5517092940000001, "room0": 2.711328745}, "spk25": {"room1": 1.526624322}, "spk21": {"room3": 1.408173561, "room4": 0.88613975, "room2": 2.102422237, "room12": 0.523886919}, "spk30": {"room4": -0.5909799929999999, "room2": -1.408623695, "room12": -0.39060396}, "spk4": {"room6": 0.743784845}, "spk14": {"room10": -0.004726871}, "spk7": {"room12": 1.247820616}, "spk1": {"room5": 0.7729137540000001, "room0": 0.35378268399999996}}}