{"meta": {"speaker": "spk27", "room": "room11"}, "data": {"spk22": {"room0": 0.628303766}, "spk10": {"room4": 0.31386652600000003, "room12": 0.891079485}, "spk18": {"room5": -1.0591980220000001, "room0": -0.541994333, "room2": -0.680878103}, "spk29": {"room10": 0.8972930309999999}, "spk5": {"room3": 0.18985840699999998, "room5": 0.599131525, "room0": 0.980349123}, "spk9": {"room4": 0.7608045940000001, "room7": 1.9364351030000002, "room10": 0.494294554, "room12": 1.225836158, "room9": 1.455464721}, "spk2": {"room5": 1.557904959, "room0": 0.7148110870000001}, "spk23": {"room4": 1.94956255, "room7": 1.882962227, "room2": 2.214531422, "room10": 3.23695159, "room12": 2.335510254, "room9": 2.096510172}, "spk15": {"room10": -0.8612042670000001}, "spk28": {"room10": -0.7245801690000001}, "spk24": {"room1": 0.344009012}, "spk12": {"room10": -0.298100293}, "spk8": {"room10": 1.282108784}, "spk17": {"room5": 1.9854305980000002, "room0": 2.3065354819999997}, "spk11": {"room3": 0.41029027100000004, "room4": 0.101141274, "room7": -0.425141066, "room2": -0.733120799, "room12": -0.008794786, "room9": -0.7720133659999999}, "spk19": {"room4": -0.541250885, "room7": -0.6005219820000001, "room12": -0.6818345790000001}, "spk13": {"room4": 0.487941265, "room12": 0.258984834}, "spk31": {"room10": -1.145346045}, "spk6": {"room10": 0.06121251}, "spk3": {"room3": -0.38501098799999994, "room5": 0.726777077, "room7": -0.248732135, "room0": 0.675524235, "room2": -0.741004407, "room9": 0.536302745}, "spk0": {"room3": 0.9254476429999999}, "spk20": {"room10": -0.108997673}, "spk26": {"room2": 0.428977162}, "spk16": {"room3": -0.20199841300000002, "room4": 0.414091349, "room7": -0.397098571, "room12": 0.030291969, "room9": 0.797009408}, "spk27": {"room5": 4.133245945, "room0": 4.070117474}, "spk25": {"room1": 0.6972632409999999}, "spk21": {"room3": 1.074716568, "room4": 0.169576555, "room2": 0.726234734, "room12": 1.065579057}, "spk30": {"room4": -0.916489363, "room2": -1.5391305690000001, "room12": -0.909000516}, "spk4": {"room6": 0.266430259}, "spk14": {"room10": 0.31095454100000003}, "spk7": {"room12": 0.8012356159999999}, "spk1": {"room5": 0.687983453, "room0": -0.365194619}}}