{"meta": {"speaker": "spk27", "room": "room13"}, "data": {"spk22": {"room0": 0.49424144600000003}, "spk10": {"room4": 0.893254578, "room12": 0.19225198}, "spk18": {"room5": -0.8250516059999999, "room0": -0.649516165, "room2": -0.5811127420000001}, "spk29": {"room10": 2.185015678}, "spk5": {"room3": 0.571769595, "room5": 1.202273726, "room0": 0.8952715990000001}, "spk9": {"room4": 1.345166326, "room7": 1.514693975, "room10": 2.183476448, "room12": 1.675680041, "room9": 1.696277499}, "spk2": {"room5": 1.848695159, "room0": 1.060136557}, "spk23": {"room4": 1.918752789, "room7": 2.347793818, "room2": 0.9538625479999999, "room10": 1.838974357, "room12": 1.721258879, "room9": 2.3623514180000003}, "spk15": {"room10": -0.604472578}, "spk28": {"room10": -0.458825916}, "spk24": {"room1": 1.6670812369999999}, "spk12": {"room10": -0.424998969}, "spk8": {"room10": 1.18388021}, "spk17": {"room5": 2.492572308, "room0": 2.8624086380000002}, "spk11": {"room3": 0.560257077, "room4": -0.119986467, "room7": -0.227509722, "room2": -0.090156943, "room12": -0.103003137, "room9": -0.28478235}, "spk19": {"room4": -0.754643738, "room7": -0.625345826, "room12": -0.877403498}, "spk13": {"room4": 1.29095614, "room12": 0.8720971940000001}, "spk31": {"room10": -0.615537584}, "spk6": {"room10": -0.115867071}, "spk3": {"room3": 0.213511482, "room5": 1.004646897, "room7": -0.036916173999999996, "room0": 0.763569891, "room2": 0.056645848, "room9": 0.56696701}, "spk0": {"room3": 1.03479135}, "spk20": {"room10": -0.213668004}, "spk26": {"room2": 0.726163089}, "spk16": {"room3": 0.764223695, "room4": 0.018803515, "room7": -0.42705988899999997, "room12": 0.047505509, "room9": 0.495322913}, "spk27": {"room5": 3.91225791, "room0": 3.23814106}, "spk25": {"room1": 1.444195986}, "spk21": {"room3": 0.428311557, "room4": 0.577804625, "room2": 0.8097075220000001, "room12": 0.605393231}, "spk30": {"room4": -0.689485729, "room2": -1.3737653490000001, "room12": -0.779681563}, "spk4": {"room6": 0.706751287}, "spk14": {"room10": -0.09129495900000001}, "spk7": {"room12": 1.239694595}, "spk1": {"room5": 1.3911901709999999, "room0": 0.984522343}}}