{"meta": {"speaker": "spk27", "room": "room11"}, "data": {"spk22": {"room0": 1.222631216}, "spk10": {"room4": 0.70042938, "room12": 1.5273997780000002}, "spk18": {"room5": -0.482728541, "room0": -0.273124933, "room2": -0.026921291}, "spk29": {"room10": 1.540928841}, "spk5": {"room3": 0.862387717, "room5": 1.112344861, "room0": 0.9837909340000001}, "spk9": {"room4": 0.293277413, "room7": 0.721543252, "room10": 0.22641699, "room12": 0.5166168210000001, "room9": 1.106171608}, "spk2": {"room5": 1.8278336519999998, "room0": 0.7966678140000001}, "spk23": {"room4": 1.96976316, "room7": 1.997278452, "room2": 2.055188656, "room10": 3.502634287, "room12": 2.732589245, "room9": 2.29044652}, "spk15": {"room10": -0.5095798970000001}, "spk28": {"room10": -0.8031774759999999}, "spk24": {"room1": -0.447658777}, "spk12": {"room10": -0.338524789}, "spk8": {"room10": 0.6855492}, "spk17": {"room5": 2.116154194, "room0": 2.207071066}, "spk11": {"room3": 1.066310406, "room4": -0.522750497, "room7": -0.281157404, "room2": 0.301410407, "room12": 0.103447087, "room9": -0.37944796700000005}, "spk19": {"room4": -0.1491694, "room7": -0.45205730200000005, "room12": -0.587243199}, "spk13": {"room4": 0.7932566999999999, "room12": 0.253517061}, "spk31": {"room10": -0.9298709629999999}, "spk6": {"room10": -0.245717153}, "spk3": {"room3": -0.09259107, "room5": 0.977010548, "room7": -0.520281494, "room0": 0.40911045700000004, "room2": -1.046375871, "room9": 0.459383041}, "spk0": {"room3": 0.852737486}, "spk20": {"room10": 0.04844322400000001}, "spk26": {"room2": 0.377025336}, "spk16": {"room3": -1.0753673320000001, "room4": -0.403621823, "room7": -0.678642333, "room12": 0.210862026, "room9": -0.11422664699999999}, "spk27": {"room5": 4.627061844, "room0": 4.5392704010000005}, "spk25": {"room1": 0.463138372}, "spk21": {"room3": 2.2557656759999998, "room4": -0.135400042, "room2": 1.379181147, "room12": 0.447314441}, "spk30": {"room4": -0.44442313899999997, "room2": -1.4013689759999999, "room12": -0.499355406}, "spk4": {"room6": 0.437627792}, "spk14": {"room10": 0.464954317}, "spk7": {"room12": -0.463106245}, "spk1": {"room5": 0.642636955, "room0": 0.661942303}}}