{"meta": {"speaker": "spk27", "room": "room0"}, "data": {"spk22": {"room0": 2.182657957}, "spk10": {"room4": 1.645608306, "room12": 1.228424072}, "spk18": {"room5": -0.604690373, "room0": -0.306200713, "room2": -0.863990605}, "spk29": {"room10": 3.759181738}, "spk5": {"room3": 0.34653005, "room5": 0.197431162, "room0": 0.12380587300000001}, "spk9": {"room4": 5.351728916, "room7": 4.461015701, "room10": 2.377249241, "room12": 4.322838783, "room9": 5.202451228999999}, "spk2": {"room5": 4.265550613, "room0": 3.502952337}, "spk23": {"room4": 4.347839355, "room7": 4.083699226, "room2": 4.472598076000001, "room10": 3.48657465, "room12": 5.558682919, "room9": 4.042667389}, "spk15": {"room10": -0.268389791}, "spk28": {"room10": -0.587312996}, "spk24": {"room1": 1.030835867}, "spk12": {"room10": 0.23642776899999998}, "spk8": {"room10": 0.984620154}, "spk17": {"room5": 5.237902641, "room0": 4.87457037}, "spk11": {"room3": 0.224161997, "room4": 1.446235895, "room7": 0.101860702, "room2": -0.636685908, "room12": 1.6117304559999999, "room9": -0.142487794}, "spk19": {"room4": -0.622597575, "room7": -0.5681940910000001, "room12": -1.254965663}, "spk13": {"room4": 2.674314976, "room12": 2.292305231}, "spk31": {"room10": -1.360489845}, "spk6": {"room10": 1.896452546}, "spk3": {"room3": -0.10358816400000001, "room5": 1.969706059, "room7": -0.58940804, "room0": 1.0001398320000001, "room2": -1.645908594, "room9": 0.407184094}, "spk0": {"room3": 3.910820484}, "spk20": {"room10": 0.617017984}, "spk26": {"room2": 1.431195617}, "spk16": {"room3": 1.108508587, "room4": 2.509133577, "room7": 1.341643929, "room12": 3.5031473639999997, "room9": 2.1085031030000003}, "spk27": {"room5": 12.21823502, "room0": 11.80375385}, "spk25": {"room1": 2.824382782}, "spk21": {"room3": 1.133002162, "room4": 2.7052283289999997, "room2": 3.020099878, "room12": 3.053522825}, "spk30": {"room4": -0.458130628, "room2": -2.249693632, "room12": -1.537372947}, "spk4": {"room6": 0.523984134}, "spk14": {"room10": 0.5888111}, "spk7": {"room12": 1.022061706}, "spk1": {"room5": 1.08540976, "room0": 0.407271355}}}