{"meta": {"speaker": "spk27", "room": "room13"}, "data": {"spk22": {"room0": 0.99692446}, "spk10": {"room4": 0.45048111700000004, "room12": 0.219009727}, "spk18": {"room5": -1.481298685, "room0": -1.031193256, "room2": -0.977064013}, "spk29": {"room10": 1.238826752}, "spk5": {"room3": -0.178409562, "room5": 0.29838264, "room0": 0.350810081}, "spk9": {"room4": 1.328430891, "room7": 0.9844491479999999, "room10": 0.985718071, "room12": 0.631958425, "room9": 1.4970490930000002}, "spk2": {"room5": 1.271071672, "room0": 1.1923079490000001}, "spk23": {"room4": 1.5952451230000002, "room7": 2.4208199980000003, "room2": 1.638520718, "room10": 2.35223341, "room12": 2.436712265, "room9": 2.4123616219999997}, "spk15": {"room10": -1.0676622390000001}, "spk28": {"room10": -1.234238744}, "spk24": {"room1": -0.285206378}, "spk12": {"room10": -0.8744071720000001}, "spk8": {"room10": 0.506068826}, "spk17": {"room5": 2.202807426, "room0": 2.58910799}, "spk11": {"room3": 1.193642735, "room4": 0.294295877, "room7": 0.309086531, "room2": -0.013274353000000001, "room12": 0.425349265, "room9": 0.08393376300000001}, "spk19": {"room4": -0.7625880840000001, "room7": -0.832311988, "room12": -0.8565883040000001}, "spk13": {"room4": 1.560786605, "room12": 1.087879896}, "spk31": {"room10": -1.555185676}, "spk6": {"room10": 0.29424807399999997}, "spk3": {"room3": 0.188924283, "room5": 1.4112224580000001, "room7": 0.060119171, "room0": 0.663718879, "room2": -0.091282785, "room9": 0.540679455}, "spk0": {"room3": 1.574447036}, "spk20": {"room10": -0.829170525}, "spk26": {"room2": 0.7822687629999999}, "spk16": {"room3": 1.680041909, "room4": 0.548752904, "room7": 1.178116322, "room12": 1.20150125, "room9": 0.290777445}, "spk27": {"room5": 4.752548695, "room0": 4.485950947}, "spk25": {"room1": 1.384626865}, "spk21": {"room3": 0.942381859, "room4": 0.801136255, "room2": 0.518065751, "room12": 1.0992441179999999}, "spk30": {"room4": -1.120881438, "room2": -2.23751092, "room12": -1.1284903290000001}, "spk4": {"room6": -0.028351732999999997}, "spk14": {"room10": 1.3219635490000001}, "spk7": {"room12": 0.991965055}, "spk1": {"room5": 0.328610033, "room0": 0.618504524}}}