{"meta": {"speaker": "spk27", "room": "room13"}, "data": {"spk22": {"room0": -0.041119233}, "spk10": {"room4": 0.828767657, "room12": 0.243758008}, "spk18": {"room5": -1.313336253, "room0": -1.0844031570000001, "room2": -0.949328065}, "spk29": {"room10": 2.841073751}, "spk5": {"room3": 1.27746129, "room5": 1.485180259, "room0": 1.1025422809999998}, "spk9": {"room4": 1.3185218570000001, "room7": 1.1164395809999998, "room10": 1.6807570459999999, "room12": 1.200952768, "room9": 1.280400991}, "spk2": {"room5": 1.366910815, "room0": 0.45577389}, "spk23": {"room4": 2.363284826, "room7": 2.609639168, "room2": 2.001262188, "room10": 2.1765723230000003, "room12": 2.613759041, "room9": 2.473167181}, "spk15": {"room10": -0.606065512}, "spk28": {"room10": -0.792308509}, "spk24": {"room1": 1.026674509}, "spk12": {"room10": -0.447129041}, "spk8": {"room10": 1.0336140390000002}, "spk17": {"room5": 3.00992918, "room0": 2.8296470639999995}, "spk11": {"room3": 0.038682569, "room4": -0.6034473779999999, "room7": -1.2127703429999999, "room2": -0.727282822, "room12": -0.617337704, "room9": -0.681024849}, "spk19": {"room4": -0.990694344, "room7": -0.855283082, "room12": -1.267007589}, "spk13": {"room4": 1.217886448, "room12": 0.7271945479999999}, "spk31": {"room10": -0.758480608}, "spk6": {"room10": 0.28717348}, "spk3": {"room3": 0.398318857, "room5": 0.535461485, "room7": -0.896096408, "room0": 0.962252557, "room2": 0.23785020399999998, "room9": 0.128884211}, "spk0": {"room3": 1.856065869}, "spk20": {"room10": 0.056431625}, "spk26": {"room2": 0.514048815}, "spk16": {"room3": -0.09585122, "room4": -0.146955207, "room7": -0.950475037, "room12": -0.17758603399999998, "room9": 0.23961143199999999}, "spk27": {"room5": 4.432765961, "room0": 3.379477978}, "spk25": {"room1": 1.8475517030000002}, "spk21": {"room3": 1.023451805, "room4": 0.17297782, "room2": 0.582896888, "room12": 0.123295084}, "spk30": {"room4": -0.930990517, "room2": -1.405595779, "room12": -1.392253757}, "spk4": {"room6": 1.403550267}, "spk14": {"room10": -0.536448359}, "spk7": {"room12": 1.076658249}, "spk1": {"room5": 0.97778374, "room0": 0.59309113}}}