{"meta": {"speaker": "spk27", "room": "room11"}, "data": {"spk22": {"room0": 2.108810902}, "spk10": {"room4": -0.234003082, "room12": -0.309053481}, "spk18": {"room5": -1.102158189, "room0": -0.97800225, "room2": -1.028846264}, "spk29": {"room10": 2.195973158}, "spk5": {"room3": 0.008278829, "room5": 0.506125808, "room0": 0.9070439929999999}, "spk9": {"room4": 2.710563898, "room7": 2.29843688, "room10": 1.2410893440000001, "room12": 1.781226873, "room9": 2.341893435}, "spk2": {"room5": 2.19079113, "room0": 2.047343493}, "spk23": {"room4": 2.343915224, "room7": 2.237444162, "room2": 3.1417279239999996, "room10": 3.139694214, "room12": 3.403213978, "room9": 2.481544256}, "spk15": {"room10": -0.9592355490000001}, "spk28": {"room10": -0.7197175029999999}, "spk24": {"room1": 0.796760082}, "spk12": {"room10": -1.0494091509999999}, "spk8": {"room10": 0.9871298070000001}, "spk17": {"room5": 2.214835882, "room0": 2.8959336280000003}, "spk11": {"room3": -0.523219168, "room4": -0.11342056800000001, "room7": -0.121105425, "room2": -0.253421485, "room12": 0.40489113299999996, "room9": -0.136871278}, "spk19": {"room4": -0.939006865, "room7": -1.137413263, "room12": -1.101985335}, "spk13": {"room4": 1.823842406, "room12": 1.021686435}, "spk31": {"room10": -1.5479173659999999}, "spk6": {"room10": 0.7295894620000001}, "spk3": {"room3": -1.157933831, "room5": 1.522884369, "room7": -0.076059133, "room0": 1.351406455, "room2": -0.713167131, "room9": 0.844921708}, "spk0": {"room3": -0.33094871}, "spk20": {"room10": -0.7499408129999999}, "spk26": {"room2": 0.5543239120000001}, "spk16": {"room3": -0.05295980000000001, "room4": 0.134489059, "room7": -0.191428453, "room12": 0.23865404699999998, "room9": 1.215714097}, "spk27": {"room5": 5.522773742999999, "room0": 5.461919308}, "spk25": {"room1": 1.02495563}, "spk21": {"room3": 0.555411398, "room4": 1.980252266, "room2": 1.5158584119999998, "room12": 1.8137052059999998}, "spk30": {"room4": -0.867599308, "room2": -1.9788938759999999, "room12": -1.310176969}, "spk4": {"room6": -0.276288033}, "spk14": {"room10": 1.0749975440000001}, "spk7": {"room12": 0.579850733}, "spk1": {"room5": -0.252992243, "room0": 0.402836353}}}