{"meta": {"speaker": "spk27", "room": "room13"}, "data": {"spk22": {"room0": 1.415918469}, "spk10": {"room4": 0.977841735, "room12": 1.393115044}, "spk18": {"room5": -1.077456832, "room0": -1.159287572, "room2": -0.77514261}, "spk29": {"room10": 1.4678640369999998}, "spk5": {"room3": -0.9160651559999999, "room5": -0.111634493, "room0": -0.31903725899999996}, "spk9": {"room4": 1.655761003, "room7": 2.044097185, "room10": 1.3249881270000001, "room12": 1.013475657, "room9": 2.185348511}, "spk2": {"room5": 2.385499239, "room0": 2.15396452}, "spk23": {"room4": 2.092537403, "room7": 1.898908854, "room2": 0.568504572, "room10": 2.7523169519999997, "room12": 2.969299078, "room9": 2.252563953}, "spk15": {"room10": -0.961295605}, "spk28": {"room10": -0.333930582}, "spk24": {"room1": 0.204624534}, "spk12": {"room10": -0.9627254609999999}, "spk8": {"room10": 0.760515988}, "spk17": {"room5": 2.535420895, "room0": 3.3399796489999996}, "spk11": {"room3": -0.012941238, "room4": 0.983063042, "room7": 1.282718062, "room2": 0.419749796, "room12": 1.776918173, "room9": 1.040458441}, "spk19": {"room4": -0.6294643879999999, "room7": -0.7518270020000001, "room12": -0.529382885}, "spk13": {"room4": 1.677730203, "room12": 1.318750978}, "spk31": {"room10": -0.719472885}, "spk6": {"room10": 0.199356139}, "spk3": {"room3": -0.284240842, "room5": 1.363526702, "room7": 1.289978147, "room0": 1.90543294, "room2": 0.18850831699999998, "room9": 1.781972528}, "spk0": {"room3": 1.457461834}, "spk20": {"room10": -0.384520829}, "spk26": {"room2": 0.872187734}, "spk16": {"room3": 1.8636366130000002, "room4": 1.6183346509999998, "room7": 0.864741027, "room12": 1.954197645, "room9": 1.306777954}, "spk27": {"room5": 4.709332943, "room0": 5.135894775}, "spk25": {"room1": 0.551890016}, "spk21": {"room3": -0.226561382, "room4": 0.218149468, "room2": 0.356725335, "room12": 1.2041047809999998}, "spk30": {"room4": -0.7789779309999999, "room2": -1.87310195, "room12": -0.86450088}, "spk4": {"room6": -0.647207141}, "spk14": {"room10": 1.079632282}, "spk7": {"room12": 0.510530591}, "spk1": {"room5": 0.278459609, "room0": -0.374491245}}}