{"meta": {"speaker": "spk27", "room": "room13"}, "data": {"spk22": {"room0": 0.35310649899999996}, "spk10": {"room4": 1.15453887, "room12": 0.7542674540000001}, "spk18": {"room5": -1.2722002270000001, "room0": -1.172822714, "room2": -0.966678679}, "spk29": {"room10": 1.416153073}, "spk5": {"room3": 0.6734510659999999, "room5": 1.001235723, "room0": 0.273579717}, "spk9": {"room4": 0.577638447, "room7": 0.5913825629999999, "room10": 1.658312798, "room12": 1.018059254, "room9": 1.098363757}, "spk2": {"room5": 1.452239633, "room0": 0.610935807}, "spk23": {"room4": 1.238096833, "room7": 1.903313756, "room2": 0.155335471, "room10": 1.4132633209999999, "room12": 1.80730617, "room9": 1.6241694690000001}, "spk15": {"room10": -0.512555599}, "spk28": {"room10": -0.9551519159999999}, "spk24": {"room1": 0.12362141900000001}, "spk12": {"room10": -0.8241246940000001}, "spk8": {"room10": 0.8537615540000001}, "spk17": {"room5": 2.263278723, "room0": 2.26060915}, "spk11": {"room3": 0.378370762, "room4": 0.12267985199999999, "room7": 0.19613204899999997, "room2": -0.122428909, "room12": -0.165361062, "room9": 0.217189729}, "spk19": {"room4": -0.9260942940000001, "room7": -0.837637365, "room12": -1.036882281}, "spk13": {"room4": 0.741210461, "room12": 0.503825843}, "spk31": {"room10": -1.48178947}, "spk6": {"room10": -0.12429627}, "spk3": {"room3": 0.22922731899999998, "room5": 0.798376262, "room7": 0.589375675, "room0": 0.523845673, "room2": 0.481260836, "room9": 0.534145296}, "spk0": {"room3": 1.037044644}, "spk20": {"room10": -0.8101766709999999}, "spk26": {"room2": 0.152386427}, "spk16": {"room3": 1.135112405, "room4": -0.008224786999999999, "room7": 0.261223793, "room12": -0.082134098, "room9": 0.669716239}, "spk27": {"room5": 2.05027771, "room0": 2.189065218}, "spk25": {"room1": 0.8629561659999999}, "spk21": {"room3": 0.44640502299999996, "room4": 0.657538116, "room2": 0.367373347, "room12": 0.622058928}, "spk30": {"room4": -0.9485080840000001, "room2": -1.632712841, "room12": -1.225486755}, "spk4": {"room6": 0.464301199}, "spk14": {"room10": -0.147762746}, "spk7": {"room12": 0.9627606870000001}, "spk1": {"room5": 0.9950181840000001, "room0": 0.097826034}}}