{"meta": {"speaker": "spk27", "room": "room13"}, "data": {"spk22": {"room0": 1.314436793}, "spk10": {"room4": 0.862861097, "room12": 0.312612176}, "spk18": {"room5": -0.984162271, "room0": -0.848650873, "room2": -0.951183856}, "spk29": {"room10": 0.680413365}, "spk5": {"room3": -0.540695369, "room5": -0.054245155, "room0": -0.716317832}, "spk9": {"room4": 1.151010633, "room7": 0.758156598, "room10": 1.6912808419999998, "room12": 0.992333114, "room9": 1.4685686830000002}, "spk2": {"room5": 0.551530898, "room0": 0.37429699299999997}, "spk23": {"room4": 0.9674233790000001, "room7": 2.503569841, "room2": 0.02455323, "room10": 1.717314959, "room12": 1.4246672390000001, "room9": 2.105852127}, "spk15": {"room10": -1.250930905}, "spk28": {"room10": -0.6769703029999999}, "spk24": {"room1": -0.324422151}, "spk12": {"room10": -0.509925425}, "spk8": {"room10": 1.252673388}, "spk17": {"room5": 1.885700107, "room0": 2.6309192180000003}, "spk11": {"room3": 0.571027935, "room4": -0.090140283, "room7": 0.276122957, "room2": 0.7217814920000001, "room12": 0.760317802, "room9": 0.348582506}, "spk19": {"room4": -0.602368891, "room7": -0.617548406, "room12": -0.8519988059999999}, "spk13": {"room4": 1.879481554, "room12": 1.387051702}, "spk31": {"room10": -0.962439775}, "spk6": {"room10": -0.630105674}, "spk3": {"room3": -0.249709144, "room5": -0.06479897400000001, "room7": -0.094983809, "room0": 0.459842533, "room2": -0.36676102899999996, "room9": 0.280331761}, "spk0": {"room3": 1.6090481280000002}, "spk20": {"room10": -0.6220411060000001}, "spk26": {"room2": 0.06905262200000001}, "spk16": {"room3": 1.993536234, "room4": 0.8235127329999999, "room7": 1.290520072, "room12": 0.9447013740000001, "room9": 0.985856652}, "spk27": {"room5": 4.071134567, "room0": 3.625437021}, "spk25": {"room1": 0.331038535}, "spk21": {"room3": -0.167683095, "room4": 0.24407567100000002, "room2": 0.661075413, "room12": 0.6263278720000001}, "spk30": {"room4": -1.168678522, "room2": -1.923569441, "room12": -1.098983407}, "spk4": {"room6": -0.063161366}, "spk14": {"room10": -0.076896504}, "spk7": {"room12": 0.660799742}, "spk1": {"room5": 0.34043428299999995, "room0": 0.326599211}}}