{"meta": {"speaker": "spk27", "room": "room13"}, "data": {"spk22": {"room0": 1.3955997230000001}, "spk10": {"room4": 0.44517082, "room12": 0.373477787}, "spk18": {"room5": -0.818889201, "room0": -0.6023798579999999, "room2": -0.755440295}, "spk29": {"room10": 1.323867083}, "spk5": {"room3": -0.366230428, "room5": 0.448159665, "room0": 0.058171562999999996}, "spk9": {"room4": 1.2120261190000001, "room7": 0.77272594, "room10": 1.009262681, "room12": 0.556759, "room9": 0.947741687}, "spk2": {"room5": 1.334488869, "room0": 1.673514009}, "spk23": {"room4": 1.3587633369999998, "room7": 1.457108021, "room2": 1.2011134620000001, "room10": 2.525355101, "room12": 1.621954799, "room9": 1.346114635}, "spk15": {"room10": -0.693918645}, "spk28": {"room10": -1.199608088}, "spk24": {"room1": 0.24850972}, "spk12": {"room10": -0.33212560399999996}, "spk8": {"room10": 1.027200937}, "spk17": {"room5": 2.758115292, "room0": 2.56509304}, "spk11": {"room3": -0.293471009, "room4": -0.420114338, "room7": -0.147882551, "room2": 0.507503986, "room12": -0.208984733, "room9": -0.631263971}, "spk19": {"room4": -0.198925927, "room7": -0.58028698, "room12": -0.519759595}, "spk13": {"room4": 1.4836534259999998, "room12": 0.8405488729999999}, "spk31": {"room10": -1.22824955}, "spk6": {"room10": 0.7736691240000001}, "spk3": {"room3": -1.0301727059999999, "room5": 1.214150906, "room7": -0.5955151320000001, "room0": 0.434803933, "room2": -0.181060642, "room9": 0.523759961}, "spk0": {"room3": 0.628734827}, "spk20": {"room10": -0.7086359259999999}, "spk26": {"room2": 0.727009892}, "spk16": {"room3": -0.183162823, "room4": 0.007644698, "room7": -0.223678052, "room12": 0.369303882, "room9": 0.465880275}, "spk27": {"room5": 3.546241045, "room0": 3.650102615}, "spk25": {"room1": 1.4806898830000002}, "spk21": {"room3": 0.014838546999999999, "room4": -0.18709689399999999, "room2": 1.008657932, "room12": 0.070233978}, "spk30": {"room4": -0.300735205, "room2": -1.6020557880000001, "room12": -0.233645931}, "spk4": {"room6": -0.712661147}, "spk14": {"room10": 0.56281805}, "spk7": {"room12": 0.40283107799999995}, "spk1": {"room5": -0.185530886, "room0": 0.023782576}}}