{"meta": {"speaker": "spk27", "room": "room11"}, "data": {"spk22": {"room0": 1.3836787940000002}, "spk10": {"room4": 0.086884886, "room12": 0.24149130300000002}, "spk18": {"room5": -0.736811817, "room0": -0.490172327, "room2": -0.470207363}, "spk29": {"room10": 0.8144469259999999}, "spk5": {"room3": -0.47473320399999996, "room5": 0.791724443, "room0": 0.333922863}, "spk9": {"room4": 2.4186263080000003, "room7": 1.71704936, "room10": 1.73014915, "room12": 1.836411953, "room9": 2.09791851}, "spk2": {"room5": 3.16867733, "room0": 2.727553129}, "spk23": {"room4": 1.402395964, "room7": 2.020016432, "room2": 1.926499248, "room10": 3.1520650389999996, "room12": 2.9832034110000003, "room9": 1.710343242}, "spk15": {"room10": -0.171961471}, "spk28": {"room10": -0.28197473300000003}, "spk24": {"room1": 0.36509537700000005}, "spk12": {"room10": -0.09024643199999999}, "spk8": {"room10": 0.973543286}, "spk17": {"room5": 2.824740171, "room0": 2.8030357360000004}, "spk11": {"room3": -0.356152326, "room4": 0.329048067, "room7": -0.089963771, "room2": 0.08446242699999999, "room12": 0.354208171, "room9": -0.144151002}, "spk19": {"room4": 0.08032520900000001, "room7": -0.65655309, "room12": -0.142707035}, "spk13": {"room4": 1.226768017, "room12": 0.465385079}, "spk31": {"room10": -0.740600705}, "spk6": {"room10": 0.474027067}, "spk3": {"room3": -0.6739007229999999, "room5": 1.8628292080000002, "room7": -0.111673109, "room0": 0.843521655, "room2": -0.125072911, "room9": 0.737945795}, "spk0": {"room3": 0.610155761}, "spk20": {"room10": -0.054722235}, "spk26": {"room2": 0.40071144700000005}, "spk16": {"room3": -0.44062194200000004, "room4": 0.147513151, "room7": -0.08534912800000001, "room12": 0.9944621920000001, "room9": 0.9565745000000001}, "spk27": {"room5": 5.981115341000001, "room0": 6.418895721}, "spk25": {"room1": 1.524683952}, "spk21": {"room3": 1.1882652040000001, "room4": 1.160384417, "room2": 1.168911338, "room12": 1.571797132}, "spk30": {"room4": 0.152769268, "room2": -0.505158424, "room12": 0.076053604}, "spk4": {"room6": -0.518859148}, "spk14": {"room10": 0.80589968}, "spk7": {"room12": -0.287350237}, "spk1": {"room5": 0.93290478, "room0": 0.795728207}}}