{"meta": {"speaker": "spk27", "room": "room13"}, "data": {"spk22": {"room0": 1.221187115}, "spk10": {"room4": 0.953112602, "room12": 0.139238551}, "spk18": {"room5": -0.94781667, "room0": -0.7925544379999999, "room2": -0.976000726}, "spk29": {"room10": 1.452264309}, "spk5": {"room3": 0.046830229, "room5": 0.26736185, "room0": 0.028979123}, "spk9": {"room4": 0.9452203509999999, "room7": 0.533479512, "room10": 0.729468584, "room12": 0.47597494700000004, "room9": 1.443287611}, "spk2": {"room5": 0.949290693, "room0": 0.498561054}, "spk23": {"room4": 1.819422603, "room7": 3.0538473130000003, "room2": 1.272601962, "room10": 2.283951521, "room12": 2.225849867, "room9": 2.852005959}, "spk15": {"room10": -1.012141228}, "spk28": {"room10": -0.597349286}, "spk24": {"room1": 0.410849601}, "spk12": {"room10": -0.230979815}, "spk8": {"room10": 1.0048727990000001}, "spk17": {"room5": 2.1844518180000003, "room0": 3.174301147}, "spk11": {"room3": 0.518797517, "room4": -0.110435419, "room7": 0.131179065, "room2": 0.143270791, "room12": 0.051054000999999995, "room9": 0.23417706800000002}, "spk19": {"room4": -0.628827095, "room7": -0.622670829, "room12": -0.6262289879999999}, "spk13": {"room4": 1.5221917630000001, "room12": 1.26218915}, "spk31": {"room10": -0.844610095}, "spk6": {"room10": -0.015966762}, "spk3": {"room3": 0.242838413, "room5": 1.061045051, "room7": 0.718093812, "room0": 0.836278498, "room2": 0.035697203, "room9": 0.7250423429999999}, "spk0": {"room3": 1.420285583}, "spk20": {"room10": -0.41142129899999996}, "spk26": {"room2": 0.338755608}, "spk16": {"room3": 1.493816614, "room4": -0.196738482, "room7": 0.9873923059999999, "room12": 0.489769787, "room9": 0.970633388}, "spk27": {"room5": 4.43640852, "room0": 3.850415707}, "spk25": {"room1": 1.621709824}, "spk21": {"room3": 0.230586335, "room4": 0.828771055, "room2": 0.828407228, "room12": 1.0404101609999998}, "spk30": {"room4": -0.9032424090000001, "room2": -1.48622334, "room12": -0.945995629}, "spk4": {"room6": 0.629429996}, "spk14": {"room10": 0.413439065}, "spk7": {"room12": 1.4034606219999999}, "spk1": {"room5": 0.787733793, "room0": 0.9656443000000001}}}