{"meta": {"speaker": "spk27", "room": "room13"}, "data": {"spk22": {"room0": 1.08949995}, "spk10": {"room4": 0.074698165, "room12": -0.327876121}, "spk18": {"room5": -0.489797741, "room0": -0.045451745, "room2": 0.016055391999999998}, "spk29": {"room10": 2.534870386}, "spk5": {"room3": 1.699160576, "room5": 1.288814783, "room0": 1.044470072}, "spk9": {"room4": 1.004089952, "room7": 0.921679795, "room10": 1.00889945, "room12": 0.8827855590000001, "room9": 0.799311817}, "spk2": {"room5": 2.114088535, "room0": 1.14428544}, "spk23": {"room4": 1.718631506, "room7": 2.5784797669999997, "room2": 1.3824458119999998, "room10": 3.0454363819999997, "room12": 2.469531298, "room9": 1.8709477190000001}, "spk15": {"room10": -0.274215907}, "spk28": {"room10": -0.217672735}, "spk24": {"room1": 0.850969732}, "spk12": {"room10": -0.245507538}, "spk8": {"room10": 1.146982908}, "spk17": {"room5": 2.107119799, "room0": 2.352535725}, "spk11": {"room3": -0.159154803, "room4": 0.234826267, "room7": 0.49211612299999996, "room2": 0.236447126, "room12": 0.307992399, "room9": 0.452110976}, "spk19": {"room4": -0.430501521, "room7": 0.209038064, "room12": -0.13331389400000002}, "spk13": {"room4": 1.71856463, "room12": 0.996794105}, "spk31": {"room10": -0.327166408}, "spk6": {"room10": -0.526958942}, "spk3": {"room3": 0.420450926, "room5": 2.8190693860000002, "room7": 0.493429035, "room0": 1.4983991380000001, "room2": 1.731922746, "room9": 0.824699759}, "spk0": {"room3": 1.003584146}, "spk20": {"room10": -0.165517986}, "spk26": {"room2": 0.73518008}, "spk16": {"room3": 1.01926446, "room4": 0.7217379209999999, "room7": 0.583641469, "room12": 1.2230962509999999, "room9": 1.671728492}, "spk27": {"room5": 2.7685709, "room0": 3.1986377239999997}, "spk25": {"room1": 0.826502562}, "spk21": {"room3": 0.790020466, "room4": 1.0206818579999999, "room2": 1.78755033, "room12": 0.819968164}, "spk30": {"room4": -0.20533159399999998, "room2": -1.093954444, "room12": -0.28474584199999997}, "spk4": {"room6": -0.070031799}, "spk14": {"room10": 0.124858692}, "spk7": {"room12": 1.7422797680000002}, "spk1": {"room5": 0.698281765, "room0": 0.295520693}}}