{"meta": {"speaker": "spk27", "room": "room13"}, "data": {"spk22": {"room0": 1.39329493}, "spk10": {"room4": 1.3889111280000002, "room12": -0.18178913}, "spk18": {"room5": -1.680439472, "room0": -1.028091431, "room2": -1.197517276}, "spk29": {"room10": 2.31560421}, "spk5": {"room3": 1.6656178240000001, "room5": 2.1798589230000003, "room0": 0.663137376}, "spk9": {"room4": 1.7706829309999998, "room7": 0.37104585799999995, "room10": 1.0006068940000001, "room12": 1.287242293, "room9": 0.869264722}, "spk2": {"room5": 2.03539753, "room0": 1.143821239}, "spk23": {"room4": 1.922793269, "room7": 2.441576242, "room2": 0.554542184, "room10": 2.320360661, "room12": 2.2113790509999998, "room9": 2.550699711}, "spk15": {"room10": 0.287097186}, "spk28": {"room10": -1.199507356}, "spk24": {"room1": 0.647754729}, "spk12": {"room10": -1.3951098919999998}, "spk8": {"room10": 0.5009548070000001}, "spk17": {"room5": 2.6362636090000002, "room0": 3.027244568}, "spk11": {"room3": -0.303510875, "room4": -0.073886387, "room7": 0.26890254, "room2": 0.296829849, "room12": -0.305065393, "room9": 0.010801102}, "spk19": {"room4": -1.1610493659999999, "room7": -0.859667361, "room12": -0.96409905}, "spk13": {"room4": 1.8614856, "room12": 1.199932814}, "spk31": {"room10": -2.093383312}, "spk6": {"room10": -0.851242423}, "spk3": {"room3": 0.92677474, "room5": 2.315904379, "room7": 1.2746713159999998, "room0": 1.718096972, "room2": 1.931874633, "room9": 1.6361957790000001}, "spk0": {"room3": 0.193905532}, "spk20": {"room10": -1.095291018}, "spk26": {"room2": 0.905862987}, "spk16": {"room3": 1.305013657, "room4": -0.133435309, "room7": 0.120936364, "room12": -0.375394523, "room9": 0.848506749}, "spk27": {"room5": 2.791349649, "room0": 1.870615125}, "spk25": {"room1": 1.773664832}, "spk21": {"room3": 1.170218825, "room4": 1.30140686, "room2": 1.812396049, "room12": 1.36389029}, "spk30": {"room4": -0.518222809, "room2": -1.506872535, "room12": -0.774845302}, "spk4": {"room6": 0.8300870659999999}, "spk14": {"room10": -0.255202085}, "spk7": {"room12": 1.4493768219999998}, "spk1": {"room5": 0.281364292, "room0": 0.318623185}}}