{"meta": {"speaker": "spk27", "room": "room13"}, "data": {"spk22": {"room0": 0.352354348}, "spk10": {"room4": 0.207862541, "room12": -0.307986677}, "spk18": {"room5": -1.5334709880000001, "room0": -1.145480275, "room2": -1.086182952}, "spk29": {"room10": 1.918282866}, "spk5": {"room3": 1.140126348, "room5": 1.144665003, "room0": 0.386060536}, "spk9": {"room4": 0.757958591, "room7": 0.19954747, "room10": 1.4768337009999999, "room12": 0.47474768799999995, "room9": 0.223988414}, "spk2": {"room5": 1.230591893, "room0": 0.950454056}, "spk23": {"room4": 1.992091298, "room7": 3.101735592, "room2": 1.224347353, "room10": 2.4379217619999998, "room12": 2.548152447, "room9": 2.333714247}, "spk15": {"room10": -0.774117112}, "spk28": {"room10": -0.800733626}, "spk24": {"room1": 0.79232645}, "spk12": {"room10": -0.480467498}, "spk8": {"room10": 0.210299835}, "spk17": {"room5": 2.385609388, "room0": 2.169673681}, "spk11": {"room3": 0.073921271, "room4": -0.617082834, "room7": -0.881245255, "room2": -0.624653876, "room12": -0.8792187570000001, "room9": -0.45347127299999995}, "spk19": {"room4": -0.467400789, "room7": -0.5352154370000001, "room12": -0.380374968}, "spk13": {"room4": 1.3820532559999998, "room12": 1.393947363}, "spk31": {"room10": -0.994517922}, "spk6": {"room10": -0.790490568}, "spk3": {"room3": -0.099366099, "room5": 1.47700882, "room7": -0.028016303, "room0": 0.37878304700000004, "room2": 0.45825332399999996, "room9": -0.318528056}, "spk0": {"room3": 1.45889616}, "spk20": {"room10": -0.5488728279999999}, "spk26": {"room2": 1.42267251}, "spk16": {"room3": 1.188288093, "room4": 0.160084605, "room7": -0.168329895, "room12": 0.22937955, "room9": 1.141807675}, "spk27": {"room5": 3.4872257710000003, "room0": 3.238138914}, "spk25": {"room1": 0.48441237200000004}, "spk21": {"room3": 0.925665617, "room4": 0.484802753, "room2": 0.659982681, "room12": 0.636463642}, "spk30": {"room4": -0.363637418, "room2": -1.285002589, "room12": -0.767712772}, "spk4": {"room6": -0.066371262}, "spk14": {"room10": -0.294150144}, "spk7": {"room12": 1.1632395979999999}, "spk1": {"room5": 0.969528139, "room0": 0.8857362870000001}}}