{"meta": {"speaker": "spk27", "room": "room0"}, "data": {"spk22": {"room0": 1.059519053}, "spk10": {"room4": 0.549622297, "room12": 0.607141852}, "spk18": {"room5": -1.185717463, "room0": -0.713588417, "room2": -0.6783608790000001}, "spk29": {"room10": 3.13747716}, "spk5": {"room3": 0.28714937, "room5": 0.7885045409999999, "room0": 0.224826097}, "spk9": {"room4": 3.263652325, "room7": 3.340683222, "room10": 1.2600631709999999, "room12": 2.5062623019999997, "room9": 2.5764882559999998}, "spk2": {"room5": 2.609466314, "room0": 1.311584353}, "spk23": {"room4": 3.320822239, "room7": 3.801074028, "room2": 3.009499073, "room10": 3.7700645919999998, "room12": 3.2837665080000003, "room9": 3.0424585339999997}, "spk15": {"room10": -0.596211195}, "spk28": {"room10": -0.509363711}, "spk24": {"room1": 0.7508644459999999}, "spk12": {"room10": -0.179158404}, "spk8": {"room10": 0.741334438}, "spk17": {"room5": 3.280443907, "room0": 3.0866842269999997}, "spk11": {"room3": 0.196703076, "room4": 0.59326303, "room7": 0.100601375, "room2": -0.050050530999999995, "room12": 0.8033533690000001, "room9": 0.307580918}, "spk19": {"room4": -0.460193694, "room7": -0.542502344, "room12": -1.1004348990000001}, "spk13": {"room4": 1.764835954, "room12": 1.431407571}, "spk31": {"room10": -0.977855861}, "spk6": {"room10": -0.42615777299999996}, "spk3": {"room3": 0.577363133, "room5": 1.336766362, "room7": -0.37524098200000006, "room0": 0.836353421, "room2": -0.694191515, "room9": 0.9916539190000001}, "spk0": {"room3": 1.6760237219999998}, "spk20": {"room10": 0.23118627100000003}, "spk26": {"room2": 0.38142210200000004}, "spk16": {"room3": 0.234854609, "room4": 0.476359814, "room7": -0.321071893, "room12": 0.98585844, "room9": 0.360537231}, "spk27": {"room5": 9.946930885, "room0": 8.459098816000001}, "spk25": {"room1": 2.7639627460000002}, "spk21": {"room3": 1.059353948, "room4": 1.5208213330000002, "room2": 2.225178957, "room12": 1.633758187}, "spk30": {"room4": -0.39482531, "room2": -1.360189795, "room12": -0.46050292299999995}, "spk4": {"room6": 0.6787763240000001}, "spk14": {"room10": 0.43237236100000004}, "spk7": {"room12": 0.66514343}, "spk1": {"room5": 0.476491809, "room0": 0.575580716}}}