{"meta": {"speaker": "spk27", "room": "room13"}, "data": {"spk22": {"room0": 0.761599302}, "spk10": {"room4": 0.962295115, "room12": -0.182642147}, "spk18": {"room5": -2.613125563, "room0": -1.963505268, "room2": -1.7900002}, "spk29": {"room10": 2.427864552}, "spk5": {"room3": -0.309693307, "room5": 0.171069473, "room0": -0.41351679}, "spk9": {"room4": 0.9439038040000001, "room7": 0.401132435, "room10": 1.472435355, "room12": 0.974055827, "room9": 0.357166618}, "spk2": {"room5": 1.1748237609999999, "room0": 1.397777796}, "spk23": {"room4": 1.781483531, "room7": 2.307724953, "room2": 1.474885464, "room10": 2.495542526, "room12": 2.7630264760000003, "room9": 2.6895852089999996}, "spk15": {"room10": -1.535994411}, "spk28": {"room10": -1.6022813319999998}, "spk24": {"room1": 1.992811799}, "spk12": {"room10": -1.60636425}, "spk8": {"room10": 0.078064092}, "spk17": {"room5": 2.3875794409999997, "room0": 2.667258739}, "spk11": {"room3": -0.349508971, "room4": -0.35268065299999996, "room7": -0.156030655, "room2": -0.509648323, "room12": -0.256869227, "room9": -0.0055983759999999995}, "spk19": {"room4": -1.805293679, "room7": -1.508218765, "room12": -1.8298096659999998}, "spk13": {"room4": 1.353435874, "room12": 1.4357824330000002}, "spk31": {"room10": -1.929256916}, "spk6": {"room10": 0.536709011}, "spk3": {"room3": 0.083662555, "room5": 2.9033052919999998, "room7": 0.169901848, "room0": 0.485874087, "room2": 0.77223742, "room9": 1.262364745}, "spk0": {"room3": 0.164352477}, "spk20": {"room10": -1.427702665}, "spk26": {"room2": 2.147840977}, "spk16": {"room3": 2.220481873, "room4": -0.524199605, "room7": 0.09652862, "room12": -0.013499171, "room9": 0.7492392059999999}, "spk27": {"room5": 2.832040071, "room0": 2.455705881}, "spk25": {"room1": 0.812980354}, "spk21": {"room3": 0.388031542, "room4": 0.6780247690000001, "room2": 1.239160895, "room12": 0.935315013}, "spk30": {"room4": -1.20547533, "room2": -2.276522398, "room12": -1.865239501}, "spk4": {"room6": -0.48215875}, "spk14": {"room10": 0.580629289}, "spk7": {"room12": 0.590159595}, "spk1": {"room5": 1.2790460590000001, "room0": 0.9711409209999999}}}