{"meta": {"speaker": "spk27", "room": "room11"}, "data": {"spk22": {"room0": 1.087920427}, "spk10": {"room4": 0.061314534000000004, "room12": 0.480508715}, "spk18": {"room5": -0.578560889, "room0": -0.162418023, "room2": -0.413588881}, "spk29": {"room10": 1.026057601}, "spk5": {"room3": 0.46286469700000005, "room5": 1.060520291, "room0": 0.757197797}, "spk9": {"room4": 1.588594913, "room7": 1.66958034, "room10": 1.08397305, "room12": 1.408284307, "room9": 1.8171184059999999}, "spk2": {"room5": 2.295062304, "room0": 1.239673853}, "spk23": {"room4": 1.4339960809999999, "room7": 2.309397936, "room2": 2.076567411, "room10": 3.69542408, "room12": 2.32885313, "room9": 1.831985831}, "spk15": {"room10": -0.289836198}, "spk28": {"room10": -0.670196831}, "spk24": {"room1": 1.4540796280000001}, "spk12": {"room10": -0.068614937}, "spk8": {"room10": 1.240808487}, "spk17": {"room5": 2.41988039, "room0": 2.194711447}, "spk11": {"room3": 0.006507128, "room4": -0.16254170199999998, "room7": -0.44678911600000004, "room2": -0.370015115, "room12": -0.049056385, "room9": -0.87168324}, "spk19": {"room4": -0.257604241, "room7": -0.517199516, "room12": -0.497991025}, "spk13": {"room4": 0.780622244, "room12": 0.133472815}, "spk31": {"room10": -0.380847335}, "spk6": {"room10": -0.400299609}, "spk3": {"room3": -0.94079572, "room5": 1.228024483, "room7": -0.507176816, "room0": 0.306198627, "room2": -0.924931765, "room9": 0.34076803899999997}, "spk0": {"room3": 0.670676291}, "spk20": {"room10": 0.38572976}, "spk26": {"room2": 0.141864225}, "spk16": {"room3": -0.24489979399999998, "room4": 0.604644954, "room7": 0.244345129, "room12": 0.561314344, "room9": 1.221456885}, "spk27": {"room5": 6.313854694, "room0": 5.131742001}, "spk25": {"room1": 0.8916385170000001}, "spk21": {"room3": 0.667850316, "room4": 0.481308281, "room2": 0.969813824, "room12": 0.753994644}, "spk30": {"room4": -0.24365749999999997, "room2": -1.3916784519999998, "room12": -0.36821633600000003}, "spk4": {"room6": 0.016505105}, "spk14": {"room10": 0.246353701}, "spk7": {"room12": 0.302119613}, "spk1": {"room5": 0.645047367, "room0": -0.089321546}}}