{"meta": {"speaker": "spk27", "room": "room13"}, "data": {"spk22": {"room0": 0.099833101}, "spk10": {"room4": 0.523259044, "room12": 0.714370072}, "spk18": {"room5": -1.2231979370000001, "room0": -0.86763519, "room2": -0.608391702}, "spk29": {"room10": 2.600911617}, "spk5": {"room3": 1.719931483, "room5": 1.6017632480000001, "room0": 1.7422090769999998}, "spk9": {"room4": 0.93499732, "room7": 0.17720837899999997, "room10": 0.651890159, "room12": 0.8137112259999999, "room9": 0.677300811}, "spk2": {"room5": 0.790409923, "room0": 0.258090496}, "spk23": {"room4": 2.012163877, "room7": 2.668691635, "room2": 1.95334959, "room10": 2.538757324, "room12": 2.193962336, "room9": 1.7472964530000001}, "spk15": {"room10": 0.179779038}, "spk28": {"room10": -0.70967418}, "spk24": {"room1": 1.097573876}, "spk12": {"room10": -0.681214929}, "spk8": {"room10": 1.081122518}, "spk17": {"room5": 2.747106791, "room0": 2.556560516}, "spk11": {"room3": -0.067260511, "room4": -0.118312575, "room7": -0.49385467200000005, "room2": -0.351546466, "room12": -0.254735857, "room9": -0.521744013}, "spk19": {"room4": -0.598228037, "room7": -0.34579184700000004, "room12": -0.818246901}, "spk13": {"room4": 1.255506396, "room12": 0.214181602}, "spk31": {"room10": -0.72604984}, "spk6": {"room10": -0.13040784}, "spk3": {"room3": 0.566869736, "room5": 0.784269214, "room7": -0.049626239, "room0": 0.38794946700000005, "room2": 0.759146035, "room9": 0.157945171}, "spk0": {"room3": 1.6669975519999998}, "spk20": {"room10": -0.012862142}, "spk26": {"room2": 0.999649584}, "spk16": {"room3": 0.161069795, "room4": 0.092847161, "room7": -0.489665478, "room12": -0.253584623, "room9": 0.694231391}, "spk27": {"room5": 2.561567068, "room0": 2.349243879}, "spk25": {"room1": 0.854226232}, "spk21": {"room3": 1.532560468, "room4": 1.4527341130000002, "room2": 1.168655634, "room12": 0.685804904}, "spk30": {"room4": -0.622357368, "room2": -0.992316484, "room12": -0.9224664570000001}, "spk4": {"room6": 1.337851763}, "spk14": {"room10": -0.391108215}, "spk7": {"room12": 0.882088542}, "spk1": {"room5": 0.638416767, "room0": 0.10538017}}}