{"meta": {"speaker": "spk27", "room": "room13"}, "data": {"spk22": {"room0": 0.347982794}, "spk10": {"room4": 0.359071404, "room12": 1.09122169}, "spk18": {"room5": -0.7894259690000001, "room0": -0.8211569190000001, "room2": -0.701213181}, "spk29": {"room10": 2.2332293990000003}, "spk5": {"room3": 0.409710377, "room5": 0.7442207340000001, "room0": 0.6921106579999999}, "spk9": {"room4": 0.32542026, "room7": 0.46789333200000005, "room10": 0.6355952020000001, "room12": 0.401054323, "room9": 0.576856434}, "spk2": {"room5": 0.969700456, "room0": 0.59703213}, "spk23": {"room4": 1.124953985, "room7": 1.898867369, "room2": 2.205456495, "room10": 2.606721401, "room12": 1.618221045, "room9": 1.06876719}, "spk15": {"room10": 0.257419556}, "spk28": {"room10": -0.636729836}, "spk24": {"room1": 0.098183386}, "spk12": {"room10": -0.20381088600000002}, "spk8": {"room10": 0.838190258}, "spk17": {"room5": 2.49421382, "room0": 2.504536152}, "spk11": {"room3": 0.40409225200000004, "room4": -0.515663922, "room7": -0.566763043, "room2": 0.281178683, "room12": -0.419596463, "room9": -1.089008451}, "spk19": {"room4": -0.386374176, "room7": -0.331407905, "room12": -0.53842634}, "spk13": {"room4": 0.698440075, "room12": 0.127334386}, "spk31": {"room10": -0.277808607}, "spk6": {"room10": 0.509494781}, "spk3": {"room3": -0.855372548, "room5": 0.69101727, "room7": -0.577086985, "room0": 0.033533178, "room2": -0.399743587, "room9": -0.169158235}, "spk0": {"room3": 1.368980765}, "spk20": {"room10": 0.249174625}, "spk26": {"room2": 0.102588847}, "spk16": {"room3": 0.121670187, "room4": -0.533870399, "room7": 0.06678635599999999, "room12": 0.04837434, "room9": -0.11870046699999999}, "spk27": {"room5": 3.885136604, "room0": 4.018510818}, "spk25": {"room1": 0.494669884}, "spk21": {"room3": 1.267761469, "room4": -0.302939326, "room2": 0.792294919, "room12": 0.138294518}, "spk30": {"room4": 0.003172977, "room2": -1.5126562119999998, "room12": 0.12278687199999999}, "spk4": {"room6": 0.140113026}, "spk14": {"room10": 0.13021706}, "spk7": {"room12": 0.013943076}, "spk1": {"room5": 0.343915105, "room0": 0.499722958}}}