{"meta": {"speaker": "spk27", "room": "room13"}, "data": {"spk22": {"room0": -0.02486934}, "spk10": {"room4": 0.34186396, "room12": -0.162229538}, "spk18": {"room5": -1.35048461, "room0": -0.907235742, "room2": -0.9400932790000001}, "spk29": {"room10": 1.214308977}, "spk5": {"room3": 0.741861105, "room5": 0.7645909190000001, "room0": 0.450122297}, "spk9": {"room4": 0.86504364, "room7": 0.244201958, "room10": 0.9647554759999999, "room12": 0.646045864, "room9": 0.983233452}, "spk2": {"room5": 1.733358145, "room0": 0.237235397}, "spk23": {"room4": 1.321796775, "room7": 1.765901804, "room2": 1.877005696, "room10": 2.321564674, "room12": 1.901532173, "room9": 1.288340688}, "spk15": {"room10": -0.736591876}, "spk28": {"room10": -1.381367326}, "spk24": {"room1": 1.0046215059999999}, "spk12": {"room10": -0.285947442}, "spk8": {"room10": 1.270979404}, "spk17": {"room5": 2.185814142, "room0": 1.592738271}, "spk11": {"room3": 0.7575057740000001, "room4": -0.621499062, "room7": -1.0013989209999998, "room2": -0.356428921, "room12": -0.23939350199999998, "room9": -0.775717914}, "spk19": {"room4": -0.290756047, "room7": -1.185079932, "room12": -1.03217411}, "spk13": {"room4": 0.407700777, "room12": 0.545395434}, "spk31": {"room10": -0.572182953}, "spk6": {"room10": 0.093394436}, "spk3": {"room3": -0.923728287, "room5": 0.771220207, "room7": -1.220566034, "room0": 0.080773018, "room2": -0.459617555, "room9": -0.408672154}, "spk0": {"room3": 1.962393165}, "spk20": {"room10": 0.7880265120000001}, "spk26": {"room2": 0.415118366}, "spk16": {"room3": -0.145345047, "room4": -0.512661815, "room7": -0.78011781, "room12": -0.331493914, "room9": -0.324408591}, "spk27": {"room5": 4.636380672, "room0": 3.754618168}, "spk25": {"room1": 0.829886496}, "spk21": {"room3": 0.835908711, "room4": -0.283878803, "room2": 0.465881824, "room12": -0.13973465599999998}, "spk30": {"room4": -1.488063216, "room2": -2.212995291, "room12": -1.041853666}, "spk4": {"room6": 0.499503195}, "spk14": {"room10": 0.02197849}, "spk7": {"room12": 0.95422262}, "spk1": {"room5": 0.257757127, "room0": 0.313820243}}}