{"meta": {"speaker": "spk27", "room": "room11"}, "data": {"spk22": {"room0": 1.3998255730000002}, "spk10": {"room4": 1.808438301, "room12": 2.7777748110000005}, "spk18": {"room5": -0.39680481, "room0": -0.268505692, "room2": -0.615727067}, "spk29": {"room10": 2.034198761}, "spk5": {"room3": -0.398546219, "room5": 0.8757739659999999, "room0": 0.759929657}, "spk9": {"room4": 0.142656922, "room7": 0.875049174, "room10": 0.042127915, "room12": 0.307218105, "room9": 0.759764969}, "spk2": {"room5": 1.902689099, "room0": 0.434433222}, "spk23": {"room4": 0.673673153, "room7": 2.5241642000000004, "room2": 2.365132332, "room10": 3.352882624, "room12": 2.546571732, "room9": 2.045227051}, "spk15": {"room10": -0.573942125}, "spk28": {"room10": -0.635379314}, "spk24": {"room1": 0.543981552}, "spk12": {"room10": -0.281492859}, "spk8": {"room10": 0.752990305}, "spk17": {"room5": 2.46285367, "room0": 2.529711485}, "spk11": {"room3": 1.095558524, "room4": 0.280981779, "room7": -0.338837445, "room2": 0.11897186900000001, "room12": 0.660876751, "room9": -0.21526458899999998}, "spk19": {"room4": -0.750871718, "room7": -0.7175338859999999, "room12": -0.931706727}, "spk13": {"room4": 1.0734417440000001, "room12": 0.604954898}, "spk31": {"room10": -0.5231911539999999}, "spk6": {"room10": 0.010647011000000001}, "spk3": {"room3": -0.341148734, "room5": 0.704168916, "room7": -0.454492003, "room0": 0.377454102, "room2": -0.271080315, "room9": 0.217641935}, "spk0": {"room3": 1.626641035}, "spk20": {"room10": 0.41660329700000004}, "spk26": {"room2": 1.361243486}, "spk16": {"room3": -0.22926031100000002, "room4": -0.306481034, "room7": 0.776265144, "room12": 0.448986977, "room9": -0.49735051399999997}, "spk27": {"room5": 4.891382217, "room0": 5.2445411680000005}, "spk25": {"room1": 0.221951857}, "spk21": {"room3": 1.5171188119999999, "room4": 0.302758455, "room2": 0.684934855, "room12": 1.3336777690000001}, "spk30": {"room4": -0.589190722, "room2": -1.24432826, "room12": -0.022227187000000002}, "spk4": {"room6": 0.417577982}, "spk14": {"room10": 1.182092667}, "spk7": {"room12": -0.29002603899999996}, "spk1": {"room5": 1.3795700069999999, "room0": 0.207816213}}}