{"meta": {"speaker": "spk27", "room": "room5"}, "data": {"spk22": {"room0": 2.16490078}, "spk10": {"room4": 0.678031623, "room12": 0.589318573}, "spk18": {"room5": -0.7746668459999999, "room0": -0.476899236, "room2": -1.103278995}, "spk29": {"room10": 2.927829504}, "spk5": {"room3": -0.033121321, "room5": -0.44028058600000003, "room0": -0.250588238}, "spk9": {"room4": 4.683167934, "room7": 4.282726288, "room10": 2.662201166, "room12": 2.665292501, "room9": 4.252210617}, "spk2": {"room5": 3.001505375, "room0": 3.03796196}, "spk23": {"room4": 4.248066425, "room7": 3.6787168980000002, "room2": 5.8362813, "room10": 3.374248981, "room12": 3.82489419, "room9": 2.6391870980000003}, "spk15": {"room10": -0.958812714}, "spk28": {"room10": -1.223009467}, "spk24": {"room1": 0.30795204600000003}, "spk12": {"room10": -0.24651232399999998}, "spk8": {"room10": 1.168794632}, "spk17": {"room5": 2.1373529430000002, "room0": 1.8661113980000001}, "spk11": {"room3": 0.969020665, "room4": 1.3181580309999998, "room7": 0.380759805, "room2": 0.24459599, "room12": 1.4221816059999999, "room9": 0.611514091}, "spk19": {"room4": -0.27941379, "room7": -0.6421782970000001, "room12": -0.734437883}, "spk13": {"room4": 3.220155478, "room12": 2.411968946}, "spk31": {"room10": -1.23278749}, "spk6": {"room10": 0.261763752}, "spk3": {"room3": -0.172934577, "room5": 2.169882774, "room7": -0.9965748790000001, "room0": 0.142456293, "room2": -0.62202245, "room9": -0.33175137600000004}, "spk0": {"room3": 2.560266495}, "spk20": {"room10": 0.20354077199999998}, "spk26": {"room2": 0.788086593}, "spk16": {"room3": 0.49130454700000004, "room4": 0.194142535, "room7": 0.7222577929999999, "room12": 2.700903893, "room9": 0.831751406}, "spk27": {"room5": 9.964265823, "room0": 8.101483345}, "spk25": {"room1": 0.791007638}, "spk21": {"room3": 0.879819393, "room4": 2.176055908, "room2": 3.1246247289999998, "room12": 2.005371571}, "spk30": {"room4": -0.16437757, "room2": -1.914321661, "room12": -1.139328718}, "spk4": {"room6": -0.485610276}, "spk14": {"room10": 0.838559747}, "spk7": {"room12": 0.512140095}, "spk1": {"room5": 1.30771935, "room0": 1.7225949759999999}}}