{"meta": {"speaker": "spk27", "room": "room13"}, "data": {"spk22": {"room0": 0.427956402}, "spk10": {"room4": 0.6919732690000001, "room12": -0.195992008}, "spk18": {"room5": -1.159428835, "room0": -1.160755157, "room2": -1.305008411}, "spk29": {"room10": 1.4812772269999999}, "spk5": {"room3": 0.415449798, "room5": 1.50262332, "room0": 0.8786038759999999}, "spk9": {"room4": 1.041572809, "room7": 0.633729935, "room10": 1.086490035, "room12": 0.9438936109999999, "room9": 1.050433755}, "spk2": {"room5": 1.237053156, "room0": 0.990123808}, "spk23": {"room4": 1.5160899159999999, "room7": 2.381628036, "room2": 0.7988986370000001, "room10": 1.994496584, "room12": 1.5907808540000001, "room9": 1.966700554}, "spk15": {"room10": -0.810204446}, "spk28": {"room10": -0.989567876}, "spk24": {"room1": -0.174211279}, "spk12": {"room10": -0.66070503}, "spk8": {"room10": 0.931919396}, "spk17": {"room5": 2.180299044, "room0": 2.219891787}, "spk11": {"room3": 0.380797595, "room4": 0.20537826399999998, "room7": 0.38732785, "room2": -0.44111141600000003, "room12": -0.30426088, "room9": 0.270050406}, "spk19": {"room4": -0.811960757, "room7": -0.7435936329999999, "room12": -0.7841113809999999}, "spk13": {"room4": 1.133038998, "room12": 0.534306049}, "spk31": {"room10": -1.052942395}, "spk6": {"room10": -0.61510551}, "spk3": {"room3": 0.297903776, "room5": 1.310426474, "room7": 0.422490001, "room0": 0.407131195, "room2": 0.48599290799999995, "room9": 0.9960371259999999}, "spk0": {"room3": 0.941072345}, "spk20": {"room10": -0.45026654}, "spk26": {"room2": 0.314298779}, "spk16": {"room3": 1.109668612, "room4": 0.275172889, "room7": 0.21720162, "room12": 0.098119952, "room9": 0.997726679}, "spk27": {"room5": 3.268344641, "room0": 3.88655138}, "spk25": {"room1": 0.939792573}, "spk21": {"room3": 0.522545874, "room4": 0.380758941, "room2": 1.0357503890000002, "room12": 0.929786682}, "spk30": {"room4": -0.870089233, "room2": -2.115807295, "room12": -1.021450996}, "spk4": {"room6": -0.40794453}, "spk14": {"room10": 0.080186993}, "spk7": {"room12": 0.622939527}, "spk1": {"room5": 0.56872797, "room0": 0.500971556}}}