{"meta": {"speaker": "spk31", "room": "room10"}, "data": {"spk22": {"room0": -1.985601902}, "spk10": {"room4": -2.7289104460000004, "room12": -1.3525977130000002}, "spk18": {"room5": 0.107687995, "room0": -0.14374274, "room2": 0.067474954}, "spk29": {"room10": -1.5910300019999999}, "spk5": {"room3": -2.1748378280000003, "room5": -2.301381826, "room0": -2.3300755019999997}, "spk9": {"room4": -1.7325962780000002, "room7": -1.604463577, "room10": -1.622607827, "room12": -1.729030967, "room9": -1.863609076}, "spk2": {"room5": -1.990172267, "room0": -1.6503999230000002}, "spk23": {"room4": -2.114249468, "room7": -2.072691441, "room2": -1.557414532, "room10": -1.592176557, "room12": -1.828584075, "room9": -2.515932083}, "spk15": {"room10": -0.178530186}, "spk28": {"room10": 0.31549236199999997}, "spk24": {"room1": -2.576057911}, "spk12": {"room10": 1.0242227320000001}, "spk8": {"room10": -1.1376096009999999}, "spk17": {"room5": -1.6436783080000001, "room0": -1.978227854}, "spk11": {"room3": -1.617996573, "room4": -1.912426353, "room7": -1.8387707469999999, "room2": -1.40571177, "room12": -1.637394071, "room9": -1.733123779}, "spk19": {"room4": 0.34156739700000005, "room7": -0.379089355, "room12": 1.59149909}, "spk13": {"room4": -1.658537626, "room12": -1.8314597609999999}, "spk31": {"room10": 6.6283288}, "spk6": {"room10": -1.5416637659999999}, "spk3": {"room3": -2.000616074, "room5": -1.4637285469999999, "room7": -1.83776176, "room0": -1.667436242, "room2": -1.582095981, "room9": -1.757618904}, "spk0": {"room3": -0.3651793}, "spk20": {"room10": 0.892861128}, "spk26": {"room2": -1.5751227140000001}, "spk16": {"room3": -1.8140419719999998, "room4": -1.8311271669999998, "room7": -1.8872661590000002, "room12": -1.05583775, "room9": -2.102210045}, "spk27": {"room5": -1.4852907659999999, "room0": -1.7700201269999998}, "spk25": {"room1": -2.235206127}, "spk21": {"room3": -1.2490643259999998, "room4": -1.336348057, "room2": -0.841150761, "room12": -1.849759102}, "spk30": {"room4": -0.790723264, "room2": 0.07571318, "room12": -0.63937825}, "spk4": {"room6": -1.7126131059999998}, "spk14": {"room10": -1.175402164}, "spk7": {"room12": -1.9866391419999998}, "spk1": {"room5": -1.97527349, "room0": -1.656412005}}}