{"meta": {"speaker": "spk31", "room": "room10"}, "data": {"spk22": {"room0": -1.186222553}, "spk10": {"room4": -2.602753162, "room12": -1.544098973}, "spk18": {"room5": 0.916051507, "room0": 1.1046608690000002, "room2": 0.8613550659999999}, "spk29": {"room10": -1.6106894019999998}, "spk5": {"room3": -1.777066588, "room5": -1.794986486, "room0": -1.816293955}, "spk9": {"room4": -1.5083485840000002, "room7": -1.17893362, "room10": -1.5505546330000002, "room12": -1.393259525, "room9": -1.4505864380000002}, "spk2": {"room5": -1.876253009, "room0": -1.695765376}, "spk23": {"room4": -2.14940691, "room7": -1.7612256999999998, "room2": -1.446070433, "room10": -1.6558139319999998, "room12": -1.844623804, "room9": -2.1451218130000003}, "spk15": {"room10": -0.164536968}, "spk28": {"room10": 0.605717838}, "spk24": {"room1": -1.956005454}, "spk12": {"room10": 1.242841482}, "spk8": {"room10": -0.691170216}, "spk17": {"room5": -1.353783131, "room0": -1.4111983780000001}, "spk11": {"room3": -1.324104905, "room4": -1.714991212, "room7": -1.44241941, "room2": -0.9681242109999999, "room12": -1.4021488430000002, "room9": -1.6395671369999998}, "spk19": {"room4": -0.153373584, "room7": -0.38877171299999996, "room12": 0.993175626}, "spk13": {"room4": -1.3546973469999999, "room12": -1.543448925}, "spk31": {"room10": 5.971619129}, "spk6": {"room10": -1.6404254440000001}, "spk3": {"room3": -1.926321983, "room5": -1.243831635, "room7": -1.47160852, "room0": -1.5027749540000002, "room2": -1.306563497, "room9": -1.698994875}, "spk0": {"room3": -0.253543645}, "spk20": {"room10": 0.831323743}, "spk26": {"room2": -1.154961348}, "spk16": {"room3": -1.814376116, "room4": -1.550132394, "room7": -1.604862332, "room12": -0.91755414, "room9": -1.7969363930000002}, "spk27": {"room5": -1.4416837690000002, "room0": -1.583547831}, "spk25": {"room1": -1.8046216959999999}, "spk21": {"room3": -1.335792303, "room4": -0.989676535, "room2": -0.49640750899999997, "room12": -1.404349923}, "spk30": {"room4": -0.656245947, "room2": -0.780062735, "room12": -0.550242126}, "spk4": {"room6": -1.4230881930000001}, "spk14": {"room10": -1.353986621}, "spk7": {"room12": -1.838073373}, "spk1": {"room5": -1.911893249, "room0": -1.697517395}}}