{"meta": {"speaker": "spk31", "room": "room10"}, "data": {"spk22": {"room0": -1.6435402630000002}, "spk10": {"room4": -2.364634991, "room12": -1.5084904430000001}, "spk18": {"room5": 0.8970442409999999, "room0": 0.662647545, "room2": 0.7021761540000001}, "spk29": {"room10": -1.684669375}, "spk5": {"room3": -1.4506341219999999, "room5": -1.6934788230000002, "room0": -1.5660865309999998}, "spk9": {"room4": -1.764283061, "room7": -1.15401125, "room10": -1.535286427, "room12": -1.5897605419999998, "room9": -1.5300556419999998}, "spk2": {"room5": -1.572156787, "room0": -1.7983964680000002}, "spk23": {"room4": -1.8022853140000001, "room7": -1.6662840840000002, "room2": -1.410098314, "room10": -1.527547956, "room12": -1.731803536, "room9": -1.908231854}, "spk15": {"room10": -0.353342831}, "spk28": {"room10": 0.33445248}, "spk24": {"room1": -2.153378963}, "spk12": {"room10": 0.9694128040000001}, "spk8": {"room10": -1.37837708}, "spk17": {"room5": -1.4200036530000002, "room0": -1.4006512169999998}, "spk11": {"room3": -1.365509391, "room4": -1.62659359, "room7": -1.41500473, "room2": -1.140760422, "room12": -1.429034472, "room9": -1.665275574}, "spk19": {"room4": 1.020406842, "room7": 0.30908224, "room12": 1.3866672519999999}, "spk13": {"room4": -1.5139601230000002, "room12": -1.2880393270000001}, "spk31": {"room10": 5.7014575}, "spk6": {"room10": -1.52600956}, "spk3": {"room3": -1.631362796, "room5": -1.186490297, "room7": -1.386576295, "room0": -1.22548449, "room2": -1.302457094, "room9": -1.571658611}, "spk0": {"room3": -0.448831379}, "spk20": {"room10": 1.126250505}, "spk26": {"room2": -1.19862175}, "spk16": {"room3": -1.398875356, "room4": -1.360092998, "room7": -1.237920284, "room12": -1.1512215140000002, "room9": -1.426200032}, "spk27": {"room5": -1.350989461, "room0": -1.6828056569999998}, "spk25": {"room1": -1.894241571}, "spk21": {"room3": -1.175046086, "room4": -1.366617084, "room2": -1.039046168, "room12": -1.6831002240000001}, "spk30": {"room4": -1.102836013, "room2": -0.7576488259999999, "room12": -0.72011292}, "spk4": {"room6": -1.655349851}, "spk14": {"room10": -1.395621419}, "spk7": {"room12": -1.528824687}, "spk1": {"room5": -1.882617354, "room0": -1.7842381}}}