{"meta": {"speaker": "spk0", "room": "room11"}, "data": {"spk22": {"room0": 0.324258029}, "spk10": {"room4": 0.470640361, "room12": 0.875896335}, "spk18": {"room5": -1.026832342, "room0": -0.90071702, "room2": -0.9988132120000001}, "spk29": {"room10": 1.329578042}, "spk5": {"room3": -0.086657181, "room5": 0.077960998, "room0": 0.9008258579999999}, "spk9": {"room4": 0.598400533, "room7": 0.846318185, "room10": 0.7379762529999999, "room12": 0.574686289, "room9": 1.254565954}, "spk2": {"room5": -0.050256327, "room0": 0.329631597}, "spk23": {"room4": 1.014526725, "room7": 0.331716835, "room2": 1.4142198559999999, "room10": 0.39106568700000005, "room12": 1.3765817880000002, "room9": 0.22706598}, "spk15": {"room10": -1.091929436}, "spk28": {"room10": -0.9467023609999999}, "spk24": {"room1": 0.241101712}, "spk12": {"room10": -1.0071648359999998}, "spk8": {"room10": -0.145518214}, "spk17": {"room5": 0.144737631, "room0": -0.47539100100000004}, "spk11": {"room3": -0.302045077, "room4": 1.84883821, "room7": 0.762361526, "room2": 0.17895372199999998, "room12": 1.9844523669999998, "room9": 1.998153806}, "spk19": {"room4": -1.1623992920000001, "room7": -1.507799149, "room12": -1.6399235730000001}, "spk13": {"room4": 2.39204812, "room12": 2.438756466}, "spk31": {"room10": -0.792661428}, "spk6": {"room10": -0.277288675}, "spk3": {"room3": 0.9313860540000001, "room5": 1.365350008, "room7": 0.291500926, "room0": 1.632409692, "room2": 0.6100501420000001, "room9": 1.024024487}, "spk0": {"room3": 2.969618797}, "spk20": {"room10": 0.258971334}, "spk26": {"room2": 1.447687149}, "spk16": {"room3": 1.911288977, "room4": 2.0580203530000003, "room7": 2.652825117, "room12": 2.727947235, "room9": 2.476600885}, "spk27": {"room5": 0.19017088399999998, "room0": 1.452917099}, "spk25": {"room1": 0.815767527}, "spk21": {"room3": 0.8560110329999999, "room4": 0.45386660100000004, "room2": 1.4466651680000002, "room12": 1.184462905}, "spk30": {"room4": -1.218118787, "room2": -1.643579602, "room12": -1.0969539879999999}, "spk4": {"room6": -1.447753549}, "spk14": {"room10": 3.555552006}, "spk7": {"room12": 0.298191041}, "spk1": {"room5": -0.46996554700000004, "room0": -0.39080181700000005}}}