{"meta": {"speaker": "spk0", "room": "room8"}, "data": {"spk22": {"room0": 0.660656691}, "spk10": {"room4": 1.020014048, "room12": 2.0882890219999997}, "spk18": {"room5": -1.1614512209999999, "room0": -0.94246465, "room2": -1.4193065169999999}, "spk29": {"room10": 2.179481983}, "spk5": {"room3": 0.958657324, "room5": 0.904893339, "room0": 0.9584766029999999}, "spk9": {"room4": 1.004269481, "room7": 1.2688250540000001, "room10": 0.040925976, "room12": 1.441855788, "room9": 1.26135695}, "spk2": {"room5": 1.084708333, "room0": 0.475770116}, "spk23": {"room4": 1.030912995, "room7": 2.263093472, "room2": 1.832713008, "room10": 1.1200273040000002, "room12": 2.011566639, "room9": 2.047174215}, "spk15": {"room10": -0.655984879}, "spk28": {"room10": -1.003841043}, "spk24": {"room1": 0.5327180029999999}, "spk12": {"room10": -0.8895478840000001}, "spk8": {"room10": 0.971594453}, "spk17": {"room5": 2.0409832, "room0": 2.124218225}, "spk11": {"room3": -0.272304177, "room4": 0.05748240599999999, "room7": -0.216497749, "room2": -0.126287609, "room12": -0.40386071799999995, "room9": 0.386116534}, "spk19": {"room4": -0.95402348, "room7": -0.522806346, "room12": -1.3912367819999998}, "spk13": {"room4": 1.3151565790000002, "room12": 0.876575172}, "spk31": {"room10": -1.3134744170000001}, "spk6": {"room10": 0.293669224}, "spk3": {"room3": 0.693235695, "room5": 0.5367841720000001, "room7": -0.107965671, "room0": 0.48132097700000004, "room2": 0.081209034, "room9": 0.457582712}, "spk0": {"room3": 1.461112261}, "spk20": {"room10": -0.6823038459999999}, "spk26": {"room2": 1.193412781}, "spk16": {"room3": 1.925656915, "room4": -0.41795876600000004, "room7": 1.241055131, "room12": 0.657404959, "room9": 1.107501745}, "spk27": {"room5": 1.4135736230000002, "room0": 0.7702531220000001}, "spk25": {"room1": 1.183770418}, "spk21": {"room3": 2.986000776, "room4": 2.3166558740000003, "room2": 2.475520372, "room12": 3.4131736760000004}, "spk30": {"room4": -1.214758515, "room2": -2.140753031, "room12": -1.6882903580000002}, "spk4": {"room6": 0.370432556}, "spk14": {"room10": 0.6611431839999999}, "spk7": {"room12": 0.672846735}, "spk1": {"room5": 2.200793505, "room0": 1.50594914}}}