{"meta": {"speaker": "spk0", "room": "room13"}, "data": {"spk22": {"room0": -0.304143548}, "spk10": {"room4": 0.6029157039999999, "room12": 0.334499359}, "spk18": {"room5": -1.048908472, "room0": -1.247514009, "room2": -1.284173608}, "spk29": {"room10": 2.1743743419999997}, "spk5": {"room3": 0.508093119, "room5": 0.142175838, "room0": 0.983144343}, "spk9": {"room4": 0.606199205, "room7": 1.289837837, "room10": -0.123983331, "room12": 1.063301563, "room9": 0.577051878}, "spk2": {"room5": 0.900655627, "room0": 0.571647882}, "spk23": {"room4": 1.751625657, "room7": 0.863421142, "room2": 2.6400380130000003, "room10": 1.0279212, "room12": 1.9196734430000002, "room9": 2.531101942}, "spk15": {"room10": 0.225125894}, "spk28": {"room10": -1.182850242}, "spk24": {"room1": 1.35168612}, "spk12": {"room10": -1.0957489009999999}, "spk8": {"room10": -0.07090025400000001}, "spk17": {"room5": 0.556347013, "room0": 0.33627697799999995}, "spk11": {"room3": 0.37341547, "room4": -0.12073224800000001, "room7": -1.069800615, "room2": -0.796943307, "room12": -0.51481998, "room9": -0.202561662}, "spk19": {"room4": -1.6172037119999998, "room7": -0.640231907, "room12": -1.446227074}, "spk13": {"room4": 1.292392612, "room12": -0.7020439509999999}, "spk31": {"room10": -1.202840447}, "spk6": {"room10": 0.280076772}, "spk3": {"room3": 0.665433884, "room5": 1.398436666, "room7": -0.098289691, "room0": 1.06101799, "room2": 0.914051235, "room9": 0.43240732}, "spk0": {"room3": 5.6328606610000005}, "spk20": {"room10": -0.07471282}, "spk26": {"room2": 2.320978642}, "spk16": {"room3": 1.2290163040000002, "room4": -0.750487089, "room7": -0.398529381, "room12": -1.487672567, "room9": -0.171046659}, "spk27": {"room5": -0.982665241, "room0": -0.643320084}, "spk25": {"room1": -0.26174745}, "spk21": {"room3": 1.694947362, "room4": 1.342410445, "room2": 0.981708109, "room12": 1.261211038}, "spk30": {"room4": -1.033474565, "room2": -1.77799499, "room12": -1.132942796}, "spk4": {"room6": 0.29662314100000003}, "spk14": {"room10": 0.7325105670000001}, "spk7": {"room12": -0.18416728100000002}, "spk1": {"room5": 2.2704536909999997, "room0": 0.874082565}}}