{"meta": {"speaker": "spk0", "room": "room3"}, "data": {"spk22": {"room0": 1.3893934490000002}, "spk10": {"room4": 0.832810998, "room12": 1.835527897}, "spk18": {"room5": -1.24243319, "room0": -0.9528616670000001, "room2": -0.48939085}, "spk29": {"room10": 1.5270501380000001}, "spk5": {"room3": -0.8163606520000001, "room5": -0.425471634, "room0": -0.37868881200000004}, "spk9": {"room4": 1.4621288780000001, "room7": 1.468586564, "room10": -0.767596602, "room12": 0.762699783, "room9": 2.007888317}, "spk2": {"room5": 0.23411777600000003, "room0": 1.3371770379999999}, "spk23": {"room4": 1.370895982, "room7": 1.025054336, "room2": 0.610055447, "room10": 0.290309578, "room12": 1.2949290279999999, "room9": 1.000713706}, "spk15": {"room10": -1.025110006}, "spk28": {"room10": -0.017338756}, "spk24": {"room1": -1.473317385}, "spk12": {"room10": -0.6418023110000001}, "spk8": {"room10": 0.479480863}, "spk17": {"room5": 1.644478202, "room0": 1.550861239}, "spk11": {"room3": -0.546348214, "room4": 1.231337428, "room7": 1.317682266, "room2": 0.484436154, "room12": 1.398791432, "room9": 1.6118831630000001}, "spk19": {"room4": -0.27352130399999997, "room7": -0.020602213, "room12": -0.836570501}, "spk13": {"room4": 2.200854063, "room12": 2.4637508390000002}, "spk31": {"room10": -1.305397034}, "spk6": {"room10": 1.160971522}, "spk3": {"room3": -0.220647037, "room5": 0.899231195, "room7": -0.572639287, "room0": -0.47637680200000004, "room2": -0.516447604, "room9": -0.18880604199999998}, "spk0": {"room3": 4.064231873}, "spk20": {"room10": -0.314325213}, "spk26": {"room2": 0.919128776}, "spk16": {"room3": 1.6381312609999998, "room4": 3.266129494, "room7": 2.709679842, "room12": 2.00334549, "room9": 1.4679633380000001}, "spk27": {"room5": 1.526483178, "room0": 2.314067364}, "spk25": {"room1": -0.43131446799999995}, "spk21": {"room3": 1.202701449, "room4": 2.014506817, "room2": 2.050107718, "room12": 2.485561132}, "spk30": {"room4": -0.591126382, "room2": -1.778781295, "room12": -0.943091393}, "spk4": {"room6": -0.134825066}, "spk14": {"room10": 2.6918418410000005}, "spk7": {"room12": -1.091611862}, "spk1": {"room5": 0.160923928, "room0": 0.7019907240000001}}}