{"meta": {"speaker": "spk0", "room": "room11"}, "data": {"spk22": {"room0": 0.156873465}, "spk10": {"room4": 1.321681619, "room12": 0.528921664}, "spk18": {"room5": -1.7774738069999998, "room0": -1.533594489, "room2": -1.038844943}, "spk29": {"room10": 2.461851358}, "spk5": {"room3": 0.591727376, "room5": 0.44152537, "room0": 0.941351175}, "spk9": {"room4": 1.019332051, "room7": 1.751218081, "room10": 0.671448708, "room12": 1.692528725, "room9": 1.567858934}, "spk2": {"room5": 1.037324905, "room0": 0.8502152559999999}, "spk23": {"room4": 2.539944649, "room7": 2.472655296, "room2": 2.513694763, "room10": 2.154015779, "room12": 2.9764978889999996, "room9": 3.0586164}, "spk15": {"room10": -0.37301892}, "spk28": {"room10": -1.028896093}, "spk24": {"room1": 0.888750672}, "spk12": {"room10": -1.1286789179999999}, "spk8": {"room10": 0.39678490200000005}, "spk17": {"room5": 2.468332291, "room0": 1.902715325}, "spk11": {"room3": -1.605201602, "room4": 0.262468755, "room7": -0.82037133, "room2": -1.3569675680000002, "room12": -0.494362891, "room9": -0.275486737}, "spk19": {"room4": -1.7629441019999998, "room7": -1.700487018, "room12": -1.60643208}, "spk13": {"room4": 1.174118638, "room12": 0.092432454}, "spk31": {"room10": -1.475489616}, "spk6": {"room10": 0.516722977}, "spk3": {"room3": 0.6181887389999999, "room5": 0.22337211699999998, "room7": 0.07642635, "room0": 1.3150990009999999, "room2": 0.267686784, "room9": 0.702005923}, "spk0": {"room3": 4.291152477}, "spk20": {"room10": -0.554665446}, "spk26": {"room2": 1.35556829}, "spk16": {"room3": 1.5646635290000002, "room4": 0.263857692, "room7": 0.666905046, "room12": -0.42761048700000004, "room9": 0.937025487}, "spk27": {"room5": 1.46984601, "room0": 0.856718779}, "spk25": {"room1": 1.6311885119999998}, "spk21": {"room3": 1.545223475, "room4": 1.404203773, "room2": 1.089385748, "room12": 1.8562030790000001}, "spk30": {"room4": -1.356710911, "room2": -1.774634838, "room12": -1.580022931}, "spk4": {"room6": 0.066343933}, "spk14": {"room10": 0.6290783879999999}, "spk7": {"room12": 2.019223452}, "spk1": {"room5": 1.124503732, "room0": 0.243016392}}}