{"meta": {"speaker": "spk0", "room": "room13"}, "data": {"spk22": {"room0": 1.6054539680000002}, "spk10": {"room4": 1.368169665, "room12": 2.2477593419999997}, "spk18": {"room5": -0.28167554699999997, "room0": -0.76199621, "room2": -1.3857369419999999}, "spk29": {"room10": 2.097434044}, "spk5": {"room3": -0.16172123, "room5": -0.34874948899999997, "room0": 0.10995426800000001}, "spk9": {"room4": 1.54396224, "room7": 2.418015718, "room10": 1.34163928, "room12": 1.872538447, "room9": 2.621164083}, "spk2": {"room5": 1.194495082, "room0": 0.578433037}, "spk23": {"room4": 1.876471877, "room7": 1.932926416, "room2": 3.620976448, "room10": 1.272282481, "room12": 2.322594166, "room9": 0.579980075}, "spk15": {"room10": -0.843415976}, "spk28": {"room10": -1.2215663190000001}, "spk24": {"room1": 0.315536529}, "spk12": {"room10": -0.296152055}, "spk8": {"room10": 2.217228413}, "spk17": {"room5": 1.208092809, "room0": 1.075456262}, "spk11": {"room3": 2.574218273, "room4": 3.401165485, "room7": 1.873835921, "room2": 2.1166393759999997, "room12": 2.517312527, "room9": 3.762040138}, "spk19": {"room4": -1.717592478, "room7": -1.5957360269999998, "room12": -2.103043556}, "spk13": {"room4": 3.0873570439999996, "room12": 2.951153755}, "spk31": {"room10": -0.083847195}, "spk6": {"room10": 0.113149993}, "spk3": {"room3": 2.07726717, "room5": 1.4921530490000001, "room7": 0.400438577, "room0": 1.8371529580000001, "room2": 1.233178258, "room9": 0.979709506}, "spk0": {"room3": 5.549034119}, "spk20": {"room10": 0.38444647200000004}, "spk26": {"room2": 3.0533292289999996}, "spk16": {"room3": 2.7981739039999995, "room4": 0.9357824920000001, "room7": 2.555695295, "room12": 1.6922522780000002, "room9": 1.071212173}, "spk27": {"room5": 1.281504273, "room0": 2.6974339489999997}, "spk25": {"room1": 0.46270343700000005}, "spk21": {"room3": 1.5048549180000002, "room4": 0.6541095379999999, "room2": 1.4840507509999998, "room12": 1.1989446879999999}, "spk30": {"room4": -0.858443856, "room2": -2.176274776, "room12": -1.476930499}, "spk4": {"room6": -0.23655583}, "spk14": {"room10": 3.4592669010000003}, "spk7": {"room12": 0.66295594}, "spk1": {"room5": 0.883214831, "room0": 0.9917301540000001}}}