{"meta": {"speaker": "spk0", "room": "room13"}, "data": {"spk22": {"room0": 1.5153380630000002}, "spk10": {"room4": 2.30309701, "room12": 1.254079819}, "spk18": {"room5": -1.509057879, "room0": -1.193560481, "room2": -1.5163488390000002}, "spk29": {"room10": 2.484094858}, "spk5": {"room3": 1.77701211, "room5": 1.436255693, "room0": 0.657526672}, "spk9": {"room4": 3.3715775010000004, "room7": 3.301179409, "room10": 1.229027748, "room12": 2.996005535, "room9": 2.76825881}, "spk2": {"room5": 2.542770386, "room0": 2.338148355}, "spk23": {"room4": 2.034142733, "room7": 2.935407877, "room2": 1.824607134, "room10": 1.6726849080000001, "room12": 3.002521753, "room9": 2.164404392}, "spk15": {"room10": -0.356253117}, "spk28": {"room10": -1.0968016390000002}, "spk24": {"room1": 0.191093624}, "spk12": {"room10": -0.702025175}, "spk8": {"room10": 1.521424055}, "spk17": {"room5": 1.6206643580000002, "room0": 2.712724447}, "spk11": {"room3": 2.620136261, "room4": 2.8938593860000004, "room7": 3.289004803, "room2": 3.347040176, "room12": 1.9010181430000002, "room9": 3.0063748360000004}, "spk19": {"room4": -1.083711028, "room7": -0.887741804, "room12": -1.5085780619999998}, "spk13": {"room4": 2.2254812719999997, "room12": 2.133000612}, "spk31": {"room10": -1.648130774}, "spk6": {"room10": -0.7449672820000001}, "spk3": {"room3": 1.480196595, "room5": 1.8636105059999999, "room7": 1.557552099, "room0": 2.0637917519999998, "room2": 1.1194078920000001, "room9": 1.253408432}, "spk0": {"room3": 2.562753439}, "spk20": {"room10": -0.561196327}, "spk26": {"room2": -0.057835158}, "spk16": {"room3": 3.71750617, "room4": 2.64638114, "room7": 3.146663427, "room12": 1.757860065, "room9": 3.024060726}, "spk27": {"room5": 1.261857271, "room0": 2.412302256}, "spk25": {"room1": 0.882439733}, "spk21": {"room3": 1.438435435, "room4": 0.751794815, "room2": 1.615918994, "room12": 2.101402521}, "spk30": {"room4": -0.828023672, "room2": -2.630209446, "room12": -1.3922190669999999}, "spk4": {"room6": 0.01205542}, "spk14": {"room10": 1.304224968}, "spk7": {"room12": 0.800437152}, "spk1": {"room5": 2.058256626, "room0": 1.920365334}}}