{"meta": {"speaker": "spk0", "room": "room11"}, "data": {"spk22": {"room0": -0.626619637}, "spk10": {"room4": 0.9550086259999999, "room12": 1.42213583}, "spk18": {"room5": -1.549666405, "room0": -1.3872687819999998, "room2": -1.506558895}, "spk29": {"room10": 2.39575243}, "spk5": {"room3": 0.086896606, "room5": 0.161433101, "room0": 1.3533961769999998}, "spk9": {"room4": -0.067136303, "room7": 0.806196988, "room10": -0.808766007, "room12": -0.781106234, "room9": 0.283067703}, "spk2": {"room5": 0.325104535, "room0": -0.253126442}, "spk23": {"room4": 1.7724622490000002, "room7": 1.62808466, "room2": 1.9235833880000002, "room10": 1.173509955, "room12": 2.026432514, "room9": 2.363030434}, "spk15": {"room10": -0.8951179979999999}, "spk28": {"room10": -1.786219716}, "spk24": {"room1": 0.269490957}, "spk12": {"room10": -1.020946383}, "spk8": {"room10": 0.759112358}, "spk17": {"room5": 1.406859875, "room0": 0.870968759}, "spk11": {"room3": 0.23920023399999998, "room4": 0.498252869, "room7": -0.40824413299999995, "room2": -0.6064444179999999, "room12": 0.230428725, "room9": 0.176581442}, "spk19": {"room4": -1.5812829730000002, "room7": -1.671935797, "room12": -1.620440841}, "spk13": {"room4": 1.724524975, "room12": 1.3423159119999999}, "spk31": {"room10": -1.4793487790000002}, "spk6": {"room10": 0.875658512}, "spk3": {"room3": 1.607206345, "room5": 1.03565383, "room7": -0.062675349, "room0": 1.5326539280000002, "room2": 0.217957973, "room9": 0.289440811}, "spk0": {"room3": 4.866134644}, "spk20": {"room10": -0.139218196}, "spk26": {"room2": 1.44563067}, "spk16": {"room3": 1.3875436780000001, "room4": 0.948753893, "room7": 0.891444564, "room12": 0.702465832, "room9": 0.604052901}, "spk27": {"room5": 0.514048815, "room0": 1.138074279}, "spk25": {"room1": -0.343204677}, "spk21": {"room3": 1.293664813, "room4": 1.234094381, "room2": 0.9995656009999999, "room12": 2.273139477}, "spk30": {"room4": -1.508651137, "room2": -2.611251593, "room12": -2.02462697}, "spk4": {"room6": -0.06507421299999999}, "spk14": {"room10": 2.988849878}, "spk7": {"room12": 1.185216784}, "spk1": {"room5": 0.947947502, "room0": 0.599157453}}}