{"meta": {"speaker": "spk0", "room": "room11"}, "data": {"spk22": {"room0": 0.225604847}, "spk10": {"room4": 0.138871729, "room12": 0.432529092}, "spk18": {"room5": -1.497352719, "room0": -1.575426936, "room2": -1.5453135969999998}, "spk29": {"room10": 1.4504410030000001}, "spk5": {"room3": 0.412317485, "room5": -0.41348767299999994, "room0": 0.40111964899999997}, "spk9": {"room4": 0.6924509409999999, "room7": 0.84384203, "room10": -0.26836442899999996, "room12": 0.416191101, "room9": 0.017944945}, "spk2": {"room5": 1.4581620690000001, "room0": 1.4483711719999999}, "spk23": {"room4": 2.636354685, "room7": 2.398857355, "room2": 2.515525818, "room10": 2.235719204, "room12": 2.9601514339999997, "room9": 2.528554201}, "spk15": {"room10": 0.062889792}, "spk28": {"room10": -0.154204413}, "spk24": {"room1": 0.93777734}, "spk12": {"room10": -0.6327111120000001}, "spk8": {"room10": 0.7525543570000001}, "spk17": {"room5": 1.311845303, "room0": 0.607763588}, "spk11": {"room3": -1.028245807, "room4": -0.8011655809999999, "room7": -2.330841303, "room2": -1.293318987, "room12": -1.117612362, "room9": -0.846438468}, "spk19": {"room4": -1.218765974, "room7": -1.497957826, "room12": -1.457743645}, "spk13": {"room4": 0.6944309470000001, "room12": -0.103781372}, "spk31": {"room10": -1.3459606169999998}, "spk6": {"room10": 1.717773676}, "spk3": {"room3": 1.1849567890000001, "room5": 1.178246737, "room7": 1.008973002, "room0": 1.908729434, "room2": 2.147528648, "room9": 1.055347085}, "spk0": {"room3": 4.899200916}, "spk20": {"room10": 0.061620068}, "spk26": {"room2": 1.788403392}, "spk16": {"room3": 0.03009532, "room4": 0.521694064, "room7": 0.096177071, "room12": -0.663740039, "room9": -0.285010248}, "spk27": {"room5": 0.900897563, "room0": 0.656440139}, "spk25": {"room1": 0.474417895}, "spk21": {"room3": 1.4183181519999999, "room4": 2.290859461, "room2": 1.7491472959999999, "room12": 2.17241025}, "spk30": {"room4": -0.26968231800000003, "room2": -1.795190096, "room12": -1.033466816}, "spk4": {"room6": 0.099831142}, "spk14": {"room10": 2.592737913}, "spk7": {"room12": 0.506087959}, "spk1": {"room5": 0.22735779, "room0": 0.787388086}}}