{"meta": {"speaker": "spk0", "room": "room8"}, "data": {"spk22": {"room0": 0.507536113}, "spk10": {"room4": 1.1580399270000001, "room12": 2.01704073}, "spk18": {"room5": -0.7674098009999999, "room0": -0.7650793790000001, "room2": -1.30115068}, "spk29": {"room10": 2.339560509}, "spk5": {"room3": 1.312859178, "room5": 1.493902087, "room0": 1.737966776}, "spk9": {"room4": 0.429006785, "room7": 0.7104815240000001, "room10": -0.199848726, "room12": 0.8813409209999999, "room9": 1.1556980609999998}, "spk2": {"room5": 0.7890140409999999, "room0": -0.47055336799999997}, "spk23": {"room4": 0.572175145, "room7": 1.752170444, "room2": 1.306974411, "room10": 0.481687307, "room12": 1.054568172, "room9": 1.146397114}, "spk15": {"room10": -0.689955711}, "spk28": {"room10": -1.2236409190000002}, "spk24": {"room1": 0.007154260999999999}, "spk12": {"room10": -0.815263152}, "spk8": {"room10": 0.932356179}, "spk17": {"room5": 1.020410538, "room0": 0.933006227}, "spk11": {"room3": 0.316548169, "room4": 1.960849047, "room7": 1.5706412790000002, "room2": 0.837822497, "room12": 1.195343256, "room9": 2.207100391}, "spk19": {"room4": -0.9019546509999999, "room7": -0.41682487700000004, "room12": -1.156495929}, "spk13": {"room4": 0.835510254, "room12": 1.113252163}, "spk31": {"room10": -1.360727906}, "spk6": {"room10": -0.093354851}, "spk3": {"room3": 1.539315224, "room5": 1.075874448, "room7": 0.734385848, "room0": 1.436825156, "room2": 1.013993144, "room9": 1.289897799}, "spk0": {"room3": 1.8257092240000001}, "spk20": {"room10": -0.080850139}, "spk26": {"room2": 0.55576849}, "spk16": {"room3": 2.560156584, "room4": -0.212703168, "room7": 2.0417840480000002, "room12": 0.580688715, "room9": 2.104942322}, "spk27": {"room5": 1.026854873, "room0": 1.085499287}, "spk25": {"room1": -0.103485979}, "spk21": {"room3": 2.494497061, "room4": 1.507418394, "room2": 1.566430807, "room12": 1.961166501}, "spk30": {"room4": -0.64149338, "room2": -1.639488459, "room12": -1.3575165269999998}, "spk4": {"room6": 0.194348916}, "spk14": {"room10": 0.1565433}, "spk7": {"room12": -0.273004472}, "spk1": {"room5": 2.364504576, "room0": 1.9893822669999999}}}