{"meta": {"speaker": "spk0", "room": "room13"}, "data": {"spk22": {"room0": 0.925825655}, "spk10": {"room4": 1.518864989, "room12": 1.4773995880000002}, "spk18": {"room5": -1.9564422369999999, "room0": -2.100266695, "room2": -1.622208118}, "spk29": {"room10": 2.659343719}, "spk5": {"room3": 1.906626105, "room5": 1.269408822, "room0": 1.355769038}, "spk9": {"room4": 0.925217211, "room7": 1.6326020959999998, "room10": 0.879232943, "room12": 1.598846674, "room9": 1.027998924}, "spk2": {"room5": 1.620268703, "room0": 1.260119081}, "spk23": {"room4": 2.8227274419999997, "room7": 3.77594018, "room2": 2.845601797, "room10": 2.6804304119999998, "room12": 3.5652508739999997, "room9": 2.44826889}, "spk15": {"room10": -0.094623581}, "spk28": {"room10": -1.318367839}, "spk24": {"room1": 1.913290858}, "spk12": {"room10": -1.294623613}, "spk8": {"room10": 1.822569251}, "spk17": {"room5": 3.205283165, "room0": 2.576246977}, "spk11": {"room3": -0.614801109, "room4": 0.72513783, "room7": -1.137996793, "room2": -1.173335195, "room12": -0.3454988, "room9": 0.20181743800000002}, "spk19": {"room4": -1.726660967, "room7": -1.142825365, "room12": -2.026790142}, "spk13": {"room4": 1.487690926, "room12": 1.220780611}, "spk31": {"room10": -1.651601076}, "spk6": {"room10": 0.324424565}, "spk3": {"room3": 1.279105902, "room5": 1.485548019, "room7": 0.609960198, "room0": 1.434867382, "room2": 1.898319602, "room9": 0.9434390659999999}, "spk0": {"room3": 3.410036802}, "spk20": {"room10": -0.7611030940000001}, "spk26": {"room2": 1.994573355}, "spk16": {"room3": 1.40449667, "room4": -0.33906456799999996, "room7": -0.076040648, "room12": -0.528043747, "room9": 0.477240592}, "spk27": {"room5": 2.243313074, "room0": 1.8724486830000002}, "spk25": {"room1": 1.557757854}, "spk21": {"room3": 2.320329905, "room4": 2.00233984, "room2": 1.958721638, "room12": 1.943868399}, "spk30": {"room4": -1.018908381, "room2": -1.95669651, "room12": -1.7940244669999998}, "spk4": {"room6": 1.114593625}, "spk14": {"room10": 0.405360669}, "spk7": {"room12": 1.172163844}, "spk1": {"room5": 1.601526499, "room0": 1.947586298}}}