{"meta": {"speaker": "spk0", "room": "room8"}, "data": {"spk22": {"room0": -0.125363693}, "spk10": {"room4": 1.233460188, "room12": 1.148983598}, "spk18": {"room5": -2.0900914669999997, "room0": -1.838029027, "room2": -1.664323926}, "spk29": {"room10": 1.920708418}, "spk5": {"room3": 1.017545819, "room5": 0.9730123279999999, "room0": 1.2014606}, "spk9": {"room4": 0.5978176, "room7": 0.391898215, "room10": -0.128992498, "room12": 0.487188756, "room9": 0.8318195340000001}, "spk2": {"room5": 0.30823814899999996, "room0": 0.335558921}, "spk23": {"room4": 1.362014055, "room7": 1.888179541, "room2": 0.942744315, "room10": 0.618396521, "room12": 1.4658927919999998, "room9": 1.7576226000000001}, "spk15": {"room10": -1.021193504}, "spk28": {"room10": -1.222275615}, "spk24": {"room1": 0.177355811}, "spk12": {"room10": -1.620965481}, "spk8": {"room10": 0.9882802959999999}, "spk17": {"room5": 1.3958520890000001, "room0": 1.773736}, "spk11": {"room3": -0.5353918670000001, "room4": 0.209158882, "room7": -0.489952654, "room2": -1.0125201940000002, "room12": -0.486501604, "room9": -0.192160085}, "spk19": {"room4": -1.72361815, "room7": -1.1434584859999999, "room12": -1.8861365319999999}, "spk13": {"room4": 0.617190778, "room12": 0.844920158}, "spk31": {"room10": -1.9598442319999998}, "spk6": {"room10": 0.025429897000000003}, "spk3": {"room3": 1.63694942, "room5": 0.630618036, "room7": 0.555465341, "room0": 0.811094642, "room2": 0.5517623420000001, "room9": 0.524844289}, "spk0": {"room3": 1.6372256280000002}, "spk20": {"room10": -1.077375531}, "spk26": {"room2": 0.844906032}, "spk16": {"room3": 2.2645518780000002, "room4": -0.396895111, "room7": 1.069033742, "room12": -0.07215192200000001, "room9": 1.050596595}, "spk27": {"room5": 0.27765446899999996, "room0": 0.217410892}, "spk25": {"room1": 1.402390361}, "spk21": {"room3": 1.869008183, "room4": 1.32066083, "room2": 0.49344602200000004, "room12": 2.381249189}, "spk30": {"room4": -1.6958216430000002, "room2": -2.371157169, "room12": -1.9804072380000002}, "spk4": {"room6": 0.070346966}, "spk14": {"room10": 0.5000604989999999}, "spk7": {"room12": 1.179772615}, "spk1": {"room5": 2.3139069080000003, "room0": 1.688068748}}}