{"meta": {"speaker": "spk0", "room": "room8"}, "data": {"spk22": {"room0": 1.041669607}, "spk10": {"room4": 1.540533781, "room12": 1.481569886}, "spk18": {"room5": -1.212298393, "room0": -0.9344615340000001, "room2": -1.154109955}, "spk29": {"room10": 2.523046494}, "spk5": {"room3": 1.131762028, "room5": 1.189902902, "room0": 1.167328477}, "spk9": {"room4": 0.771096647, "room7": 0.7102273109999999, "room10": 0.095236935, "room12": 1.238166928, "room9": 0.9044323559999999}, "spk2": {"room5": 1.244497895, "room0": 0.730711222}, "spk23": {"room4": 1.139195919, "room7": 2.362593174, "room2": 1.174403548, "room10": 1.059377909, "room12": 1.827352881, "room9": 1.899977565}, "spk15": {"room10": -0.29514223300000003}, "spk28": {"room10": -0.9619544740000001}, "spk24": {"room1": 0.20056074899999998}, "spk12": {"room10": -1.14345789}, "spk8": {"room10": 1.094625592}, "spk17": {"room5": 1.321278453, "room0": 1.6003326180000002}, "spk11": {"room3": -0.29655203199999997, "room4": 1.122358561, "room7": 0.051442456, "room2": -0.312724024, "room12": 0.284800798, "room9": 1.049071789}, "spk19": {"room4": -1.200741291, "room7": -0.748892903, "room12": -1.376268506}, "spk13": {"room4": 0.962784588, "room12": 0.93790859}, "spk31": {"room10": -1.6818223}, "spk6": {"room10": 0.24770548899999997}, "spk3": {"room3": 1.782012224, "room5": 2.040911436, "room7": 0.661029875, "room0": 1.555067182, "room2": 2.01360631, "room9": 1.089040756}, "spk0": {"room3": 1.399797559}, "spk20": {"room10": -0.781026185}, "spk26": {"room2": 1.553210258}, "spk16": {"room3": 3.040761948, "room4": -0.15560998, "room7": 1.436996341, "room12": 0.153094545, "room9": 1.386342525}, "spk27": {"room5": 0.37499558899999996, "room0": 0.372334689}, "spk25": {"room1": 1.061982393}, "spk21": {"room3": 2.50730443, "room4": 1.6914178130000002, "room2": 0.89361012, "room12": 3.107100725}, "spk30": {"room4": -1.147119641, "room2": -1.7588968280000001, "room12": -1.384741306}, "spk4": {"room6": 0.39537754700000005}, "spk14": {"room10": 0.920456171}, "spk7": {"room12": 0.603619039}, "spk1": {"room5": 2.781298637, "room0": 2.505642653}}}