{"meta": {"speaker": "spk0", "room": "room3"}, "data": {"spk22": {"room0": 0.25089052300000003}, "spk10": {"room4": 1.259833097, "room12": 1.59029007}, "spk18": {"room5": -0.712134302, "room0": -0.254751116, "room2": -0.690234542}, "spk29": {"room10": 2.678158522}, "spk5": {"room3": 1.087929249, "room5": 1.127025962, "room0": 1.155668855}, "spk9": {"room4": 0.625270247, "room7": 1.225293159, "room10": 0.392838597, "room12": 0.877293944, "room9": 0.7266067270000001}, "spk2": {"room5": 0.49043577899999996, "room0": 0.333751649}, "spk23": {"room4": 2.102713346, "room7": 2.208181858, "room2": 2.272392988, "room10": 1.331992865, "room12": 2.4690022469999997, "room9": 1.6246958969999998}, "spk15": {"room10": -0.34889182399999996}, "spk28": {"room10": -0.327988893}, "spk24": {"room1": 0.8686271309999999}, "spk12": {"room10": -0.124949776}, "spk8": {"room10": 1.2146828170000001}, "spk17": {"room5": 1.670068741, "room0": 1.297575474}, "spk11": {"room3": 0.799663186, "room4": 0.869580448, "room7": -0.42983868700000005, "room2": 0.15721437300000002, "room12": 0.24155701699999998, "room9": 1.266384363}, "spk19": {"room4": -0.331076264, "room7": -0.275185138, "room12": -0.539577901}, "spk13": {"room4": 1.5104465480000002, "room12": 1.7720229630000002}, "spk31": {"room10": -0.811462224}, "spk6": {"room10": 0.8503775}, "spk3": {"room3": 1.2707899809999998, "room5": 1.01366818, "room7": 0.025479166, "room0": 0.63649565, "room2": 0.9991641040000001, "room9": 0.164087817}, "spk0": {"room3": 3.87778616}, "spk20": {"room10": 0.065948434}, "spk26": {"room2": 1.808522701}, "spk16": {"room3": 2.7039980889999997, "room4": -0.43780124200000003, "room7": 0.721722305, "room12": 0.17892842, "room9": 0.229007214}, "spk27": {"room5": 0.732298255, "room0": 1.090129614}, "spk25": {"room1": 1.383366466}, "spk21": {"room3": 2.241734266, "room4": 0.970015049, "room2": 1.884961724, "room12": 1.122310042}, "spk30": {"room4": -0.413608789, "room2": -0.8357052209999999, "room12": -0.825821102}, "spk4": {"room6": 0.44310286600000004}, "spk14": {"room10": 1.4049736259999999}, "spk7": {"room12": 0.6643160579999999}, "spk1": {"room5": 1.236810923, "room0": 1.213865757}}}