{"meta": {"speaker": "spk0", "room": "room11"}, "data": {"spk22": {"room0": 1.230870366}, "spk10": {"room4": 0.358365208, "room12": 1.660337806}, "spk18": {"room5": -0.7081875209999999, "room0": -0.704980791, "room2": -1.162321091}, "spk29": {"room10": 2.081825495}, "spk5": {"room3": -0.321474642, "room5": -0.293173462, "room0": 0.76102823}, "spk9": {"room4": 1.6520268919999999, "room7": 1.934474349, "room10": 2.0362491609999998, "room12": 1.808660507, "room9": 2.338700771}, "spk2": {"room5": 0.6681740279999999, "room0": 1.065190315}, "spk23": {"room4": 1.751756668, "room7": 0.779163301, "room2": 1.772268295, "room10": 0.6829524640000001, "room12": 1.775822759, "room9": 1.252198458}, "spk15": {"room10": -0.49624013899999997}, "spk28": {"room10": -0.5310181979999999}, "spk24": {"room1": 0.140171975}, "spk12": {"room10": -0.55539006}, "spk8": {"room10": 0.199114725}, "spk17": {"room5": 0.854006171, "room0": 0.663428366}, "spk11": {"room3": 0.6731216309999999, "room4": 2.843805075, "room7": 1.2007029059999998, "room2": 1.052972794, "room12": 2.993549109, "room9": 2.7190742489999997}, "spk19": {"room4": -0.698161125, "room7": -0.958850682, "room12": -0.6270836}, "spk13": {"room4": 3.381180048, "room12": 2.787487745}, "spk31": {"room10": -1.116755486}, "spk6": {"room10": 0.140539542}, "spk3": {"room3": 1.32809484, "room5": 1.930072665, "room7": 0.7262824179999999, "room0": 1.890574455, "room2": 1.091622829, "room9": 1.322973967}, "spk0": {"room3": 2.5712869169999997}, "spk20": {"room10": 0.628335595}, "spk26": {"room2": 1.683678031}, "spk16": {"room3": 2.113079786, "room4": 2.097282171, "room7": 1.949885011, "room12": 2.5433497430000003, "room9": 2.229821444}, "spk27": {"room5": 0.433153987, "room0": 1.922239065}, "spk25": {"room1": 1.25024569}, "spk21": {"room3": 0.98226577, "room4": 0.788770497, "room2": 0.890994072, "room12": 0.986671865}, "spk30": {"room4": -0.393825769, "room2": -0.954204559, "room12": -0.43828707899999997}, "spk4": {"room6": -0.399264544}, "spk14": {"room10": 3.938495159}, "spk7": {"room12": -0.535401285}, "spk1": {"room5": 0.625546753, "room0": -0.109422572}}}