{"meta": {"speaker": "spk0", "room": "room11"}, "data": {"spk22": {"room0": 0.250064373}, "spk10": {"room4": 0.9393248559999999, "room12": 0.403167635}, "spk18": {"room5": -2.2764875890000003, "room0": -2.2145733830000003, "room2": -1.354462981}, "spk29": {"room10": 1.757389545}, "spk5": {"room3": 0.789606154, "room5": 0.075162798, "room0": 0.937655747}, "spk9": {"room4": 1.16765523, "room7": 1.191072345, "room10": 0.793596625, "room12": 1.249426842, "room9": 1.084278941}, "spk2": {"room5": 1.135586143, "room0": 1.7608907219999999}, "spk23": {"room4": 1.70058012, "room7": 2.856421947, "room2": 2.000045776, "room10": 0.837227643, "room12": 2.6847829819999998, "room9": 2.8439438339999996}, "spk15": {"room10": -0.576523304}, "spk28": {"room10": -1.299331665}, "spk24": {"room1": 1.8949868680000002}, "spk12": {"room10": -1.172332168}, "spk8": {"room10": 0.596562684}, "spk17": {"room5": 1.7536395790000001, "room0": 0.9265381690000001}, "spk11": {"room3": -1.3540943859999999, "room4": 0.356846005, "room7": -1.127532125, "room2": -1.270422578, "room12": -0.13616088, "room9": -0.407348573}, "spk19": {"room4": -1.210740924, "room7": -1.710493684, "room12": -1.310381293}, "spk13": {"room4": 1.789895535, "room12": 0.25974184300000003}, "spk31": {"room10": -1.714733005}, "spk6": {"room10": 0.923828185}, "spk3": {"room3": 1.654018521, "room5": 0.87908262, "room7": 0.395870149, "room0": 1.5535962580000002, "room2": 1.413286924, "room9": 0.44398096200000003}, "spk0": {"room3": 4.1277794839999995}, "spk20": {"room10": -0.65975076}, "spk26": {"room2": 1.871063709}, "spk16": {"room3": 1.056845427, "room4": 0.630712509, "room7": 0.790137827, "room12": 0.469171196, "room9": 0.148709029}, "spk27": {"room5": 1.3096097709999999, "room0": 0.131936267}, "spk25": {"room1": 0.863508105}, "spk21": {"room3": 1.427110076, "room4": 1.75662446, "room2": 1.4004521369999998, "room12": 1.656041026}, "spk30": {"room4": -0.9830549359999999, "room2": -2.176141739, "room12": -1.448235512}, "spk4": {"room6": 0.093592875}, "spk14": {"room10": 1.912491322}, "spk7": {"room12": 0.6290040020000001}, "spk1": {"room5": 1.63269186, "room0": 1.5915611980000002}}}