{"meta": {"speaker": "spk0", "room": "room11"}, "data": {"spk22": {"room0": 0.973878562}, "spk10": {"room4": 0.618992865, "room12": 1.350815535}, "spk18": {"room5": -1.332325459, "room0": -1.488281727, "room2": -1.762583613}, "spk29": {"room10": 2.14731884}, "spk5": {"room3": 0.265832484, "room5": -0.19973564100000002, "room0": 0.6918071509999999}, "spk9": {"room4": 0.829934299, "room7": 0.6602380870000001, "room10": -0.280982733, "room12": 0.430156231, "room9": 0.906294048}, "spk2": {"room5": 0.148656785, "room0": 0.117609911}, "spk23": {"room4": 1.119832397, "room7": 2.038818836, "room2": 1.660123706, "room10": 0.196408555, "room12": 2.120205164, "room9": 1.281186342}, "spk15": {"room10": -1.179818749}, "spk28": {"room10": -1.7026673559999999}, "spk24": {"room1": 0.43553558}, "spk12": {"room10": -1.464835167}, "spk8": {"room10": 0.316137314}, "spk17": {"room5": 0.9437831040000001, "room0": 1.4220254419999998}, "spk11": {"room3": 0.17825546899999997, "room4": 1.0573128459999999, "room7": 0.036868796, "room2": -0.24708919199999999, "room12": 0.663438499, "room9": 1.393145919}, "spk19": {"room4": -1.611093163, "room7": -1.8185851569999998, "room12": -1.9785974030000002}, "spk13": {"room4": 1.79575026, "room12": 1.364522815}, "spk31": {"room10": -1.44337976}, "spk6": {"room10": -0.090192251}, "spk3": {"room3": 1.081877708, "room5": 1.309285402, "room7": 0.48417341700000005, "room0": 2.007136106, "room2": 0.886196733, "room9": 1.0596628190000001}, "spk0": {"room3": 4.908470154}, "spk20": {"room10": -0.710717857}, "spk26": {"room2": 1.785472274}, "spk16": {"room3": 2.400765657, "room4": 1.587251067, "room7": 2.474921465, "room12": 1.35974443, "room9": 1.632768154}, "spk27": {"room5": 1.409237981, "room0": 1.840491533}, "spk25": {"room1": 0.375604689}, "spk21": {"room3": 1.065676689, "room4": 1.7218407390000001, "room2": 1.206796885, "room12": 2.7248525619999997}, "spk30": {"room4": -1.4999543430000002, "room2": -2.255043745, "room12": -1.8701603409999998}, "spk4": {"room6": -0.8466599579999999}, "spk14": {"room10": 2.611238718}, "spk7": {"room12": -0.318992883}, "spk1": {"room5": 0.41324409799999995, "room0": 0.5235862729999999}}}