{"meta": {"speaker": "spk0", "room": "room8"}, "data": {"spk22": {"room0": 0.5410666470000001}, "spk10": {"room4": 1.8597522969999998, "room12": 1.702197313}, "spk18": {"room5": -1.362849355, "room0": -1.361501336, "room2": -1.3573695419999998}, "spk29": {"room10": 2.002658367}, "spk5": {"room3": 1.255019188, "room5": 1.029516459, "room0": 0.860530615}, "spk9": {"room4": 1.022848606, "room7": 1.271282315, "room10": 0.592419386, "room12": 0.931232572, "room9": 1.227834105}, "spk2": {"room5": 1.045132637, "room0": 1.552922249}, "spk23": {"room4": 2.050178289, "room7": 2.516420841, "room2": 2.199554682, "room10": 1.467973948, "room12": 2.487702131, "room9": 1.9584593769999998}, "spk15": {"room10": -0.243859529}, "spk28": {"room10": -1.698346734}, "spk24": {"room1": 0.214670405}, "spk12": {"room10": -1.200945258}, "spk8": {"room10": 0.791323841}, "spk17": {"room5": 2.118109703, "room0": 1.812670112}, "spk11": {"room3": -0.342548907, "room4": 0.537122071, "room7": -0.15151953699999998, "room2": -0.549105465, "room12": 0.169251665, "room9": 0.40086472}, "spk19": {"room4": -1.603610873, "room7": -1.6828954219999999, "room12": -1.7776365280000002}, "spk13": {"room4": 1.900753617, "room12": 0.8436885479999999}, "spk31": {"room10": -1.127476811}, "spk6": {"room10": 0.688366115}, "spk3": {"room3": 1.079805613, "room5": 1.7174326180000001, "room7": -0.006972501999999999, "room0": 0.832483292, "room2": 0.941256344, "room9": 0.580015779}, "spk0": {"room3": 3.614464045}, "spk20": {"room10": -0.667622983}, "spk26": {"room2": 1.970392942}, "spk16": {"room3": 1.951735139, "room4": -0.395498395, "room7": 0.915377915, "room12": 0.7952926159999999, "room9": 0.65407002}, "spk27": {"room5": 1.7955788369999999, "room0": 0.91429764}, "spk25": {"room1": 1.031257272}, "spk21": {"room3": 2.8249912260000003, "room4": 2.45548749, "room2": 2.296641588, "room12": 2.661720514}, "spk30": {"room4": -1.380546808, "room2": -2.580350161, "room12": -1.682809711}, "spk4": {"room6": -0.47791701600000003}, "spk14": {"room10": 0.38616851}, "spk7": {"room12": 0.5943285229999999}, "spk1": {"room5": 2.218862772, "room0": 1.371349335}}}