{"meta": {"speaker": "spk0", "room": "room13"}, "data": {"spk22": {"room0": 0.570830822}, "spk10": {"room4": 0.73594296, "room12": 0.435550034}, "spk18": {"room5": -2.148015499, "room0": -1.7480003830000002, "room2": -1.3724360469999999}, "spk29": {"room10": 2.932879448}, "spk5": {"room3": 2.201871395, "room5": 0.563342392, "room0": 1.52852118}, "spk9": {"room4": 0.114299931, "room7": 0.700184941, "room10": -0.37624982, "room12": 0.39454969799999995, "room9": 0.5491059420000001}, "spk2": {"room5": 0.727608085, "room0": 1.034288764}, "spk23": {"room4": 1.6828342680000001, "room7": 2.092543364, "room2": 2.1079723830000003, "room10": 1.302618265, "room12": 2.109371662, "room9": 2.062000275}, "spk15": {"room10": -0.95482415}, "spk28": {"room10": -1.037234545}, "spk24": {"room1": 1.056286573}, "spk12": {"room10": -0.945934415}, "spk8": {"room10": 0.273698449}, "spk17": {"room5": 1.316901684, "room0": 1.129390359}, "spk11": {"room3": 0.5292181970000001, "room4": 0.19961217, "room7": -0.530409813, "room2": 0.163129315, "room12": -0.177983195, "room9": 0.256590933}, "spk19": {"room4": -1.5834922790000001, "room7": -1.154047251, "room12": -1.788882256}, "spk13": {"room4": 0.45417732, "room12": 0.532806098}, "spk31": {"room10": -1.710352898}, "spk6": {"room10": 0.21899147300000002}, "spk3": {"room3": 2.337416887, "room5": 1.642076969, "room7": 1.334492087, "room0": 2.151592016, "room2": 2.337610722, "room9": 1.956759095}, "spk0": {"room3": 3.875462055}, "spk20": {"room10": -0.480649441}, "spk26": {"room2": 1.9169241190000001}, "spk16": {"room3": 2.4509422780000003, "room4": 0.5934244989999999, "room7": 1.3895692830000002, "room12": 0.05883313, "room9": 1.01879704}, "spk27": {"room5": 0.8906199929999999, "room0": 0.982227385}, "spk25": {"room1": 0.798451006}, "spk21": {"room3": 2.569195509, "room4": 1.673750043, "room2": 1.6160475019999998, "room12": 1.822074533}, "spk30": {"room4": -1.5357611180000001, "room2": -1.9974123240000001, "room12": -2.069063187}, "spk4": {"room6": 0.279401034}, "spk14": {"room10": 1.6257994169999999}, "spk7": {"room12": 0.637663901}, "spk1": {"room5": 1.523917675, "room0": 1.314085484}}}