{"meta": {"speaker": "spk0", "room": "room13"}, "data": {"spk22": {"room0": 1.354615331}, "spk10": {"room4": 1.108482122, "room12": 1.58039546}, "spk18": {"room5": -0.826210737, "room0": -0.8563097120000001, "room2": -1.310060859}, "spk29": {"room10": 2.1180601119999998}, "spk5": {"room3": 0.7126356359999999, "room5": 0.31171360600000003, "room0": 0.56071806}, "spk9": {"room4": 1.509688139, "room7": 1.622565269, "room10": 1.177817464, "room12": 1.627280712, "room9": 2.546663761}, "spk2": {"room5": 2.106043816, "room0": 1.6474344730000001}, "spk23": {"room4": 2.9048571589999996, "room7": 1.964858651, "room2": 2.5738933090000002, "room10": 1.395081878, "room12": 2.484779119, "room9": 1.232836962}, "spk15": {"room10": -0.611736178}, "spk28": {"room10": -0.7155182959999999}, "spk24": {"room1": -0.055518745999999994}, "spk12": {"room10": -1.080670595}, "spk8": {"room10": 1.4017922880000002}, "spk17": {"room5": 0.7758593559999999, "room0": 1.7350761890000002}, "spk11": {"room3": 2.372261047, "room4": 2.470824242, "room7": 2.083069324, "room2": 3.350485325, "room12": 2.331668139, "room9": 2.76607275}, "spk19": {"room4": -0.426819712, "room7": -0.7732725140000001, "room12": -1.164628863}, "spk13": {"room4": 2.3731775280000003, "room12": 2.624017239}, "spk31": {"room10": -0.664381504}, "spk6": {"room10": 0.15181672599999999}, "spk3": {"room3": 0.9855851529999999, "room5": 1.4168620109999999, "room7": 0.154263183, "room0": 1.6942366359999999, "room2": 0.943811238, "room9": 0.875212491}, "spk0": {"room3": 3.961651564}, "spk20": {"room10": 0.090043001}, "spk26": {"room2": 3.17988348}, "spk16": {"room3": 3.0586938860000004, "room4": 2.699564695, "room7": 3.940073729, "room12": 2.17821908, "room9": 3.793593407}, "spk27": {"room5": 0.380360097, "room0": 2.1061084269999997}, "spk25": {"room1": -0.072247162}, "spk21": {"room3": 0.9227209690000001, "room4": 0.17133081, "room2": 1.2844995259999998, "room12": 0.941512644}, "spk30": {"room4": -0.624966383, "room2": -1.801541209, "room12": -0.9583284259999999}, "spk4": {"room6": -0.559724331}, "spk14": {"room10": 1.90302372}, "spk7": {"room12": 0.6184609529999999}, "spk1": {"room5": 0.851841271, "room0": 1.574954271}}}