{"meta": {"speaker": "spk0", "room": "room11"}, "data": {"spk22": {"room0": 0.92584157}, "spk10": {"room4": 0.679545581, "room12": 1.9211424590000001}, "spk18": {"room5": -0.5361918210000001, "room0": -0.650468886, "room2": -0.915554643}, "spk29": {"room10": 1.177177191}, "spk5": {"room3": -1.2017701859999999, "room5": -1.381381989, "room0": -0.292005658}, "spk9": {"room4": 1.5035974980000002, "room7": 1.6268209219999998, "room10": 1.007275462, "room12": 1.5182920690000001, "room9": 2.344848871}, "spk2": {"room5": 1.0539948940000001, "room0": 1.354147196}, "spk23": {"room4": 0.454800129, "room7": 0.015657533, "room2": 1.374027729, "room10": 0.172571555, "room12": 1.153375387, "room9": 0.438979059}, "spk15": {"room10": -1.341970444}, "spk28": {"room10": -0.7627924079999999}, "spk24": {"room1": -0.18485094600000002}, "spk12": {"room10": -0.550326049}, "spk8": {"room10": -0.250222951}, "spk17": {"room5": 1.059220076, "room0": 0.144230828}, "spk11": {"room3": 0.606328547, "room4": 3.16407609, "room7": 1.6934764390000001, "room2": 0.40810090299999996, "room12": 3.4596138, "room9": 2.365424156}, "spk19": {"room4": -0.621906936, "room7": -0.8339339490000001, "room12": -1.001396537}, "spk13": {"room4": 2.84038496, "room12": 1.482320905}, "spk31": {"room10": -0.62295866}, "spk6": {"room10": 0.8729721309999999}, "spk3": {"room3": -0.45849713700000005, "room5": 1.517558455, "room7": 0.383420825, "room0": 1.037271976, "room2": 0.6430813670000001, "room9": 0.461778045}, "spk0": {"room3": 2.653930664}, "spk20": {"room10": 0.21865882}, "spk26": {"room2": 1.276435375}, "spk16": {"room3": 1.613057613, "room4": 2.664356709, "room7": 1.76386404, "room12": 3.640674829, "room9": 2.128619432}, "spk27": {"room5": 0.13940116800000002, "room0": 1.5553113219999999}, "spk25": {"room1": -0.666846752}, "spk21": {"room3": -0.162909999, "room4": -0.17235961600000002, "room2": 0.274981737, "room12": 0.33565083100000004}, "spk30": {"room4": -0.381974816, "room2": -1.137515783, "room12": -0.7394025329999999}, "spk4": {"room6": -1.053419471}, "spk14": {"room10": 3.9387078289999997}, "spk7": {"room12": -1.067513347}, "spk1": {"room5": 0.150284678, "room0": -0.641400933}}}