{"meta": {"speaker": "spk0", "room": "room13"}, "data": {"spk22": {"room0": 0.050916395999999996}, "spk10": {"room4": 1.132463574, "room12": 1.5991445780000002}, "spk18": {"room5": -1.157449126, "room0": -0.9152320620000001, "room2": -0.861011684}, "spk29": {"room10": 2.725692749}, "spk5": {"room3": 0.681881249, "room5": -0.150038332, "room0": 0.884499073}, "spk9": {"room4": -0.136623457, "room7": 0.435210139, "room10": -0.048433211, "room12": 0.179531902, "room9": 0.021774118999999998}, "spk2": {"room5": 0.217303723, "room0": 0.273293287}, "spk23": {"room4": 1.6604967119999998, "room7": 2.013816357, "room2": 2.94355154, "room10": 0.953903735, "room12": 1.842913628, "room9": 1.743174195}, "spk15": {"room10": -0.251766205}, "spk28": {"room10": -1.259428263}, "spk24": {"room1": 1.1922779079999999}, "spk12": {"room10": -0.666547537}, "spk8": {"room10": 1.502081275}, "spk17": {"room5": 0.796843767, "room0": 1.142205119}, "spk11": {"room3": 0.032686707, "room4": 0.21364328300000002, "room7": -1.308507204, "room2": -0.517662406, "room12": 0.412319124, "room9": 0.003431258}, "spk19": {"room4": -1.805379272, "room7": -1.355241537, "room12": -1.8457541469999998}, "spk13": {"room4": 0.881249428, "room12": 0.612909555}, "spk31": {"room10": -0.9505466220000001}, "spk6": {"room10": 1.679840446}, "spk3": {"room3": 1.395243645, "room5": 1.514800191, "room7": 0.5871310829999999, "room0": 1.056932449, "room2": 1.691510201, "room9": 0.87976265}, "spk0": {"room3": 3.953628302}, "spk20": {"room10": 0.05039987}, "spk26": {"room2": 2.640618801}, "spk16": {"room3": 1.571061373, "room4": -0.636300921, "room7": 0.892444193, "room12": -0.232961804, "room9": -0.452953935}, "spk27": {"room5": 0.8274779320000001, "room0": 1.003205776}, "spk25": {"room1": 1.2595164779999999}, "spk21": {"room3": 1.510438204, "room4": 1.213045835, "room2": 0.742752552, "room12": 1.022906542}, "spk30": {"room4": -1.1557043790000001, "room2": -1.3557298180000001, "room12": -0.691996217}, "spk4": {"room6": 0.5441927910000001}, "spk14": {"room10": 1.671845913}, "spk7": {"room12": 0.361259192}, "spk1": {"room5": 1.329406619, "room0": 1.019765019}}}