{"meta": {"speaker": "spk0", "room": "room3"}, "data": {"spk22": {"room0": 1.4014800790000002}, "spk10": {"room4": 1.44141233, "room12": 1.3687249419999998}, "spk18": {"room5": -1.36283648, "room0": -0.985393882, "room2": -0.7032281159999999}, "spk29": {"room10": 2.41783309}, "spk5": {"room3": 1.333468914, "room5": 0.782832503, "room0": 0.176039025}, "spk9": {"room4": 0.594234049, "room7": 1.049060225, "room10": 0.8018962140000001, "room12": 0.503938377, "room9": 1.0422710179999999}, "spk2": {"room5": -0.37471813, "room0": 0.13615614199999998}, "spk23": {"room4": 1.234347939, "room7": 2.49505353, "room2": 0.7504891159999999, "room10": 0.150527105, "room12": 1.462115645, "room9": 1.219937325}, "spk15": {"room10": -0.36433306299999996}, "spk28": {"room10": -0.48999640299999997}, "spk24": {"room1": 0.002107617}, "spk12": {"room10": -0.703195632}, "spk8": {"room10": 0.9997035259999999}, "spk17": {"room5": 0.162831888, "room0": 0.305542439}, "spk11": {"room3": 2.995826244, "room4": 1.850344539, "room7": 1.874029875, "room2": 3.1335728169999997, "room12": 1.4266033169999999, "room9": 2.5884459019999997}, "spk19": {"room4": -0.7993395329999999, "room7": -0.372633815, "room12": -1.141359448}, "spk13": {"room4": 1.594653726, "room12": 2.041963339}, "spk31": {"room10": -1.6052581069999998}, "spk6": {"room10": -0.089340821}, "spk3": {"room3": 1.7601345780000002, "room5": 0.56511122, "room7": 1.416274905, "room0": 1.68015027, "room2": 1.8653901819999998, "room9": 1.062176347}, "spk0": {"room3": 0.91338712}, "spk20": {"room10": -0.267950445}, "spk26": {"room2": 0.800680161}, "spk16": {"room3": 3.4558551310000003, "room4": 0.6855583190000001, "room7": 3.166666508, "room12": 0.044498794, "room9": 1.9513812069999998}, "spk27": {"room5": 0.214474663, "room0": 1.5226221080000002}, "spk25": {"room1": 1.608406425}, "spk21": {"room3": 1.5588443280000002, "room4": -0.05315616, "room2": 0.47087118, "room12": 1.064936876}, "spk30": {"room4": -0.6624656320000001, "room2": -0.7945539359999999, "room12": -0.865086675}, "spk4": {"room6": 0.720160365}, "spk14": {"room10": 0.763333082}, "spk7": {"room12": 1.425345302}, "spk1": {"room5": 1.5779142380000002, "room0": 2.731007576}}}