{"meta": {"speaker": "spk0", "room": "room13"}, "data": {"spk22": {"room0": -0.089234397}, "spk10": {"room4": 0.970259726, "room12": 0.7641406059999999}, "spk18": {"room5": -1.754999042, "room0": -1.501720428, "room2": -1.111589074}, "spk29": {"room10": 2.7873876089999996}, "spk5": {"room3": 1.654349089, "room5": 0.284053147, "room0": 1.242471933}, "spk9": {"room4": -0.087415643, "room7": 0.609421074, "room10": -0.185979232, "room12": 0.55976969, "room9": 0.361740679}, "spk2": {"room5": 1.331838369, "room0": 0.746376514}, "spk23": {"room4": 3.04442811, "room7": 3.0490665439999995, "room2": 2.9873631, "room10": 3.140280962, "room12": 3.5920910839999998, "room9": 3.094098091}, "spk15": {"room10": -0.415365815}, "spk28": {"room10": -0.9791128040000001}, "spk24": {"room1": 2.1642344}, "spk12": {"room10": -0.47491610100000003}, "spk8": {"room10": 0.7285101409999999}, "spk17": {"room5": 0.762092173, "room0": 1.561697245}, "spk11": {"room3": 0.20555421699999998, "room4": 0.097771242, "room7": -1.48301816, "room2": -0.248170316, "room12": -0.132309616, "room9": -0.814072967}, "spk19": {"room4": -1.591293454, "room7": -1.410956025, "room12": -1.2231633659999999}, "spk13": {"room4": 0.742979527, "room12": 0.346269339}, "spk31": {"room10": -1.579143643}, "spk6": {"room10": 1.246635795}, "spk3": {"room3": 1.314571857, "room5": 1.0822838540000002, "room7": 0.25876843899999996, "room0": 1.424201965, "room2": 1.6189320090000001, "room9": 1.408805132}, "spk0": {"room3": 4.496068954}, "spk20": {"room10": 0.06226277400000001}, "spk26": {"room2": 2.68465209}, "spk16": {"room3": 0.238850817, "room4": -0.242382005, "room7": -0.093619354, "room12": -0.233912438, "room9": -0.04862931}, "spk27": {"room5": 0.6988616590000001, "room0": 0.801436961}, "spk25": {"room1": 0.10889128599999999}, "spk21": {"room3": 1.552629948, "room4": 0.707880437, "room2": 0.9578176140000001, "room12": 0.476768136}, "spk30": {"room4": -1.218635321, "room2": -1.681813002, "room12": -0.71401757}, "spk4": {"room6": 1.48049438}, "spk14": {"room10": 1.153003573}, "spk7": {"room12": 0.7031097409999999}, "spk1": {"room5": 0.603125095, "room0": -0.117982239}}}