{"meta": {"speaker": "spk0", "room": "room8"}, "data": {"spk22": {"room0": 0.116454609}, "spk10": {"room4": 1.674184084, "room12": 1.5780757669999999}, "spk18": {"room5": -1.3988692759999999, "room0": -1.365321159, "room2": -1.586011887}, "spk29": {"room10": 1.853565216}, "spk5": {"room3": 0.18818152, "room5": -0.436584741, "room0": 0.22843632100000003}, "spk9": {"room4": 0.450596869, "room7": 1.2747818229999999, "room10": 0.8152844909999999, "room12": 1.283813238, "room9": 0.9405241609999999}, "spk2": {"room5": 0.533600092, "room0": 0.5294653770000001}, "spk23": {"room4": 1.566239595, "room7": 2.35768342, "room2": 1.768770456, "room10": 1.353420019, "room12": 2.283777237, "room9": 2.84613204}, "spk15": {"room10": -0.517596066}, "spk28": {"room10": -1.223171473}, "spk24": {"room1": 0.427742571}, "spk12": {"room10": -1.367369056}, "spk8": {"room10": 0.591345668}, "spk17": {"room5": 2.7263772489999996, "room0": 2.463637114}, "spk11": {"room3": -0.90072751, "room4": 0.8148341179999999, "room7": -0.443704993, "room2": -0.619310379, "room12": 0.47973960600000004, "room9": 0.19901222}, "spk19": {"room4": -1.762729049, "room7": -1.296521187, "room12": -1.6983015540000002}, "spk13": {"room4": 2.10625124, "room12": 1.1188807490000001}, "spk31": {"room10": -1.718361616}, "spk6": {"room10": 1.082045436}, "spk3": {"room3": 0.093829669, "room5": 0.699869871, "room7": -0.19499801100000003, "room0": -0.112334579, "room2": 0.582161307, "room9": -0.08755349400000001}, "spk0": {"room3": 3.381380796}, "spk20": {"room10": -0.823158264}, "spk26": {"room2": 2.583405256}, "spk16": {"room3": 1.6292240619999998, "room4": -0.10242120199999999, "room7": 0.278091431, "room12": -0.36410599899999996, "room9": 0.579470277}, "spk27": {"room5": 0.7030314209999999, "room0": 0.512495399}, "spk25": {"room1": 0.218210563}, "spk21": {"room3": 1.8378849030000002, "room4": 1.675210238, "room2": 2.5079712869999997, "room12": 1.991028905}, "spk30": {"room4": -1.34502542, "room2": -2.267183781, "room12": -1.910321355}, "spk4": {"room6": -0.256324321}, "spk14": {"room10": 1.138984442}, "spk7": {"room12": 0.401549101}, "spk1": {"room5": 2.887205362, "room0": 1.728931785}}}