{"meta": {"speaker": "spk0", "room": "room8"}, "data": {"spk22": {"room0": 0.491679639}, "spk10": {"room4": 1.65302372, "room12": 3.450677872}, "spk18": {"room5": -1.045696378, "room0": -1.33310926, "room2": -1.57316792}, "spk29": {"room10": 1.880371451}, "spk5": {"room3": -0.634529769, "room5": 0.011471704, "room0": 0.254642814}, "spk9": {"room4": 1.331396222, "room7": 1.366978765, "room10": 0.621446967, "room12": 1.165090919, "room9": 1.9448480609999999}, "spk2": {"room5": 1.3264504670000001, "room0": 0.8737427590000001}, "spk23": {"room4": 1.661510825, "room7": 2.1630663869999998, "room2": 1.473920822, "room10": 1.375027061, "room12": 2.449512005, "room9": 2.057303667}, "spk15": {"room10": -1.228283644}, "spk28": {"room10": -1.3329266309999999}, "spk24": {"room1": 0.47195160399999997}, "spk12": {"room10": -0.813631058}, "spk8": {"room10": 0.49309113600000004}, "spk17": {"room5": 3.5231723789999996, "room0": 4.063177586}, "spk11": {"room3": -1.6399598119999999, "room4": 0.211114153, "room7": -0.848705888, "room2": -1.172139645, "room12": 0.402525663, "room9": -0.034131818}, "spk19": {"room4": -1.1357558970000001, "room7": -0.829271138, "room12": -1.490115523}, "spk13": {"room4": 1.388827562, "room12": 1.063830614}, "spk31": {"room10": -1.212793946}, "spk6": {"room10": 1.262088776}, "spk3": {"room3": 0.46617341, "room5": 0.8837521079999999, "room7": -0.097651616, "room0": 0.455316275, "room2": -0.089015499, "room9": 0.574679017}, "spk0": {"room3": 3.782691002}, "spk20": {"room10": -0.256221384}, "spk26": {"room2": 1.6075768469999998}, "spk16": {"room3": 1.242222667, "room4": 0.12128961099999999, "room7": 1.499077797, "room12": 1.097514629, "room9": 0.49683404}, "spk27": {"room5": 2.583819866, "room0": 1.8934106830000001}, "spk25": {"room1": 1.207595468}, "spk21": {"room3": 2.220893145, "room4": 2.786310196, "room2": 1.997077346, "room12": 3.942926407}, "spk30": {"room4": -1.525897861, "room2": -2.5915048119999997, "room12": -1.6281270980000002}, "spk4": {"room6": -0.278817356}, "spk14": {"room10": 0.940455198}, "spk7": {"room12": 0.33791557}, "spk1": {"room5": 2.40443182, "room0": 1.45248127}}}