{"meta": {"speaker": "spk0", "room": "room11"}, "data": {"spk22": {"room0": -0.553293705}, "spk10": {"room4": 0.416264564, "room12": 1.2820541859999999}, "spk18": {"room5": -0.901533425, "room0": -1.0349617, "room2": -1.299986839}, "spk29": {"room10": 1.038106561}, "spk5": {"room3": -0.835254073, "room5": -1.435902715, "room0": -0.263668299}, "spk9": {"room4": -0.853878617, "room7": 0.660199821, "room10": -0.22506077600000002, "room12": -0.057255442999999996, "room9": 0.082319506}, "spk2": {"room5": 1.081209898, "room0": 0.9008781309999999}, "spk23": {"room4": 1.6648559569999999, "room7": 1.681675196, "room2": 2.8762333389999997, "room10": 1.8795089719999998, "room12": 2.533696413, "room9": 1.538869262}, "spk15": {"room10": -0.730650425}, "spk28": {"room10": -0.715203226}, "spk24": {"room1": 0.751074195}, "spk12": {"room10": -0.603640139}, "spk8": {"room10": 0.716050148}, "spk17": {"room5": 2.698087692, "room0": 1.792770386}, "spk11": {"room3": 0.494548053, "room4": -0.036131281, "room7": -1.2372558120000001, "room2": -0.629189432, "room12": -0.032223225, "room9": -0.51992619}, "spk19": {"room4": -1.298441648, "room7": -1.5783425569999998, "room12": -1.087315917}, "spk13": {"room4": 0.576797485, "room12": 0.279586613}, "spk31": {"room10": -0.874616981}, "spk6": {"room10": 0.755955398}, "spk3": {"room3": -0.16461257599999998, "room5": 0.424319386, "room7": -0.73951453, "room0": -0.150344715, "room2": 0.87107873, "room9": -0.46113303299999997}, "spk0": {"room3": 6.767736435}, "spk20": {"room10": 0.021785062}, "spk26": {"room2": 2.8716747760000003}, "spk16": {"room3": 0.856429219, "room4": -0.155650347, "room7": 0.554688931, "room12": 0.030740945, "room9": -0.319266468}, "spk27": {"room5": 0.629390776, "room0": 0.184758365}, "spk25": {"room1": -0.268460989}, "spk21": {"room3": -0.12373223900000001, "room4": 0.401414305, "room2": 1.5748486519999998, "room12": 0.39061108200000005}, "spk30": {"room4": -0.7022903559999999, "room2": -1.115124822, "room12": -1.258826971}, "spk4": {"room6": -0.24923734399999997}, "spk14": {"room10": 3.429010868}, "spk7": {"room12": 0.454634041}, "spk1": {"room5": 0.837771893, "room0": 0.233543873}}}