{"meta": {"speaker": "spk0", "room": "room11"}, "data": {"spk22": {"room0": -0.09368725900000001}, "spk10": {"room4": 1.447848201, "room12": 1.6638721230000002}, "spk18": {"room5": -2.050658464, "room0": -1.906201363, "room2": -1.7087471490000001}, "spk29": {"room10": 2.1750745769999997}, "spk5": {"room3": 1.907922626, "room5": 0.349982381, "room0": 1.390818834}, "spk9": {"room4": -0.173534036, "room7": 0.10806489, "room10": -0.8893935079999999, "room12": -0.396045059, "room9": -0.284077138}, "spk2": {"room5": 1.111455679, "room0": 0.008442425}, "spk23": {"room4": 2.914435148, "room7": 2.9377708439999997, "room2": 2.348547697, "room10": 2.346991777, "room12": 3.019761562, "room9": 2.046421528}, "spk15": {"room10": 0.096222982}, "spk28": {"room10": -1.346168518}, "spk24": {"room1": 0.5002986189999999}, "spk12": {"room10": -1.429626465}, "spk8": {"room10": 0.413506269}, "spk17": {"room5": 2.467610836, "room0": 0.859134793}, "spk11": {"room3": -0.740196347, "room4": -0.32302004100000004, "room7": -2.10715723, "room2": -2.096765041, "room12": -1.373206735, "room9": -0.5952458979999999}, "spk19": {"room4": -2.028789282, "room7": -1.82837832, "room12": -2.067186117}, "spk13": {"room4": 0.306030005, "room12": 0.721362948}, "spk31": {"room10": -1.520097256}, "spk6": {"room10": 0.274114877}, "spk3": {"room3": 2.35965538, "room5": 0.450073868, "room7": 0.199268997, "room0": 1.215059042, "room2": 1.478009105, "room9": 0.02020767}, "spk0": {"room3": 3.980531454}, "spk20": {"room10": -0.157332748}, "spk26": {"room2": 1.126087546}, "spk16": {"room3": 0.004819839, "room4": -0.8530914190000001, "room7": -0.812553227, "room12": -1.369117856, "room9": -1.113801837}, "spk27": {"room5": 0.5072894689999999, "room0": 0.050135773}, "spk25": {"room1": 0.636040211}, "spk21": {"room3": 2.060847759, "room4": 1.7629364730000001, "room2": 1.004193544, "room12": 0.7128388290000001}, "spk30": {"room4": -0.977247238, "room2": -2.383972883, "room12": -1.8070229290000002}, "spk4": {"room6": 0.43480822399999997}, "spk14": {"room10": 1.412728786}, "spk7": {"room12": -0.628301978}, "spk1": {"room5": 0.9079862240000001, "room0": 0.838181555}}}