{"meta": {"speaker": "spk0", "room": "room11"}, "data": {"spk22": {"room0": -0.189013928}, "spk10": {"room4": 0.836859047, "room12": 0.99519521}, "spk18": {"room5": -1.459445119, "room0": -1.6951675419999999, "room2": -1.626818895}, "spk29": {"room10": 1.2800693509999999}, "spk5": {"room3": 0.228407413, "room5": -0.5281863210000001, "room0": 0.240924269}, "spk9": {"room4": 0.351527333, "room7": 1.250177741, "room10": -0.186060593, "room12": 0.5437126760000001, "room9": 0.791555583}, "spk2": {"room5": 1.382660627, "room0": 1.5734126569999998}, "spk23": {"room4": 1.199238062, "room7": 1.5080790519999998, "room2": 1.4070907830000001, "room10": 1.5074945690000001, "room12": 2.776118755, "room9": 1.8923250440000001}, "spk15": {"room10": -0.9891263840000001}, "spk28": {"room10": -1.158188701}, "spk24": {"room1": 0.561033905}, "spk12": {"room10": -1.8011299369999998}, "spk8": {"room10": 0.484026045}, "spk17": {"room5": 1.755368948, "room0": 1.286405563}, "spk11": {"room3": -0.634731054, "room4": 0.710657001, "room7": -0.843266249, "room2": -0.9389851690000001, "room12": 0.256103158, "room9": 0.17923960100000003}, "spk19": {"room4": -1.983423114, "room7": -2.038403511, "room12": -1.9145829680000002}, "spk13": {"room4": 1.4564549919999998, "room12": 0.585822046}, "spk31": {"room10": -1.358812451}, "spk6": {"room10": 0.19471159600000001}, "spk3": {"room3": 0.7022915479999999, "room5": 0.8947039840000001, "room7": -0.22803825100000003, "room0": 0.7003669140000001, "room2": 0.9215989109999999, "room9": 0.15444687}, "spk0": {"room3": 4.342254639}, "spk20": {"room10": -1.317072988}, "spk26": {"room2": 1.7281112669999998}, "spk16": {"room3": 0.695343852, "room4": 0.5790188310000001, "room7": 0.892282784, "room12": 0.5527302620000001, "room9": 0.6208519339999999}, "spk27": {"room5": 0.543675125, "room0": 0.004793868}, "spk25": {"room1": -0.125253305}, "spk21": {"room3": 1.111212611, "room4": 1.219662786, "room2": 1.431461215, "room12": 1.7085289959999999}, "spk30": {"room4": -1.5989418030000002, "room2": -2.24054718, "room12": -2.0264382359999997}, "spk4": {"room6": -0.43826589}, "spk14": {"room10": 2.293297291}, "spk7": {"room12": -0.235827357}, "spk1": {"room5": 1.306376815, "room0": 0.8198073509999999}}}