{"meta": {"speaker": "spk0", "room": "room8"}, "data": {"spk22": {"room0": 0.06574443}, "spk10": {"room4": 1.446681261, "room12": 2.043849945}, "spk18": {"room5": -1.944694996, "room0": -1.63781476, "room2": -1.7468284369999998}, "spk29": {"room10": 2.0565717219999997}, "spk5": {"room3": 1.413862348, "room5": 0.981843114, "room0": 1.9169577359999999}, "spk9": {"room4": 0.896424115, "room7": 1.596478343, "room10": 0.872550368, "room12": 1.184937358, "room9": 1.1802167890000002}, "spk2": {"room5": 1.0728285309999999, "room0": 0.7441581490000001}, "spk23": {"room4": 2.295184135, "room7": 2.648170471, "room2": 2.896633387, "room10": 2.226757288, "room12": 2.4613275530000003, "room9": 2.984870672}, "spk15": {"room10": -0.599431872}, "spk28": {"room10": -1.018684149}, "spk24": {"room1": 0.351558506}, "spk12": {"room10": -1.194086075}, "spk8": {"room10": 0.804656982}, "spk17": {"room5": 2.1411395069999997, "room0": 1.652433395}, "spk11": {"room3": -0.5548689960000001, "room4": 0.32648810699999997, "room7": -0.537898123, "room2": -1.280634165, "room12": -0.46747362600000003, "room9": 0.002987348}, "spk19": {"room4": -1.613352895, "room7": -0.982963026, "room12": -2.11011076}, "spk13": {"room4": 1.417302489, "room12": 0.38760021299999997}, "spk31": {"room10": -1.689971209}, "spk6": {"room10": 0.195154697}, "spk3": {"room3": 1.110808969, "room5": 0.827731788, "room7": -0.048574857, "room0": 0.345486701, "room2": 0.317839652, "room9": 0.550378919}, "spk0": {"room3": 2.480541468}, "spk20": {"room10": -0.39312508700000004}, "spk26": {"room2": 0.97049588}, "spk16": {"room3": 1.9280523059999999, "room4": -0.964789569, "room7": 0.590183854, "room12": -0.398810059, "room9": 0.51280129}, "spk27": {"room5": 1.587909341, "room0": 0.885470986}, "spk25": {"room1": 1.560656071}, "spk21": {"room3": 1.85953033, "room4": 1.6165578369999998, "room2": 1.283116817, "room12": 1.961171508}, "spk30": {"room4": -1.492559433, "room2": -2.145586491, "room12": -1.460710406}, "spk4": {"room6": 0.531128645}, "spk14": {"room10": 0.5820035339999999}, "spk7": {"room12": 0.762954235}, "spk1": {"room5": 2.692100286, "room0": 1.6780450340000002}}}