{"meta": {"speaker": "spk0", "room": "room11"}, "data": {"spk22": {"room0": -0.365705758}, "spk10": {"room4": 1.634793758, "room12": 1.4059218169999999}, "spk18": {"room5": -2.171977997, "room0": -2.39952755, "room2": -1.925455689}, "spk29": {"room10": 2.52352047}, "spk5": {"room3": 1.4310108419999998, "room5": 0.9393672940000001, "room0": 1.897967815}, "spk9": {"room4": 0.7329360840000001, "room7": 0.921456575, "room10": 0.156029105, "room12": 0.899616063, "room9": 0.729986846}, "spk2": {"room5": 0.330891013, "room0": 0.351667881}, "spk23": {"room4": 2.856253862, "room7": 2.2976534369999997, "room2": 1.911403894, "room10": 2.02232933, "room12": 2.999089479, "room9": 2.630848885}, "spk15": {"room10": -0.655298471}, "spk28": {"room10": -1.167947412}, "spk24": {"room1": 0.7736492159999999}, "spk12": {"room10": -1.323252082}, "spk8": {"room10": -0.093930185}, "spk17": {"room5": 2.5153818130000003, "room0": 2.036524773}, "spk11": {"room3": -0.7705038190000001, "room4": 0.37416482, "room7": -0.8838461040000001, "room2": -1.199068546, "room12": -0.657201111, "room9": -0.34382274700000004}, "spk19": {"room4": -1.3526524309999999, "room7": -1.515616417, "room12": -1.5375479459999999}, "spk13": {"room4": 0.7839530109999999, "room12": -0.180739}, "spk31": {"room10": -1.7121341230000002}, "spk6": {"room10": 0.807506263}, "spk3": {"room3": 1.191642284, "room5": 1.282420516, "room7": 0.21976243, "room0": 0.8114358779999999, "room2": 0.43505942799999997, "room9": 1.251855969}, "spk0": {"room3": 3.760049105}, "spk20": {"room10": -1.123871207}, "spk26": {"room2": 1.241117239}, "spk16": {"room3": 1.9616434569999999, "room4": 0.63825047, "room7": 0.209566325, "room12": 0.015576575, "room9": 0.621204376}, "spk27": {"room5": 0.6774085759999999, "room0": 0.580914319}, "spk25": {"room1": 0.91007787}, "spk21": {"room3": 1.823806286, "room4": 1.129615903, "room2": 1.086149096, "room12": 1.13777256}, "spk30": {"room4": -1.2981100079999999, "room2": -2.0097880359999998, "room12": -1.880707979}, "spk4": {"room6": 0.55995208}, "spk14": {"room10": 0.9437568190000001}, "spk7": {"room12": 0.579616129}, "spk1": {"room5": 0.92666024, "room0": 0.734034181}}}