{"meta": {"speaker": "spk0", "room": "room13"}, "data": {"spk22": {"room0": 0.090732723}, "spk10": {"room4": 1.99271512, "room12": 0.8849617240000001}, "spk18": {"room5": -1.414847374, "room0": -1.3952682019999998, "room2": -1.42725122}, "spk29": {"room10": 2.250209093}, "spk5": {"room3": 1.69753015, "room5": 0.246257678, "room0": 0.457343578}, "spk9": {"room4": -0.710673928, "room7": -0.201999515, "room10": -0.20241113, "room12": -0.014486045, "room9": -0.255865842}, "spk2": {"room5": 0.9416163559999999, "room0": 0.41003254100000003}, "spk23": {"room4": 1.947401524, "room7": 2.7978584769999997, "room2": 1.436277628, "room10": 1.413924336, "room12": 1.99383831, "room9": 2.590898037}, "spk15": {"room10": -0.960216045}, "spk28": {"room10": -1.323055625}, "spk24": {"room1": 1.556552529}, "spk12": {"room10": -1.581691861}, "spk8": {"room10": 1.5860148669999998}, "spk17": {"room5": 2.1813015940000002, "room0": 1.69621551}, "spk11": {"room3": -0.493639648, "room4": -0.822428167, "room7": -1.86305213, "room2": -1.3049895759999999, "room12": -1.21865654, "room9": -1.125167847}, "spk19": {"room4": -1.8441907169999998, "room7": -1.145890474, "room12": -1.9974329469999998}, "spk13": {"room4": 0.016281553, "room12": -0.48386874799999996}, "spk31": {"room10": -2.005259991}, "spk6": {"room10": 0.674232781}, "spk3": {"room3": 0.676004052, "room5": 0.693875372, "room7": 0.332081676, "room0": 0.016454339, "room2": 1.119500518, "room9": -0.0006049019999999999}, "spk0": {"room3": 2.792831182}, "spk20": {"room10": -1.007325649}, "spk26": {"room2": 1.689589262}, "spk16": {"room3": 0.39255970700000004, "room4": -1.132883549, "room7": -0.396752328, "room12": -1.122927547, "room9": -0.488045365}, "spk27": {"room5": 0.45136192399999997, "room0": -0.885700881}, "spk25": {"room1": 0.29786947399999997}, "spk21": {"room3": 1.025924087, "room4": 1.923263311, "room2": 1.379194021, "room12": 1.5964331630000002}, "spk30": {"room4": -1.5709927080000001, "room2": -2.0665469169999997, "room12": -1.5513736009999999}, "spk4": {"room6": 1.0482034679999999}, "spk14": {"room10": 0.056803614}, "spk7": {"room12": 0.034468602}, "spk1": {"room5": 1.576092124, "room0": 0.885397315}}}