{"meta": {"speaker": "spk0", "room": "room13"}, "data": {"spk22": {"room0": 1.801131725}, "spk10": {"room4": 1.839144707, "room12": 0.8988934759999999}, "spk18": {"room5": -1.070789099, "room0": -0.9523180720000001, "room2": -0.933787107}, "spk29": {"room10": 1.827065468}, "spk5": {"room3": 1.14125073, "room5": 1.37880075, "room0": 0.218663484}, "spk9": {"room4": 2.696563005, "room7": 2.424997568, "room10": 1.932210803, "room12": 2.837880373, "room9": 3.289821625}, "spk2": {"room5": 3.2840483189999996, "room0": 2.198661327}, "spk23": {"room4": 1.8798882959999998, "room7": 2.754562378, "room2": 1.9098945859999998, "room10": 1.4532846209999999, "room12": 3.1377377510000004, "room9": 2.047629356}, "spk15": {"room10": -0.681145608}, "spk28": {"room10": -0.7832913990000001}, "spk24": {"room1": 0.336450398}, "spk12": {"room10": -0.405265749}, "spk8": {"room10": 1.296005487}, "spk17": {"room5": 1.719175577, "room0": 2.025918007}, "spk11": {"room3": 2.106820583, "room4": 2.115221739, "room7": 2.086865425, "room2": 2.119621038, "room12": 1.86683023, "room9": 2.858167887}, "spk19": {"room4": -0.7037622929999999, "room7": -0.744695365, "room12": -1.562502265}, "spk13": {"room4": 2.330306053, "room12": 2.930806875}, "spk31": {"room10": -1.5288184880000002}, "spk6": {"room10": -0.605024517}, "spk3": {"room3": 0.698948026, "room5": 0.976746917, "room7": 0.643709958, "room0": 1.244870663, "room2": 0.273905367, "room9": 0.593007147}, "spk0": {"room3": 2.621457338}, "spk20": {"room10": -0.555979252}, "spk26": {"room2": 0.239594534}, "spk16": {"room3": 3.061832428, "room4": 1.250894666, "room7": 1.953311443, "room12": 1.593365312, "room9": 2.162163496}, "spk27": {"room5": 3.2130789760000003, "room0": 3.5637154580000003}, "spk25": {"room1": 1.674416661}, "spk21": {"room3": 1.010221243, "room4": 0.262528777, "room2": 2.144114971, "room12": 1.243453503}, "spk30": {"room4": -0.464487463, "room2": -2.0044276709999997, "room12": -1.199388623}, "spk4": {"room6": 0.08420844400000001}, "spk14": {"room10": 0.913435698}, "spk7": {"room12": 0.42853078200000005}, "spk1": {"room5": 0.6448760029999999, "room0": 1.0419554709999999}}}