{"meta": {"speaker": "spk0", "room": "room8"}, "data": {"spk22": {"room0": 0.688290656}, "spk10": {"room4": 1.469765067, "room12": 1.043852091}, "spk18": {"room5": -1.6264892819999999, "room0": -1.363577008, "room2": -1.235273004}, "spk29": {"room10": 2.975825548}, "spk5": {"room3": 1.270510077, "room5": 1.568261266, "room0": 1.47935164}, "spk9": {"room4": 1.0753115420000001, "room7": 1.0969078540000001, "room10": 0.44281390299999995, "room12": 1.678131342, "room9": 1.434844494}, "spk2": {"room5": 0.197427601, "room0": 0.470728695}, "spk23": {"room4": 1.291244388, "room7": 2.325543165, "room2": 0.8039926890000001, "room10": 0.612085223, "room12": 1.795527101, "room9": 2.27901125}, "spk15": {"room10": -0.356101125}, "spk28": {"room10": -1.0951637029999999}, "spk24": {"room1": 0.18208392}, "spk12": {"room10": -1.069799542}, "spk8": {"room10": 1.101880193}, "spk17": {"room5": 1.7765641209999998, "room0": 2.706924677}, "spk11": {"room3": -0.19878011899999998, "room4": 1.328522325, "room7": 0.839658916, "room2": 0.529444873, "room12": 0.687186897, "room9": 0.812848508}, "spk19": {"room4": -1.431275368, "room7": -1.047511697, "room12": -1.5222837919999999}, "spk13": {"room4": 0.9630319479999999, "room12": 1.126266956}, "spk31": {"room10": -1.894489765}, "spk6": {"room10": 0.267584294}, "spk3": {"room3": 2.22883153, "room5": 1.637180686, "room7": 1.493804574, "room0": 1.8595881459999999, "room2": 2.008508921, "room9": 1.5573822259999999}, "spk0": {"room3": 1.156722069}, "spk20": {"room10": -0.777869582}, "spk26": {"room2": 0.547882557}, "spk16": {"room3": 3.2764718530000003, "room4": 0.28015968199999997, "room7": 1.376387, "room12": -0.041565187, "room9": 1.693277121}, "spk27": {"room5": 0.257111758, "room0": 0.468755335}, "spk25": {"room1": 1.6827450990000001}, "spk21": {"room3": 2.4146077630000002, "room4": 1.124163032, "room2": 1.288631558, "room12": 2.486798286}, "spk30": {"room4": -1.291160226, "room2": -1.87018013, "room12": -1.3033227920000001}, "spk4": {"room6": 0.5839310289999999}, "spk14": {"room10": 0.512860477}, "spk7": {"room12": 0.928789616}, "spk1": {"room5": 2.216653109, "room0": 1.763209581}}}