{"meta": {"speaker": "spk0", "room": "room8"}, "data": {"spk22": {"room0": 0.820237696}, "spk10": {"room4": 2.31067872, "room12": 1.569273591}, "spk18": {"room5": -1.693488121, "room0": -1.620393753, "room2": -1.6617561580000002}, "spk29": {"room10": 1.899904728}, "spk5": {"room3": 0.667801678, "room5": 0.7697891, "room0": 1.030611873}, "spk9": {"room4": 1.491026402, "room7": 1.261018515, "room10": 0.43357756700000005, "room12": 1.626772881, "room9": 1.770296574}, "spk2": {"room5": 1.318038225, "room0": 0.165453777}, "spk23": {"room4": 1.745286822, "room7": 2.147304535, "room2": 1.558706284, "room10": 1.371465325, "room12": 1.855635285, "room9": 2.678488493}, "spk15": {"room10": -1.4716693159999998}, "spk28": {"room10": -1.407584071}, "spk24": {"room1": -0.373959869}, "spk12": {"room10": -1.4940218930000002}, "spk8": {"room10": 0.703494072}, "spk17": {"room5": 1.760026932, "room0": 2.8461022380000003}, "spk11": {"room3": 0.190618619, "room4": 0.763746321, "room7": 0.45339366799999997, "room2": 0.11285361599999999, "room12": 0.246441141, "room9": 1.123669863}, "spk19": {"room4": -1.55674541, "room7": -1.3365738390000002, "room12": -1.897548199}, "spk13": {"room4": 1.160421371, "room12": 1.6793276069999998}, "spk31": {"room10": -1.996320724}, "spk6": {"room10": -0.453643024}, "spk3": {"room3": 0.7005915640000001, "room5": 0.504271269, "room7": 0.283028752, "room0": -0.048248038, "room2": 0.157646805, "room9": -0.183418617}, "spk0": {"room3": 1.661342621}, "spk20": {"room10": -1.157438993}, "spk26": {"room2": 0.976273477}, "spk16": {"room3": 2.4099576469999997, "room4": -0.102722906, "room7": 1.240281582, "room12": 0.321574211, "room9": 1.5577096940000001}, "spk27": {"room5": 1.685463905, "room0": 1.4703680280000002}, "spk25": {"room1": 0.864874482}, "spk21": {"room3": 2.022858143, "room4": 1.551074743, "room2": 1.7539029119999998, "room12": 2.761214733}, "spk30": {"room4": -1.681431174, "room2": -2.095724583, "room12": -1.9250795840000001}, "spk4": {"room6": -0.41405993700000004}, "spk14": {"room10": 0.77160722}, "spk7": {"room12": 0.8984622959999999}, "spk1": {"room5": 2.844061136, "room0": 2.310408354}}}