{"meta": {"speaker": "spk0", "room": "room13"}, "data": {"spk22": {"room0": 1.207948685}, "spk10": {"room4": 1.6729536059999999, "room12": 0.8977603909999999}, "spk18": {"room5": -0.910101116, "room0": -1.025798559, "room2": -0.7412449720000001}, "spk29": {"room10": 1.8512250190000001}, "spk5": {"room3": 0.691914618, "room5": 0.063335553, "room0": 0.355485141}, "spk9": {"room4": -0.380432934, "room7": 0.943146288, "room10": 0.14735695699999998, "room12": 0.565804541, "room9": 0.396981329}, "spk2": {"room5": 1.596960068, "room0": 0.95857358}, "spk23": {"room4": 1.99820447, "room7": 2.770808935, "room2": 2.6596348290000003, "room10": 2.419232845, "room12": 2.53695941, "room9": 2.1687099930000002}, "spk15": {"room10": -0.625323892}, "spk28": {"room10": -0.8728836179999999}, "spk24": {"room1": 1.5531628130000001}, "spk12": {"room10": -0.7784289120000001}, "spk8": {"room10": 0.327938765}, "spk17": {"room5": 2.8332073689999997, "room0": 1.313401461}, "spk11": {"room3": 0.039788816, "room4": 0.02254419, "room7": -0.966044426, "room2": -0.302233517, "room12": -0.7429860229999999, "room9": 0.275484025}, "spk19": {"room4": -1.252815843, "room7": -1.200379968, "room12": -1.374648452}, "spk13": {"room4": 0.983465075, "room12": 0.625359416}, "spk31": {"room10": -1.068374395}, "spk6": {"room10": 0.537778437}, "spk3": {"room3": -0.028884837000000003, "room5": 0.844668269, "room7": 0.546684504, "room0": 0.6941227320000001, "room2": 1.003547549, "room9": 1.417535424}, "spk0": {"room3": 3.259421825}, "spk20": {"room10": -0.418352216}, "spk26": {"room2": 1.143418074}, "spk16": {"room3": 0.417799443, "room4": -0.52943337, "room7": -0.061526610999999995, "room12": -0.626536667, "room9": 0.199288562}, "spk27": {"room5": 1.508921385, "room0": 1.2328641409999999}, "spk25": {"room1": 0.9552117590000001}, "spk21": {"room3": 1.356259465, "room4": 0.8740251059999999, "room2": 1.146202564, "room12": 0.276691705}, "spk30": {"room4": -1.199157834, "room2": -1.99271512, "room12": -1.329830766}, "spk4": {"room6": 1.03320694}, "spk14": {"room10": 0.889981925}, "spk7": {"room12": 1.5814238790000001}, "spk1": {"room5": 1.247138262, "room0": 1.036994696}}}