{"meta": {"speaker": "spk0", "room": "room13"}, "data": {"spk22": {"room0": 1.5029077530000001}, "spk10": {"room4": 1.133143306, "room12": 0.180914596}, "spk18": {"room5": -1.3549799919999999, "room0": -1.0927426820000001, "room2": -1.289600492}, "spk29": {"room10": 1.719990849}, "spk5": {"room3": 0.126950115, "room5": -0.193307653, "room0": -0.374735087}, "spk9": {"room4": -0.018887172, "room7": 0.6356156470000001, "room10": 0.179512709, "room12": 0.658665478, "room9": 0.44389185299999995}, "spk2": {"room5": 1.219781995, "room0": 0.8130937220000001}, "spk23": {"room4": 1.28108716, "room7": 1.86878407, "room2": 1.382308006, "room10": 1.142347574, "room12": 1.831394315, "room9": 1.856637955}, "spk15": {"room10": -1.238621593}, "spk28": {"room10": -1.393375754}, "spk24": {"room1": 1.566282868}, "spk12": {"room10": -1.119875193}, "spk8": {"room10": 0.368102521}, "spk17": {"room5": 2.031018257, "room0": 1.685482502}, "spk11": {"room3": 0.469600677, "room4": 0.768674374, "room7": -0.153729588, "room2": 0.461670429, "room12": -0.007200339, "room9": 0.6298999789999999}, "spk19": {"room4": -1.896941304, "room7": -1.638067603, "room12": -1.990107059}, "spk13": {"room4": 0.762556493, "room12": 0.209519967}, "spk31": {"room10": -1.588210464}, "spk6": {"room10": -0.35982158799999997}, "spk3": {"room3": 0.619225264, "room5": 0.49509015700000003, "room7": 0.771641672, "room0": 1.022795081, "room2": 1.330165267, "room9": 1.351640463}, "spk0": {"room3": 2.851189852}, "spk20": {"room10": -0.731055737}, "spk26": {"room2": 1.436960697}, "spk16": {"room3": 1.653841972, "room4": 0.277054548, "room7": 0.45499798700000005, "room12": 0.041954294, "room9": 1.289333463}, "spk27": {"room5": 0.320606202, "room0": 0.8121081590000001}, "spk25": {"room1": 0.5942992570000001}, "spk21": {"room3": 1.114814043, "room4": 1.124028563, "room2": 0.510365069, "room12": 0.404719025}, "spk30": {"room4": -1.195454359, "room2": -1.924453974, "room12": -2.110811949}, "spk4": {"room6": 0.149965867}, "spk14": {"room10": 0.50815165}, "spk7": {"room12": 0.687829494}, "spk1": {"room5": 1.078956723, "room0": 0.8610399959999999}}}