{"meta": {"speaker": "spk0", "room": "room8"}, "data": {"spk22": {"room0": 0.765174448}, "spk10": {"room4": 1.260227203, "room12": 3.190892696}, "spk18": {"room5": -0.504935205, "room0": -0.655562043, "room2": -1.102615833}, "spk29": {"room10": 2.7469871039999996}, "spk5": {"room3": 0.712051034, "room5": 1.187381387, "room0": 1.424305916}, "spk9": {"room4": 1.3255140779999999, "room7": 1.278404474, "room10": 0.010271874, "room12": 1.494220495, "room9": 1.22317946}, "spk2": {"room5": 1.07303524, "room0": 0.995678484}, "spk23": {"room4": 1.372249365, "room7": 2.483920813, "room2": 2.081929445, "room10": 2.002200365, "room12": 2.049888611, "room9": 2.297888994}, "spk15": {"room10": -0.555288136}, "spk28": {"room10": -0.940776706}, "spk24": {"room1": 0.349452019}, "spk12": {"room10": -0.510499001}, "spk8": {"room10": 0.621345222}, "spk17": {"room5": 2.769639492, "room0": 2.6104028219999997}, "spk11": {"room3": -0.948316455, "room4": 0.146863788, "room7": -0.81600678, "room2": -0.5455755, "room12": -0.561439276, "room9": 0.099205382}, "spk19": {"room4": -0.74293381, "room7": -0.390332878, "room12": -1.25982976}, "spk13": {"room4": 1.784724355, "room12": 1.595563531}, "spk31": {"room10": -1.4245001080000002}, "spk6": {"room10": 0.53634584}, "spk3": {"room3": 1.2141186000000002, "room5": 1.250986457, "room7": 0.034699768, "room0": 0.6925583479999999, "room2": 0.608128071, "room9": 0.969537199}, "spk0": {"room3": 1.9638971090000001}, "spk20": {"room10": -0.64942652}, "spk26": {"room2": 1.9135216469999998}, "spk16": {"room3": 2.229734182, "room4": -0.035594862000000005, "room7": 1.5722689630000002, "room12": 0.6763003470000001, "room9": 1.267735362}, "spk27": {"room5": 1.688409448, "room0": 1.336064696}, "spk25": {"room1": 1.712418795}, "spk21": {"room3": 2.782521248, "room4": 2.134842634, "room2": 2.353263617, "room12": 3.2594692710000004}, "spk30": {"room4": -1.02303791, "room2": -1.8807111980000002, "room12": -1.2532513140000001}, "spk4": {"room6": 0.23314033399999998}, "spk14": {"room10": 1.158699512}, "spk7": {"room12": 0.28711512699999997}, "spk1": {"room5": 2.505083323, "room0": 2.439782381}}}