{"meta": {"speaker": "spk0", "room": "room11"}, "data": {"spk22": {"room0": 1.0338462590000002}, "spk10": {"room4": 0.9742126459999999, "room12": 1.561023593}, "spk18": {"room5": -2.032218456, "room0": -1.776161909, "room2": -1.614890575}, "spk29": {"room10": 3.0864803789999997}, "spk5": {"room3": 2.221653938, "room5": 2.158011436, "room0": 2.46705389}, "spk9": {"room4": -0.109911799, "room7": 0.151832893, "room10": -1.083738685, "room12": 0.52059257, "room9": 0.413551182}, "spk2": {"room5": -0.21678029, "room0": -0.722581685}, "spk23": {"room4": 0.981348753, "room7": 2.0293385980000003, "room2": 1.310427666, "room10": 0.3132433, "room12": 1.436879873, "room9": 1.447866321}, "spk15": {"room10": -0.6863197090000001}, "spk28": {"room10": -1.348628521}, "spk24": {"room1": 0.84751004}, "spk12": {"room10": -1.422203064}, "spk8": {"room10": 0.263018519}, "spk17": {"room5": 1.789472222, "room0": 1.033586383}, "spk11": {"room3": -0.518717706, "room4": 1.396759272, "room7": 0.591923118, "room2": -0.702897787, "room12": 0.11408975, "room9": 1.096174955}, "spk19": {"room4": -1.828308702, "room7": -1.158889413, "room12": -1.9182112219999998}, "spk13": {"room4": 0.864246726, "room12": 0.671105981}, "spk31": {"room10": -1.5573467019999998}, "spk6": {"room10": -0.39850956200000004}, "spk3": {"room3": 2.468447447, "room5": 1.3512355090000001, "room7": 1.332651854, "room0": 2.60636878, "room2": 1.674311399, "room9": 1.714595675}, "spk0": {"room3": 2.5035541059999997}, "spk20": {"room10": -0.431452006}, "spk26": {"room2": -0.24833174}, "spk16": {"room3": 2.948909998, "room4": 1.4538095, "room7": 2.437708616, "room12": 0.9737694259999999, "room9": 2.558697224}, "spk27": {"room5": 0.6940901279999999, "room0": 1.2349764109999999}, "spk25": {"room1": 0.7364755270000001}, "spk21": {"room3": 2.105244398, "room4": 1.414349914, "room2": 0.764263928, "room12": 2.657350779}, "spk30": {"room4": -1.5854365830000001, "room2": -2.214767933, "room12": -1.865475178}, "spk4": {"room6": 0.064087279}, "spk14": {"room10": 1.688169122}, "spk7": {"room12": -0.12478320300000001}, "spk1": {"room5": 1.6371994019999998, "room0": 0.873663843}}}