{"meta": {"speaker": "spk0", "room": "room11"}, "data": {"spk22": {"room0": 1.346860647}, "spk10": {"room4": 1.565820217, "room12": 1.570580006}, "spk18": {"room5": -0.7968281509999999, "room0": -0.9385799770000001, "room2": -0.9116044040000001}, "spk29": {"room10": 2.75251627}, "spk5": {"room3": 0.6066315170000001, "room5": 0.078765303, "room0": 1.012852788}, "spk9": {"room4": 2.660241604, "room7": 2.7488174439999997, "room10": 1.6251480580000002, "room12": 2.770366669, "room9": 2.834659815}, "spk2": {"room5": 1.42838037, "room0": 0.925028622}, "spk23": {"room4": 2.699998856, "room7": 2.471371174, "room2": 3.640500069, "room10": 2.012318134, "room12": 2.645619869, "room9": 2.150214434}, "spk15": {"room10": -0.26536351399999997}, "spk28": {"room10": -0.489560306}, "spk24": {"room1": 0.172722548}, "spk12": {"room10": -0.21114926}, "spk8": {"room10": 0.108235747}, "spk17": {"room5": 2.316610098, "room0": 1.307983398}, "spk11": {"room3": 0.266621917, "room4": 2.746307135, "room7": 0.7360515590000001, "room2": -0.251798421, "room12": 2.043850422, "room9": 2.501772404}, "spk19": {"room4": -1.211673141, "room7": -1.2743532659999999, "room12": -1.6408507819999998}, "spk13": {"room4": 3.1333138939999996, "room12": 2.087617874}, "spk31": {"room10": -0.630740941}, "spk6": {"room10": 0.24495409399999998}, "spk3": {"room3": 1.6470317840000002, "room5": 1.938640475, "room7": 0.844141603, "room0": 1.541449308, "room2": 1.8804708719999998, "room9": 1.844257355}, "spk0": {"room3": 3.9518647189999996}, "spk20": {"room10": 0.38755875799999995}, "spk26": {"room2": 1.6805557009999998}, "spk16": {"room3": 2.386804342, "room4": 2.055129766, "room7": 1.329707384, "room12": 2.378985405, "room9": 2.84428215}, "spk27": {"room5": 1.347204566, "room0": 2.457966328}, "spk25": {"room1": 1.857440591}, "spk21": {"room3": 1.676419735, "room4": 0.848645926, "room2": 0.858309627, "room12": 1.169810414}, "spk30": {"room4": -0.35384219899999997, "room2": -1.4563682080000002, "room12": -0.8734740609999999}, "spk4": {"room6": 0.31752339}, "spk14": {"room10": 2.656396151}, "spk7": {"room12": 0.300628453}, "spk1": {"room5": 0.618077755, "room0": -0.000961409}}}