{"meta": {"speaker": "spk0", "room": "room8"}, "data": {"spk22": {"room0": 1.804688334}, "spk10": {"room4": 1.320586801, "room12": 0.714728177}, "spk18": {"room5": -0.7977251409999999, "room0": -0.813665926, "room2": -0.870251358}, "spk29": {"room10": 0.773548186}, "spk5": {"room3": -0.011107902, "room5": -0.037984874, "room0": -0.090648115}, "spk9": {"room4": 1.5597449540000001, "room7": 1.2587101459999999, "room10": 1.4759769440000001, "room12": 1.3422329430000002, "room9": 2.093718767}, "spk2": {"room5": 0.574576974, "room0": 0.45737499}, "spk23": {"room4": 0.39764028799999995, "room7": 0.728944302, "room2": 0.950607359, "room10": -0.121526152, "room12": 1.275558591, "room9": 0.8816373940000001}, "spk15": {"room10": -0.7052321429999999}, "spk28": {"room10": -0.77192533}, "spk24": {"room1": -0.329004377}, "spk12": {"room10": -0.88754648}, "spk8": {"room10": -0.0026023039999999997}, "spk17": {"room5": 0.817608118, "room0": 0.970556855}, "spk11": {"room3": -0.086627014, "room4": 2.327910423, "room7": 1.7119930980000002, "room2": 0.648681045, "room12": 1.743489265, "room9": 2.061547995}, "spk19": {"room4": -0.9681698679999999, "room7": -0.9114319679999999, "room12": -1.237400174}, "spk13": {"room4": 1.708775282, "room12": 1.213579416}, "spk31": {"room10": -1.152057528}, "spk6": {"room10": -0.19249311100000002}, "spk3": {"room3": 0.433412969, "room5": 0.450536758, "room7": 0.139189869, "room0": 0.75829649, "room2": -0.045565575, "room9": 0.579355955}, "spk0": {"room3": 0.696834087}, "spk20": {"room10": -0.524671972}, "spk26": {"room2": 0.7906591890000001}, "spk16": {"room3": 1.685825229, "room4": 1.31752038, "room7": 2.707017422, "room12": 2.0025017259999998, "room9": 2.37490654}, "spk27": {"room5": 0.390266657, "room0": 1.006269336}, "spk25": {"room1": 0.069661662}, "spk21": {"room3": 1.0686591859999999, "room4": 0.9815371629999999, "room2": 1.029651165, "room12": 1.9934788940000001}, "spk30": {"room4": -0.894071043, "room2": -1.730328918, "room12": -0.875645757}, "spk4": {"room6": -0.768753767}, "spk14": {"room10": 1.226763487}, "spk7": {"room12": 0.009363143}, "spk1": {"room5": 1.553207994, "room0": 1.461236119}}}