{"meta": {"speaker": "spk0", "room": "room8"}, "data": {"spk22": {"room0": 0.249439493}, "spk10": {"room4": 1.25287652, "room12": 1.847485185}, "spk18": {"room5": -1.39329505, "room0": -1.074993968, "room2": -1.3856632709999999}, "spk29": {"room10": 1.3679986000000002}, "spk5": {"room3": -0.162955433, "room5": 0.26959997399999996, "room0": 0.052250419000000006}, "spk9": {"room4": 0.139399469, "room7": -0.045810210999999997, "room10": -0.877908111, "room12": 0.167725176, "room9": 0.233801827}, "spk2": {"room5": 0.256107718, "room0": 1.084622264}, "spk23": {"room4": 0.383174568, "room7": 0.5191966889999999, "room2": 0.426018536, "room10": -0.006861611, "room12": 0.33675205700000005, "room9": 0.41587880299999996}, "spk15": {"room10": -0.568678916}, "spk28": {"room10": -1.303165793}, "spk24": {"room1": 0.198258817}, "spk12": {"room10": -1.274981856}, "spk8": {"room10": 0.673589289}, "spk17": {"room5": 1.5935469869999999, "room0": 2.1382818219999997}, "spk11": {"room3": -0.642074227, "room4": 0.745688915, "room7": -0.529966712, "room2": -1.108999848, "room12": 0.041994903, "room9": 1.6150386330000002}, "spk19": {"room4": -0.867376864, "room7": -0.483325571, "room12": -1.00884366}, "spk13": {"room4": 0.34901431200000005, "room12": 1.047357082}, "spk31": {"room10": -1.91742301}, "spk6": {"room10": 0.369983613}, "spk3": {"room3": 0.8780361409999999, "room5": 2.510899305, "room7": 1.095977426, "room0": 0.611455679, "room2": 1.8607167009999999, "room9": 1.001348376}, "spk0": {"room3": 0.38337028}, "spk20": {"room10": -0.95940423}, "spk26": {"room2": 1.746052265}, "spk16": {"room3": 2.886239052, "room4": -0.520018816, "room7": 0.772111475, "room12": -0.504716873, "room9": 0.172359243}, "spk27": {"room5": 0.093998186, "room0": 0.123827115}, "spk25": {"room1": -0.048491228}, "spk21": {"room3": 1.2066175940000001, "room4": 1.110647202, "room2": 0.533283293, "room12": 2.1761198040000003}, "spk30": {"room4": -1.21976912, "room2": -2.30821681, "room12": -1.223757982}, "spk4": {"room6": -0.441239566}, "spk14": {"room10": 3.272385597}, "spk7": {"room12": -0.285850495}, "spk1": {"room5": 2.005456686, "room0": 1.082830191}}}