{"meta": {"speaker": "spk0", "room": "room8"}, "data": {"spk22": {"room0": -0.05115978}, "spk10": {"room4": 1.260186911, "room12": 1.943709612}, "spk18": {"room5": -1.6524827480000002, "room0": -1.308441997, "room2": -1.620721459}, "spk29": {"room10": 1.373769403}, "spk5": {"room3": -0.7313464279999999, "room5": -0.6961013079999999, "room0": 0.173299715}, "spk9": {"room4": 0.6233049629999999, "room7": 0.608496904, "room10": 0.221120313, "room12": 0.561440885, "room9": 0.689810812}, "spk2": {"room5": -0.242453933, "room0": 1.449555874}, "spk23": {"room4": 1.115188956, "room7": 1.137951255, "room2": 2.018421173, "room10": 1.1143684390000002, "room12": 0.795204163, "room9": 1.336330175}, "spk15": {"room10": -0.530157089}, "spk28": {"room10": -0.7210058570000001}, "spk24": {"room1": 0.165371776}, "spk12": {"room10": -0.666733265}, "spk8": {"room10": 0.375145555}, "spk17": {"room5": 1.55093503, "room0": 1.378429413}, "spk11": {"room3": -1.212271333, "room4": 0.169778302, "room7": -1.0797925, "room2": -1.182412744, "room12": -0.243746445, "room9": -0.045517769000000007}, "spk19": {"room4": -1.299123287, "room7": -0.776692092, "room12": -1.785903335}, "spk13": {"room4": 2.241858482, "room12": 1.0219787359999999}, "spk31": {"room10": -1.4348876480000001}, "spk6": {"room10": 1.264632702}, "spk3": {"room3": 0.525180995, "room5": 0.38335105799999997, "room7": -1.026764035, "room0": -0.771485269, "room2": 0.18461914399999999, "room9": -0.621239662}, "spk0": {"room3": 2.6181619169999997}, "spk20": {"room10": -0.8564518090000001}, "spk26": {"room2": 2.722358227}, "spk16": {"room3": 1.38257587, "room4": -0.24526888100000002, "room7": -0.14185676, "room12": -0.840201676, "room9": -0.068665266}, "spk27": {"room5": 0.615535915, "room0": -0.089627765}, "spk25": {"room1": 0.12571048699999998}, "spk21": {"room3": 2.050653696, "room4": 2.0462000369999997, "room2": 1.7578270440000001, "room12": 2.62497282}, "spk30": {"room4": -1.058837414, "room2": -2.016534567, "room12": -1.485743523}, "spk4": {"room6": -0.13408491}, "spk14": {"room10": 1.378142595}, "spk7": {"room12": -0.068134479}, "spk1": {"room5": 2.401936769, "room0": 1.3483905790000001}}}