{"meta": {"speaker": "spk0", "room": "room13"}, "data": {"spk22": {"room0": 0.648745835}, "spk10": {"room4": 0.836102784, "room12": 0.0401765}, "spk18": {"room5": -1.539452553, "room0": -1.245734811, "room2": -1.0689862970000001}, "spk29": {"room10": 2.284615755}, "spk5": {"room3": 0.663353026, "room5": 0.017947523, "room0": 0.400021821}, "spk9": {"room4": 0.159697875, "room7": 0.546988487, "room10": 0.22422556600000002, "room12": 1.27159071, "room9": 0.547354639}, "spk2": {"room5": 0.9061918259999999, "room0": 1.021390915}, "spk23": {"room4": 2.6473116869999997, "room7": 3.19771862, "room2": 2.995948792, "room10": 2.9283201689999996, "room12": 3.811179638, "room9": 2.332102537}, "spk15": {"room10": -1.071381927}, "spk28": {"room10": -1.100849628}, "spk24": {"room1": 2.091791868}, "spk12": {"room10": -1.114692569}, "spk8": {"room10": 1.6687124969999998}, "spk17": {"room5": 2.060872555, "room0": 1.951285481}, "spk11": {"room3": 0.14434801, "room4": 0.566700697, "room7": -1.16369009, "room2": -0.665263653, "room12": -0.592211485, "room9": -0.04902691}, "spk19": {"room4": -1.176389813, "room7": -1.3571104999999999, "room12": -1.7553125619999999}, "spk13": {"room4": 0.86817956, "room12": 0.693288386}, "spk31": {"room10": -0.729546547}, "spk6": {"room10": 0.264732808}, "spk3": {"room3": 0.576975346, "room5": 1.1045002940000002, "room7": -0.1261902, "room0": 0.983846545, "room2": 1.775625944, "room9": 1.152176976}, "spk0": {"room3": 4.031994343}, "spk20": {"room10": -0.7986692190000001}, "spk26": {"room2": 3.194863558}, "spk16": {"room3": 0.44258472299999996, "room4": 0.13843244300000002, "room7": -0.314278871, "room12": -0.662036002, "room9": 0.13228634}, "spk27": {"room5": 0.690276384, "room0": 0.286615729}, "spk25": {"room1": 0.7602758409999999}, "spk21": {"room3": 1.172565103, "room4": 1.1195384259999999, "room2": 1.117575645, "room12": 0.876822412}, "spk30": {"room4": -1.268346786, "room2": -1.93018496, "room12": -1.20094955}, "spk4": {"room6": 0.211484671}, "spk14": {"room10": 1.03841424}, "spk7": {"room12": 1.189356446}, "spk1": {"room5": 0.6306599970000001, "room0": 0.655815542}}}