{"meta": {"speaker": "spk0", "room": "room13"}, "data": {"spk22": {"room0": 0.332232237}, "spk10": {"room4": 0.354934067, "room12": 0.13319309099999999}, "spk18": {"room5": -1.1199080940000001, "room0": -0.954836309, "room2": -1.069255114}, "spk29": {"room10": 2.7326979639999998}, "spk5": {"room3": 0.214225158, "room5": 0.242336899, "room0": 0.44647532700000003}, "spk9": {"room4": 1.064325809, "room7": 1.907777786, "room10": 0.817777932, "room12": 1.496185303, "room9": 1.142856836}, "spk2": {"room5": 1.8962669369999998, "room0": 1.310141206}, "spk23": {"room4": 1.8762457369999999, "room7": 2.465371132, "room2": 3.4121475219999997, "room10": 2.19307065, "room12": 2.741024733, "room9": 2.6928575039999996}, "spk15": {"room10": -0.5972346070000001}, "spk28": {"room10": -0.839074552}, "spk24": {"room1": 1.47610724}, "spk12": {"room10": -0.7100440259999999}, "spk8": {"room10": 0.763895452}, "spk17": {"room5": 0.8431441190000001, "room0": 1.102422714}, "spk11": {"room3": 1.5206761359999998, "room4": 0.921138048, "room7": -0.009628603000000001, "room2": 0.902341545, "room12": 0.385277063, "room9": 0.451658189}, "spk19": {"room4": -1.123811364, "room7": -0.93367362, "room12": -1.0227978229999999}, "spk13": {"room4": 1.8383886809999999, "room12": 0.17638523899999997}, "spk31": {"room10": -0.597087145}, "spk6": {"room10": 0.219855964}, "spk3": {"room3": 0.9687014820000001, "room5": 1.2084900140000001, "room7": 0.110234261, "room0": 0.858068466, "room2": 1.477093697, "room9": 1.006369591}, "spk0": {"room3": 4.175040722}, "spk20": {"room10": -0.057581417}, "spk26": {"room2": 2.660660505}, "spk16": {"room3": 1.3820190430000001, "room4": -0.11282227199999999, "room7": 0.66974169, "room12": 0.137232259, "room9": 0.416051745}, "spk27": {"room5": 0.881735444, "room0": 0.665792167}, "spk25": {"room1": 0.5456963779999999}, "spk21": {"room3": 1.289193869, "room4": 0.98621279, "room2": 1.450590491, "room12": 1.04964602}, "spk30": {"room4": -0.759971559, "room2": -1.292222261, "room12": -1.1708458659999998}, "spk4": {"room6": 0.376736432}, "spk14": {"room10": 0.333144426}, "spk7": {"room12": 0.170416787}, "spk1": {"room5": 1.419350266, "room0": 0.453155905}}}