{"meta": {"speaker": "spk0", "room": "room8"}, "data": {"spk22": {"room0": 0.212730765}, "spk10": {"room4": 1.319883108, "room12": 2.117727995}, "spk18": {"room5": -1.672784209, "room0": -1.548047543, "room2": -1.624749899}, "spk29": {"room10": 1.638139248}, "spk5": {"room3": 0.522011042, "room5": 0.827021241, "room0": 1.26341629}, "spk9": {"room4": 1.229412913, "room7": 1.046100855, "room10": -0.48109754899999996, "room12": 0.70539844, "room9": 1.0968887809999999}, "spk2": {"room5": 0.556361973, "room0": 0.934745431}, "spk23": {"room4": 1.257324219, "room7": 1.719010353, "room2": 1.870099425, "room10": 0.955367625, "room12": 1.9931182859999999, "room9": 2.0612959859999997}, "spk15": {"room10": -0.600297987}, "spk28": {"room10": -1.039639115}, "spk24": {"room1": 1.0101535320000001}, "spk12": {"room10": -1.6749939919999999}, "spk8": {"room10": 1.135723352}, "spk17": {"room5": 2.126889944, "room0": 2.4950234890000003}, "spk11": {"room3": -0.643327832, "room4": 0.57162571, "room7": -0.767462492, "room2": -0.550570726, "room12": 0.260671914, "room9": 0.5696253179999999}, "spk19": {"room4": -1.37674582, "room7": -1.112133384, "room12": -1.510407805}, "spk13": {"room4": 0.959502339, "room12": 1.189205647}, "spk31": {"room10": -1.5686614509999999}, "spk6": {"room10": 1.300753236}, "spk3": {"room3": 1.229851842, "room5": 0.20775601300000002, "room7": 0.18443563600000001, "room0": 0.965481281, "room2": 0.58224839, "room9": 0.7274921540000001}, "spk0": {"room3": 2.559011221}, "spk20": {"room10": -1.0854139329999999}, "spk26": {"room2": 1.580854416}, "spk16": {"room3": 2.329351187, "room4": 0.227005318, "room7": 1.964541078, "room12": 0.7469819190000001, "room9": 1.072752476}, "spk27": {"room5": 0.736249864, "room0": 1.515443325}, "spk25": {"room1": 0.457499534}, "spk21": {"room3": 2.196045399, "room4": 2.37844348, "room2": 2.052721739, "room12": 2.981884956}, "spk30": {"room4": -1.172469378, "room2": -1.831288099, "room12": -1.726240396}, "spk4": {"room6": 0.08685632800000001}, "spk14": {"room10": 1.274368405}, "spk7": {"room12": 1.323327303}, "spk1": {"room5": 2.489532948, "room0": 2.253608942}}}