{"meta": {"speaker": "spk0", "room": "room13"}, "data": {"spk22": {"room0": 0.133405015}, "spk10": {"room4": 0.552264988, "room12": 0.76367873}, "spk18": {"room5": -1.353145599, "room0": -1.683311939, "room2": -1.5867799519999999}, "spk29": {"room10": 1.751928329}, "spk5": {"room3": -0.509764075, "room5": -0.102365077, "room0": 0.030587481}, "spk9": {"room4": 0.075107493, "room7": -0.58737725, "room10": -0.838832974, "room12": 0.187001303, "room9": 0.049199297999999995}, "spk2": {"room5": -0.071905784, "room0": 0.6730141040000001}, "spk23": {"room4": 1.022698402, "room7": 0.872040987, "room2": 1.275928259, "room10": 0.790964782, "room12": 1.121191502, "room9": 1.7128292319999998}, "spk15": {"room10": -0.442122281}, "spk28": {"room10": -1.65510571}, "spk24": {"room1": 0.183404118}, "spk12": {"room10": -1.263639688}, "spk8": {"room10": 1.264663935}, "spk17": {"room5": 0.31330975899999997, "room0": 0.569169104}, "spk11": {"room3": 0.701977015, "room4": 0.336503625, "room7": 0.043917395, "room2": 0.200246438, "room12": -0.0063322230000000005, "room9": 0.441423357}, "spk19": {"room4": -1.814677954, "room7": -1.4827327730000002, "room12": -1.7240533830000002}, "spk13": {"room4": 0.864458919, "room12": 0.600496531}, "spk31": {"room10": -1.9473329780000002}, "spk6": {"room10": 0.315833569}, "spk3": {"room3": 0.782843173, "room5": 1.237645745, "room7": 0.055903312000000004, "room0": 0.537650764, "room2": 1.035232067, "room9": 0.533353984}, "spk0": {"room3": 4.39157486}, "spk20": {"room10": -0.435236275}, "spk26": {"room2": 1.641761065}, "spk16": {"room3": 0.856692791, "room4": -0.6690880060000001, "room7": 0.451360375, "room12": -0.804854095, "room9": -0.25224396600000004}, "spk27": {"room5": 0.965231597, "room0": 0.986899376}, "spk25": {"room1": -0.07210008799999999}, "spk21": {"room3": 1.8608146909999999, "room4": 1.450957894, "room2": 0.694424093, "room12": 1.335201859}, "spk30": {"room4": -1.7414417269999998, "room2": -2.589826345, "room12": -1.8098384140000001}, "spk4": {"room6": -0.23282235899999998}, "spk14": {"room10": 0.8085977440000001}, "spk7": {"room12": -0.577392757}, "spk1": {"room5": 2.04019618, "room0": 1.38493681}}}