{"meta": {"speaker": "spk0", "room": "room11"}, "data": {"spk22": {"room0": 1.25638783}, "spk10": {"room4": 1.110239983, "room12": 1.298771381}, "spk18": {"room5": -2.262656689, "room0": -2.134713411, "room2": -1.8585784440000002}, "spk29": {"room10": 2.526185513}, "spk5": {"room3": 0.579397798, "room5": 0.124838926, "room0": 0.870023489}, "spk9": {"room4": 1.796758413, "room7": 2.0266926290000002, "room10": 0.695297837, "room12": 1.63935113, "room9": 1.755420685}, "spk2": {"room5": 0.271216661, "room0": 1.015032887}, "spk23": {"room4": 1.95950377, "room7": 2.469239235, "room2": 2.453947067, "room10": 1.2271970509999999, "room12": 2.571438551, "room9": 2.317050695}, "spk15": {"room10": -0.755369902}, "spk28": {"room10": -1.7116810080000002}, "spk24": {"room1": 0.706923425}, "spk12": {"room10": -1.362761974}, "spk8": {"room10": 0.638533473}, "spk17": {"room5": 1.5080368519999998, "room0": 0.970680773}, "spk11": {"room3": 1.019729853, "room4": 1.2622168059999999, "room7": 0.309645891, "room2": 0.35082414700000003, "room12": 1.367334604, "room9": 1.583099842}, "spk19": {"room4": -1.899532557, "room7": -1.946791172, "room12": -2.228158236}, "spk13": {"room4": 1.755657077, "room12": 0.9319201709999999}, "spk31": {"room10": -1.977828741}, "spk6": {"room10": 0.437580705}, "spk3": {"room3": 1.790485501, "room5": 1.301562548, "room7": 0.76550287, "room0": 1.81818676, "room2": 1.483670235, "room9": 1.441234827}, "spk0": {"room3": 5.157421589}, "spk20": {"room10": -0.9207595590000001}, "spk26": {"room2": 2.193374634}, "spk16": {"room3": 2.535702229, "room4": 1.479908824, "room7": 1.8617874380000001, "room12": 1.0729800459999999, "room9": 1.29946816}, "spk27": {"room5": 1.808620811, "room0": 2.558408499}, "spk25": {"room1": 0.832829237}, "spk21": {"room3": 1.953707576, "room4": 1.6776065830000002, "room2": 1.736620426, "room12": 2.204945803}, "spk30": {"room4": -1.5557338, "room2": -2.334629059, "room12": -2.545540094}, "spk4": {"room6": -0.530945063}, "spk14": {"room10": 2.293208361}, "spk7": {"room12": 1.236385584}, "spk1": {"room5": 0.990124583, "room0": 0.948551714}}}