{"meta": {"speaker": "spk0", "room": "room11"}, "data": {"spk22": {"room0": 1.335469127}, "spk10": {"room4": 1.707026124, "room12": 1.479344964}, "spk18": {"room5": -1.576229453, "room0": -1.8572806119999998, "room2": -1.671464801}, "spk29": {"room10": 1.771827936}, "spk5": {"room3": -0.86858505, "room5": -0.750189722, "room0": 0.067876235}, "spk9": {"room4": 0.664588809, "room7": 2.443952799, "room10": 0.396890312, "room12": 0.9005125159999999, "room9": 1.956462145}, "spk2": {"room5": 2.1282866, "room0": 1.238183975}, "spk23": {"room4": 1.766720176, "room7": 2.560447216, "room2": 2.627968788, "room10": 1.88127625, "room12": 3.559335232, "room9": 2.324359655}, "spk15": {"room10": -1.5095438959999998}, "spk28": {"room10": -1.555076718}, "spk24": {"room1": 0.194562122}, "spk12": {"room10": -1.510062814}, "spk8": {"room10": 0.17964699899999997}, "spk17": {"room5": 1.8769611119999998, "room0": 2.098124027}, "spk11": {"room3": 1.68455565, "room4": 2.071618557, "room7": 0.335406274, "room2": -0.11620701800000001, "room12": 1.868265986, "room9": 1.473534226}, "spk19": {"room4": -1.758307934, "room7": -1.81024754, "room12": -2.185975552}, "spk13": {"room4": 1.6469824309999999, "room12": 1.55239284}, "spk31": {"room10": -2.080434561}, "spk6": {"room10": 0.514550626}, "spk3": {"room3": 0.36544609100000003, "room5": 1.03412497, "room7": 0.103696026, "room0": 1.182106018, "room2": -0.064356968, "room9": 0.7931177620000001}, "spk0": {"room3": 5.342693328999999}, "spk20": {"room10": -0.300656408}, "spk26": {"room2": 1.5845694540000002}, "spk16": {"room3": 1.610319614, "room4": 1.482507706, "room7": 1.3394587040000001, "room12": 0.962938011, "room9": 0.997268736}, "spk27": {"room5": 2.569001675, "room0": 3.0717008110000004}, "spk25": {"room1": 0.437468618}, "spk21": {"room3": 0.5946977729999999, "room4": 1.048357964, "room2": 0.70026207, "room12": 1.1309660670000001}, "spk30": {"room4": -1.135530949, "room2": -2.14287138, "room12": -2.076159477}, "spk4": {"room6": -0.668838561}, "spk14": {"room10": 2.7820947169999997}, "spk7": {"room12": 0.101342954}, "spk1": {"room5": 1.4310584069999999, "room0": 0.35335081799999996}}}