{"meta": {"speaker": "spk0", "room": "room11"}, "data": {"spk22": {"room0": 0.80388689}, "spk10": {"room4": 1.3820114140000002, "room12": 1.727238894}, "spk18": {"room5": -0.945658326, "room0": -1.0419923070000001, "room2": -0.926689923}, "spk29": {"room10": 1.2795414920000001}, "spk5": {"room3": 0.67880398, "room5": 0.370983392, "room0": 1.236709833}, "spk9": {"room4": 2.082646132, "room7": 1.371949434, "room10": 0.934033751, "room12": 1.923246861, "room9": 2.77923274}, "spk2": {"room5": 0.085740305, "room0": 0.047724515}, "spk23": {"room4": 1.293059707, "room7": 0.353253692, "room2": 1.269506335, "room10": -0.216242656, "room12": 1.7010945080000002, "room9": 1.500787735}, "spk15": {"room10": -1.073006153}, "spk28": {"room10": -0.782128513}, "spk24": {"room1": -0.389449835}, "spk12": {"room10": -0.538161695}, "spk8": {"room10": -0.21890603}, "spk17": {"room5": 2.1242764, "room0": 2.153259277}, "spk11": {"room3": 0.7976756690000001, "room4": 2.64753437, "room7": 1.239987254, "room2": 0.20600543899999998, "room12": 3.360601664, "room9": 3.549134731}, "spk19": {"room4": -0.535609365, "room7": -0.48466154899999997, "room12": -1.323277831}, "spk13": {"room4": 2.0786938669999997, "room12": 2.297383785}, "spk31": {"room10": -1.133871913}, "spk6": {"room10": 0.833474815}, "spk3": {"room3": 0.297224879, "room5": 1.3118790390000001, "room7": 0.17541492, "room0": 1.261553764, "room2": 0.104649715, "room9": 0.645586193}, "spk0": {"room3": 4.678967953}, "spk20": {"room10": 0.473023146}, "spk26": {"room2": 1.4500159030000002}, "spk16": {"room3": 3.0746665, "room4": 3.8717913630000003, "room7": 3.9961342810000002, "room12": 3.971219778, "room9": 3.204043865}, "spk27": {"room5": 0.265018225, "room0": 1.900431156}, "spk25": {"room1": 0.026073419}, "spk21": {"room3": 1.3057026859999998, "room4": 1.062330127, "room2": 1.499591589, "room12": 1.428312302}, "spk30": {"room4": -0.485635042, "room2": -1.4872608180000002, "room12": -1.0520907640000001}, "spk4": {"room6": -0.659271181}, "spk14": {"room10": 4.340182304}, "spk7": {"room12": -0.383458346}, "spk1": {"room5": 1.065342903, "room0": -0.05520305}}}