{"meta": {"speaker": "spk0", "room": "room13"}, "data": {"spk22": {"room0": 0.669756413}, "spk10": {"room4": 1.9547697309999998, "room12": 1.237916708}, "spk18": {"room5": -0.956335783, "room0": -0.753781557, "room2": -0.963202417}, "spk29": {"room10": 2.379741669}, "spk5": {"room3": 0.17583125800000002, "room5": 0.26142624, "room0": 0.312229097}, "spk9": {"room4": 0.70481652, "room7": 1.233022928, "room10": 0.8242520090000001, "room12": 1.281860471, "room9": 1.3703991169999998}, "spk2": {"room5": 2.2385997769999997, "room0": 1.860515237}, "spk23": {"room4": 2.379417181, "room7": 3.394644022, "room2": 4.028790951, "room10": 2.888503313, "room12": 3.642470837, "room9": 2.257510662}, "spk15": {"room10": -0.809713125}, "spk28": {"room10": -1.06384325}, "spk24": {"room1": 0.646215439}, "spk12": {"room10": -0.573488772}, "spk8": {"room10": 2.6139516830000002}, "spk17": {"room5": 1.068956017, "room0": 2.334694624}, "spk11": {"room3": 2.132582426, "room4": 2.201427937, "room7": 0.8099399209999999, "room2": 2.7535219189999998, "room12": 1.154567122, "room9": 2.274344206}, "spk19": {"room4": -1.2739042040000002, "room7": -1.325966835, "room12": -0.9452908640000001}, "spk13": {"room4": 2.972200155, "room12": 2.665425539}, "spk31": {"room10": -0.851125777}, "spk6": {"room10": -0.10075894699999999}, "spk3": {"room3": 0.783286273, "room5": 1.351141453, "room7": -0.130083784, "room0": 1.197294235, "room2": 1.039728761, "room9": 0.337262124}, "spk0": {"room3": 4.703900814}, "spk20": {"room10": -0.382469684}, "spk26": {"room2": 3.715089798}, "spk16": {"room3": 2.9247081280000002, "room4": 0.104959756, "room7": 1.95450449, "room12": 0.44069674600000003, "room9": 1.34668231}, "spk27": {"room5": 1.0870654579999999, "room0": 2.0343227390000003}, "spk25": {"room1": 0.671569645}, "spk21": {"room3": 1.795530558, "room4": 0.74000746, "room2": 1.725680232, "room12": 1.893393278}, "spk30": {"room4": -0.862193525, "room2": -1.942598104, "room12": -1.02173233}, "spk4": {"room6": -0.020472861999999998}, "spk14": {"room10": 1.356673241}, "spk7": {"room12": 1.530641675}, "spk1": {"room5": 1.04368484, "room0": 1.7048765419999998}}}