{"meta": {"speaker": "spk0", "room": "room3"}, "data": {"spk22": {"room0": 1.064362407}, "spk10": {"room4": 1.146468878, "room12": -0.033219699}, "spk18": {"room5": -1.466746211, "room0": -1.336335063, "room2": -1.03654623}, "spk29": {"room10": 2.479839563}, "spk5": {"room3": 1.4103963380000002, "room5": 1.024380684, "room0": 0.29623732}, "spk9": {"room4": 1.4357128140000002, "room7": 1.746234655, "room10": 1.005471826, "room12": 1.619925976, "room9": 2.08234477}, "spk2": {"room5": 0.490157127, "room0": 0.68338716}, "spk23": {"room4": 0.8728527429999999, "room7": 1.215326667, "room2": 0.247525677, "room10": -0.13167309800000002, "room12": 0.551746845, "room9": 0.44045823799999995}, "spk15": {"room10": -0.8605677490000001}, "spk28": {"room10": -0.59291923}, "spk24": {"room1": 0.95960629}, "spk12": {"room10": -0.7253953809999999}, "spk8": {"room10": 0.559339225}, "spk17": {"room5": -0.06793253099999999, "room0": 0.011811676}, "spk11": {"room3": 3.9669365880000003, "room4": 2.076470613, "room7": 2.567872047, "room2": 2.94011569, "room12": 1.6145108940000001, "room9": 2.89763689}, "spk19": {"room4": -0.856793404, "room7": -0.798928857, "room12": -1.637044311}, "spk13": {"room4": 0.9831193690000001, "room12": 0.672573566}, "spk31": {"room10": -1.57299602}, "spk6": {"room10": -0.349545479}, "spk3": {"room3": 1.365753889, "room5": 1.329177022, "room7": 1.950973511, "room0": 2.456759691, "room2": 2.365949869, "room9": 2.4781844619999998}, "spk0": {"room3": 2.0262405869999998}, "spk20": {"room10": -0.422342509}, "spk26": {"room2": 0.262009233}, "spk16": {"room3": 4.283856392, "room4": 1.521415353, "room7": 2.8170671460000003, "room12": 0.729473948, "room9": 1.832000852}, "spk27": {"room5": 0.45640122899999996, "room0": 1.75934124}, "spk25": {"room1": 1.501412868}, "spk21": {"room3": 1.083326101, "room4": -0.5886666770000001, "room2": -0.166509137, "room12": -0.47372376899999996}, "spk30": {"room4": -0.420640379, "room2": -0.357320189, "room12": -0.940152347}, "spk4": {"room6": 0.45905694399999997}, "spk14": {"room10": 0.8421139120000001}, "spk7": {"room12": 1.069522619}, "spk1": {"room5": 0.634851277, "room0": 1.664714575}}}