{"meta": {"speaker": "spk0", "room": "room11"}, "data": {"spk22": {"room0": 2.124586821}, "spk10": {"room4": 0.9534211159999999, "room12": 2.7113585469999997}, "spk18": {"room5": -0.862932384, "room0": -0.929062188, "room2": -1.206522107}, "spk29": {"room10": 2.4642593859999997}, "spk5": {"room3": -0.7316094040000001, "room5": -0.695675135, "room0": 0.43611651700000004}, "spk9": {"room4": 2.490461111, "room7": 1.456971288, "room10": 0.46159121399999997, "room12": 2.230435371, "room9": 1.978881598}, "spk2": {"room5": 0.7606271509999999, "room0": 0.928629279}, "spk23": {"room4": 2.618630886, "room7": 2.0628237719999998, "room2": 4.357987881000001, "room10": 1.674722672, "room12": 3.023508787, "room9": 1.317596316}, "spk15": {"room10": -0.708274066}, "spk28": {"room10": -0.845599949}, "spk24": {"room1": 0.268148541}, "spk12": {"room10": -0.42250770299999996}, "spk8": {"room10": -0.8957089779999999}, "spk17": {"room5": 1.6822483540000002, "room0": 0.477625906}, "spk11": {"room3": 0.089218684, "room4": 3.8647058010000004, "room7": 1.07526207, "room2": 0.078658327, "room12": 2.2196469309999998, "room9": 2.588991642}, "spk19": {"room4": -1.1798312659999999, "room7": -1.2134971620000001, "room12": -1.9135841130000002}, "spk13": {"room4": 4.0347285269999995, "room12": 2.544053078}, "spk31": {"room10": -0.684507132}, "spk6": {"room10": 0.634293735}, "spk3": {"room3": 2.383491516, "room5": 1.8686712980000002, "room7": 1.7298910619999999, "room0": 3.11421442, "room2": 0.5886614920000001, "room9": 1.684069157}, "spk0": {"room3": 4.1226272580000005}, "spk20": {"room10": 0.077923454}, "spk26": {"room2": 1.5535566809999999}, "spk16": {"room3": 2.31191659, "room4": 2.54173398, "room7": 1.823563337, "room12": 2.568323374, "room9": 3.2883660789999998}, "spk27": {"room5": 0.403978437, "room0": 2.592493057}, "spk25": {"room1": -0.053369768}, "spk21": {"room3": 0.823082268, "room4": 0.771554291, "room2": 0.641571701, "room12": 0.9397509690000001}, "spk30": {"room4": -0.47060769799999996, "room2": -1.549826503, "room12": -0.7428338529999999}, "spk4": {"room6": -0.294656426}, "spk14": {"room10": 3.62082386}, "spk7": {"room12": -0.8728783729999999}, "spk1": {"room5": 0.965198934, "room0": 0.670156062}}}