{"meta": {"speaker": "spk0", "room": "room11"}, "data": {"spk22": {"room0": 0.8853947520000001}, "spk10": {"room4": 1.7688810830000001, "room12": 1.505936146}, "spk18": {"room5": -1.723871946, "room0": -1.970885873, "room2": -1.888549566}, "spk29": {"room10": 2.774650574}, "spk5": {"room3": 1.4123259780000001, "room5": 1.590027452, "room0": 1.3763518330000002}, "spk9": {"room4": 1.295555234, "room7": 0.84766984, "room10": 1.0230011940000001, "room12": 2.079761982, "room9": 2.152848482}, "spk2": {"room5": 0.032633081, "room0": -0.009804968}, "spk23": {"room4": 1.324824452, "room7": 1.5071368219999999, "room2": 1.074142694, "room10": 0.9054571990000001, "room12": 0.9910547140000001, "room9": 1.464437246}, "spk15": {"room10": -0.342695743}, "spk28": {"room10": -1.477204084}, "spk24": {"room1": -0.048785642000000004}, "spk12": {"room10": -1.3463907240000001}, "spk8": {"room10": 0.509981632}, "spk17": {"room5": -0.033677988, "room0": 0.435094625}, "spk11": {"room3": 0.126922846, "room4": 2.584159136, "room7": 2.135538816, "room2": 0.932780445, "room12": 1.072263956, "room9": 2.987557888}, "spk19": {"room4": -2.000709772, "room7": -1.6955564019999998, "room12": -2.257388592}, "spk13": {"room4": 1.245575547, "room12": 1.44451201}, "spk31": {"room10": -2.135732174}, "spk6": {"room10": -0.410888046}, "spk3": {"room3": 2.1090734, "room5": 0.615516126, "room7": 1.111904025, "room0": 2.1104402540000002, "room2": 1.603641391, "room9": 1.700389504}, "spk0": {"room3": 2.499288559}, "spk20": {"room10": -0.8203907009999999}, "spk26": {"room2": -0.156097606}, "spk16": {"room3": 4.335556507, "room4": 1.648676038, "room7": 4.123118401, "room12": 1.783892751, "room9": 3.5979006289999997}, "spk27": {"room5": 0.35998505399999997, "room0": 1.5335119959999999}, "spk25": {"room1": 0.170377895}, "spk21": {"room3": 2.313804865, "room4": 0.785161674, "room2": 1.190621376, "room12": 2.230321646}, "spk30": {"room4": -1.5273984669999998, "room2": -2.512716293, "room12": -1.913687944}, "spk4": {"room6": -0.37415909799999997}, "spk14": {"room10": 1.684126735}, "spk7": {"room12": 0.391224235}, "spk1": {"room5": 2.225208282, "room0": 2.167900324}}}