{"meta": {"speaker": "spk0", "room": "room13"}, "data": {"spk22": {"room0": 0.12009304}, "spk10": {"room4": 1.133975744, "room12": 0.7842270140000001}, "spk18": {"room5": -1.182023764, "room0": -1.436946869, "room2": -0.939437807}, "spk29": {"room10": 3.2736539839999996}, "spk5": {"room3": 1.068443179, "room5": 1.146279573, "room0": 1.6848942040000001}, "spk9": {"room4": 1.777042866, "room7": 2.648038626, "room10": 0.57245779, "room12": 1.757608294, "room9": 1.404196739}, "spk2": {"room5": 1.4185135359999999, "room0": 1.727937698}, "spk23": {"room4": 3.3587341310000003, "room7": 3.1143612860000003, "room2": 2.7767300610000003, "room10": 2.204107046, "room12": 2.650679111, "room9": 3.2950954439999998}, "spk15": {"room10": -0.561803877}, "spk28": {"room10": -1.741166592}, "spk24": {"room1": 1.9232857230000002}, "spk12": {"room10": -1.289985895}, "spk8": {"room10": 1.06833005}, "spk17": {"room5": 3.440794706, "room0": 3.345452547}, "spk11": {"room3": 0.247863322, "room4": 1.044575453, "room7": 0.216551527, "room2": -0.379259557, "room12": 0.527004123, "room9": 1.2448101040000001}, "spk19": {"room4": -1.935377717, "room7": -1.544132829, "room12": -1.825775027}, "spk13": {"room4": 1.7114953990000001, "room12": 0.6600519420000001}, "spk31": {"room10": -1.631481767}, "spk6": {"room10": 0.736129045}, "spk3": {"room3": 0.788598597, "room5": 1.1065341229999999, "room7": 0.051423962999999996, "room0": 1.193348289, "room2": 0.816865444, "room9": 1.117865443}, "spk0": {"room3": 5.417559624}, "spk20": {"room10": -0.831017375}, "spk26": {"room2": 3.1277625560000004}, "spk16": {"room3": 1.760568142, "room4": 1.324026227, "room7": 0.750789464, "room12": 0.11962375, "room9": 1.470759273}, "spk27": {"room5": 2.0997853280000003, "room0": 1.675928116}, "spk25": {"room1": 1.55785799}, "spk21": {"room3": 1.812283158, "room4": 1.6352815630000002, "room2": 0.972212255, "room12": 1.690443635}, "spk30": {"room4": -1.6257052419999998, "room2": -2.179927349, "room12": -2.0228912830000003}, "spk4": {"room6": 0.513454199}, "spk14": {"room10": 1.050723791}, "spk7": {"room12": 2.1297690869999997}, "spk1": {"room5": 1.153257966, "room0": 0.612184823}}}