{"meta": {"speaker": "spk0", "room": "room8"}, "data": {"spk22": {"room0": 0.85531199}, "spk10": {"room4": 1.46902597, "room12": 1.53835535}, "spk18": {"room5": -1.878602624, "room0": -1.397726536, "room2": -1.384476304}, "spk29": {"room10": 1.211613894}, "spk5": {"room3": -0.541280627, "room5": -0.392486304, "room0": -0.681650758}, "spk9": {"room4": 0.818721831, "room7": 0.82466954, "room10": 0.298567712, "room12": 1.503129959, "room9": 1.231727242}, "spk2": {"room5": 0.452793419, "room0": 0.697389245}, "spk23": {"room4": 0.7544620040000001, "room7": 1.03253901, "room2": 0.561646283, "room10": 0.091710106, "room12": 1.7432415490000002, "room9": 0.987066388}, "spk15": {"room10": -1.1143013240000001}, "spk28": {"room10": -0.728355408}, "spk24": {"room1": -0.045147825}, "spk12": {"room10": -1.2349442240000001}, "spk8": {"room10": -0.09820359199999999}, "spk17": {"room5": 1.265797257, "room0": 2.178429127}, "spk11": {"room3": -0.939186513, "room4": 1.2891646620000001, "room7": -0.510840535, "room2": -0.881867945, "room12": 0.563315928, "room9": 0.13352716}, "spk19": {"room4": -1.769343734, "room7": -1.552477717, "room12": -2.289441109}, "spk13": {"room4": 1.430465817, "room12": 0.142847314}, "spk31": {"room10": -1.821701169}, "spk6": {"room10": 0.166939482}, "spk3": {"room3": 0.720166445, "room5": 0.81772995, "room7": 0.29387092600000003, "room0": 0.66362077, "room2": 0.31185171, "room9": 0.731334388}, "spk0": {"room3": 0.683087766}, "spk20": {"room10": -1.1613881590000001}, "spk26": {"room2": 0.980695248}, "spk16": {"room3": 1.873927712, "room4": -0.10142441099999999, "room7": 0.80796504, "room12": 0.63998127, "room9": 0.598361671}, "spk27": {"room5": 0.8505454659999999, "room0": 1.7176156040000001}, "spk25": {"room1": 0.49827083899999997}, "spk21": {"room3": 0.643866003, "room4": 0.9446215029999999, "room2": 0.128932834, "room12": 1.837192774}, "spk30": {"room4": -1.376878262, "room2": -2.592218161, "room12": -1.4403324130000001}, "spk4": {"room6": -0.6592858429999999}, "spk14": {"room10": 1.8719996209999998}, "spk7": {"room12": 0.326739967}, "spk1": {"room5": 1.508138776, "room0": 1.461330056}}}