{"meta": {"speaker": "spk0", "room": "room11"}, "data": {"spk22": {"room0": 0.9206505420000001}, "spk10": {"room4": 0.984859884, "room12": 0.8186742659999999}, "spk18": {"room5": -2.083729982, "room0": -2.09600234, "room2": -1.579342484}, "spk29": {"room10": 2.87233758}, "spk5": {"room3": 1.3668297530000002, "room5": 1.160822272, "room0": 1.571995258}, "spk9": {"room4": 1.007310271, "room7": 1.5980198380000001, "room10": 0.763511598, "room12": 1.806453466, "room9": 1.33779943}, "spk2": {"room5": 0.7917643190000001, "room0": 0.230348393}, "spk23": {"room4": 1.7977503540000002, "room7": 2.219827175, "room2": 2.367083788, "room10": 1.074780583, "room12": 2.441346169, "room9": 2.42271781}, "spk15": {"room10": -0.63000077}, "spk28": {"room10": -1.006452799}, "spk24": {"room1": 1.056667447}, "spk12": {"room10": -1.268529773}, "spk8": {"room10": 0.42804369299999995}, "spk17": {"room5": 2.313366175, "room0": 1.8160449269999999}, "spk11": {"room3": 0.37882539600000004, "room4": 0.9200823309999999, "room7": -0.23083785199999998, "room2": 0.042015227999999995, "room12": 0.259305954, "room9": 0.550916195}, "spk19": {"room4": -1.64412868, "room7": -1.507771969, "room12": -2.017125607}, "spk13": {"room4": 1.129271626, "room12": 1.05751574}, "spk31": {"room10": -1.668120861}, "spk6": {"room10": -0.047062822000000004}, "spk3": {"room3": 1.7516288759999998, "room5": 1.4046001430000001, "room7": 0.705970347, "room0": 1.6996277569999998, "room2": 2.06429553, "room9": 1.6115801330000001}, "spk0": {"room3": 3.3923349380000003}, "spk20": {"room10": -0.698789835}, "spk26": {"room2": 0.39183756700000005}, "spk16": {"room3": 2.100271225, "room4": -0.28383541100000004, "room7": 1.304841399, "room12": 0.60186857, "room9": 0.87590605}, "spk27": {"room5": 2.043869019, "room0": 1.92676425}, "spk25": {"room1": 1.094299078}, "spk21": {"room3": 1.8020918369999999, "room4": 0.698828697, "room2": 0.779376745, "room12": 1.3779309990000002}, "spk30": {"room4": -1.295993447, "room2": -1.933120608, "room12": -1.58410275}, "spk4": {"room6": 0.185448542}, "spk14": {"room10": 1.160207987}, "spk7": {"room12": 0.277504802}, "spk1": {"room5": 1.617221117, "room0": 1.711237788}}}