{"meta": {"speaker": "spk0", "room": "room13"}, "data": {"spk22": {"room0": 1.108990073}, "spk10": {"room4": 1.479478836, "room12": 0.8610370159999999}, "spk18": {"room5": -0.7808705570000001, "room0": -0.646986604, "room2": -0.783284485}, "spk29": {"room10": 2.405753374}, "spk5": {"room3": -0.27718094, "room5": -0.660138428, "room0": -0.503052652}, "spk9": {"room4": 0.37865865200000004, "room7": 0.857805371, "room10": 0.6826332209999999, "room12": 1.7159328459999998, "room9": 0.111821815}, "spk2": {"room5": 2.707971334, "room0": 1.970311999}, "spk23": {"room4": 2.755452156, "room7": 2.9056057930000003, "room2": 3.5889003280000003, "room10": 2.261813164, "room12": 3.3248946669999997, "room9": 3.268194914}, "spk15": {"room10": -0.600213587}, "spk28": {"room10": -1.056823134}, "spk24": {"room1": 3.1289000510000005}, "spk12": {"room10": -0.30701538899999997}, "spk8": {"room10": 1.35460043}, "spk17": {"room5": 3.5984563830000003, "room0": 2.340862989}, "spk11": {"room3": 0.725462377, "room4": 0.745431244, "room7": -0.974709451, "room2": -0.334886461, "room12": 0.00554785, "room9": -0.261228681}, "spk19": {"room4": -1.255050778, "room7": -0.7082442640000001, "room12": -1.42892909}, "spk13": {"room4": 1.923686504, "room12": -0.269149989}, "spk31": {"room10": -0.8059409259999999}, "spk6": {"room10": 1.317701817}, "spk3": {"room3": 0.24421677, "room5": 1.175497174, "room7": 0.312862873, "room0": 0.573361397, "room2": 1.157038569, "room9": 1.203265667}, "spk0": {"room3": 5.412939072}, "spk20": {"room10": -0.30632484}, "spk26": {"room2": 3.304697275}, "spk16": {"room3": 0.547376812, "room4": -0.653361022, "room7": -0.791110396, "room12": -0.86905396, "room9": -0.639529705}, "spk27": {"room5": 1.8544824119999999, "room0": 0.801225185}, "spk25": {"room1": 0.712583303}, "spk21": {"room3": 1.434753776, "room4": 1.7562172409999999, "room2": 2.192249775, "room12": 1.4707849030000002}, "spk30": {"room4": -1.038974643, "room2": -2.013695002, "room12": -1.29102695}, "spk4": {"room6": 0.17312978199999998}, "spk14": {"room10": 0.317090631}, "spk7": {"room12": 0.302474856}, "spk1": {"room5": 2.284563303, "room0": 0.880989432}}}