{"meta": {"speaker": "spk0", "room": "room13"}, "data": {"spk22": {"room0": 0.49854248799999995}, "spk10": {"room4": 0.53474468, "room12": 0.065500297}, "spk18": {"room5": -0.626868784, "room0": -0.811613441, "room2": -0.683896959}, "spk29": {"room10": 2.385715723}, "spk5": {"room3": 1.061868548, "room5": 0.8398107890000001, "room0": 0.749942243}, "spk9": {"room4": 0.268899202, "room7": 0.610369861, "room10": -0.230919734, "room12": 0.797560871, "room9": 0.56629312}, "spk2": {"room5": 0.719745517, "room0": 0.604206383}, "spk23": {"room4": 1.6356917619999998, "room7": 2.460824728, "room2": 2.551270962, "room10": 1.112050533, "room12": 2.441863298, "room9": 1.263456345}, "spk15": {"room10": -0.639908075}, "spk28": {"room10": -1.143444657}, "spk24": {"room1": 0.7076563240000001}, "spk12": {"room10": -0.774893463}, "spk8": {"room10": 0.65962404}, "spk17": {"room5": 0.115938351, "room0": 0.363777786}, "spk11": {"room3": 1.111555696, "room4": 1.6839914319999998, "room7": 0.598907828, "room2": 0.365648955, "room12": 0.587501824, "room9": 1.61041975}, "spk19": {"room4": -0.728264928, "room7": -0.593452752, "room12": -1.0656269790000001}, "spk13": {"room4": 1.3717949390000002, "room12": 1.06673038}, "spk31": {"room10": -1.096289158}, "spk6": {"room10": -0.220873266}, "spk3": {"room3": 0.924142241, "room5": 1.2341128590000001, "room7": 0.228496477, "room0": 1.17552352, "room2": 1.188467145, "room9": 0.710224807}, "spk0": {"room3": 3.829129219}, "spk20": {"room10": 0.318643838}, "spk26": {"room2": 1.780246615}, "spk16": {"room3": 2.351463795, "room4": 0.801405549, "room7": 0.994832933, "room12": 0.248834506, "room9": 1.189915061}, "spk27": {"room5": -0.270328254, "room0": 0.588678241}, "spk25": {"room1": 0.889357567}, "spk21": {"room3": 1.135315895, "room4": 0.9850140209999999, "room2": 0.559946001, "room12": 1.112071753}, "spk30": {"room4": -0.896849036, "room2": -1.5465301280000001, "room12": -0.9398376940000001}, "spk4": {"room6": 0.19307945699999998}, "spk14": {"room10": 1.751549482}, "spk7": {"room12": 1.609546185}, "spk1": {"room5": 0.11864274699999999, "room0": 0.8024040459999999}}}