{"meta": {"speaker": "spk0", "room": "room13"}, "data": {"spk22": {"room0": 1.84424603}, "spk10": {"room4": 0.88621074, "room12": 1.201625109}, "spk18": {"room5": -0.7016040090000001, "room0": -0.33035379600000003, "room2": -1.176044703}, "spk29": {"room10": 2.070924282}, "spk5": {"room3": 0.769618571, "room5": 0.10552028599999999, "room0": -0.087898806}, "spk9": {"room4": 1.60022223, "room7": 2.2557060719999997, "room10": 1.6600607630000002, "room12": 2.4726009369999997, "room9": 2.785089016}, "spk2": {"room5": 2.822002411, "room0": 1.050811887}, "spk23": {"room4": 2.18665719, "room7": 2.9631323810000003, "room2": 1.914842844, "room10": 1.739290595, "room12": 3.277281284, "room9": 2.002937078}, "spk15": {"room10": -0.690073133}, "spk28": {"room10": -0.63039732}, "spk24": {"room1": 1.22409308}, "spk12": {"room10": -0.595787764}, "spk8": {"room10": 1.0605977770000001}, "spk17": {"room5": 1.666010261, "room0": 2.0351452830000003}, "spk11": {"room3": 2.50325489, "room4": 1.428387284, "room7": 0.63472873, "room2": 1.791512728, "room12": 1.350450039, "room9": 1.8800494669999999}, "spk19": {"room4": -0.722017169, "room7": -0.730417192, "room12": -1.294609547}, "spk13": {"room4": 1.130549312, "room12": 1.84999156}, "spk31": {"room10": -0.42800614200000003}, "spk6": {"room10": -0.895788968}, "spk3": {"room3": 0.779443324, "room5": 0.870988667, "room7": 0.226902589, "room0": 0.567065954, "room2": 0.60390085, "room9": 0.374520361}, "spk0": {"room3": 3.1755440239999997}, "spk20": {"room10": 0.21748527899999998}, "spk26": {"room2": 2.076721191}, "spk16": {"room3": 3.18234992, "room4": 0.749286175, "room7": 2.656231403, "room12": 2.41707015, "room9": 1.8829901219999998}, "spk27": {"room5": 1.849978805, "room0": 2.572675467}, "spk25": {"room1": 1.278688788}, "spk21": {"room3": 1.353150249, "room4": 0.630957425, "room2": 1.2448395490000002, "room12": 0.930089235}, "spk30": {"room4": -0.70669806, "room2": -1.696525812, "room12": -0.8941797020000001}, "spk4": {"room6": -0.090172566}, "spk14": {"room10": 1.039231181}, "spk7": {"room12": 0.948878765}, "spk1": {"room5": 1.1516116859999999, "room0": 1.811184406}}}