{"meta": {"speaker": "spk0", "room": "room11"}, "data": {"spk22": {"room0": -0.502168894}, "spk10": {"room4": 0.7763274309999999, "room12": 0.8872619270000001}, "spk18": {"room5": -1.8837792869999999, "room0": -1.910535216, "room2": -1.710451961}, "spk29": {"room10": 1.79227984}, "spk5": {"room3": -0.046831599999999994, "room5": -0.24522846899999998, "room0": 0.683789492}, "spk9": {"room4": 0.949249268, "room7": 1.9206955430000001, "room10": 0.641166806, "room12": 1.0107375379999999, "room9": 1.230930448}, "spk2": {"room5": 1.241621614, "room0": 0.7718113059999999}, "spk23": {"room4": 2.2915914059999998, "room7": 2.016588688, "room2": 2.965578556, "room10": 2.0557618140000002, "room12": 2.721910715, "room9": 3.791982889}, "spk15": {"room10": -0.858710825}, "spk28": {"room10": -1.00926435}, "spk24": {"room1": 0.944955468}, "spk12": {"room10": -1.344059944}, "spk8": {"room10": 1.579996705}, "spk17": {"room5": 1.452389836, "room0": 1.740691543}, "spk11": {"room3": -0.40155640200000003, "room4": 0.15394443300000002, "room7": -1.003778338, "room2": -0.534870625, "room12": -0.333008647, "room9": -0.454210877}, "spk19": {"room4": -1.29108417, "room7": -1.618067145, "room12": -1.533149481}, "spk13": {"room4": 1.129997492, "room12": 0.458547741}, "spk31": {"room10": -1.525442243}, "spk6": {"room10": 0.593624473}, "spk3": {"room3": 0.57753104, "room5": 0.7366037959999999, "room7": -0.779157877, "room0": 0.6092493529999999, "room2": 0.553680658, "room9": -0.17833800600000002}, "spk0": {"room3": 4.209063053}, "spk20": {"room10": -1.160670996}, "spk26": {"room2": 1.995554686}, "spk16": {"room3": 1.3323987720000001, "room4": -0.088948369, "room7": 0.66987282, "room12": 0.148866042, "room9": 0.068913221}, "spk27": {"room5": 1.0757895709999998, "room0": 0.872922957}, "spk25": {"room1": 0.26106137}, "spk21": {"room3": 1.09264493, "room4": 0.724030733, "room2": 1.7223052980000002, "room12": 2.1143605709999997}, "spk30": {"room4": -1.472410321, "room2": -2.3196330069999997, "room12": -1.59137702}, "spk4": {"room6": -0.263398468}, "spk14": {"room10": 0.96791786}, "spk7": {"room12": 0.9200641509999999}, "spk1": {"room5": 1.464706659, "room0": 0.951168418}}}