{"meta": {"speaker": "spk0", "room": "room13"}, "data": {"spk22": {"room0": -0.30648887199999997}, "spk10": {"room4": 0.569953024, "room12": 0.8105793}, "spk18": {"room5": -1.0910182, "room0": -0.525978029, "room2": -0.8561492559999999}, "spk29": {"room10": 1.671652079}, "spk5": {"room3": 0.8527275320000001, "room5": -0.107044205, "room0": 0.962204397}, "spk9": {"room4": -0.51790309, "room7": -0.196079493, "room10": -0.450428903, "room12": 0.010133438, "room9": -0.015509964}, "spk2": {"room5": -0.197795823, "room0": 0.049955014000000006}, "spk23": {"room4": 1.47595036, "room7": 1.4702763559999998, "room2": 2.189739466, "room10": 1.6980448959999999, "room12": 1.354276419, "room9": 1.5109170680000001}, "spk15": {"room10": -0.695044518}, "spk28": {"room10": -0.7478258609999999}, "spk24": {"room1": 0.9269063470000001}, "spk12": {"room10": -0.651631057}, "spk8": {"room10": 0.874380112}, "spk17": {"room5": 0.027118126, "room0": 0.54043752}, "spk11": {"room3": 0.028727983999999998, "room4": 0.66877228, "room7": -0.826355159, "room2": -0.311893225, "room12": -0.201652005, "room9": -0.174465284}, "spk19": {"room4": -1.352465987, "room7": -0.9698539970000001, "room12": -1.339935899}, "spk13": {"room4": 0.820372581, "room12": 0.59426713}, "spk31": {"room10": -0.7545382979999999}, "spk6": {"room10": 0.010944391000000001}, "spk3": {"room3": 1.717415929, "room5": 2.578588963, "room7": 0.584374487, "room0": 2.026301622, "room2": 2.393563747, "room9": 1.5489001269999998}, "spk0": {"room3": 3.596966028}, "spk20": {"room10": -0.17853725}, "spk26": {"room2": 2.214349508}, "spk16": {"room3": 0.592857063, "room4": -0.759879649, "room7": 0.343585342, "room12": -0.85841769, "room9": 0.018272342}, "spk27": {"room5": -0.221982762, "room0": 0.276316434}, "spk25": {"room1": 0.426132411}, "spk21": {"room3": 1.218428373, "room4": 0.12893770599999999, "room2": 1.0630507470000001, "room12": 0.247046113}, "spk30": {"room4": -1.174173117, "room2": -1.679147959, "room12": -1.312998652}, "spk4": {"room6": 0.132101536}, "spk14": {"room10": 1.63081634}, "spk7": {"room12": 0.18784169899999997}, "spk1": {"room5": 0.54524529, "room0": 1.059034586}}}