{"meta": {"speaker": "spk0", "room": "room3"}, "data": {"spk22": {"room0": 0.298402756}, "spk10": {"room4": 1.4962124819999998, "room12": 0.524272144}, "spk18": {"room5": -1.832259655, "room0": -1.534991145, "room2": -1.111147285}, "spk29": {"room10": 1.6439325809999998}, "spk5": {"room3": 0.523947239, "room5": 0.124503188, "room0": 0.142654642}, "spk9": {"room4": -0.037233558, "room7": 0.36549291, "room10": -0.086337656, "room12": 0.499816775, "room9": 0.047370609}, "spk2": {"room5": -0.86781323, "room0": 0.663532555}, "spk23": {"room4": 1.043019891, "room7": 1.709957242, "room2": 0.31584593699999997, "room10": 0.344016761, "room12": 1.032849312, "room9": 1.008632183}, "spk15": {"room10": -0.530889332}, "spk28": {"room10": -0.954751074}, "spk24": {"room1": -0.18540720600000002}, "spk12": {"room10": -1.052462459}, "spk8": {"room10": -0.040052317000000004}, "spk17": {"room5": -0.603001773, "room0": 0.311061531}, "spk11": {"room3": 1.069786429, "room4": 1.9912898540000001, "room7": 1.5431704519999998, "room2": 0.42632269899999997, "room12": 0.8378040790000001, "room9": 1.5285493140000002}, "spk19": {"room4": -0.893918872, "room7": -0.7863413690000001, "room12": -1.109256744}, "spk13": {"room4": 1.344290257, "room12": 0.962100565}, "spk31": {"room10": -1.987632394}, "spk6": {"room10": -0.330592304}, "spk3": {"room3": 2.816803694, "room5": 1.3941046000000001, "room7": 1.905152678, "room0": 1.577643514, "room2": 2.0345718859999997, "room9": 1.847876191}, "spk0": {"room3": 1.750918627}, "spk20": {"room10": -0.694800138}, "spk26": {"room2": 1.946795702}, "spk16": {"room3": 2.383299828, "room4": 1.534910321, "room7": 1.918707371, "room12": -0.21320620199999998, "room9": 1.730265617}, "spk27": {"room5": -0.8178851009999999, "room0": -0.026189545}, "spk25": {"room1": -0.5184723729999999}, "spk21": {"room3": 2.157412291, "room4": 1.35368979, "room2": 0.76449126, "room12": 1.9942615030000002}, "spk30": {"room4": -1.073380947, "room2": -1.200650692, "room12": -0.8383410570000001}, "spk4": {"room6": 0.45343703}, "spk14": {"room10": 1.661529779}, "spk7": {"room12": 0.805647016}, "spk1": {"room5": 1.23963964, "room0": 1.9107271430000001}}}