{"meta": {"speaker": "spk0", "room": "room13"}, "data": {"spk22": {"room0": 0.7065899370000001}, "spk10": {"room4": 2.112262964, "room12": 0.854124546}, "spk18": {"room5": -1.840066671, "room0": -2.11829257, "room2": -1.8297674659999998}, "spk29": {"room10": 3.185892105}, "spk5": {"room3": 1.191644907, "room5": 0.004924031, "room0": 1.083105087}, "spk9": {"room4": 1.522855639, "room7": 1.919429064, "room10": 1.414875031, "room12": 2.330275297, "room9": 2.281068325}, "spk2": {"room5": 1.539312005, "room0": 1.005845428}, "spk23": {"room4": 2.242284536, "room7": 2.035749197, "room2": 2.438767672, "room10": 1.5896066430000002, "room12": 2.5339884759999998, "room9": 1.924168348}, "spk15": {"room10": -0.956226885}, "spk28": {"room10": -1.634999514}, "spk24": {"room1": -0.46179840000000005}, "spk12": {"room10": -1.5413086409999999}, "spk8": {"room10": 0.863340318}, "spk17": {"room5": 0.518986166, "room0": 0.487565398}, "spk11": {"room3": 1.575061321, "room4": 2.720182657, "room7": 0.963378966, "room2": 1.103772879, "room12": 2.16681242, "room9": 2.51403904}, "spk19": {"room4": -1.734344125, "room7": -1.041473985, "room12": -2.152731419}, "spk13": {"room4": 2.90016818, "room12": 1.779388905}, "spk31": {"room10": -1.7906179430000002}, "spk6": {"room10": 0.042123158}, "spk3": {"room3": 2.489377737, "room5": 1.5361176730000001, "room7": 1.6146293880000002, "room0": 3.31901741, "room2": 2.943709373, "room9": 2.45669055}, "spk0": {"room3": 2.273202658}, "spk20": {"room10": -0.627005577}, "spk26": {"room2": 1.531188011}, "spk16": {"room3": 2.7075235839999996, "room4": 0.7576211690000001, "room7": 1.7061427830000002, "room12": 1.682278037, "room9": 2.004021168}, "spk27": {"room5": -0.389988214, "room0": 0.279258102}, "spk25": {"room1": 0.016885123999999998}, "spk21": {"room3": 1.321397185, "room4": 0.15759152199999998, "room2": 0.345288485, "room12": 0.145691991}, "spk30": {"room4": -1.286801577, "room2": -2.329534292, "room12": -1.6052443980000002}, "spk4": {"room6": 0.35904291299999996}, "spk14": {"room10": 2.361358166}, "spk7": {"room12": 0.22645539}, "spk1": {"room5": 0.934468746, "room0": 1.531463623}}}