{"meta": {"speaker": "spk0", "room": "room8"}, "data": {"spk22": {"room0": 0.45750573299999997}, "spk10": {"room4": 1.7475105519999998, "room12": 1.498793125}, "spk18": {"room5": -1.5471210480000002, "room0": -1.3331357240000001, "room2": -1.420137525}, "spk29": {"room10": 2.1740942000000003}, "spk5": {"room3": 1.204283953, "room5": 0.741215825, "room0": 1.3714128730000001}, "spk9": {"room4": 1.033448219, "room7": 1.4486379619999998, "room10": 0.504991055, "room12": 1.53887701, "room9": 1.471461535}, "spk2": {"room5": 1.163678646, "room0": 0.873924732}, "spk23": {"room4": 2.064672709, "room7": 2.86792469, "room2": 1.89341259, "room10": 1.907973886, "room12": 1.955479741, "room9": 3.0770609380000002}, "spk15": {"room10": -0.57127589}, "spk28": {"room10": -1.044404149}, "spk24": {"room1": 0.0031144470000000002}, "spk12": {"room10": -0.9561225179999999}, "spk8": {"room10": 0.679513395}, "spk17": {"room5": 1.39305377, "room0": 1.738413215}, "spk11": {"room3": 0.055630207, "room4": 1.8357225659999998, "room7": 0.33824312700000003, "room2": 0.053601578, "room12": 0.7141001220000001, "room9": 1.545454025}, "spk19": {"room4": -1.370007634, "room7": -0.8973697420000001, "room12": -1.501936674}, "spk13": {"room4": 1.468675613, "room12": 1.231865525}, "spk31": {"room10": -1.7104214430000002}, "spk6": {"room10": 0.336413532}, "spk3": {"room3": 2.272053719, "room5": 1.790678978, "room7": 2.011685371, "room0": 1.7483886480000002, "room2": 2.4155321119999997, "room9": 2.1615006919999997}, "spk0": {"room3": 2.24262619}, "spk20": {"room10": -0.838942885}, "spk26": {"room2": 1.7249603269999998}, "spk16": {"room3": 2.608246565, "room4": 0.540551186, "room7": 1.5711829659999998, "room12": 0.21219399600000002, "room9": 1.7201440330000002}, "spk27": {"room5": 0.613637924, "room0": 0.742434025}, "spk25": {"room1": 1.3490226269999999}, "spk21": {"room3": 2.2117133140000003, "room4": 1.7388972040000001, "room2": 1.200108647, "room12": 2.646657228}, "spk30": {"room4": -1.224847674, "room2": -2.13132143, "room12": -1.5653774740000002}, "spk4": {"room6": 0.609475374}, "spk14": {"room10": 1.384329677}, "spk7": {"room12": 0.510849953}, "spk1": {"room5": 2.810649872, "room0": 2.394899368}}}