{"meta": {"speaker": "spk0", "room": "room11"}, "data": {"spk22": {"room0": 0.55761981}, "spk10": {"room4": 1.5681750769999998, "room12": 1.50979495}, "spk18": {"room5": -2.109122992, "room0": -2.041848183, "room2": -1.6775749919999998}, "spk29": {"room10": 2.1510729790000003}, "spk5": {"room3": 2.131654739, "room5": 2.013603449, "room0": 1.7704241280000002}, "spk9": {"room4": -0.196186826, "room7": 0.357797235, "room10": -0.044169899000000006, "room12": 0.39977482, "room9": 0.33027577399999997}, "spk2": {"room5": -0.758021414, "room0": -0.993602276}, "spk23": {"room4": 2.207704782, "room7": 3.4008297919999997, "room2": 1.205780864, "room10": 1.6903815269999998, "room12": 2.495839119, "room9": 3.614410877}, "spk15": {"room10": -0.860213995}, "spk28": {"room10": -1.183036804}, "spk24": {"room1": 0.496303111}, "spk12": {"room10": -1.5828888419999998}, "spk8": {"room10": 1.321627855}, "spk17": {"room5": 1.2706124779999999, "room0": 1.561645865}, "spk11": {"room3": 0.29489973199999997, "room4": 0.215655565, "room7": -0.10508290699999999, "room2": -0.326954573, "room12": -0.085999541, "room9": 0.744495392}, "spk19": {"room4": -1.5340753790000001, "room7": -1.419549584, "room12": -1.946409464}, "spk13": {"room4": 0.007292445, "room12": 0.291820228}, "spk31": {"room10": -1.6295406819999998}, "spk6": {"room10": 0.310979575}, "spk3": {"room3": 1.6477723119999999, "room5": -0.175825149, "room7": 0.686236799, "room0": 0.9130738970000001, "room2": 1.0879318709999999, "room9": 0.74959594}, "spk0": {"room3": 3.44256115}, "spk20": {"room10": -0.752619088}, "spk26": {"room2": 0.90923804}, "spk16": {"room3": 1.999421954, "room4": -0.152713016, "room7": 0.530299306, "room12": -0.7113305329999999, "room9": 0.520777524}, "spk27": {"room5": 0.312166005, "room0": 0.558384001}, "spk25": {"room1": 0.497998834}, "spk21": {"room3": 2.378318548, "room4": 1.7059625390000002, "room2": 1.4923274519999998, "room12": 2.066781998}, "spk30": {"room4": -1.2199501990000001, "room2": -1.8211790319999999, "room12": -2.046068192}, "spk4": {"room6": 1.8962870840000001}, "spk14": {"room10": 0.994864821}, "spk7": {"room12": 1.520551085}, "spk1": {"room5": 1.631345153, "room0": 1.8747161630000002}}}