{"meta": {"speaker": "spk0", "room": "room8"}, "data": {"spk22": {"room0": 1.626665592}, "spk10": {"room4": 2.095862627, "room12": 1.7913961409999999}, "spk18": {"room5": -1.760198951, "room0": -1.818670154, "room2": -1.744815946}, "spk29": {"room10": 2.750437975}, "spk5": {"room3": 0.879333615, "room5": 1.5366714, "room0": 1.156214595}, "spk9": {"room4": 3.474722385, "room7": 2.257870913, "room10": 0.778894484, "room12": 2.90742445, "room9": 3.040608883}, "spk2": {"room5": 1.5102169509999999, "room0": 1.688168406}, "spk23": {"room4": 3.0762486460000003, "room7": 3.4392323489999996, "room2": 2.489612579, "room10": 2.4226524830000002, "room12": 3.127913237, "room9": 3.108542204}, "spk15": {"room10": -1.221222639}, "spk28": {"room10": -1.67679584}, "spk24": {"room1": 0.864445865}, "spk12": {"room10": -1.707945228}, "spk8": {"room10": 0.05536956}, "spk17": {"room5": 2.721057415, "room0": 3.307212114}, "spk11": {"room3": -0.06703783599999999, "room4": 1.5124434230000001, "room7": 0.926783204, "room2": -0.129801854, "room12": 0.683502376, "room9": 0.972256899}, "spk19": {"room4": -1.6610111, "room7": -1.2000492809999999, "room12": -2.1528763769999997}, "spk13": {"room4": 1.729229212, "room12": 0.6892087459999999}, "spk31": {"room10": -2.047166586}, "spk6": {"room10": -0.14515534}, "spk3": {"room3": 1.528143764, "room5": 1.0750167370000001, "room7": 1.1047393079999999, "room0": 1.637862921, "room2": 0.5085380079999999, "room9": 2.037010431}, "spk0": {"room3": 1.751332998}, "spk20": {"room10": -0.9518318179999999}, "spk26": {"room2": 0.846221387}, "spk16": {"room3": 3.726532459, "room4": 1.3679484130000001, "room7": 2.336470604, "room12": 1.015853763, "room9": 3.589054585}, "spk27": {"room5": 2.273748875, "room0": 2.949786425}, "spk25": {"room1": 1.526537895}, "spk21": {"room3": 2.80053401, "room4": 1.949847579, "room2": 1.118897319, "room12": 3.8736641410000003}, "spk30": {"room4": -1.3720783, "room2": -2.181258202, "room12": -1.9640338419999999}, "spk4": {"room6": -0.261883408}, "spk14": {"room10": 1.3564550880000001}, "spk7": {"room12": 1.6938972469999998}, "spk1": {"room5": 2.188354254, "room0": 2.298069}}}