{"meta": {"speaker": "spk13", "room": "room8"}, "data": {"spk22": {"room0": 2.230755091}, "spk10": {"room4": 2.072559834, "room12": 2.321671486}, "spk18": {"room5": -0.544525385, "room0": -0.538793802, "room2": -0.558021367}, "spk29": {"room10": 0.978360355}, "spk5": {"room3": -1.12099731, "room5": -1.313519478, "room0": -1.075493574}, "spk9": {"room4": 1.885988235, "room7": 1.168851256, "room10": 1.462348819, "room12": 1.582241535, "room9": 0.549586415}, "spk2": {"room5": 1.601737142, "room0": 2.263255596}, "spk23": {"room4": 2.84890914, "room7": 2.569523335, "room2": 4.1654009819999995, "room10": 3.588732243, "room12": 3.954523563, "room9": 3.030309439}, "spk15": {"room10": -0.8229397540000001}, "spk28": {"room10": -0.434308559}, "spk24": {"room1": 0.91374886}, "spk12": {"room10": -0.7943815590000001}, "spk8": {"room10": 0.331182629}, "spk17": {"room5": 1.875809431, "room0": 2.013488054}, "spk11": {"room3": -0.329189509, "room4": 1.210569501, "room7": -0.778935313, "room2": 0.232241511, "room12": 0.719070435, "room9": 0.800438821}, "spk19": {"room4": -0.330898732, "room7": -0.48886960700000004, "room12": -0.159122616}, "spk13": {"room4": 4.763589859, "room12": 3.888359785}, "spk31": {"room10": -0.467532784}, "spk6": {"room10": 0.76207453}, "spk3": {"room3": -0.18331770600000002, "room5": 0.35959366, "room7": -0.30158478, "room0": 0.42993441200000004, "room2": 0.043055280999999994, "room9": 0.024712832999999997}, "spk0": {"room3": 0.903264284}, "spk20": {"room10": -0.44662872}, "spk26": {"room2": 2.304389715}, "spk16": {"room3": 0.429503322, "room4": -0.38177633299999997, "room7": 0.13253100199999998, "room12": -0.0032347990000000004, "room9": 0.7623929979999999}, "spk27": {"room5": 1.193377614, "room0": 1.0818771120000001}, "spk25": {"room1": 1.14746058}, "spk21": {"room3": 0.899428844, "room4": 1.289500833, "room2": 1.310129642, "room12": 0.758950591}, "spk30": {"room4": -1.259904623, "room2": -2.328304052, "room12": -1.167308569}, "spk4": {"room6": -0.9838951229999999}, "spk14": {"room10": 2.429775238}, "spk7": {"room12": 0.159219459}, "spk1": {"room5": 0.625861824, "room0": 0.732881308}}}