{"meta": {"speaker": "spk13", "room": "room8"}, "data": {"spk22": {"room0": 1.033224821}, "spk10": {"room4": 0.84171921, "room12": 1.9830155369999998}, "spk18": {"room5": -0.712109447, "room0": -0.6709668639999999, "room2": -0.6838129159999999}, "spk29": {"room10": 0.93973887}, "spk5": {"room3": -0.24090282600000001, "room5": -0.194504693, "room0": 0.7266348000000001}, "spk9": {"room4": 0.330279946, "room7": 0.7439357040000001, "room10": 1.133768439, "room12": 0.614324868, "room9": 0.106270984}, "spk2": {"room5": -0.003727238, "room0": 0.7741795779999999}, "spk23": {"room4": 2.328134298, "room7": 1.6534391640000001, "room2": 2.860146046, "room10": 2.661276579, "room12": 2.340915203, "room9": 1.65149343}, "spk15": {"room10": -1.0825791359999999}, "spk28": {"room10": -0.833403349}, "spk24": {"room1": 1.4192546609999999}, "spk12": {"room10": -0.678631485}, "spk8": {"room10": 0.669349492}, "spk17": {"room5": 1.498695135, "room0": 0.958374739}, "spk11": {"room3": 0.022370687, "room4": 0.665127397, "room7": -0.557219684, "room2": 0.00037512099999999996, "room12": 0.203479618, "room9": 0.234046325}, "spk19": {"room4": -0.22339628600000003, "room7": -0.60537082, "room12": -0.29611432600000004}, "spk13": {"room4": 4.735505581, "room12": 3.330697536}, "spk31": {"room10": -0.637887239}, "spk6": {"room10": 1.160746813}, "spk3": {"room3": -0.09472304599999999, "room5": 1.0133669379999999, "room7": -0.835319102, "room0": 0.506747305, "room2": -0.457557082, "room9": 0.376255244}, "spk0": {"room3": 1.0389113429999999}, "spk20": {"room10": -0.365992188}, "spk26": {"room2": 2.1496555809999998}, "spk16": {"room3": -0.480410069, "room4": 0.027967617, "room7": 0.30687114600000004, "room12": -0.172066733, "room9": 0.370697051}, "spk27": {"room5": 0.9997478129999999, "room0": 1.088425279}, "spk25": {"room1": 0.488944083}, "spk21": {"room3": 1.057261467, "room4": 1.775628805, "room2": 1.418660164, "room12": 1.0321499109999999}, "spk30": {"room4": -0.7183265090000001, "room2": -1.927215815, "room12": -0.808951855}, "spk4": {"room6": -0.096330695}, "spk14": {"room10": 2.019126415}, "spk7": {"room12": 0.100159645}, "spk1": {"room5": 0.227839038, "room0": 0.091916896}}}