{"meta": {"speaker": "spk13", "room": "room8"}, "data": {"spk22": {"room0": 1.093123794}, "spk10": {"room4": 1.692505717, "room12": 1.831199169}, "spk18": {"room5": -1.388934255, "room0": -0.986535609, "room2": -0.9604382509999999}, "spk29": {"room10": 1.37684238}, "spk5": {"room3": -0.46292126200000006, "room5": -0.46556863200000004, "room0": 0.33607912100000004}, "spk9": {"room4": 0.576714039, "room7": 0.765964985, "room10": 1.014299989, "room12": 0.522249043, "room9": 0.411253035}, "spk2": {"room5": 0.953561604, "room0": 1.228572845}, "spk23": {"room4": 1.932572126, "room7": 2.327697754, "room2": 1.988982558, "room10": 2.770487309, "room12": 2.6602869030000003, "room9": 3.4178245069999997}, "spk15": {"room10": -1.6333907840000002}, "spk28": {"room10": -1.536889076}, "spk24": {"room1": 1.2213858370000001}, "spk12": {"room10": -0.684196949}, "spk8": {"room10": -0.42206949}, "spk17": {"room5": 1.845638752, "room0": 2.516804695}, "spk11": {"room3": -0.19565855, "room4": 0.333496451, "room7": -0.46370121799999997, "room2": -0.268521905, "room12": 0.528617918, "room9": -0.034291122}, "spk19": {"room4": -1.8299434190000001, "room7": -2.193733454, "room12": -1.871312141}, "spk13": {"room4": 4.667468548, "room12": 2.832709551}, "spk31": {"room10": -2.01343441}, "spk6": {"room10": 0.23245163300000002}, "spk3": {"room3": -0.029591914, "room5": -0.060209695, "room7": 0.000697418, "room0": 0.111910425, "room2": -0.43812522299999995, "room9": 0.452045918}, "spk0": {"room3": 1.173955679}, "spk20": {"room10": -1.069824815}, "spk26": {"room2": 2.794375896}, "spk16": {"room3": -0.266842127, "room4": -0.22202158, "room7": 0.291945159, "room12": -0.342065632, "room9": 0.9100482459999999}, "spk27": {"room5": 0.524920762, "room0": 0.727186263}, "spk25": {"room1": 0.6229406}, "spk21": {"room3": 0.679993451, "room4": 1.133052111, "room2": 0.592170656, "room12": 1.736160755}, "spk30": {"room4": -1.866940737, "room2": -2.5757110119999997, "room12": -2.1050441269999998}, "spk4": {"room6": 0.695511401}, "spk14": {"room10": 1.4518362280000001}, "spk7": {"room12": 1.185345173}, "spk1": {"room5": 1.10762167, "room0": -0.115855359}}}