{"meta": {"speaker": "spk13", "room": "room8"}, "data": {"spk22": {"room0": 1.028491855}, "spk10": {"room4": 1.693303943, "room12": 2.355024815}, "spk18": {"room5": -1.216910124, "room0": -1.06777966, "room2": -1.216175795}, "spk29": {"room10": 0.394311786}, "spk5": {"room3": -0.129299358, "room5": -0.208093688, "room0": 0.774703503}, "spk9": {"room4": 0.10827544300000001, "room7": 1.275817752, "room10": 1.154418111, "room12": 1.137397051, "room9": 0.084706768}, "spk2": {"room5": 0.976152122, "room0": 1.4770091769999998}, "spk23": {"room4": 2.391099691, "room7": 1.184726596, "room2": 2.324223757, "room10": 2.9153351780000003, "room12": 1.9531914000000001, "room9": 1.570465565}, "spk15": {"room10": -0.836962223}, "spk28": {"room10": -1.265563369}, "spk24": {"room1": 0.8798045520000001}, "spk12": {"room10": -0.659365952}, "spk8": {"room10": 0.349425286}, "spk17": {"room5": 1.9386911390000001, "room0": 1.892037749}, "spk11": {"room3": -0.205430329, "room4": 1.988833785, "room7": 0.640434921, "room2": -0.201100156, "room12": 1.28573072, "room9": 0.640015006}, "spk19": {"room4": -1.2415694, "room7": -1.289053321, "room12": -0.973486066}, "spk13": {"room4": 4.595811367, "room12": 2.56485486}, "spk31": {"room10": -1.179265976}, "spk6": {"room10": 1.752052665}, "spk3": {"room3": -0.138934478, "room5": 0.8741889000000002, "room7": -0.113493435, "room0": 0.20773819100000002, "room2": -0.03887945, "room9": -0.187399819}, "spk0": {"room3": 0.61649096}, "spk20": {"room10": -0.471322089}, "spk26": {"room2": 1.789028645}, "spk16": {"room3": 0.598152637, "room4": 0.592320561, "room7": 0.056148595999999995, "room12": -0.693144023, "room9": 0.48111113899999997}, "spk27": {"room5": 1.070433259, "room0": 0.055330094}, "spk25": {"room1": -0.952968061}, "spk21": {"room3": 1.425598741, "room4": 1.249330163, "room2": 0.8143548970000001, "room12": 0.517720878}, "spk30": {"room4": -0.6526410579999999, "room2": -2.042295933, "room12": -1.503337979}, "spk4": {"room6": -0.250427365}, "spk14": {"room10": 3.00933814}, "spk7": {"room12": -0.203336075}, "spk1": {"room5": 0.809875131, "room0": 0.8840591309999999}}}