{"meta": {"speaker": "spk13", "room": "room12"}, "data": {"spk22": {"room0": 1.4131716490000001}, "spk10": {"room4": 2.285227537, "room12": 1.2526497840000002}, "spk18": {"room5": 0.025687533999999998, "room0": -0.015688073, "room2": 0.356446385}, "spk29": {"room10": 0.653943956}, "spk5": {"room3": 0.333091766, "room5": 0.208665937, "room0": 0.162709355}, "spk9": {"room4": 2.3854415419999997, "room7": 1.91605401, "room10": 1.710690737, "room12": 1.30643034, "room9": 2.277306318}, "spk2": {"room5": 0.10002510199999999, "room0": 0.582243681}, "spk23": {"room4": 0.700893819, "room7": 0.511820495, "room2": 1.122371316, "room10": 0.5480973720000001, "room12": 1.1030861140000001, "room9": 1.326747656}, "spk15": {"room10": -1.093319535}, "spk28": {"room10": -0.23040828100000002}, "spk24": {"room1": -0.918949366}, "spk12": {"room10": 0.379844785}, "spk8": {"room10": 0.053858891}, "spk17": {"room5": -0.010228823, "room0": 1.349195004}, "spk11": {"room3": 1.313897133, "room4": 2.8917906280000003, "room7": 1.7685914040000001, "room2": 1.9293311830000002, "room12": 3.990989447, "room9": 3.2003304960000003}, "spk19": {"room4": -0.079092905, "room7": -0.20354344, "room12": 0.076197527}, "spk13": {"room4": 2.8638942239999996, "room12": 4.478510857}, "spk31": {"room10": -0.446395934}, "spk6": {"room10": -0.564059734}, "spk3": {"room3": 0.002090573, "room5": 0.731746852, "room7": 1.392304182, "room0": 1.4190620180000002, "room2": 0.463233203, "room9": 0.6791362759999999}, "spk0": {"room3": 1.080760479}, "spk20": {"room10": 0.142618299}, "spk26": {"room2": 0.640283525}, "spk16": {"room3": 2.577921629, "room4": 1.6514916419999999, "room7": 2.729387045, "room12": 2.035151482, "room9": 2.766813755}, "spk27": {"room5": -0.018431978, "room0": 0.853572488}, "spk25": {"room1": 0.16820465}, "spk21": {"room3": -0.195522919, "room4": 0.066482924, "room2": -0.254662752, "room12": -0.508488297}, "spk30": {"room4": -0.27623975300000003, "room2": -0.710637093, "room12": -0.489616394}, "spk4": {"room6": -0.86208868}, "spk14": {"room10": 1.5150893930000002}, "spk7": {"room12": 1.136560678}, "spk1": {"room5": 0.189576611, "room0": 0.531647503}}}