{"meta": {"speaker": "spk13", "room": "room11"}, "data": {"spk22": {"room0": 2.252579689}, "spk10": {"room4": 0.91725117, "room12": 1.384737968}, "spk18": {"room5": -1.152690768, "room0": -1.2509799, "room2": -1.225970268}, "spk29": {"room10": 0.42329174299999994}, "spk5": {"room3": -0.15337339, "room5": -0.835247695, "room0": 0.338766962}, "spk9": {"room4": 1.9238518480000002, "room7": 2.208461761, "room10": 2.020165205, "room12": 2.237137794, "room9": 1.2784136529999999}, "spk2": {"room5": 0.522466123, "room0": 1.252146602}, "spk23": {"room4": 2.434182405, "room7": 2.213342905, "room2": 4.340918063999999, "room10": 4.248298168, "room12": 2.285748243, "room9": 1.9546386000000002}, "spk15": {"room10": -0.98396951}, "spk28": {"room10": -1.477974415}, "spk24": {"room1": 0.478894562}, "spk12": {"room10": -1.019150615}, "spk8": {"room10": 0.37848830200000005}, "spk17": {"room5": 1.42462647, "room0": 1.943357229}, "spk11": {"room3": 0.260147244, "room4": 2.845706463, "room7": 0.48546868600000004, "room2": 0.9956194759999999, "room12": 2.982515812, "room9": 1.9774222369999999}, "spk19": {"room4": -1.4104741809999999, "room7": -1.23743093, "room12": -1.224823713}, "spk13": {"room4": 6.4454140660000006, "room12": 6.5728778839999995}, "spk31": {"room10": -1.475443721}, "spk6": {"room10": 0.5238171220000001}, "spk3": {"room3": 0.861810029, "room5": 0.9174034, "room7": -0.395717621, "room0": 0.630304158, "room2": 0.38827651700000004, "room9": 0.5023139120000001}, "spk0": {"room3": 0.683760464}, "spk20": {"room10": -0.626123667}, "spk26": {"room2": 2.197505474}, "spk16": {"room3": 0.297471285, "room4": 0.097921319, "room7": 1.138544083, "room12": 0.45800921299999997, "room9": 1.269599557}, "spk27": {"room5": 1.39965415, "room0": 1.1984617709999998}, "spk25": {"room1": 0.829877555}, "spk21": {"room3": 1.86280179, "room4": 2.107884169, "room2": 1.4447557930000001, "room12": 1.4344083069999998}, "spk30": {"room4": -1.317608833, "room2": -2.013162374, "room12": -1.083197236}, "spk4": {"room6": -0.102750815}, "spk14": {"room10": 2.533458471}, "spk7": {"room12": -0.434321135}, "spk1": {"room5": 0.39204368, "room0": 0.8706665640000001}}}