{"meta": {"speaker": "spk13", "room": "room8"}, "data": {"spk22": {"room0": 1.691141605}, "spk10": {"room4": 1.2815516000000002, "room12": 1.295520306}, "spk18": {"room5": -0.826325953, "room0": -1.126027107, "room2": -0.7720479370000001}, "spk29": {"room10": 0.618345618}, "spk5": {"room3": 0.363813967, "room5": -0.7715501790000001, "room0": -0.216368273}, "spk9": {"room4": 0.7492972609999999, "room7": 0.546613276, "room10": 1.584285498, "room12": 1.230847478, "room9": 0.83178705}, "spk2": {"room5": 1.34578824, "room0": 0.754371762}, "spk23": {"room4": 3.429612398, "room7": 2.6292746069999997, "room2": 2.922631025, "room10": 3.0234444139999996, "room12": 3.8792965410000004, "room9": 3.7913115019999997}, "spk15": {"room10": -0.81703788}, "spk28": {"room10": -0.770170867}, "spk24": {"room1": 0.7880246040000001}, "spk12": {"room10": -0.554780662}, "spk8": {"room10": 0.35749006299999997}, "spk17": {"room5": 1.154662967, "room0": 0.961235464}, "spk11": {"room3": -0.10088186699999999, "room4": 0.857515872, "room7": -0.712860763, "room2": -0.158677235, "room12": 1.5136811730000002, "room9": 0.933439672}, "spk19": {"room4": -0.563634098, "room7": -0.495611697, "room12": -0.623242915}, "spk13": {"room4": 3.3332455160000003, "room12": 2.508268118}, "spk31": {"room10": -0.893253148}, "spk6": {"room10": 0.146100804}, "spk3": {"room3": 0.063008726, "room5": -0.131431475, "room7": 0.548389494, "room0": 0.740612328, "room2": 0.500347495, "room9": 0.396112531}, "spk0": {"room3": 1.523100495}, "spk20": {"room10": 0.008971596}, "spk26": {"room2": 1.921321869}, "spk16": {"room3": 0.070133455, "room4": -0.168780595, "room7": 0.131435677, "room12": 0.253860325, "room9": 0.309044063}, "spk27": {"room5": -0.149477795, "room0": -0.13187490400000002}, "spk25": {"room1": 0.92955929}, "spk21": {"room3": 0.8666961190000001, "room4": 0.582855165, "room2": 1.345556736, "room12": 0.31587401}, "spk30": {"room4": -0.977113366, "room2": -1.757063985, "room12": -1.183544159}, "spk4": {"room6": 0.903267622}, "spk14": {"room10": 0.894656837}, "spk7": {"room12": 0.286332667}, "spk1": {"room5": 1.383960366, "room0": 0.401676655}}}