{"meta": {"speaker": "spk13", "room": "room8"}, "data": {"spk22": {"room0": 0.9397858379999999}, "spk10": {"room4": 1.06963563, "room12": 2.833953142}, "spk18": {"room5": -0.312969506, "room0": -0.30922129800000003, "room2": -0.032549188}, "spk29": {"room10": 1.0447103979999999}, "spk5": {"room3": -1.0429269079999999, "room5": -1.298144341, "room0": -0.16781090199999998}, "spk9": {"room4": 0.670816004, "room7": 0.857802033, "room10": 1.132415891, "room12": 1.3346393109999999, "room9": 0.495967537}, "spk2": {"room5": -0.094940729, "room0": 1.34434855}, "spk23": {"room4": 4.055494785, "room7": 2.210578442, "room2": 5.035824299, "room10": 3.980045795, "room12": 4.154669762, "room9": 3.89950037}, "spk15": {"room10": -1.142524362}, "spk28": {"room10": -1.018214583}, "spk24": {"room1": 1.443183064}, "spk12": {"room10": -0.017771967}, "spk8": {"room10": 0.679674447}, "spk17": {"room5": 1.909463286, "room0": 2.3472979069999997}, "spk11": {"room3": -0.41912859700000005, "room4": 1.101819396, "room7": -1.0696583990000001, "room2": 0.10793966099999999, "room12": 1.102319717, "room9": 0.7182542679999999}, "spk19": {"room4": -0.763922215, "room7": -1.180945992, "room12": -0.605122507}, "spk13": {"room4": 5.428450108, "room12": 5.573755264}, "spk31": {"room10": -0.899584115}, "spk6": {"room10": 1.738767147}, "spk3": {"room3": 0.763496995, "room5": 0.661093056, "room7": -0.065222092, "room0": 1.312142015, "room2": -0.36884114100000004, "room9": 0.719358325}, "spk0": {"room3": 2.242364168}, "spk20": {"room10": 0.055799514}, "spk26": {"room2": 3.730734348}, "spk16": {"room3": -0.071764939, "room4": -0.128217697, "room7": 0.020852204, "room12": -0.49303841600000003, "room9": 0.9024623629999999}, "spk27": {"room5": 0.810927927, "room0": 0.8323836920000001}, "spk25": {"room1": 1.072005868}, "spk21": {"room3": 1.472865701, "room4": 1.3170228000000002, "room2": 1.069830894, "room12": 0.858367801}, "spk30": {"room4": -1.209863305, "room2": -1.789695382, "room12": -1.7548614740000001}, "spk4": {"room6": 0.15487225400000001}, "spk14": {"room10": 2.288933754}, "spk7": {"room12": 1.1276143790000002}, "spk1": {"room5": -0.081394896, "room0": 0.985040426}}}