{"meta": {"speaker": "spk13", "room": "room4"}, "data": {"spk22": {"room0": 1.307944536}, "spk10": {"room4": 1.787388325, "room12": 3.0145397189999996}, "spk18": {"room5": -0.23655684300000002, "room0": -0.090019435, "room2": -0.7656813259999999}, "spk29": {"room10": 0.21849392399999998}, "spk5": {"room3": -0.635303736, "room5": -1.215258837, "room0": -0.699322641}, "spk9": {"room4": 0.577233732, "room7": 2.877239704, "room10": 1.129233956, "room12": 1.214067817, "room9": 1.28202033}, "spk2": {"room5": 1.943311095, "room0": 1.9201738830000001}, "spk23": {"room4": 0.302633584, "room7": 0.6811081170000001, "room2": 1.0354280470000001, "room10": 0.8289711479999999, "room12": 0.441490084, "room9": 0.810379684}, "spk15": {"room10": -0.317137063}, "spk28": {"room10": -0.20762462899999998}, "spk24": {"room1": 0.233236387}, "spk12": {"room10": 0.060346391}, "spk8": {"room10": 0.6076316829999999}, "spk17": {"room5": 1.145672202, "room0": 0.282947123}, "spk11": {"room3": 2.634697914, "room4": 3.756869793, "room7": 3.842674255, "room2": 3.695023298, "room12": 4.68537569, "room9": 4.35276413}, "spk19": {"room4": -0.464112729, "room7": -0.409519345, "room12": -0.845143557}, "spk13": {"room4": 5.878247261, "room12": 5.205181122}, "spk31": {"room10": -0.237819895}, "spk6": {"room10": -0.205334663}, "spk3": {"room3": 1.090049028, "room5": 0.895198345, "room7": 1.5923593040000001, "room0": 1.69542706, "room2": 0.025505278, "room9": 1.841242075}, "spk0": {"room3": 1.87290144}, "spk20": {"room10": 0.8094564679999999}, "spk26": {"room2": 0.461027175}, "spk16": {"room3": 2.413157463, "room4": 1.727755427, "room7": 1.339509964, "room12": 3.4515027999999996, "room9": 1.63638401}, "spk27": {"room5": 1.1832472090000001, "room0": 0.748697877}, "spk25": {"room1": 0.812100947}, "spk21": {"room3": 1.761631608, "room4": 0.661570966, "room2": 0.534193873, "room12": 1.0335325}, "spk30": {"room4": 0.07319311099999999, "room2": -0.728297234, "room12": -0.517753601}, "spk4": {"room6": -0.147075549}, "spk14": {"room10": 2.654210329}, "spk7": {"room12": -1.026442647}, "spk1": {"room5": 0.443251967, "room0": -1.387604237}}}