{"meta": {"speaker": "spk13", "room": "room4"}, "data": {"spk22": {"room0": 4.171380997}, "spk10": {"room4": 2.2086532119999998, "room12": 2.7765393260000004}, "spk18": {"room5": -0.180498198, "room0": 0.32210144399999996, "room2": -0.343379259}, "spk29": {"room10": 0.93682152}, "spk5": {"room3": 0.24341929, "room5": 0.023563102000000002, "room0": 0.322852254}, "spk9": {"room4": 2.025689602, "room7": 3.17650032, "room10": 3.1640605930000003, "room12": 2.44748497, "room9": 2.5918703080000003}, "spk2": {"room5": 1.834846854, "room0": 3.15965414}, "spk23": {"room4": 1.978674412, "room7": 1.08877933, "room2": 2.411283255, "room10": 2.282875776, "room12": 1.7609680890000001, "room9": 1.6628620619999999}, "spk15": {"room10": -0.961384296}, "spk28": {"room10": -0.560037911}, "spk24": {"room1": 0.8799881340000001}, "spk12": {"room10": 0.08470542}, "spk8": {"room10": 0.872817457}, "spk17": {"room5": 2.48302412, "room0": 2.036115408}, "spk11": {"room3": 1.881155849, "room4": 3.666846752, "room7": 2.981127977, "room2": 3.0590555669999997, "room12": 4.380204201000001, "room9": 4.606163025}, "spk19": {"room4": -0.7064434890000001, "room7": -0.567500591, "room12": -0.964128077}, "spk13": {"room4": 7.952804089, "room12": 7.521327972000001}, "spk31": {"room10": -0.180717483}, "spk6": {"room10": 0.275483996}, "spk3": {"room3": 0.03150332, "room5": 1.001628757, "room7": 1.19013226, "room0": 1.323594689, "room2": 0.460172594, "room9": 1.776011944}, "spk0": {"room3": 1.415061951}, "spk20": {"room10": 0.24962641300000002}, "spk26": {"room2": 0.9899917840000001}, "spk16": {"room3": 2.054661751, "room4": 3.0416765210000003, "room7": 2.0290591719999997, "room12": 4.0804967880000005, "room9": 3.059218168}, "spk27": {"room5": 1.879868865, "room0": 0.917414188}, "spk25": {"room1": 0.9352108240000001}, "spk21": {"room3": 0.60662812, "room4": 1.540531635, "room2": 1.1060707570000001, "room12": 1.0507876870000001}, "spk30": {"room4": -0.440492183, "room2": -1.220397115, "room12": -0.33097201600000004}, "spk4": {"room6": -0.21970033600000002}, "spk14": {"room10": 2.009549856}, "spk7": {"room12": -0.567454636}, "spk1": {"room5": 0.764712095, "room0": 1.08980155}}}