{"meta": {"speaker": "spk13", "room": "room8"}, "data": {"spk22": {"room0": 0.806188345}, "spk10": {"room4": 1.045990229, "room12": 1.34400332}, "spk18": {"room5": -1.379081845, "room0": -0.8500928879999999, "room2": -1.239822507}, "spk29": {"room10": 1.200590611}, "spk5": {"room3": -0.5738027689999999, "room5": -0.818151593, "room0": 0.115297839}, "spk9": {"room4": -0.205094323, "room7": 0.648345947, "room10": 1.304530859, "room12": 0.24998185, "room9": 0.671675026}, "spk2": {"room5": 0.164815247, "room0": 0.769480646}, "spk23": {"room4": 3.537794113, "room7": 2.939487696, "room2": 3.643062353, "room10": 3.277695417, "room12": 3.246369362, "room9": 3.1246416569999997}, "spk15": {"room10": -1.378673553}, "spk28": {"room10": -1.8746798040000001}, "spk24": {"room1": 1.10255146}, "spk12": {"room10": -0.9875107409999999}, "spk8": {"room10": 0.147689834}, "spk17": {"room5": 1.4801917080000002, "room0": 0.844546318}, "spk11": {"room3": -0.39847168299999997, "room4": -0.372960031, "room7": -2.117859125, "room2": 0.108558506, "room12": -0.352417469, "room9": -0.645084321}, "spk19": {"room4": -1.666366339, "room7": -1.8818607330000001, "room12": -1.874447465}, "spk13": {"room4": 3.601852894, "room12": 3.252420187}, "spk31": {"room10": -1.639659882}, "spk6": {"room10": 0.848250866}, "spk3": {"room3": -0.10507845099999999, "room5": 0.686843097, "room7": -0.9314321879999999, "room0": 0.35095855600000003, "room2": 0.406243145, "room9": -0.336744726}, "spk0": {"room3": 1.370623946}, "spk20": {"room10": -0.8691028359999999}, "spk26": {"room2": 2.798373699}, "spk16": {"room3": 0.258891433, "room4": -1.476468205, "room7": -1.073779106, "room12": -1.602261305, "room9": -0.411762089}, "spk27": {"room5": 0.8884816170000001, "room0": 0.45403319600000003}, "spk25": {"room1": 1.250202894}, "spk21": {"room3": 0.316889197, "room4": 1.0579823259999999, "room2": 0.486543894, "room12": 0.404343426}, "spk30": {"room4": -1.587886572, "room2": -1.866028786, "room12": -1.7706252340000002}, "spk4": {"room6": 0.316426843}, "spk14": {"room10": 1.038327217}, "spk7": {"room12": 0.218541861}, "spk1": {"room5": -0.024756338, "room0": 0.802459002}}}