{"meta": {"speaker": "spk13", "room": "room11"}, "data": {"spk22": {"room0": 0.768597126}, "spk10": {"room4": 0.227076367, "room12": 1.735255957}, "spk18": {"room5": -0.69872123, "room0": -0.7104439140000001, "room2": -0.6779532429999999}, "spk29": {"room10": 0.36914268100000003}, "spk5": {"room3": -0.952328563, "room5": -1.0342446570000001, "room0": -0.260317922}, "spk9": {"room4": 0.247881457, "room7": 0.544462025, "room10": 1.186318636, "room12": 0.291217238, "room9": 0.19940075300000001}, "spk2": {"room5": 0.78608036, "room0": 1.9994853730000002}, "spk23": {"room4": 0.45263952, "room7": 1.009206772, "room2": 2.1748168469999998, "room10": 2.666783571, "room12": 1.4618442059999999, "room9": 1.6028631930000001}, "spk15": {"room10": -0.383466035}, "spk28": {"room10": -0.467547059}, "spk24": {"room1": 0.5486897829999999}, "spk12": {"room10": -0.923476815}, "spk8": {"room10": 0.291189313}, "spk17": {"room5": 0.629366457, "room0": 1.152296782}, "spk11": {"room3": 0.058451388, "room4": 0.275536269, "room7": -0.009191379, "room2": -0.220614001, "room12": 0.21082477300000002, "room9": -0.10558544800000001}, "spk19": {"room4": -0.872580111, "room7": -1.185294628, "room12": -0.546277165}, "spk13": {"room4": 3.9582846160000003, "room12": 2.849243641}, "spk31": {"room10": -1.2248533959999999}, "spk6": {"room10": -0.501048148}, "spk3": {"room3": 0.251367599, "room5": -0.028907653, "room7": -0.496144742, "room0": -0.123202682, "room2": -0.527255654, "room9": 0.570907831}, "spk0": {"room3": 0.131391287}, "spk20": {"room10": -0.534182787}, "spk26": {"room2": 1.621804953}, "spk16": {"room3": 0.029525793999999998, "room4": 0.0424795, "room7": 0.343494862, "room12": -0.084643081, "room9": 0.668243468}, "spk27": {"room5": 0.539013445, "room0": -0.179759637}, "spk25": {"room1": 0.513414681}, "spk21": {"room3": 0.72531873, "room4": 1.259705544, "room2": 1.153700709, "room12": 1.737971783}, "spk30": {"room4": -1.673471928, "room2": -2.394435644, "room12": -0.64087683}, "spk4": {"room6": -0.385771424}, "spk14": {"room10": 1.6213692430000002}, "spk7": {"room12": -0.811576188}, "spk1": {"room5": 0.9146375659999999, "room0": 1.688850999}}}