{"meta": {"speaker": "spk13", "room": "room8"}, "data": {"spk22": {"room0": -0.18231463399999998}, "spk10": {"room4": 0.7788334490000001, "room12": 0.734902918}, "spk18": {"room5": -0.700395346, "room0": -1.090735316, "room2": -0.75965482}, "spk29": {"room10": 0.527809262}, "spk5": {"room3": 0.11122644699999999, "room5": -0.9555461999999999, "room0": -0.505296409}, "spk9": {"room4": -0.382024825, "room7": -0.21829180399999998, "room10": 0.8623697159999999, "room12": 0.459439486, "room9": 0.6379085179999999}, "spk2": {"room5": 0.361426741, "room0": 0.575687587}, "spk23": {"room4": 2.361984015, "room7": 1.047612429, "room2": 1.065169096, "room10": 2.193726301, "room12": 1.731868863, "room9": 2.476789713}, "spk15": {"room10": -1.0194906}, "spk28": {"room10": -1.2233692409999999}, "spk24": {"room1": 0.8984926940000001}, "spk12": {"room10": -1.088173628}, "spk8": {"room10": -0.37807712}, "spk17": {"room5": 0.369643211, "room0": 0.28623721}, "spk11": {"room3": 0.350469738, "room4": 0.696309507, "room7": -0.36005216799999995, "room2": -0.7926493290000001, "room12": 1.14887917, "room9": 0.6773181559999999}, "spk19": {"room4": -0.95500046, "room7": -0.864649117, "room12": -1.198183417}, "spk13": {"room4": 3.154015779, "room12": 1.279725552}, "spk31": {"room10": -1.099101782}, "spk6": {"room10": 0.7185989620000001}, "spk3": {"room3": -0.19860239300000002, "room5": 0.61757344, "room7": 0.07806202, "room0": 0.101438425, "room2": 0.0018134660000000001, "room9": 0.076438904}, "spk0": {"room3": 1.29947567}, "spk20": {"room10": -0.840343118}, "spk26": {"room2": 1.4297296999999998}, "spk16": {"room3": -0.718800247, "room4": -0.27804598199999997, "room7": -0.24930878, "room12": -1.059108615, "room9": 0.17700097}, "spk27": {"room5": -0.6246056560000001, "room0": -0.42042723299999996}, "spk25": {"room1": -0.058287445}, "spk21": {"room3": 0.605888367, "room4": 0.392133355, "room2": 0.587433279, "room12": -0.134812415}, "spk30": {"room4": -1.49939692, "room2": -1.7692314390000001, "room12": -1.079076648}, "spk4": {"room6": 0.691198051}, "spk14": {"room10": 1.234729171}, "spk7": {"room12": -0.18678356699999998}, "spk1": {"room5": 1.288217068, "room0": 0.090531372}}}