{"meta": {"speaker": "spk13", "room": "room11"}, "data": {"spk22": {"room0": 2.0108308790000002}, "spk10": {"room4": 2.4476957319999997, "room12": 4.443084717}, "spk18": {"room5": -1.954691529, "room0": -1.622822046, "room2": -2.104201555}, "spk29": {"room10": 0.9407431479999999}, "spk5": {"room3": -1.484836459, "room5": -1.780672789, "room0": -0.6779551509999999}, "spk9": {"room4": 1.242763042, "room7": 1.7356777190000001, "room10": 0.901340425, "room12": 1.509940386, "room9": 0.651606083}, "spk2": {"room5": 0.6781963109999999, "room0": 2.448707819}, "spk23": {"room4": 2.059262753, "room7": 1.721613407, "room2": 2.7491819860000004, "room10": 2.145723581, "room12": 2.764029026, "room9": 1.174353123}, "spk15": {"room10": -1.354153037}, "spk28": {"room10": -1.13803196}, "spk24": {"room1": 0.010404195}, "spk12": {"room10": -1.5479846000000002}, "spk8": {"room10": -0.778506994}, "spk17": {"room5": 2.36943388, "room0": 2.115648508}, "spk11": {"room3": 1.3092459440000002, "room4": 3.7595758439999996, "room7": 1.799405932, "room2": 2.102904558, "room12": 4.012989998, "room9": 4.24973774}, "spk19": {"room4": -1.748369813, "room7": -1.696733356, "room12": -2.178688765}, "spk13": {"room4": 5.0052051539999995, "room12": 5.128891945}, "spk31": {"room10": -2.270562649}, "spk6": {"room10": 1.212385416}, "spk3": {"room3": 0.07977964, "room5": -0.079744034, "room7": -0.6972514390000001, "room0": -0.32006850800000003, "room2": -1.663456917, "room9": -0.149524927}, "spk0": {"room3": 0.630162597}, "spk20": {"room10": -1.33861661}, "spk26": {"room2": 1.654217482}, "spk16": {"room3": 1.035277605, "room4": 1.346073151, "room7": 1.872257113, "room12": 0.653546333, "room9": 1.083516836}, "spk27": {"room5": 0.37321505, "room0": 0.24204076800000002}, "spk25": {"room1": -0.29523742199999997}, "spk21": {"room3": 1.324813128, "room4": 1.3960222009999999, "room2": 1.117044568, "room12": 1.101765513}, "spk30": {"room4": -1.525093436, "room2": -2.997108936, "room12": -2.031547308}, "spk4": {"room6": -0.600876093}, "spk14": {"room10": 4.495342255}, "spk7": {"room12": -0.7013719079999999}, "spk1": {"room5": 0.52516973, "room0": 1.021502256}}}