{"meta": {"speaker": "spk13", "room": "room8"}, "data": {"spk22": {"room0": 0.111242883}, "spk10": {"room4": 1.6044734719999998, "room12": 2.796094894}, "spk18": {"room5": -1.19299221, "room0": -1.107349515, "room2": -0.8165804740000001}, "spk29": {"room10": 0.611910403}, "spk5": {"room3": -1.031753778, "room5": -1.275745034, "room0": -0.268629432}, "spk9": {"room4": 0.048024982, "room7": 0.772049785, "room10": -0.122598082, "room12": -0.196516603, "room9": -0.023190256}, "spk2": {"room5": 0.921536565, "room0": 0.9463741179999999}, "spk23": {"room4": 1.0461786990000002, "room7": 1.161275625, "room2": 2.515979528, "room10": 1.7766315940000001, "room12": 1.257424355, "room9": 2.418262005}, "spk15": {"room10": -1.02669704}, "spk28": {"room10": -0.9923680420000001}, "spk24": {"room1": -0.259538502}, "spk12": {"room10": -0.925278425}, "spk8": {"room10": 0.6891845459999999}, "spk17": {"room5": 2.471940279, "room0": 1.8650441169999998}, "spk11": {"room3": -0.8873216509999999, "room4": 1.466732502, "room7": -0.110419609, "room2": -0.538048923, "room12": 1.373365521, "room9": 0.305226803}, "spk19": {"room4": -0.961622894, "room7": -1.0358955859999999, "room12": -1.294802666}, "spk13": {"room4": 4.264962673, "room12": 3.150880575}, "spk31": {"room10": -1.126342177}, "spk6": {"room10": 1.016633034}, "spk3": {"room3": -0.342878908, "room5": 0.016959405, "room7": -0.829701483, "room0": 0.22569979699999998, "room2": -0.855808198, "room9": -0.326698095}, "spk0": {"room3": 1.860085011}, "spk20": {"room10": -0.649823308}, "spk26": {"room2": 1.660830021}, "spk16": {"room3": -0.45008647399999996, "room4": 0.499786049, "room7": 0.036118206, "room12": 0.7091684340000001, "room9": 0.023501622000000003}, "spk27": {"room5": 1.032641649, "room0": 0.586731374}, "spk25": {"room1": -0.796272457}, "spk21": {"room3": 1.183077097, "room4": 1.6848852630000002, "room2": 2.511586428, "room12": 2.05149436}, "spk30": {"room4": -1.404397249, "room2": -2.4322793480000002, "room12": -1.460492134}, "spk4": {"room6": -0.451167524}, "spk14": {"room10": 2.0540561680000002}, "spk7": {"room12": -0.302350461}, "spk1": {"room5": 0.588503361, "room0": 0.126755759}}}