{"meta": {"speaker": "spk13", "room": "room11"}, "data": {"spk22": {"room0": 0.408230036}, "spk10": {"room4": 1.26924789, "room12": 2.025599718}, "spk18": {"room5": -1.7636080980000002, "room0": -1.7082270380000002, "room2": -1.886583567}, "spk29": {"room10": 0.454968035}, "spk5": {"room3": -1.240215302, "room5": -0.586651027, "room0": -0.32182124300000003}, "spk9": {"room4": 0.241996452, "room7": 0.931594968, "room10": 1.3509440419999998, "room12": 0.962643206, "room9": -0.11704225800000001}, "spk2": {"room5": 0.49703714299999996, "room0": 1.33062005}, "spk23": {"room4": 0.12281057199999999, "room7": 1.3821674590000002, "room2": 1.1928358079999999, "room10": 1.3701504469999999, "room12": 1.387995958, "room9": 1.077584863}, "spk15": {"room10": -0.971628666}, "spk28": {"room10": -1.06215167}, "spk24": {"room1": -0.220177665}, "spk12": {"room10": -1.588888645}, "spk8": {"room10": -0.060700255999999994}, "spk17": {"room5": 1.654119134, "room0": 1.794193506}, "spk11": {"room3": 0.649166822, "room4": 1.586148977, "room7": 0.7217077609999999, "room2": 0.690543771, "room12": 1.205234647, "room9": 0.949769795}, "spk19": {"room4": -1.173788309, "room7": -1.185763121, "room12": -1.400462866}, "spk13": {"room4": 4.897449017, "room12": 2.774817467}, "spk31": {"room10": -1.9816961290000001}, "spk6": {"room10": -0.414153874}, "spk3": {"room3": -0.364486694, "room5": 0.41156590000000004, "room7": -0.444347978, "room0": -0.418991446, "room2": -0.166196227, "room9": -0.45371601}, "spk0": {"room3": -0.021732435}, "spk20": {"room10": -1.314758182}, "spk26": {"room2": 1.371572375}, "spk16": {"room3": 1.3314524890000001, "room4": 0.080870949, "room7": 1.0099247690000002, "room12": 0.179558396, "room9": 0.9357012509999999}, "spk27": {"room5": 0.48943606, "room0": 0.101595812}, "spk25": {"room1": 0.05502072}, "spk21": {"room3": 0.36865329700000005, "room4": 1.1330097909999999, "room2": 0.6462866070000001, "room12": 1.798546076}, "spk30": {"room4": -1.152943134, "room2": -2.435235262, "room12": -0.990784109}, "spk4": {"room6": -0.771592975}, "spk14": {"room10": 1.9707473519999998}, "spk7": {"room12": -1.064199686}, "spk1": {"room5": 1.3757175209999999, "room0": 1.297253013}}}