{"meta": {"speaker": "spk13", "room": "room13"}, "data": {"spk22": {"room0": 2.143666744}, "spk10": {"room4": 1.892839551, "room12": 2.225070477}, "spk18": {"room5": -0.842087567, "room0": -0.7035527229999999, "room2": -1.282904029}, "spk29": {"room10": 1.4084289069999998}, "spk5": {"room3": -1.2035590409999999, "room5": -1.512684584, "room0": -0.785824418}, "spk9": {"room4": 2.150883675, "room7": 1.699386001, "room10": 1.7622621059999999, "room12": 2.19838953, "room9": 1.0420569179999999}, "spk2": {"room5": 0.9019749159999999, "room0": 1.1267422440000001}, "spk23": {"room4": 1.1051440240000001, "room7": 1.180461168, "room2": 2.578802109, "room10": 1.537362099, "room12": 1.200806379, "room9": 1.056525946}, "spk15": {"room10": -1.016633272}, "spk28": {"room10": -1.121104002}, "spk24": {"room1": 0.624184191}, "spk12": {"room10": -0.479592025}, "spk8": {"room10": -0.28021872}, "spk17": {"room5": 1.513740659, "room0": 1.418265343}, "spk11": {"room3": 2.007637262, "room4": 2.761592865, "room7": 1.157599807, "room2": 2.544062376, "room12": 3.215631723, "room9": 2.703645468}, "spk19": {"room4": -1.047039628, "room7": -0.923540592, "room12": -1.253877878}, "spk13": {"room4": 5.173561096, "room12": 3.7253746989999996}, "spk31": {"room10": -0.7163037059999999}, "spk6": {"room10": 0.183698967}, "spk3": {"room3": 0.325933844, "room5": 0.8822283740000001, "room7": 0.5093472, "room0": 0.6472731829999999, "room2": -0.033412162, "room9": 0.25252869699999997}, "spk0": {"room3": 1.530371308}, "spk20": {"room10": -0.06153161099999999}, "spk26": {"room2": 3.4356076719999997}, "spk16": {"room3": 1.192194343, "room4": 0.154774696, "room7": 0.236646175, "room12": 1.315419912, "room9": 0.0640627}, "spk27": {"room5": 1.1850461959999998, "room0": 1.5397481919999998}, "spk25": {"room1": 0.293147832}, "spk21": {"room3": 0.7128380540000001, "room4": 0.995274723, "room2": 0.577858388, "room12": -0.488823354}, "spk30": {"room4": -0.153752655, "room2": -1.025956869, "room12": -0.8741998670000001}, "spk4": {"room6": -0.767476976}, "spk14": {"room10": 3.0187265869999997}, "spk7": {"room12": -0.738488197}, "spk1": {"room5": 0.07028491099999999, "room0": 0.382833421}}}