{"meta": {"speaker": "spk13", "room": "room7"}, "data": {"spk22": {"room0": 1.3730752469999998}, "spk10": {"room4": 1.6167047019999998, "room12": 2.7450490000000003}, "spk18": {"room5": -1.8075618740000001, "room0": -1.4853500130000001, "room2": -1.48820591}, "spk29": {"room10": 1.5337125059999999}, "spk5": {"room3": 0.07505986099999999, "room5": -0.70723033, "room0": -0.072800644}, "spk9": {"room4": 3.830284834, "room7": 3.353341341, "room10": 1.8042386769999998, "room12": 3.810240507, "room9": 3.033051968}, "spk2": {"room5": 2.653367996, "room0": 3.6731853489999997}, "spk23": {"room4": 2.297082424, "room7": 1.3632733819999998, "room2": 3.099466562, "room10": 3.0387394430000003, "room12": 2.531315088, "room9": 1.841985464}, "spk15": {"room10": -0.759344757}, "spk28": {"room10": -0.728097022}, "spk24": {"room1": 0.996332586}, "spk12": {"room10": -0.720451593}, "spk8": {"room10": 0.610266328}, "spk17": {"room5": 2.770901442, "room0": 3.1565117839999997}, "spk11": {"room3": 2.13990283, "room4": 4.198056221, "room7": 2.7136986260000002, "room2": 2.5273349290000002, "room12": 3.678167105, "room9": 4.831067085}, "spk19": {"room4": -1.017309904, "room7": -1.125785112, "room12": -1.5567479130000001}, "spk13": {"room4": 6.087152004, "room12": 6.390107155}, "spk31": {"room10": -1.7143527269999999}, "spk6": {"room10": 1.327022552}, "spk3": {"room3": 0.38155061, "room5": 2.169645071, "room7": 0.497763306, "room0": 1.784959435, "room2": 0.173592076, "room9": 1.308004975}, "spk0": {"room3": 2.418782949}, "spk20": {"room10": -0.7438703179999999}, "spk26": {"room2": 2.2176823619999997}, "spk16": {"room3": 3.005345106, "room4": 2.415927172, "room7": 1.1769573690000001, "room12": 2.233277321, "room9": 1.7645423409999998}, "spk27": {"room5": 2.812425852, "room0": 2.568112135}, "spk25": {"room1": 2.047993183}, "spk21": {"room3": 1.322608113, "room4": 0.737255633, "room2": 1.760112405, "room12": 0.19006015399999998}, "spk30": {"room4": -0.728301823, "room2": -2.501810789, "room12": -1.856377959}, "spk4": {"room6": 0.23940728600000002}, "spk14": {"room10": 4.218233109}, "spk7": {"room12": 0.885846913}, "spk1": {"room5": 0.60390377, "room0": 0.73140794}}}