{"meta": {"speaker": "spk13", "room": "room12"}, "data": {"spk22": {"room0": 2.949191093}, "spk10": {"room4": 2.6923320289999997, "room12": 2.848219395}, "spk18": {"room5": -1.135923862, "room0": -0.6717753409999999, "room2": -0.747177601}, "spk29": {"room10": 1.5635684730000001}, "spk5": {"room3": 0.055433217, "room5": -0.04864759, "room0": 0.474444896}, "spk9": {"room4": 3.0672540660000003, "room7": 3.444217205, "room10": 2.391077518, "room12": 3.54826951, "room9": 2.504043102}, "spk2": {"room5": 0.506461799, "room0": 0.902417839}, "spk23": {"room4": 0.734312713, "room7": 0.101267219, "room2": 1.911051989, "room10": 0.558648705, "room12": 0.632621408, "room9": 0.566547096}, "spk15": {"room10": -0.7207821609999999}, "spk28": {"room10": -0.551878989}, "spk24": {"room1": -0.499834299}, "spk12": {"room10": -0.32137984}, "spk8": {"room10": -0.239720255}, "spk17": {"room5": 0.33432796600000003, "room0": 0.488374025}, "spk11": {"room3": 2.992507458, "room4": 5.35807085, "room7": 4.890516758, "room2": 5.082912445, "room12": 6.23374939, "room9": 6.022718906000001}, "spk19": {"room4": -0.620361209, "room7": -0.572984397, "room12": -1.032637715}, "spk13": {"room4": 5.450445652000001, "room12": 6.249263762999999}, "spk31": {"room10": -1.1244183779999999}, "spk6": {"room10": -1.32463634}, "spk3": {"room3": 0.983309329, "room5": 0.40918389, "room7": 1.273747563, "room0": 1.551051736, "room2": -0.08406081800000001, "room9": 0.8490468259999999}, "spk0": {"room3": -0.530940592}, "spk20": {"room10": -0.48978626700000005}, "spk26": {"room2": 0.018974246}, "spk16": {"room3": 2.040366411, "room4": 2.5477604869999997, "room7": 1.911649942, "room12": 3.311933756, "room9": 1.958203435}, "spk27": {"room5": 1.388899207, "room0": 1.9409755469999999}, "spk25": {"room1": 0.7411483529999999}, "spk21": {"room3": -0.025679443, "room4": 0.381531358, "room2": -0.047700729000000004, "room12": 0.015582406000000002}, "spk30": {"room4": -0.313467443, "room2": -1.0951478479999999, "room12": -0.737003565}, "spk4": {"room6": -0.017016165}, "spk14": {"room10": 1.6005715130000002}, "spk7": {"room12": -0.509293139}, "spk1": {"room5": 1.010039568, "room0": 1.322093844}}}