{"meta": {"speaker": "spk13", "room": "room8"}, "data": {"spk22": {"room0": 0.032295056}, "spk10": {"room4": 1.027250528, "room12": 1.7008459569999999}, "spk18": {"room5": -1.85708189, "room0": -1.593967915, "room2": -2.408255816}, "spk29": {"room10": 1.296467543}, "spk5": {"room3": -0.322709233, "room5": -0.7159906629999999, "room0": 0.289392918}, "spk9": {"room4": -0.303928047, "room7": 0.43076330399999996, "room10": 1.4024050240000001, "room12": -0.062003157999999996, "room9": 0.020546451}, "spk2": {"room5": -0.613211036, "room0": 0.789611042}, "spk23": {"room4": 1.9193503859999999, "room7": 2.082862377, "room2": 3.021969557, "room10": 2.899898767, "room12": 1.986292601, "room9": 2.8121898169999997}, "spk15": {"room10": -1.316858888}, "spk28": {"room10": -1.9621152880000001}, "spk24": {"room1": 0.296046227}, "spk12": {"room10": -1.640447259}, "spk8": {"room10": -0.47955325200000004}, "spk17": {"room5": 1.743914247, "room0": 2.359353065}, "spk11": {"room3": -1.1722464559999999, "room4": -0.403419226, "room7": -1.0509516, "room2": -1.4790180919999998, "room12": -0.7049101, "room9": -0.9303572179999999}, "spk19": {"room4": -2.13800478, "room7": -1.580108404, "room12": -2.319778442}, "spk13": {"room4": 3.44296217, "room12": 3.525457382}, "spk31": {"room10": -1.715911388}, "spk6": {"room10": 0.23604710399999998}, "spk3": {"room3": -0.345822275, "room5": 0.450563967, "room7": -1.9163002969999998, "room0": -0.476324081, "room2": -0.7630878090000001, "room9": -0.783050001}, "spk0": {"room3": 0.021551149}, "spk20": {"room10": -0.9092621209999999}, "spk26": {"room2": 1.6896126269999998}, "spk16": {"room3": -0.128140286, "room4": -0.83300215, "room7": -0.420290619, "room12": -0.8897162679999999, "room9": -0.142092586}, "spk27": {"room5": 1.102887154, "room0": 0.7806999090000001}, "spk25": {"room1": -0.575203538}, "spk21": {"room3": 1.283019066, "room4": 0.454478383, "room2": 2.2472331519999997, "room12": 0.523611069}, "spk30": {"room4": -1.970691204, "room2": -3.5764536860000002, "room12": -2.086086512}, "spk4": {"room6": -0.481610805}, "spk14": {"room10": 0.75187391}, "spk7": {"room12": -0.618187964}, "spk1": {"room5": 0.981259525, "room0": 1.0597562790000001}}}