{"meta": {"speaker": "spk13", "room": "room13"}, "data": {"spk22": {"room0": 0.22215305300000002}, "spk10": {"room4": 1.309298992, "room12": 1.287121534}, "spk18": {"room5": -1.248878241, "room0": -1.110539556, "room2": -1.4039440159999999}, "spk29": {"room10": -0.063216649}, "spk5": {"room3": -0.655862331, "room5": -1.579894304, "room0": -0.774205446}, "spk9": {"room4": 0.0061077069999999995, "room7": 0.039174084, "room10": 0.745749295, "room12": 0.027118403, "room9": 0.026679933}, "spk2": {"room5": 0.0074470790000000005, "room0": 0.9231228229999999}, "spk23": {"room4": 1.992447972, "room7": 1.035601377, "room2": 2.359991789, "room10": 1.937983513, "room12": 1.583890796, "room9": 1.712573886}, "spk15": {"room10": -1.7230584619999998}, "spk28": {"room10": -0.8159929509999999}, "spk24": {"room1": -0.63951087}, "spk12": {"room10": -0.7742951509999999}, "spk8": {"room10": -0.38813328700000005}, "spk17": {"room5": -0.498061031, "room0": 0.656347573}, "spk11": {"room3": 1.6066712140000001, "room4": 2.432844162, "room7": -0.006100746, "room2": 0.631124377, "room12": 1.6974184509999999, "room9": 1.168430805}, "spk19": {"room4": -0.808145821, "room7": -0.800231576, "room12": -0.915387452}, "spk13": {"room4": 4.0943531989999995, "room12": 3.8995721339999996}, "spk31": {"room10": -1.314364672}, "spk6": {"room10": 0.748503983}, "spk3": {"room3": -0.402811319, "room5": -0.130282819, "room7": -0.076082438, "room0": -0.9604055290000001, "room2": -1.111789107, "room9": -0.971954167}, "spk0": {"room3": 0.275186688}, "spk20": {"room10": 0.05577676}, "spk26": {"room2": 2.075962782}, "spk16": {"room3": 0.398556054, "room4": 0.185437873, "room7": 0.372150242, "room12": 0.022925975, "room9": 0.362429768}, "spk27": {"room5": -0.5660619139999999, "room0": -0.456416249}, "spk25": {"room1": -0.7547435159999999}, "spk21": {"room3": 0.331516713, "room4": 0.683554232, "room2": 0.250221521, "room12": 0.385240734}, "spk30": {"room4": -0.51298368, "room2": -1.5579392909999998, "room12": -0.895454705}, "spk4": {"room6": -0.25459227}, "spk14": {"room10": 2.845923185}, "spk7": {"room12": -1.051456571}, "spk1": {"room5": -0.415664792, "room0": -0.165307701}}}