{"meta": {"speaker": "spk13", "room": "room11"}, "data": {"spk22": {"room0": 1.534749269}, "spk10": {"room4": 1.431930661, "room12": 2.0210814480000003}, "spk18": {"room5": -0.262641996, "room0": -0.38419949999999997, "room2": -0.975870907}, "spk29": {"room10": 0.150913551}, "spk5": {"room3": -0.7853782770000001, "room5": -0.77733022, "room0": 0.304903269}, "spk9": {"room4": 0.37405031899999996, "room7": 0.19316934, "room10": 0.002458276, "room12": -0.10043688099999999, "room9": -0.389251322}, "spk2": {"room5": -0.19938498699999999, "room0": 1.28806603}, "spk23": {"room4": 2.089356661, "room7": 2.038009405, "room2": 3.208031178, "room10": 3.550062418, "room12": 2.0161349769999997, "room9": 1.99461174}, "spk15": {"room10": -1.113208532}, "spk28": {"room10": -0.989329338}, "spk24": {"room1": 0.297758847}, "spk12": {"room10": -0.338235587}, "spk8": {"room10": 0.8178308009999999}, "spk17": {"room5": 3.2842948439999997, "room0": 2.6546833519999997}, "spk11": {"room3": -1.310021996, "room4": -0.7259468440000001, "room7": -0.907516897, "room2": -0.953652143, "room12": 0.049834500999999996, "room9": 0.140041336}, "spk19": {"room4": 0.10618782, "room7": 0.001641055, "room12": -0.724271178}, "spk13": {"room4": 4.361220837, "room12": 4.224826813}, "spk31": {"room10": -1.0188825129999999}, "spk6": {"room10": 1.00310564}, "spk3": {"room3": -0.907717705, "room5": -0.25957542699999997, "room7": -1.216475725, "room0": -1.115466118, "room2": -1.038549542, "room9": -0.258161902}, "spk0": {"room3": 1.7419233319999998}, "spk20": {"room10": 0.319330096}, "spk26": {"room2": 2.340293646}, "spk16": {"room3": -0.48255258799999995, "room4": 0.442767113, "room7": -0.19590385300000002, "room12": 0.081647068, "room9": 0.242099583}, "spk27": {"room5": 0.602553844, "room0": -0.90409565}, "spk25": {"room1": 0.7956336140000001}, "spk21": {"room3": 0.997359753, "room4": 2.557346582, "room2": 1.642059565, "room12": 1.8575314280000002}, "spk30": {"room4": -1.0728302, "room2": -2.0313997269999997, "room12": -1.11380589}, "spk4": {"room6": 0.822093725}, "spk14": {"room10": 2.1479268069999997}, "spk7": {"room12": -0.219569951}, "spk1": {"room5": -0.384258032, "room0": -0.07162287099999999}}}