{"meta": {"speaker": "spk13", "room": "room12"}, "data": {"spk22": {"room0": 1.952341914}, "spk10": {"room4": 3.564974785, "room12": 3.5654673580000003}, "spk18": {"room5": -1.673192024, "room0": -1.3701535459999998, "room2": -1.507616997}, "spk29": {"room10": 2.684847832}, "spk5": {"room3": 1.0420809979999999, "room5": 0.27748993, "room0": 1.0461655859999999}, "spk9": {"room4": 2.216510773, "room7": 3.498045683, "room10": 1.984660149, "room12": 2.472059965, "room9": 1.965298653}, "spk2": {"room5": -0.71825248, "room0": 0.415294975}, "spk23": {"room4": 3.1144385339999996, "room7": 2.8330316539999996, "room2": 4.494813918999999, "room10": 3.304384232, "room12": 3.227370977, "room9": 3.335514069}, "spk15": {"room10": -0.7269935009999999}, "spk28": {"room10": -1.024449468}, "spk24": {"room1": 0.162226111}, "spk12": {"room10": -0.9084563259999999}, "spk8": {"room10": -1.153185487}, "spk17": {"room5": 2.087861061, "room0": 2.119379997}, "spk11": {"room3": 2.067525148, "room4": 3.265498638, "room7": 2.32931757, "room2": 2.601281404, "room12": 3.394911528, "room9": 3.8495266439999996}, "spk19": {"room4": -1.433170915, "room7": -0.8533501029999999, "room12": -1.936255932}, "spk13": {"room4": 6.317066669, "room12": 7.867999554}, "spk31": {"room10": -1.777786136}, "spk6": {"room10": -0.81994766}, "spk3": {"room3": 1.477118731, "room5": -0.111920811, "room7": 0.732830465, "room0": 1.7358284, "room2": -0.031550586, "room9": 0.662267327}, "spk0": {"room3": 1.09934175}, "spk20": {"room10": -0.773718894}, "spk26": {"room2": 0.7664533259999999}, "spk16": {"room3": 2.909669638, "room4": 1.294044137, "room7": 1.198491335, "room12": 0.975298047, "room9": 1.020060062}, "spk27": {"room5": 0.305603206, "room0": 0.937446892}, "spk25": {"room1": 1.741908073}, "spk21": {"room3": 0.955422938, "room4": 1.1694815159999998, "room2": 1.063580513, "room12": 0.28744921100000004}, "spk30": {"room4": -1.4426065680000002, "room2": -2.272145271, "room12": -1.6772468090000001}, "spk4": {"room6": 1.31316793}, "spk14": {"room10": 2.2783386709999998}, "spk7": {"room12": 0.497398555}, "spk1": {"room5": 1.993032932, "room0": 2.7028703689999998}}}