{"meta": {"speaker": "spk13", "room": "room13"}, "data": {"spk22": {"room0": 0.87058717}, "spk10": {"room4": 1.525784731, "room12": 2.177154303}, "spk18": {"room5": -1.265653849, "room0": -1.161246419, "room2": -1.634891629}, "spk29": {"room10": 0.9077724220000001}, "spk5": {"room3": 0.18643029, "room5": 0.016683504, "room0": 0.657724857}, "spk9": {"room4": 0.129014581, "room7": 1.1499325040000001, "room10": 1.29451704, "room12": 0.749335229, "room9": 0.6035927529999999}, "spk2": {"room5": 0.289957404, "room0": 1.0506119729999999}, "spk23": {"room4": 2.8013806339999996, "room7": 2.138549089, "room2": 3.21301651, "room10": 3.428675652, "room12": 2.11127758, "room9": 1.889659524}, "spk15": {"room10": -0.922618687}, "spk28": {"room10": -1.33080554}, "spk24": {"room1": -0.607709646}, "spk12": {"room10": -0.515676975}, "spk8": {"room10": -0.466907084}, "spk17": {"room5": 0.946035862, "room0": 1.51921463}, "spk11": {"room3": 1.9724228380000002, "room4": 1.4298048019999998, "room7": 0.935251355, "room2": 0.463758767, "room12": 0.8608789440000001, "room9": 0.604973972}, "spk19": {"room4": -1.334820986, "room7": -1.197176933, "room12": -1.239554405}, "spk13": {"room4": 3.56767416, "room12": 3.58564353}, "spk31": {"room10": -1.1484895940000002}, "spk6": {"room10": 0.494170636}, "spk3": {"room3": -0.150578305, "room5": -0.028676691, "room7": -0.453567415, "room0": -0.383880854, "room2": -0.665630817, "room9": -0.18533967399999998}, "spk0": {"room3": 1.617094874}, "spk20": {"room10": -0.042714845}, "spk26": {"room2": 2.022309303}, "spk16": {"room3": 1.586227894, "room4": 1.109311342, "room7": 0.694425046, "room12": 0.586102664, "room9": 1.249695182}, "spk27": {"room5": -0.286040306, "room0": 0.599058926}, "spk25": {"room1": -0.206668273}, "spk21": {"room3": 1.204810619, "room4": 0.405238837, "room2": 0.677254975, "room12": 0.118906438}, "spk30": {"room4": -1.141944528, "room2": -1.929641128, "room12": -0.8543556929999999}, "spk4": {"room6": -0.279758662}, "spk14": {"room10": 2.0910432340000003}, "spk7": {"room12": -0.342064828}, "spk1": {"room5": 0.027310382999999997, "room0": 0.100883715}}}