{"meta": {"speaker": "spk13", "room": "room13"}, "data": {"spk22": {"room0": 0.92170769}, "spk10": {"room4": 1.669387937, "room12": 2.64003706}, "spk18": {"room5": -1.9786614180000002, "room0": -1.4918477540000001, "room2": -1.4259853359999999}, "spk29": {"room10": 1.670339465}, "spk5": {"room3": -1.497010589, "room5": -1.311957598, "room0": -1.3795154090000001}, "spk9": {"room4": -0.333231598, "room7": 0.047622606, "room10": 0.600392401, "room12": 0.06205336400000001, "room9": 0.234604195}, "spk2": {"room5": 1.202086091, "room0": 0.978520811}, "spk23": {"room4": 0.43696588299999994, "room7": 2.340415716, "room2": 4.101673603, "room10": 2.0583577159999997, "room12": 2.38984561, "room9": 1.785589933}, "spk15": {"room10": -0.187044099}, "spk28": {"room10": -1.202322364}, "spk24": {"room1": -0.027071131000000002}, "spk12": {"room10": -1.0479029420000001}, "spk8": {"room10": 0.005397282}, "spk17": {"room5": 1.414237261, "room0": 2.189876318}, "spk11": {"room3": 1.211226225, "room4": -0.788524806, "room7": -1.628560305, "room2": 0.152505279, "room12": -0.02620599, "room9": -0.227103919}, "spk19": {"room4": -1.689208508, "room7": -1.9035938980000002, "room12": -1.781769753}, "spk13": {"room4": 4.092526913, "room12": 3.2790143489999997}, "spk31": {"room10": -1.0756267309999998}, "spk6": {"room10": -0.022335364}, "spk3": {"room3": -0.7458026409999999, "room5": -0.91490525, "room7": -1.383612275, "room0": -0.235532805, "room2": -1.280738711, "room9": -1.031072259}, "spk0": {"room3": 2.438854218}, "spk20": {"room10": 0.450867474}, "spk26": {"room2": 2.8467214110000003}, "spk16": {"room3": 1.263611436, "room4": -0.7936048509999999, "room7": 0.206753463, "room12": 1.0033351179999999, "room9": -0.014405349}, "spk27": {"room5": 2.005661011, "room0": 1.0805994270000001}, "spk25": {"room1": -0.06434860099999999}, "spk21": {"room3": 1.9594627619999998, "room4": 1.896029234, "room2": 1.433737993, "room12": 1.2256263490000001}, "spk30": {"room4": -1.547525048, "room2": -2.7880251410000003, "room12": -0.708574831}, "spk4": {"room6": -0.544338942}, "spk14": {"room10": 2.2867600919999997}, "spk7": {"room12": -1.540144682}, "spk1": {"room5": 0.218012869, "room0": 1.3117312190000001}}}