{"meta": {"speaker": "spk13", "room": "room13"}, "data": {"spk22": {"room0": 1.359085321}, "spk10": {"room4": 1.439203024, "room12": 1.373171687}, "spk18": {"room5": -0.958589017, "room0": -0.9570461509999999, "room2": -1.279222369}, "spk29": {"room10": -0.268990248}, "spk5": {"room3": -0.781709552, "room5": -1.186989069, "room0": -0.568537593}, "spk9": {"room4": 1.402885318, "room7": 1.215018511, "room10": 1.775654078, "room12": 1.881387711, "room9": 1.2863034009999998}, "spk2": {"room5": 0.8062402009999999, "room0": 1.9848752019999998}, "spk23": {"room4": 1.324550748, "room7": 0.6427583689999999, "room2": 3.327064037, "room10": 2.659038782, "room12": 1.1598128079999999, "room9": 0.9617611770000001}, "spk15": {"room10": -0.684429228}, "spk28": {"room10": -0.852895141}, "spk24": {"room1": -0.00393209}, "spk12": {"room10": -0.561355948}, "spk8": {"room10": 0.08565110000000001}, "spk17": {"room5": 1.205639005, "room0": 1.6608350280000002}, "spk11": {"room3": 0.858438253, "room4": 2.7943484780000003, "room7": 1.289009571, "room2": 2.166303873, "room12": 2.7123353480000003, "room9": 2.087387085}, "spk19": {"room4": -0.904005706, "room7": -0.878647685, "room12": -0.627115607}, "spk13": {"room4": 5.041284561, "room12": 4.1414241789999995}, "spk31": {"room10": -0.231174842}, "spk6": {"room10": 0.43727320399999997}, "spk3": {"room3": -0.170164719, "room5": 0.304736346, "room7": 0.2614609, "room0": -0.687918723, "room2": -0.24526138600000003, "room9": -0.518642783}, "spk0": {"room3": 0.86945802}, "spk20": {"room10": -0.064885147}, "spk26": {"room2": 2.5380928519999997}, "spk16": {"room3": 1.053724289, "room4": 1.578450441, "room7": 1.114387274, "room12": 1.9045873880000002, "room9": 1.1325036290000001}, "spk27": {"room5": 0.024523029, "room0": -0.025125923999999997}, "spk25": {"room1": -0.932654619}, "spk21": {"room3": 1.747579217, "room4": 1.433117867, "room2": 1.694266438, "room12": 0.878950298}, "spk30": {"room4": -0.8116464609999999, "room2": -1.3326567409999999, "room12": 0.114171475}, "spk4": {"room6": -0.69190532}, "spk14": {"room10": 2.722603559}, "spk7": {"room12": -1.746961117}, "spk1": {"room5": -0.07994508, "room0": 0.23212203399999998}}}