{"meta": {"speaker": "spk13", "room": "room13"}, "data": {"spk22": {"room0": 1.808752418}, "spk10": {"room4": 1.326123953, "room12": 2.103705883}, "spk18": {"room5": -1.1218906640000001, "room0": -1.461018801, "room2": -1.3741741180000002}, "spk29": {"room10": 2.210245848}, "spk5": {"room3": -0.293469816, "room5": -0.546684265, "room0": 0.240812495}, "spk9": {"room4": 1.551392198, "room7": 1.456007957, "room10": 1.1365062, "room12": 1.7093203069999998, "room9": 1.360255599}, "spk2": {"room5": 0.73641628, "room0": 1.2135319709999999}, "spk23": {"room4": 3.359936476, "room7": 3.063203096, "room2": 5.1679863930000005, "room10": 3.5427887439999997, "room12": 3.0793807510000004, "room9": 2.603236914}, "spk15": {"room10": -0.373905927}, "spk28": {"room10": -1.229218364}, "spk24": {"room1": 0.7433304190000001}, "spk12": {"room10": -0.7390744090000001}, "spk8": {"room10": -0.25657627}, "spk17": {"room5": 1.653469563, "room0": 1.213097453}, "spk11": {"room3": 1.807394624, "room4": 1.747693419, "room7": 0.339567035, "room2": 1.258648515, "room12": 1.216520905, "room9": 1.28981638}, "spk19": {"room4": -1.248224378, "room7": -1.361603856, "room12": -1.297090173}, "spk13": {"room4": 4.564536572, "room12": 4.199353695}, "spk31": {"room10": -1.111180902}, "spk6": {"room10": 2.106025457}, "spk3": {"room3": 0.703616142, "room5": 0.590622485, "room7": 0.214264691, "room0": 0.59256053, "room2": 0.7546237109999999, "room9": 0.560123861}, "spk0": {"room3": 2.991304398}, "spk20": {"room10": -0.114226334}, "spk26": {"room2": 4.9115424160000005}, "spk16": {"room3": 1.6728619340000002, "room4": 0.422114968, "room7": 0.918598235, "room12": 0.257706255, "room9": 1.405500293}, "spk27": {"room5": 0.748326838, "room0": 0.801222622}, "spk25": {"room1": 1.5247757430000002}, "spk21": {"room3": 2.037839174, "room4": 1.6683716769999999, "room2": 0.69974196, "room12": 0.9767166970000001}, "spk30": {"room4": -0.881645083, "room2": -1.0403782129999999, "room12": -0.8504123690000001}, "spk4": {"room6": 0.197833762}, "spk14": {"room10": 3.491214275}, "spk7": {"room12": 0.723956347}, "spk1": {"room5": -0.36270886700000005, "room0": 0.323835909}}}