{"meta": {"speaker": "spk13", "room": "room12"}, "data": {"spk22": {"room0": 2.39359808}, "spk10": {"room4": 1.996611834, "room12": 2.302820921}, "spk18": {"room5": -0.331293792, "room0": -0.377738684, "room2": -0.583379805}, "spk29": {"room10": 3.008007288}, "spk5": {"room3": 1.728430271, "room5": 1.8696677680000002, "room0": 1.976587534}, "spk9": {"room4": 0.41971883200000004, "room7": 1.564447999, "room10": 1.128384233, "room12": 1.477576733, "room9": 0.9833926559999999}, "spk2": {"room5": -0.204388708, "room0": 0.207193375}, "spk23": {"room4": 2.011583328, "room7": 2.793254614, "room2": 2.585252762, "room10": 2.021812916, "room12": 1.946383119, "room9": 2.284991741}, "spk15": {"room10": -0.507367432}, "spk28": {"room10": -0.171076775}, "spk24": {"room1": 0.04425909}, "spk12": {"room10": 0.208796576}, "spk8": {"room10": -0.401082754}, "spk17": {"room5": 1.079856277, "room0": 0.8519786}, "spk11": {"room3": 1.7944501640000001, "room4": 2.4218950269999997, "room7": 1.922791243, "room2": 2.532401085, "room12": 2.763105154, "room9": 3.40106082}, "spk19": {"room4": -0.110194452, "room7": 0.22500003899999999, "room12": -0.244892225}, "spk13": {"room4": 4.775814533, "room12": 6.332499503999999}, "spk31": {"room10": -0.5226250889999999}, "spk6": {"room10": -0.713887632}, "spk3": {"room3": 2.242776155, "room5": -0.170386553, "room7": 1.603970885, "room0": 1.748327374, "room2": 1.062538266, "room9": 1.3872202630000001}, "spk0": {"room3": 1.3450392480000002}, "spk20": {"room10": 0.152986735}, "spk26": {"room2": 0.574594975}, "spk16": {"room3": 2.959065199, "room4": 1.681647301, "room7": 1.87313199, "room12": 1.7142832280000002, "room9": 2.068840504}, "spk27": {"room5": 0.28387031, "room0": 0.549543977}, "spk25": {"room1": 1.447221518}, "spk21": {"room3": 1.501174569, "room4": 1.0495828390000002, "room2": 0.732393682, "room12": 0.480495989}, "spk30": {"room4": -0.009357585, "room2": -0.6073980929999999, "room12": -0.10826796300000001}, "spk4": {"room6": 1.7644466159999999}, "spk14": {"room10": 1.221227646}, "spk7": {"room12": -0.128684193}, "spk1": {"room5": 0.925924957, "room0": 0.931294262}}}