{"meta": {"speaker": "spk13", "room": "room4"}, "data": {"spk22": {"room0": 2.300153017}, "spk10": {"room4": 1.63946569, "room12": 2.6907658580000002}, "spk18": {"room5": -1.478942513, "room0": -1.16074276, "room2": -1.34070909}, "spk29": {"room10": 2.3546113969999998}, "spk5": {"room3": -0.152405173, "room5": -0.048304547, "room0": -0.132333905}, "spk9": {"room4": 1.874847054, "room7": 2.414063215, "room10": 1.817166686, "room12": 2.288411617, "room9": 2.007408381}, "spk2": {"room5": 2.522230387, "room0": 2.576817751}, "spk23": {"room4": 2.046724558, "room7": 1.65273869, "room2": 2.18632412, "room10": 1.408425331, "room12": 2.539250851, "room9": 2.701146364}, "spk15": {"room10": -1.6185323}, "spk28": {"room10": -1.55168283}, "spk24": {"room1": 0.146892682}, "spk12": {"room10": -1.2294980290000002}, "spk8": {"room10": -0.24622897800000002}, "spk17": {"room5": 3.7379274369999997, "room0": 2.456562757}, "spk11": {"room3": 2.041224957, "room4": 2.894645691, "room7": 2.272025347, "room2": 1.981075406, "room12": 2.703914404, "room9": 3.241648674}, "spk19": {"room4": -1.274588823, "room7": -1.383712649, "room12": -1.473999619}, "spk13": {"room4": 5.254758835, "room12": 3.686335802}, "spk31": {"room10": -1.8727269169999998}, "spk6": {"room10": -0.18633411800000002}, "spk3": {"room3": -0.086442329, "room5": 2.0729551319999997, "room7": 0.74247086, "room0": 1.524032354, "room2": 0.144541636, "room9": 1.713311672}, "spk0": {"room3": 1.223491549}, "spk20": {"room10": -0.606403708}, "spk26": {"room2": -0.18928675399999997}, "spk16": {"room3": 1.651851416, "room4": 2.02119565, "room7": 1.997520089, "room12": 2.393384457, "room9": 1.336401224}, "spk27": {"room5": 2.390950918, "room0": 2.579464197}, "spk25": {"room1": 0.8804788590000001}, "spk21": {"room3": 0.210258201, "room4": 0.19300225399999998, "room2": 0.784440875, "room12": 0.565790355}, "spk30": {"room4": -1.03976059, "room2": -2.335472345, "room12": -1.333655477}, "spk4": {"room6": -0.810896099}, "spk14": {"room10": 3.344418526}, "spk7": {"room12": 0.13309706699999999}, "spk1": {"room5": 0.7375177740000001, "room0": 1.040235519}}}