{"meta": {"speaker": "spk13", "room": "room8"}, "data": {"spk22": {"room0": 1.437060595}, "spk10": {"room4": 0.971019506, "room12": 3.0858948230000003}, "spk18": {"room5": -1.065025687, "room0": -1.111151814, "room2": -0.9808473590000001}, "spk29": {"room10": 0.582895219}, "spk5": {"room3": -0.652804375, "room5": -0.63835454, "room0": 0.48231285799999996}, "spk9": {"room4": 0.501757205, "room7": 1.196025133, "room10": 1.5606549980000002, "room12": 0.469151437, "room9": 0.665097952}, "spk2": {"room5": 0.0006852280000000001, "room0": 1.139389277}, "spk23": {"room4": 2.532987595, "room7": 1.189267993, "room2": 4.369001865, "room10": 3.10245657, "room12": 2.507503986, "room9": 2.125256538}, "spk15": {"room10": -1.335685849}, "spk28": {"room10": -0.61730355}, "spk24": {"room1": 0.42827639}, "spk12": {"room10": -0.520265758}, "spk8": {"room10": 0.257551759}, "spk17": {"room5": 1.126760125, "room0": 1.657398224}, "spk11": {"room3": 0.31279948399999996, "room4": 1.5384570359999998, "room7": -0.317437291, "room2": 0.296355546, "room12": 1.779121399, "room9": 0.834500611}, "spk19": {"room4": -0.255033791, "room7": -0.28004369100000004, "room12": -0.6662063}, "spk13": {"room4": 6.001991272000001, "room12": 5.23433733}, "spk31": {"room10": -0.7343755359999999}, "spk6": {"room10": 0.6741964220000001}, "spk3": {"room3": 0.083398134, "room5": 0.143803686, "room7": -0.46926719, "room0": 0.246011034, "room2": -0.79230845, "room9": -0.221817613}, "spk0": {"room3": 0.806058466}, "spk20": {"room10": 0.28845253600000004}, "spk26": {"room2": 2.091620445}, "spk16": {"room3": 0.414852768, "room4": 0.11242231, "room7": 1.140676856, "room12": 0.298993438, "room9": 0.9127025009999999}, "spk27": {"room5": 0.6708072420000001, "room0": 0.482522666}, "spk25": {"room1": 0.636360347}, "spk21": {"room3": 1.42209506, "room4": 1.9243953230000002, "room2": 1.802661777, "room12": 1.193112612}, "spk30": {"room4": -0.671909869, "room2": -1.721892595, "room12": -0.772025108}, "spk4": {"room6": -0.233276337}, "spk14": {"room10": 2.656174183}, "spk7": {"room12": -0.392963529}, "spk1": {"room5": 0.7424187059999999, "room0": 1.2409559490000002}}}