{"meta": {"speaker": "spk13", "room": "room8"}, "data": {"spk22": {"room0": 0.7218003270000001}, "spk10": {"room4": 1.6813226940000001, "room12": 1.9184938669999998}, "spk18": {"room5": -1.441510558, "room0": -1.028888941, "room2": -1.5051761869999998}, "spk29": {"room10": 1.698844075}, "spk5": {"room3": -0.215229988, "room5": -0.548215985, "room0": 0.348300546}, "spk9": {"room4": 0.150534526, "room7": 0.443922639, "room10": 1.120868325, "room12": 0.64803952, "room9": 0.014503213999999999}, "spk2": {"room5": 0.556522846, "room0": 0.457286119}, "spk23": {"room4": 3.1366808410000004, "room7": 2.8182816510000004, "room2": 2.7380967139999997, "room10": 3.2917041780000003, "room12": 2.73586297, "room9": 3.162512064}, "spk15": {"room10": -1.091825247}, "spk28": {"room10": -2.04850626}, "spk24": {"room1": 1.560406685}, "spk12": {"room10": -1.063817143}, "spk8": {"room10": 0.472051114}, "spk17": {"room5": 2.512172461, "room0": 2.8474667069999997}, "spk11": {"room3": -0.622217774, "room4": -0.25226771800000003, "room7": -1.245105028, "room2": -1.059021711, "room12": -0.474197507, "room9": -0.481494665}, "spk19": {"room4": -1.5789642330000002, "room7": -1.68816781, "room12": -1.335073948}, "spk13": {"room4": 3.542129755, "room12": 2.979630947}, "spk31": {"room10": -1.4038960930000002}, "spk6": {"room10": 1.334950328}, "spk3": {"room3": -0.556330085, "room5": 0.10494324599999999, "room7": -0.7976571920000001, "room0": -0.325168282, "room2": -0.425539017, "room9": -0.366355926}, "spk0": {"room3": 1.022711873}, "spk20": {"room10": -0.928475857}, "spk26": {"room2": 2.361650229}, "spk16": {"room3": -0.7992470859999999, "room4": -1.127924323, "room7": -0.8507602209999999, "room12": -0.7713632579999999, "room9": -0.507653475}, "spk27": {"room5": 0.515836895, "room0": 0.8665894270000001}, "spk25": {"room1": 0.396872014}, "spk21": {"room3": 0.892334104, "room4": 0.271703362, "room2": 1.289252758, "room12": 0.810275614}, "spk30": {"room4": -1.512108326, "room2": -2.20524931, "room12": -1.8139402869999999}, "spk4": {"room6": 0.586454391}, "spk14": {"room10": 0.911426306}, "spk7": {"room12": 2.115391731}, "spk1": {"room5": 0.787304461, "room0": 0.993772268}}}