{"meta": {"speaker": "spk13", "room": "room11"}, "data": {"spk22": {"room0": 0.253463089}, "spk10": {"room4": 0.9479039909999999, "room12": 2.116224051}, "spk18": {"room5": -1.308353305, "room0": -1.235028505, "room2": -1.6439194680000002}, "spk29": {"room10": 0.11787634300000001}, "spk5": {"room3": -1.6520911459999998, "room5": -1.457550049, "room0": -1.0779715779999999}, "spk9": {"room4": 0.64811182, "room7": 0.316034883, "room10": 0.40953823899999997, "room12": 0.464525133, "room9": 0.370877057}, "spk2": {"room5": 0.305071563, "room0": 1.614825606}, "spk23": {"room4": 1.084750533, "room7": 0.364260495, "room2": 1.347900867, "room10": 1.601177096, "room12": 1.204003215, "room9": 0.736094356}, "spk15": {"room10": -0.860789239}, "spk28": {"room10": -0.894275844}, "spk24": {"room1": 0.021933904}, "spk12": {"room10": -1.429122686}, "spk8": {"room10": -0.6005240079999999}, "spk17": {"room5": 0.605940223, "room0": 1.193303704}, "spk11": {"room3": -0.639931619, "room4": 0.611015975, "room7": -0.102723546, "room2": -0.45338755799999997, "room12": 0.7260449529999999, "room9": 0.195846081}, "spk19": {"room4": -1.4165692330000001, "room7": -1.330039501, "room12": -1.576646566}, "spk13": {"room4": 3.024675608, "room12": 2.6135869030000003}, "spk31": {"room10": -1.8544580940000002}, "spk6": {"room10": 0.88826257}, "spk3": {"room3": -0.146372318, "room5": 0.20989567, "room7": -0.6067628860000001, "room0": -0.288532555, "room2": -0.916418552, "room9": 0.24959828}, "spk0": {"room3": -0.04985135}, "spk20": {"room10": -0.971061707}, "spk26": {"room2": 1.71368444}, "spk16": {"room3": -0.16809368100000002, "room4": 0.067012303, "room7": -0.18262887, "room12": -0.34200200399999997, "room9": 0.563122153}, "spk27": {"room5": 0.0038293409999999996, "room0": 0.185901344}, "spk25": {"room1": -0.857269526}, "spk21": {"room3": 0.672590137, "room4": 0.616022348, "room2": 0.21172609899999997, "room12": 0.38472119}, "spk30": {"room4": -1.093697429, "room2": -2.230268955, "room12": -1.401487947}, "spk4": {"room6": -1.215228677}, "spk14": {"room10": 2.243977785}, "spk7": {"room12": -0.360443205}, "spk1": {"room5": -0.066920996, "room0": 0.007505139}}}