{"meta": {"speaker": "spk13", "room": "room13"}, "data": {"spk22": {"room0": 0.359957814}, "spk10": {"room4": 1.942322493, "room12": 1.342610478}, "spk18": {"room5": -1.218643427, "room0": -1.194310784, "room2": -1.600768805}, "spk29": {"room10": 1.643713236}, "spk5": {"room3": -0.265799224, "room5": 0.137500301, "room0": 0.334936887}, "spk9": {"room4": -0.034737069, "room7": 0.663770854, "room10": 0.118744053, "room12": 0.14565824, "room9": -0.147203878}, "spk2": {"room5": 0.140522346, "room0": 0.928341031}, "spk23": {"room4": 1.825376272, "room7": 1.7298055890000001, "room2": 3.1640388969999997, "room10": 1.878793955, "room12": 1.6022237540000002, "room9": 1.8154152630000002}, "spk15": {"room10": -0.00625191}, "spk28": {"room10": -1.861769319}, "spk24": {"room1": 0.140648469}, "spk12": {"room10": -0.067342632}, "spk8": {"room10": 0.10712287599999999}, "spk17": {"room5": 2.387264252, "room0": 1.464919925}, "spk11": {"room3": 0.27967581199999997, "room4": -0.38146254399999996, "room7": -1.305950403, "room2": -0.889541447, "room12": -0.251065642, "room9": -1.558440447}, "spk19": {"room4": -0.40548414, "room7": -0.685862601, "room12": -0.770296633}, "spk13": {"room4": 2.643589258, "room12": 1.6835790869999998}, "spk31": {"room10": -0.807820559}, "spk6": {"room10": 1.819672704}, "spk3": {"room3": -0.5283450479999999, "room5": 0.9230570790000001, "room7": -0.295712978, "room0": -0.284297109, "room2": -0.390858859, "room9": 0.051869463}, "spk0": {"room3": 2.616540194}, "spk20": {"room10": 0.8702681659999999}, "spk26": {"room2": 3.338799953}, "spk16": {"room3": 0.6630463000000001, "room4": 0.339366943, "room7": 0.41048970799999995, "room12": 0.680220664, "room9": 0.28311497}, "spk27": {"room5": 0.7860740420000001, "room0": 0.8427636620000001}, "spk25": {"room1": 0.075963162}, "spk21": {"room3": 1.425112009, "room4": 0.654892325, "room2": 0.835229695, "room12": 0.33798632}, "spk30": {"room4": -1.2274876829999999, "room2": -2.239837646, "room12": -1.1650958059999998}, "spk4": {"room6": 0.579844177}, "spk14": {"room10": 1.23109448}, "spk7": {"room12": -0.294551581}, "spk1": {"room5": -0.31594991699999997, "room0": -0.515605688}}}