{"meta": {"speaker": "spk13", "room": "room8"}, "data": {"spk22": {"room0": 0.7315539120000001}, "spk10": {"room4": 0.613035142, "room12": 0.37313324200000003}, "spk18": {"room5": -1.52497685, "room0": -1.5722556109999999, "room2": -1.0103081459999999}, "spk29": {"room10": 1.042991638}, "spk5": {"room3": 0.7659325, "room5": -0.368463129, "room0": -0.25889352}, "spk9": {"room4": -0.17099508600000002, "room7": 0.346239299, "room10": 1.32592392, "room12": 0.376745492, "room9": 0.779134274}, "spk2": {"room5": 0.81594038, "room0": 0.286363631}, "spk23": {"room4": 2.434714556, "room7": 2.419510126, "room2": 1.271990418, "room10": 1.9730455880000002, "room12": 2.374678612, "room9": 2.9865164760000003}, "spk15": {"room10": -0.595720232}, "spk28": {"room10": -1.263913274}, "spk24": {"room1": 0.68163079}, "spk12": {"room10": -1.055124521}, "spk8": {"room10": 0.34671968200000003}, "spk17": {"room5": 1.179085016, "room0": 0.994503558}, "spk11": {"room3": 0.282450259, "room4": 0.46021542, "room7": -0.536158264, "room2": -0.301782131, "room12": 0.584333003, "room9": 0.40301963700000004}, "spk19": {"room4": -1.215625525, "room7": -0.935178339, "room12": -1.2386292220000001}, "spk13": {"room4": 2.287721872, "room12": 1.4855955840000001}, "spk31": {"room10": -1.0041939020000001}, "spk6": {"room10": -0.088584155}, "spk3": {"room3": 0.054158977999999997, "room5": -0.243402809, "room7": 0.376736045, "room0": 0.34891367, "room2": 0.664436519, "room9": -0.032598332}, "spk0": {"room3": 0.34015256200000005}, "spk20": {"room10": -1.058738947}, "spk26": {"room2": 1.3975536819999999}, "spk16": {"room3": -0.274308652, "room4": -0.513404191, "room7": -0.126973152, "room12": -0.10179364699999999, "room9": 0.43838769200000005}, "spk27": {"room5": -0.38577976799999997, "room0": -0.47570896100000004}, "spk25": {"room1": 0.7843163009999999}, "spk21": {"room3": 0.322213501, "room4": 0.651277304, "room2": 0.74379617, "room12": -0.151233986}, "spk30": {"room4": -1.675088286, "room2": -2.054337978, "room12": -1.328593612}, "spk4": {"room6": 1.0908657309999998}, "spk14": {"room10": 0.553531706}, "spk7": {"room12": 0.811412811}, "spk1": {"room5": 0.9608947040000001, "room0": 0.652021348}}}