{"meta": {"speaker": "spk13", "room": "room11"}, "data": {"spk22": {"room0": 1.627115726}, "spk10": {"room4": 1.03578794, "room12": 2.828324318}, "spk18": {"room5": -0.300412118, "room0": -0.451542735, "room2": -0.6388306020000001}, "spk29": {"room10": 1.007677913}, "spk5": {"room3": -0.992723227, "room5": -0.624980628, "room0": 0.083617948}, "spk9": {"room4": 1.444144726, "room7": 1.09527874, "room10": 0.952476978, "room12": 0.806749225, "room9": 0.30706322199999997}, "spk2": {"room5": -0.174135342, "room0": 1.260979652}, "spk23": {"room4": 1.002153516, "room7": 1.1286622290000001, "room2": 2.66906476, "room10": 2.262441397, "room12": 1.203306079, "room9": 1.162651539}, "spk15": {"room10": -0.963650465}, "spk28": {"room10": -0.41136342299999995}, "spk24": {"room1": 0.055498451}, "spk12": {"room10": -0.260752469}, "spk8": {"room10": 0.03691962}, "spk17": {"room5": 2.951372147, "room0": 2.258952141}, "spk11": {"room3": -0.57272315, "room4": 1.262477279, "room7": 0.08859954, "room2": 0.173335448, "room12": 1.2573988440000001, "room9": 1.09993279}, "spk19": {"room4": -0.42236039, "room7": -0.521881223, "room12": -0.571288526}, "spk13": {"room4": 4.654331684, "room12": 4.458049774}, "spk31": {"room10": -0.661830068}, "spk6": {"room10": 1.563373446}, "spk3": {"room3": -0.113700226, "room5": 1.029747725, "room7": -1.1467977759999999, "room0": -0.216341063, "room2": -1.086189389, "room9": 0.640552998}, "spk0": {"room3": 1.727029085}, "spk20": {"room10": -0.05618979}, "spk26": {"room2": 1.9215466980000002}, "spk16": {"room3": -0.53919971, "room4": 0.7845168109999999, "room7": 0.37244659700000005, "room12": 0.393449128, "room9": 0.909833372}, "spk27": {"room5": 0.876615822, "room0": 0.118779249}, "spk25": {"room1": 0.585947573}, "spk21": {"room3": 1.48015964, "room4": 2.158701181, "room2": 0.737426817, "room12": 1.126733541}, "spk30": {"room4": -0.25911918300000003, "room2": -1.5666092630000001, "room12": -0.9912906290000001}, "spk4": {"room6": -0.192145631}, "spk14": {"room10": 3.5220000739999997}, "spk7": {"room12": -0.414300591}, "spk1": {"room5": -0.27640453, "room0": 0.02572321}}}