{"meta": {"speaker": "spk13", "room": "room13"}, "data": {"spk22": {"room0": 1.5167031290000001}, "spk10": {"room4": 2.197675228, "room12": 2.693591595}, "spk18": {"room5": -1.863393307, "room0": -1.396317244, "room2": -1.698643446}, "spk29": {"room10": 0.888521373}, "spk5": {"room3": 0.7168098690000001, "room5": 0.134179235, "room0": 0.9453383679999999}, "spk9": {"room4": 0.504497886, "room7": 1.59490788, "room10": 0.9961489440000001, "room12": 1.3854295019999998, "room9": 0.835468233}, "spk2": {"room5": -0.019407729, "room0": 0.49560782299999995}, "spk23": {"room4": 2.7190463539999996, "room7": 2.9178633689999995, "room2": 2.863302708, "room10": 3.122621775, "room12": 2.160839319, "room9": 2.909621}, "spk15": {"room10": -0.967502654}, "spk28": {"room10": -1.609714031}, "spk24": {"room1": 0.39981290700000005}, "spk12": {"room10": -1.07454443}, "spk8": {"room10": 0.12119419099999999}, "spk17": {"room5": 2.407864809, "room0": 2.752879143}, "spk11": {"room3": 1.5899269580000002, "room4": 1.8173505069999998, "room7": 0.20888251100000002, "room2": -0.511773527, "room12": 0.466222495, "room9": 0.833999217}, "spk19": {"room4": -1.71413219, "room7": -1.480841637, "room12": -1.973182321}, "spk13": {"room4": 2.800952435, "room12": 2.658543587}, "spk31": {"room10": -1.7313730719999998}, "spk6": {"room10": 0.590397775}, "spk3": {"room3": 0.10147819699999999, "room5": 0.0033289229999999997, "room7": -0.34144884299999995, "room0": -0.468003482, "room2": -0.661774158, "room9": 0.102402575}, "spk0": {"room3": 1.353660345}, "spk20": {"room10": -0.9475462440000001}, "spk26": {"room2": 1.607869744}, "spk16": {"room3": 1.193272352, "room4": 0.163627952, "room7": 0.162337795, "room12": -0.695142925, "room9": 0.814862788}, "spk27": {"room5": 0.365731329, "room0": 0.57394588}, "spk25": {"room1": -0.068366639}, "spk21": {"room3": 0.9888523220000001, "room4": 0.365785539, "room2": 0.929160655, "room12": 0.651630163}, "spk30": {"room4": -1.508075118, "room2": -2.004034281, "room12": -1.280309558}, "spk4": {"room6": 0.242546499}, "spk14": {"room10": 1.459537864}, "spk7": {"room12": -0.062910452}, "spk1": {"room5": 0.799155295, "room0": 0.945234358}}}