{"meta": {"speaker": "spk13", "room": "room13"}, "data": {"spk22": {"room0": 1.3692524430000002}, "spk10": {"room4": 0.6181322929999999, "room12": 1.277282119}, "spk18": {"room5": -0.8575176, "room0": -1.015305996, "room2": -1.162929177}, "spk29": {"room10": 0.345890045}, "spk5": {"room3": 0.037321921, "room5": -0.049729168, "room0": 0.258792728}, "spk9": {"room4": 1.636738181, "room7": 1.372772694, "room10": 1.204693794, "room12": 1.534631968, "room9": 0.9756746890000001}, "spk2": {"room5": -0.009675928, "room0": 1.528949261}, "spk23": {"room4": 1.454014897, "room7": 1.301234126, "room2": 2.179212809, "room10": 1.664448142, "room12": 1.79782474, "room9": 0.33798083700000003}, "spk15": {"room10": -0.409569949}, "spk28": {"room10": -0.673579872}, "spk24": {"room1": 0.256159365}, "spk12": {"room10": -0.17449525}, "spk8": {"room10": 0.26932165}, "spk17": {"room5": 1.120623469, "room0": 0.5920825}, "spk11": {"room3": 0.162011996, "room4": 1.891919851, "room7": 0.49797797200000005, "room2": 0.790845811, "room12": 1.72024262, "room9": 1.615493655}, "spk19": {"room4": -0.625240922, "room7": -0.586632192, "room12": -0.225526035}, "spk13": {"room4": 4.4431481360000005, "room12": 4.066496849}, "spk31": {"room10": -0.695078015}, "spk6": {"room10": 0.028587611000000002}, "spk3": {"room3": -0.257955581, "room5": 0.5288000110000001, "room7": 0.03083097, "room0": -0.15291316800000002, "room2": 0.223859817, "room9": -0.183440149}, "spk0": {"room3": 0.373837441}, "spk20": {"room10": -0.024502229}, "spk26": {"room2": 1.06646502}, "spk16": {"room3": 1.132561326, "room4": 1.276034951, "room7": 0.637681365, "room12": 0.741022229, "room9": 1.111520767}, "spk27": {"room5": 0.5036806460000001, "room0": -0.09753812099999999}, "spk25": {"room1": 0.10937706400000001}, "spk21": {"room3": 0.833636284, "room4": 0.981270075, "room2": 0.900891125, "room12": 0.32795018}, "spk30": {"room4": -0.449041694, "room2": -1.2592808009999998, "room12": -0.29306739600000004}, "spk4": {"room6": 0.033202443}, "spk14": {"room10": 2.736684561}, "spk7": {"room12": -0.571909189}, "spk1": {"room5": -0.031414501000000004, "room0": 0.427500486}}}