{"meta": {"speaker": "spk13", "room": "room12"}, "data": {"spk22": {"room0": 2.7389395239999996}, "spk10": {"room4": 1.3305784459999999, "room12": 2.396859169}, "spk18": {"room5": -1.330616593, "room0": -1.165453315, "room2": -1.3616472480000001}, "spk29": {"room10": 1.817206979}, "spk5": {"room3": -0.139144599, "room5": 0.378474861, "room0": -0.40162777899999996}, "spk9": {"room4": 3.093664646, "room7": 3.072613716, "room10": 2.344545126, "room12": 2.697003603, "room9": 2.950375319}, "spk2": {"room5": 0.4657031, "room0": 1.022938728}, "spk23": {"room4": 1.508758307, "room7": 0.634155452, "room2": 2.9780011180000003, "room10": 1.5455322269999998, "room12": 1.191487312, "room9": 1.228377461}, "spk15": {"room10": -1.33311522}, "spk28": {"room10": -1.071348786}, "spk24": {"room1": 0.499509394}, "spk12": {"room10": -0.546526313}, "spk8": {"room10": -1.6678937669999998}, "spk17": {"room5": 0.38937974, "room0": 0.352446109}, "spk11": {"room3": 3.744350672, "room4": 4.678386211, "room7": 3.70989418, "room2": 5.656519413, "room12": 5.057181835, "room9": 5.395371914}, "spk19": {"room4": -1.011726141, "room7": -0.975222409, "room12": -1.388023257}, "spk13": {"room4": 5.4856162070000005, "room12": 5.186894894}, "spk31": {"room10": -1.620790124}, "spk6": {"room10": -1.1770343779999999}, "spk3": {"room3": 1.188034773, "room5": 0.6278491620000001, "room7": 1.728378534, "room0": 1.786936164, "room2": 0.435461879, "room9": 1.1755127909999998}, "spk0": {"room3": 0.49733561299999995}, "spk20": {"room10": -0.637321115}, "spk26": {"room2": -0.111137852}, "spk16": {"room3": 2.373759508, "room4": 1.9106128219999998, "room7": 2.976525068, "room12": 2.963991642, "room9": 1.986853838}, "spk27": {"room5": 0.536616981, "room0": 2.2326493259999998}, "spk25": {"room1": 2.14411974}, "spk21": {"room3": -0.16673074699999998, "room4": 0.512551486, "room2": -0.332707286, "room12": 0.22579929199999998}, "spk30": {"room4": -0.8750251529999999, "room2": -1.9497962, "room12": -1.5994066}, "spk4": {"room6": -0.883694887}, "spk14": {"room10": 2.7910425660000002}, "spk7": {"room12": 0.386668086}, "spk1": {"room5": 0.736899078, "room0": 1.337705135}}}