{"meta": {"speaker": "spk13", "room": "room8"}, "data": {"spk22": {"room0": 0.466716677}, "spk10": {"room4": 0.7282046679999999, "room12": 0.41993022}, "spk18": {"room5": -1.3665568830000001, "room0": -1.65907836, "room2": -1.237412453}, "spk29": {"room10": 0.928128242}, "spk5": {"room3": -0.515344799, "room5": -0.8089991809999999, "room0": -0.37884551299999997}, "spk9": {"room4": -0.40940389, "room7": -0.170803547, "room10": 1.069504499, "room12": -0.190119937, "room9": -0.039134979}, "spk2": {"room5": 1.047724009, "room0": 0.630348861}, "spk23": {"room4": 2.82013011, "room7": 2.1205530169999998, "room2": 1.778257847, "room10": 2.895486593, "room12": 2.9438483719999997, "room9": 2.605968237}, "spk15": {"room10": -1.122128367}, "spk28": {"room10": -1.3692969080000001}, "spk24": {"room1": 0.7385637159999999}, "spk12": {"room10": -1.085789919}, "spk8": {"room10": 0.961063862}, "spk17": {"room5": 1.094035864, "room0": 1.114412785}, "spk11": {"room3": -0.272821844, "room4": -0.300734997, "room7": -1.284482479, "room2": -1.058651209, "room12": -0.193381026, "room9": -0.342823297}, "spk19": {"room4": -1.321785808, "room7": -1.057911277, "room12": -0.9983218909999999}, "spk13": {"room4": 2.374115229, "room12": 2.0317389969999997}, "spk31": {"room10": -1.53412354}, "spk6": {"room10": -0.079312496}, "spk3": {"room3": -0.16441135099999998, "room5": -0.221513629, "room7": -0.598315835, "room0": -0.109927207, "room2": 0.23710347699999998, "room9": -0.34546303700000003}, "spk0": {"room3": 1.45572269}, "spk20": {"room10": -0.720909655}, "spk26": {"room2": 1.470445037}, "spk16": {"room3": -0.185877159, "room4": -1.205729485, "room7": -0.739738405, "room12": -0.961850345, "room9": -0.649296522}, "spk27": {"room5": -0.212172553, "room0": 0.18720454}, "spk25": {"room1": 0.11178179099999999}, "spk21": {"room3": 0.853642285, "room4": 1.051113129, "room2": 1.154364347, "room12": 0.919730365}, "spk30": {"room4": -1.550677776, "room2": -2.004502296, "room12": -1.6445128919999998}, "spk4": {"room6": 0.19029247800000001}, "spk14": {"room10": 0.628310084}, "spk7": {"room12": 0.380197495}, "spk1": {"room5": 1.211074114, "room0": 0.43836948299999995}}}