{"meta": {"speaker": "spk13", "room": "room13"}, "data": {"spk22": {"room0": 1.8568538430000001}, "spk10": {"room4": 2.0184388159999997, "room12": 2.543872595}, "spk18": {"room5": -0.740151942, "room0": -0.496115476, "room2": -0.798056245}, "spk29": {"room10": 1.208216667}, "spk5": {"room3": -0.649028838, "room5": -0.78714633, "room0": -0.509643495}, "spk9": {"room4": 0.536138594, "room7": 1.151086688, "room10": 0.36316064, "room12": 1.3927156930000002, "room9": 0.5144035220000001}, "spk2": {"room5": 0.45785138, "room0": 1.814205885}, "spk23": {"room4": 1.39338541, "room7": 1.849215984, "room2": 2.9357931610000003, "room10": 2.60306859, "room12": 1.85816586, "room9": 1.61600101}, "spk15": {"room10": -0.523758411}, "spk28": {"room10": -0.695164204}, "spk24": {"room1": 0.864435554}, "spk12": {"room10": -0.326215506}, "spk8": {"room10": -0.30158788}, "spk17": {"room5": 2.083704233, "room0": 1.445933104}, "spk11": {"room3": 0.08838260199999999, "room4": 1.813547611, "room7": 0.656830311, "room2": 0.518786192, "room12": 1.443836689, "room9": 1.306643844}, "spk19": {"room4": -0.989257574, "room7": -0.9431035520000001, "room12": -1.1024442909999999}, "spk13": {"room4": 3.948766232, "room12": 2.811357021}, "spk31": {"room10": -0.705193043}, "spk6": {"room10": 0.983701169}, "spk3": {"room3": -0.40373382, "room5": 0.24755929399999999, "room7": 0.104962587, "room0": 0.409907401, "room2": -0.334822983, "room9": 0.953660548}, "spk0": {"room3": 1.148522139}, "spk20": {"room10": -0.078128465}, "spk26": {"room2": 2.2994587419999997}, "spk16": {"room3": 0.33699914799999997, "room4": 0.97905612, "room7": 0.40111348, "room12": 0.37211552299999995, "room9": 1.0250834229999999}, "spk27": {"room5": 1.4639778140000002, "room0": 0.5320916179999999}, "spk25": {"room1": 0.537899435}, "spk21": {"room3": 0.521447718, "room4": 0.94567883, "room2": 0.396445394, "room12": 0.418492615}, "spk30": {"room4": -0.145459801, "room2": -1.224222064, "room12": -0.695006132}, "spk4": {"room6": -0.102020629}, "spk14": {"room10": 2.491014242}, "spk7": {"room12": -0.391828179}, "spk1": {"room5": 0.39750227299999996, "room0": 0.8907846209999999}}}