{"meta": {"speaker": "spk13", "room": "room13"}, "data": {"spk22": {"room0": 0.856785595}, "spk10": {"room4": 1.613326192, "room12": 2.072789431}, "spk18": {"room5": -1.3626295330000002, "room0": -1.17522192, "room2": -1.622942805}, "spk29": {"room10": 1.527798653}, "spk5": {"room3": -0.130324781, "room5": -0.011902981000000002, "room0": 0.462361962}, "spk9": {"room4": 0.8604267840000001, "room7": 1.005920291, "room10": 0.507449687, "room12": 0.959535182, "room9": 0.010419626}, "spk2": {"room5": -0.201194108, "room0": 1.264355659}, "spk23": {"room4": 1.616354585, "room7": 1.784244537, "room2": 3.283110857, "room10": 2.349614859, "room12": 1.5872515440000001, "room9": 1.282406807}, "spk15": {"room10": -0.24998158199999998}, "spk28": {"room10": -1.216436386}, "spk24": {"room1": 0.581527412}, "spk12": {"room10": -0.48600748200000005}, "spk8": {"room10": -0.00021309400000000002}, "spk17": {"room5": 2.2445776459999998, "room0": 1.39797914}, "spk11": {"room3": 0.39691746200000005, "room4": 0.8723543290000001, "room7": -0.436540335, "room2": -0.007110255, "room12": 0.388107091, "room9": 0.113570645}, "spk19": {"room4": -1.042644858, "room7": -1.321831703, "room12": -1.4725067619999999}, "spk13": {"room4": 4.4405798910000005, "room12": 3.323360205}, "spk31": {"room10": -1.32238543}, "spk6": {"room10": 1.6675469880000002}, "spk3": {"room3": 0.496355534, "room5": 0.868493617, "room7": -0.256539285, "room0": 0.186024055, "room2": 0.8624978659999999, "room9": 0.561446786}, "spk0": {"room3": 2.9017925260000004}, "spk20": {"room10": -0.246538118}, "spk26": {"room2": 4.564770222}, "spk16": {"room3": 1.104381442, "room4": -0.847121239, "room7": -0.898662031, "room12": -0.8465848570000001, "room9": -0.9292846920000001}, "spk27": {"room5": 1.071311474, "room0": 0.799194515}, "spk25": {"room1": 0.786065102}, "spk21": {"room3": 2.183260679, "room4": 2.438608646, "room2": 1.140709281, "room12": 1.3541251419999998}, "spk30": {"room4": -0.5430548789999999, "room2": -1.434718132, "room12": -1.213389397}, "spk4": {"room6": -0.045866612}, "spk14": {"room10": 2.720851183}, "spk7": {"room12": -0.098606057}, "spk1": {"room5": 0.132084429, "room0": 0.497749746}}}