{"meta": {"speaker": "spk13", "room": "room13"}, "data": {"spk22": {"room0": 1.670870185}, "spk10": {"room4": 1.352558374, "room12": 1.794731855}, "spk18": {"room5": -1.769672871, "room0": -1.62512064, "room2": -1.578505158}, "spk29": {"room10": 2.527727365}, "spk5": {"room3": 0.23281447600000002, "room5": -0.290927559, "room0": 0.049121520999999994}, "spk9": {"room4": 1.185780406, "room7": 1.398985624, "room10": 1.3163433070000001, "room12": 1.650304556, "room9": 1.207382083}, "spk2": {"room5": 0.93867451, "room0": 0.432940483}, "spk23": {"room4": 2.8437106610000003, "room7": 3.129194975, "room2": 4.306707858999999, "room10": 3.0034816269999998, "room12": 2.867511988, "room9": 3.179230452}, "spk15": {"room10": -1.382555604}, "spk28": {"room10": -1.783980846}, "spk24": {"room1": 1.2501760720000001}, "spk12": {"room10": -1.556930304}, "spk8": {"room10": -0.580786884}, "spk17": {"room5": 1.624868631, "room0": 1.5050736669999998}, "spk11": {"room3": 2.792295456, "room4": 1.158343792, "room7": 0.153380588, "room2": 0.789143741, "room12": 1.5222455259999998, "room9": 1.318390727}, "spk19": {"room4": -1.495830536, "room7": -1.9988840819999998, "room12": -1.686206818}, "spk13": {"room4": 4.46591568, "room12": 3.65085721}, "spk31": {"room10": -1.808652282}, "spk6": {"room10": 0.98494792}, "spk3": {"room3": 0.713595152, "room5": 0.41562399299999997, "room7": -0.228902251, "room0": 0.547833979, "room2": 0.5357477660000001, "room9": 0.556513429}, "spk0": {"room3": 2.154758453}, "spk20": {"room10": -0.679162264}, "spk26": {"room2": 4.432301044}, "spk16": {"room3": 1.204798341, "room4": -0.097922549, "room7": 0.898872435, "room12": 0.255669683, "room9": 0.678230047}, "spk27": {"room5": 1.575284123, "room0": 1.132439613}, "spk25": {"room1": 1.046107411}, "spk21": {"room3": 2.574448586, "room4": 1.5387779469999998, "room2": 2.333075523, "room12": 1.647795558}, "spk30": {"room4": -1.099256158, "room2": -2.243715763, "room12": -1.7836743590000002}, "spk4": {"room6": -0.04242612}, "spk14": {"room10": 1.6184911730000002}, "spk7": {"room12": 0.415634602}, "spk1": {"room5": 1.2375687359999998, "room0": 1.839028597}}}