{"meta": {"speaker": "spk13", "room": "room8"}, "data": {"spk22": {"room0": 1.531623363}, "spk10": {"room4": 1.319672108, "room12": 3.319768667}, "spk18": {"room5": 0.083321452, "room0": -0.37671458700000005, "room2": -0.949109614}, "spk29": {"room10": 1.392535925}, "spk5": {"room3": -0.572641373, "room5": -0.48443379999999997, "room0": 0.25848338}, "spk9": {"room4": 0.441558212, "room7": 1.322034597, "room10": 1.018519521, "room12": 0.514300227, "room9": 0.700554013}, "spk2": {"room5": 0.286347061, "room0": 1.349263191}, "spk23": {"room4": 3.717817783, "room7": 3.071622133, "room2": 4.64135313, "room10": 4.108150005, "room12": 3.223325968, "room9": 3.0879731180000003}, "spk15": {"room10": -1.135664463}, "spk28": {"room10": -1.5956686740000001}, "spk24": {"room1": 0.8930088279999999}, "spk12": {"room10": -0.189795315}, "spk8": {"room10": 0.736143529}, "spk17": {"room5": 3.160819292, "room0": 1.935660839}, "spk11": {"room3": -0.504823565, "room4": 0.637779534, "room7": -0.596734226, "room2": 0.7550508979999999, "room12": 0.89512217, "room9": 0.839909375}, "spk19": {"room4": -1.63995862, "room7": -1.243949771, "room12": -1.3487427230000002}, "spk13": {"room4": 6.178766251, "room12": 7.203346252}, "spk31": {"room10": -1.0883026120000001}, "spk6": {"room10": 1.434269071}, "spk3": {"room3": 0.44897541399999996, "room5": 0.804210007, "room7": -0.36630252, "room0": 0.53503567, "room2": 0.238416582, "room9": -0.20364001399999998}, "spk0": {"room3": 2.115361214}, "spk20": {"room10": 0.037680548}, "spk26": {"room2": 3.2994689939999997}, "spk16": {"room3": 0.013334383, "room4": -0.5824499129999999, "room7": -1.06569159, "room12": -0.9518313409999999, "room9": 0.162010565}, "spk27": {"room5": 1.171126485, "room0": 1.07596755}, "spk25": {"room1": 1.696652174}, "spk21": {"room3": 1.3872747419999998, "room4": 2.153860569, "room2": 1.8308215140000001, "room12": 1.624269247}, "spk30": {"room4": -1.050186157, "room2": -1.8806508780000002, "room12": -1.8020074369999999}, "spk4": {"room6": -0.161193773}, "spk14": {"room10": 1.615756512}, "spk7": {"room12": -0.35426443799999996}, "spk1": {"room5": -0.289867103, "room0": 0.918440461}}}