{"meta": {"speaker": "spk13", "room": "room4"}, "data": {"spk22": {"room0": 2.368228436}, "spk10": {"room4": 1.6208941940000001, "room12": 1.090742707}, "spk18": {"room5": -0.055260301, "room0": 0.22719362399999998, "room2": -0.37086242399999997}, "spk29": {"room10": 1.953377724}, "spk5": {"room3": 1.114215851, "room5": 0.53865993, "room0": 0.951301932}, "spk9": {"room4": 1.728105426, "room7": 2.33707881, "room10": 1.523637652, "room12": 2.581913948, "room9": 1.584043264}, "spk2": {"room5": 0.9989430309999999, "room0": 1.5948034519999998}, "spk23": {"room4": 1.338014603, "room7": 1.4902740719999998, "room2": 1.504837275, "room10": 1.931437373, "room12": 1.108762622, "room9": 1.9255350830000002}, "spk15": {"room10": -0.8936366440000001}, "spk28": {"room10": -0.22357805100000003}, "spk24": {"room1": 0.448530465}, "spk12": {"room10": 0.266031295}, "spk8": {"room10": 0.6181121470000001}, "spk17": {"room5": 1.1204495429999999, "room0": 1.316689134}, "spk11": {"room3": 1.0727368590000002, "room4": 3.7541358469999997, "room7": 3.180632591, "room2": 2.226215839, "room12": 3.098820925, "room9": 3.403085709}, "spk19": {"room4": -0.211012483, "room7": -0.40664652, "room12": -0.281051576}, "spk13": {"room4": 5.523172379, "room12": 4.433094978}, "spk31": {"room10": -0.458562791}, "spk6": {"room10": -0.427024513}, "spk3": {"room3": 0.149923399, "room5": 2.23291707, "room7": 2.147256374, "room0": 1.473278284, "room2": 1.3873732090000002, "room9": 1.613215804}, "spk0": {"room3": -0.115680046}, "spk20": {"room10": 0.034745943}, "spk26": {"room2": 1.436597466}, "spk16": {"room3": 1.97390449, "room4": 1.642130017, "room7": 1.608489394, "room12": 1.292986989, "room9": 2.693580627}, "spk27": {"room5": 0.27526626, "room0": 0.615653515}, "spk25": {"room1": 1.001075149}, "spk21": {"room3": 0.7996124029999999, "room4": 1.7355979680000002, "room2": 0.923244298, "room12": 0.865021467}, "spk30": {"room4": -0.204412326, "room2": -0.9337664840000001, "room12": -0.604337215}, "spk4": {"room6": 0.5330069070000001}, "spk14": {"room10": 1.688491225}, "spk7": {"room12": -0.142015174}, "spk1": {"room5": 0.366557539, "room0": 0.36678937100000003}}}