{"meta": {"speaker": "spk13", "room": "room8"}, "data": {"spk22": {"room0": -0.1849145}, "spk10": {"room4": 0.494743854, "room12": 0.65775913}, "spk18": {"room5": -0.695918977, "room0": -1.011029124, "room2": -0.360631645}, "spk29": {"room10": 0.9570083620000001}, "spk5": {"room3": 0.7758747340000001, "room5": -0.199764088, "room0": 0.249903023}, "spk9": {"room4": -0.9707263709999999, "room7": -0.563857973, "room10": -0.080834314, "room12": -0.289510369, "room9": -0.669694066}, "spk2": {"room5": 0.080937773, "room0": 0.458209395}, "spk23": {"room4": 2.465045452, "room7": 2.066091299, "room2": 1.328868747, "room10": 2.750694036, "room12": 1.653424025, "room9": 2.381560087}, "spk15": {"room10": -0.152967811}, "spk28": {"room10": -0.45962181700000004}, "spk24": {"room1": 0.992369533}, "spk12": {"room10": -0.772879124}, "spk8": {"room10": 1.000019193}, "spk17": {"room5": 0.195097327, "room0": 0.40612179}, "spk11": {"room3": -1.060795069, "room4": -0.098420374, "room7": -0.9471597079999999, "room2": -1.473184109, "room12": 0.139722466, "room9": 0.027460208}, "spk19": {"room4": -0.466925889, "room7": -0.812882364, "room12": -0.12547536199999998}, "spk13": {"room4": 2.6399500369999997, "room12": 1.06610465}, "spk31": {"room10": -0.40745455}, "spk6": {"room10": 0.486967951}, "spk3": {"room3": -0.135785162, "room5": 1.287548304, "room7": -0.25322786, "room0": 0.069951937, "room2": 0.751679599, "room9": 0.40157660799999995}, "spk0": {"room3": 0.08057694900000001}, "spk20": {"room10": -0.15979701300000002}, "spk26": {"room2": 2.410563946}, "spk16": {"room3": -0.5799177289999999, "room4": -0.462537766, "room7": -0.33116421100000004, "room12": -1.219087243, "room9": 0.230677098}, "spk27": {"room5": -0.003809977, "room0": -1.045439363}, "spk25": {"room1": -0.178644508}, "spk21": {"room3": 0.29292953, "room4": 0.455569446, "room2": 0.957235575, "room12": -0.57767719}, "spk30": {"room4": -1.4430657630000001, "room2": -1.828582525, "room12": -1.134927988}, "spk4": {"room6": 0.936868668}, "spk14": {"room10": 1.3754955530000001}, "spk7": {"room12": 0.863776743}, "spk1": {"room5": 0.067359954, "room0": -0.049568176}}}