{"meta": {"speaker": "spk13", "room": "room13"}, "data": {"spk22": {"room0": 0.602833509}, "spk10": {"room4": 0.7164918779999999, "room12": 2.482574224}, "spk18": {"room5": -0.754231751, "room0": -0.9606574179999999, "room2": -1.4285339119999998}, "spk29": {"room10": 0.270926416}, "spk5": {"room3": -0.454480767, "room5": -1.1219310759999999, "room0": -0.160716295}, "spk9": {"room4": -0.094782047, "room7": 0.27382347, "room10": 1.218513727, "room12": 0.386064559, "room9": 0.320317477}, "spk2": {"room5": 1.156231403, "room0": 1.488014936}, "spk23": {"room4": 1.4887502190000002, "room7": 1.470734477, "room2": 2.884788036, "room10": 2.399945974, "room12": 2.047683716, "room9": 1.106645226}, "spk15": {"room10": -0.853785276}, "spk28": {"room10": -0.96296072}, "spk24": {"room1": -0.22672756}, "spk12": {"room10": -1.0640861990000001}, "spk8": {"room10": -0.35562035399999997}, "spk17": {"room5": 0.80963093, "room0": 0.494867325}, "spk11": {"room3": 1.380621195, "room4": 1.220693946, "room7": 0.075968646, "room2": 1.060608268, "room12": 1.26358664, "room9": 0.9838914870000001}, "spk19": {"room4": -0.753594697, "room7": -0.565290034, "room12": -0.572931111}, "spk13": {"room4": 4.349019051, "room12": 5.32980442}, "spk31": {"room10": -1.077720165}, "spk6": {"room10": 0.272622049}, "spk3": {"room3": -0.73506099, "room5": -0.6806052920000001, "room7": -1.055676818, "room0": -1.015067339, "room2": -0.799097478, "room9": -1.3081010579999999}, "spk0": {"room3": 1.275810957}, "spk20": {"room10": 0.10709516}, "spk26": {"room2": 2.242494822}, "spk16": {"room3": 1.7434551719999998, "room4": -0.004581388, "room7": 0.751358509, "room12": 0.544874549, "room9": 0.757269084}, "spk27": {"room5": -0.325129271, "room0": -0.582553208}, "spk25": {"room1": 0.0016403}, "spk21": {"room3": 1.263051867, "room4": 1.147242904, "room2": 0.21550168100000003, "room12": 0.9495152240000001}, "spk30": {"room4": -0.989887416, "room2": -2.11177516, "room12": -1.095599174}, "spk4": {"room6": 0.036269855}, "spk14": {"room10": 2.686142921}, "spk7": {"room12": -0.5316890479999999}, "spk1": {"room5": 0.773860753, "room0": 1.154413104}}}