{"meta": {"speaker": "spk13", "room": "room8"}, "data": {"spk22": {"room0": 0.78369385}, "spk10": {"room4": 1.834278345, "room12": 2.682240725}, "spk18": {"room5": -1.222763062, "room0": -0.881456137, "room2": -1.375848055}, "spk29": {"room10": 2.6916584969999997}, "spk5": {"room3": -0.91049844, "room5": 0.191424653, "room0": 0.880368948}, "spk9": {"room4": 0.252384633, "room7": 1.041096449, "room10": 0.94361341, "room12": 0.596186817, "room9": 0.092263527}, "spk2": {"room5": 0.450351715, "room0": 1.779675603}, "spk23": {"room4": 2.5806596280000003, "room7": 3.4349427219999997, "room2": 4.678111076, "room10": 3.442667246, "room12": 3.5088131430000002, "room9": 3.6276638510000003}, "spk15": {"room10": -0.098308928}, "spk28": {"room10": -1.82472384}, "spk24": {"room1": 0.07642047099999999}, "spk12": {"room10": -0.504526258}, "spk8": {"room10": 0.4733935}, "spk17": {"room5": 2.384543419, "room0": 1.9068263769999998}, "spk11": {"room3": 0.115158901, "room4": 1.395043254, "room7": -0.056580909000000006, "room2": 1.080283046, "room12": 1.506519318, "room9": 1.276993513}, "spk19": {"room4": -1.6492279769999998, "room7": -1.411471725, "room12": -1.332781553}, "spk13": {"room4": 5.454580784, "room12": 4.81026125}, "spk31": {"room10": -0.768105686}, "spk6": {"room10": 0.964241683}, "spk3": {"room3": 0.17052352399999998, "room5": 0.546215475, "room7": -0.7612552640000001, "room0": 0.458079487, "room2": -0.34302166100000003, "room9": 0.9036664959999999}, "spk0": {"room3": 1.894450665}, "spk20": {"room10": -0.261506647}, "spk26": {"room2": 3.4004538060000002}, "spk16": {"room3": 0.289884061, "room4": 0.643678784, "room7": 0.20677353399999998, "room12": -0.156207263, "room9": 0.022407232000000003}, "spk27": {"room5": 1.591292977, "room0": 1.327487469}, "spk25": {"room1": 1.4865049119999998}, "spk21": {"room3": 2.736315489, "room4": 2.427269697, "room2": 2.813806295, "room12": 1.892354965}, "spk30": {"room4": -1.27803278, "room2": -2.918931961, "room12": -2.010582685}, "spk4": {"room6": 0.137922212}, "spk14": {"room10": 2.587021589}, "spk7": {"room12": 0.788237095}, "spk1": {"room5": 0.220730767, "room0": 0.556528449}}}