{"meta": {"speaker": "spk13", "room": "room11"}, "data": {"spk22": {"room0": 1.411842227}, "spk10": {"room4": 0.848154545, "room12": 2.4814512730000002}, "spk18": {"room5": -1.577253342, "room0": -1.623922586, "room2": -1.224415064}, "spk29": {"room10": 0.27466261399999997}, "spk5": {"room3": -0.85975939, "room5": -0.90263027, "room0": -0.34234607200000006}, "spk9": {"room4": 1.545015454, "room7": 0.771422446, "room10": 0.623570383, "room12": 0.6051176189999999, "room9": 0.642911911}, "spk2": {"room5": -0.158561334, "room0": 1.169914365}, "spk23": {"room4": 0.530391634, "room7": 1.150814056, "room2": 1.405989289, "room10": 1.46698451, "room12": 2.446752787, "room9": 0.38921585700000005}, "spk15": {"room10": -0.360419631}, "spk28": {"room10": -1.181232572}, "spk24": {"room1": -0.40751463200000004}, "spk12": {"room10": -0.598686397}, "spk8": {"room10": 0.193339497}, "spk17": {"room5": 1.876573205, "room0": 1.706478119}, "spk11": {"room3": -0.556487501, "room4": 1.826990366, "room7": -0.20299148600000003, "room2": -0.151996315, "room12": 1.2511647940000001, "room9": 1.486984611}, "spk19": {"room4": -1.0885651109999999, "room7": -1.061885715, "room12": -1.204223037}, "spk13": {"room4": 4.13985014, "room12": 3.020088196}, "spk31": {"room10": -1.036656737}, "spk6": {"room10": -0.033340491}, "spk3": {"room3": 0.8999099140000001, "room5": 0.56152612, "room7": -1.03361237, "room0": -0.321216524, "room2": -1.02148807, "room9": -0.25472247600000003}, "spk0": {"room3": 1.039847374}, "spk20": {"room10": 0.11488123199999999}, "spk26": {"room2": 0.739369452}, "spk16": {"room3": -0.087060735, "room4": -0.091204986, "room7": -0.6992498640000001, "room12": 0.286408186, "room9": -0.10547123800000001}, "spk27": {"room5": 1.617462635, "room0": 1.066571355}, "spk25": {"room1": 0.105689473}, "spk21": {"room3": 1.589545727, "room4": 1.5204088690000002, "room2": 1.089176774, "room12": 0.970371842}, "spk30": {"room4": -0.6965518, "room2": -2.575288296, "room12": -1.3612049819999998}, "spk4": {"room6": -0.46739018}, "spk14": {"room10": 1.92747438}, "spk7": {"room12": -0.8442903159999999}, "spk1": {"room5": -0.12485639800000001, "room0": -0.149496123}}}