{"meta": {"speaker": "spk13", "room": "room8"}, "data": {"spk22": {"room0": 1.097011685}, "spk10": {"room4": 1.7901475430000002, "room12": 1.724128485}, "spk18": {"room5": -1.129056573, "room0": -1.021543741, "room2": -1.36564219}, "spk29": {"room10": 1.7156561609999998}, "spk5": {"room3": -0.9193081259999999, "room5": -1.321659446, "room0": -0.381251305}, "spk9": {"room4": 0.18146887399999997, "room7": 0.8946893220000001, "room10": 1.112657547, "room12": 0.23668898600000002, "room9": 0.487892658}, "spk2": {"room5": 0.5777753000000001, "room0": 0.5132863520000001}, "spk23": {"room4": 2.42249465, "room7": 2.773659468, "room2": 2.76165843, "room10": 1.987558365, "room12": 2.94611907, "room9": 3.033135653}, "spk15": {"room10": -0.947034955}, "spk28": {"room10": -1.900005937}, "spk24": {"room1": 0.7346593140000001}, "spk12": {"room10": -1.333884358}, "spk8": {"room10": 0.831088603}, "spk17": {"room5": 2.9840152260000004, "room0": 2.1529967780000003}, "spk11": {"room3": -0.7821370959999999, "room4": 0.010428256, "room7": -1.5866189, "room2": -0.588122368, "room12": -0.053927597, "room9": -0.793428481}, "spk19": {"room4": -1.428889036, "room7": -1.4805220369999998, "room12": -2.292192698}, "spk13": {"room4": 3.7297489639999997, "room12": 1.562477469}, "spk31": {"room10": -1.254327774}, "spk6": {"room10": 1.9147458080000002}, "spk3": {"room3": 0.052508038, "room5": 1.122843027, "room7": -1.11625278, "room0": 0.19115524, "room2": -0.197827891, "room9": -0.059584059}, "spk0": {"room3": 1.59442687}, "spk20": {"room10": -0.744083464}, "spk26": {"room2": 1.6251834630000002}, "spk16": {"room3": -0.319047272, "room4": -1.2220608, "room7": -1.1765985490000002, "room12": -0.654219866, "room9": -0.7336001990000001}, "spk27": {"room5": 1.93989408, "room0": 1.635373235}, "spk25": {"room1": 0.120002434}, "spk21": {"room3": 0.745514452, "room4": 1.7922567130000002, "room2": 1.204599857, "room12": 1.1299041509999999}, "spk30": {"room4": -1.0209704640000001, "room2": -2.573833704, "room12": -1.6525490280000001}, "spk4": {"room6": 0.577397287}, "spk14": {"room10": 0.738343477}, "spk7": {"room12": -0.991363406}, "spk1": {"room5": 0.897804081, "room0": -1.14247489}}}