{"meta": {"speaker": "spk13", "room": "room11"}, "data": {"spk22": {"room0": 0.263638049}, "spk10": {"room4": 0.142495528, "room12": 1.5040009019999998}, "spk18": {"room5": -0.662770987, "room0": -0.326625049, "room2": -0.74444598}, "spk29": {"room10": -0.134087875}, "spk5": {"room3": -1.2283052209999998, "room5": -1.843533993, "room0": -0.484355986}, "spk9": {"room4": 0.301138908, "room7": 0.37413889200000006, "room10": 0.628159761, "room12": 0.11901423300000001, "room9": -0.115636915}, "spk2": {"room5": 0.30205979899999996, "room0": 1.390997171}, "spk23": {"room4": 0.050895385, "room7": 0.409245312, "room2": 1.208307266, "room10": 1.02214694, "room12": 0.29142797, "room9": 0.6430817839999999}, "spk15": {"room10": -0.983121514}, "spk28": {"room10": -1.136357307}, "spk24": {"room1": 0.856824219}, "spk12": {"room10": -1.034621477}, "spk8": {"room10": -0.192535698}, "spk17": {"room5": 0.01010416, "room0": 1.027475119}, "spk11": {"room3": -0.118278809, "room4": 0.6876247529999999, "room7": -0.278464913, "room2": -0.444789052, "room12": 0.9320920109999999, "room9": 0.099848971}, "spk19": {"room4": -0.862534523, "room7": -0.7594797609999999, "room12": -0.735873103}, "spk13": {"room4": 3.343116999, "room12": 1.79529202}, "spk31": {"room10": -1.130978107}, "spk6": {"room10": -0.008381464}, "spk3": {"room3": -0.47816062, "room5": 0.536725581, "room7": -0.9563570020000001, "room0": -1.0538365840000001, "room2": -0.735062778, "room9": -0.845507085}, "spk0": {"room3": 0.336928457}, "spk20": {"room10": -0.742289126}, "spk26": {"room2": 1.824768543}, "spk16": {"room3": 0.049426869000000005, "room4": -0.007739819, "room7": 0.191825658, "room12": 0.26224795, "room9": 0.284867108}, "spk27": {"room5": 1.269590139, "room0": 0.980431974}, "spk25": {"room1": -0.597229064}, "spk21": {"room3": 0.5068538779999999, "room4": 1.296481848, "room2": 0.8053987029999999, "room12": 1.170643568}, "spk30": {"room4": -0.84626776, "room2": -2.043095589, "room12": -1.096062899}, "spk4": {"room6": -1.078520894}, "spk14": {"room10": 1.54188323}, "spk7": {"room12": -1.21832633}, "spk1": {"room5": 1.162051439, "room0": 1.068828702}}}