{"meta": {"speaker": "spk13", "room": "room11"}, "data": {"spk22": {"room0": 1.493942976}, "spk10": {"room4": 1.293499351, "room12": 2.171301126}, "spk18": {"room5": -1.430630445, "room0": -1.439769387, "room2": -1.86939466}, "spk29": {"room10": 0.844982386}, "spk5": {"room3": -1.673353195, "room5": -1.4541424509999998, "room0": -1.165294647}, "spk9": {"room4": 0.9649026390000001, "room7": 0.7145036459999999, "room10": 0.37176412299999995, "room12": 1.172466993, "room9": 0.045869015}, "spk2": {"room5": 0.9827566740000001, "room0": 1.682145119}, "spk23": {"room4": 0.48383984, "room7": 1.335574746, "room2": 1.4317041640000001, "room10": 1.476988196, "room12": 1.207933903, "room9": 0.920188963}, "spk15": {"room10": -0.754958153}, "spk28": {"room10": -1.1509763000000002}, "spk24": {"room1": 0.9794674520000001}, "spk12": {"room10": -1.756336451}, "spk8": {"room10": -0.475248396}, "spk17": {"room5": 1.336291671, "room0": 1.337697983}, "spk11": {"room3": -0.455758899, "room4": 1.455443263, "room7": 0.812663555, "room2": 0.636002958, "room12": 1.7098251580000001, "room9": 1.55618906}, "spk19": {"room4": -1.107393265, "room7": -1.138062477, "room12": -1.208178282}, "spk13": {"room4": 4.768552303, "room12": 3.401332378}, "spk31": {"room10": -1.677509546}, "spk6": {"room10": -0.360658497}, "spk3": {"room3": -0.537353277, "room5": -0.135950252, "room7": -0.8929920790000001, "room0": 0.043505485999999996, "room2": -1.416095495, "room9": -0.016396817}, "spk0": {"room3": -0.00853896}, "spk20": {"room10": -1.016001463}, "spk26": {"room2": 1.179711938}, "spk16": {"room3": 0.5416184070000001, "room4": -0.268187165, "room7": 0.249550059, "room12": -0.044271957, "room9": 0.451282114}, "spk27": {"room5": 0.835371315, "room0": 0.768730402}, "spk25": {"room1": 0.395671636}, "spk21": {"room3": 0.454024255, "room4": 1.816551089, "room2": 0.6842166190000001, "room12": 1.684578538}, "spk30": {"room4": -1.049946427, "room2": -2.30674243, "room12": -1.4691350459999999}, "spk4": {"room6": -0.664938271}, "spk14": {"room10": 2.095431328}, "spk7": {"room12": -0.45936620200000006}, "spk1": {"room5": 0.7013084890000001, "room0": 0.897460163}}}