{"meta": {"speaker": "spk13", "room": "room11"}, "data": {"spk22": {"room0": 0.9879870409999999}, "spk10": {"room4": 0.69940275, "room12": 1.118760824}, "spk18": {"room5": -1.007334948, "room0": -0.864123702, "room2": -0.96259284}, "spk29": {"room10": 0.289870054}, "spk5": {"room3": -0.6008045670000001, "room5": -0.8862500190000001, "room0": -0.44872757799999996}, "spk9": {"room4": 1.2910159829999999, "room7": 0.910867155, "room10": 1.280202627, "room12": 1.718279004, "room9": 0.8475382920000001}, "spk2": {"room5": -0.237959489, "room0": 0.259086072}, "spk23": {"room4": 1.4467836619999999, "room7": 1.3488281969999998, "room2": 2.296911001, "room10": 1.850505233, "room12": 1.542196155, "room9": 0.9331968429999999}, "spk15": {"room10": -1.0537223820000001}, "spk28": {"room10": -0.970713794}, "spk24": {"room1": 0.816368639}, "spk12": {"room10": -1.044359565}, "spk8": {"room10": -0.549170434}, "spk17": {"room5": 0.947792113, "room0": 0.693218112}, "spk11": {"room3": 0.178978041, "room4": 2.063341141, "room7": 0.431859672, "room2": 1.081395507, "room12": 2.162105322, "room9": 1.501769423}, "spk19": {"room4": -0.710471869, "room7": -0.7588945029999999, "room12": -0.8250997659999999}, "spk13": {"room4": 4.187380791, "room12": 4.104688168}, "spk31": {"room10": -1.205985427}, "spk6": {"room10": -0.5501290560000001}, "spk3": {"room3": 0.057289176, "room5": 0.530329168, "room7": 0.214736968, "room0": 0.83083576, "room2": 0.17199567, "room9": 0.494132489}, "spk0": {"room3": 0.525158703}, "spk20": {"room10": -0.5488836770000001}, "spk26": {"room2": 1.689531684}, "spk16": {"room3": 1.01247263, "room4": -0.491991699, "room7": 1.078181267, "room12": 0.6019276379999999, "room9": 0.43924886}, "spk27": {"room5": 0.06849071400000001, "room0": 0.077297613}, "spk25": {"room1": 0.932706892}, "spk21": {"room3": 0.508274317, "room4": 1.489267111, "room2": 0.590536535, "room12": 0.35947603}, "spk30": {"room4": -1.263695002, "room2": -1.296135068, "room12": -1.25311327}, "spk4": {"room6": -0.38286137600000003}, "spk14": {"room10": 1.916359067}, "spk7": {"room12": -0.639719367}, "spk1": {"room5": 0.215755582, "room0": 1.091305017}}}