{"meta": {"speaker": "spk13", "room": "room8"}, "data": {"spk22": {"room0": 0.518967628}, "spk10": {"room4": 2.667145491, "room12": 2.512299538}, "spk18": {"room5": -1.305621624, "room0": -1.150780559, "room2": -1.43451333}, "spk29": {"room10": 0.617332816}, "spk5": {"room3": -0.709209144, "room5": -0.650940359, "room0": -0.122651219}, "spk9": {"room4": 0.45283108899999996, "room7": 1.097331882, "room10": 0.533845305, "room12": 0.190576702, "room9": 0.278725088}, "spk2": {"room5": 1.282399654, "room0": 0.996533096}, "spk23": {"room4": 2.182180882, "room7": 1.381527185, "room2": 2.36792469, "room10": 2.267311573, "room12": 1.909238935, "room9": 2.511927128}, "spk15": {"room10": -0.29256141199999997}, "spk28": {"room10": -1.219157338}, "spk24": {"room1": -0.792647421}, "spk12": {"room10": -0.77449435}, "spk8": {"room10": 0.30987706800000003}, "spk17": {"room5": 1.8418293000000001, "room0": 1.8662898540000001}, "spk11": {"room3": -1.451548696, "room4": 0.411646664, "room7": -0.60804671, "room2": -1.080549479, "room12": 0.094327204, "room9": -0.078598641}, "spk19": {"room4": -1.253830194, "room7": -1.146853209, "room12": -1.1393707990000002}, "spk13": {"room4": 4.438537121, "room12": 2.0594675540000003}, "spk31": {"room10": -0.996106863}, "spk6": {"room10": 0.8561126590000001}, "spk3": {"room3": -0.8013464809999999, "room5": 0.974822938, "room7": -0.6863400340000001, "room0": -0.558133543, "room2": -0.674300969, "room9": -0.696466267}, "spk0": {"room3": 1.18118155}, "spk20": {"room10": -0.56851989}, "spk26": {"room2": 1.463069916}, "spk16": {"room3": -0.015509208, "room4": -0.26335391399999997, "room7": -0.49221262299999996, "room12": -0.41684854, "room9": 0.102200471}, "spk27": {"room5": 0.640871584, "room0": 0.8968101740000001}, "spk25": {"room1": 0.325080335}, "spk21": {"room3": 0.9958806040000001, "room4": 1.3907264469999998, "room2": 1.0145159959999999, "room12": 1.335498214}, "spk30": {"room4": -1.5297933819999998, "room2": -2.295414925, "room12": -1.476462364}, "spk4": {"room6": -0.016932268}, "spk14": {"room10": 1.6498310569999999}, "spk7": {"room12": -0.151469231}, "spk1": {"room5": 0.772286415, "room0": 0.28552615600000003}}}