{"meta": {"speaker": "spk13", "room": "room11"}, "data": {"spk22": {"room0": 0.7097942829999999}, "spk10": {"room4": 0.330761552, "room12": 0.143192247}, "spk18": {"room5": -1.3827750680000002, "room0": -1.295826197, "room2": -1.4523031709999998}, "spk29": {"room10": -0.324299157}, "spk5": {"room3": -1.825099826, "room5": -1.700868845, "room0": -1.377528071}, "spk9": {"room4": 1.110285878, "room7": -0.509530246, "room10": 0.430693448, "room12": 0.232869402, "room9": 0.5662152770000001}, "spk2": {"room5": -0.593902946, "room0": -0.449057996}, "spk23": {"room4": 0.432775468, "room7": 0.17841665399999998, "room2": 0.696056604, "room10": 0.18125177899999997, "room12": 0.415937692, "room9": 0.080538183}, "spk15": {"room10": -1.611249804}, "spk28": {"room10": -1.204516888}, "spk24": {"room1": -0.215760499}, "spk12": {"room10": -1.519088507}, "spk8": {"room10": -0.512924194}, "spk17": {"room5": 0.19775083699999998, "room0": 0.731098294}, "spk11": {"room3": -0.283618331, "room4": 1.34422195, "room7": 0.618249178, "room2": 0.219220325, "room12": 1.54536891, "room9": 0.8165055509999999}, "spk19": {"room4": -1.329803705, "room7": -1.435321689, "room12": -1.4682942630000002}, "spk13": {"room4": 2.62539649, "room12": 1.615905881}, "spk31": {"room10": -1.348271489}, "spk6": {"room10": -0.954040349}, "spk3": {"room3": -0.8491732479999999, "room5": 0.144254565, "room7": -0.7470018270000001, "room0": -0.407630444, "room2": -0.7655940059999999, "room9": -0.313171029}, "spk0": {"room3": -0.15602202699999998}, "spk20": {"room10": -0.9233590359999999}, "spk26": {"room2": 0.314401031}, "spk16": {"room3": 0.175164923, "room4": -0.778583705, "room7": 0.349147737, "room12": 0.239886701, "room9": 0.797159374}, "spk27": {"room5": -0.33957415799999996, "room0": -0.2066897}, "spk25": {"room1": -1.16665256}, "spk21": {"room3": -0.702290833, "room4": -0.188760445, "room2": -0.34401077, "room12": -0.140790746}, "spk30": {"room4": -1.241677046, "room2": -1.697110415, "room12": -1.748975515}, "spk4": {"room6": -1.514385462}, "spk14": {"room10": 0.70261389}, "spk7": {"room12": -0.716418505}, "spk1": {"room5": -0.027937342999999996, "room0": -0.28479930800000003}}}