{"meta": {"speaker": "spk13", "room": "room11"}, "data": {"spk22": {"room0": 1.5538346769999998}, "spk10": {"room4": 0.8063985709999999, "room12": 1.074739933}, "spk18": {"room5": -0.530093193, "room0": -0.69184804, "room2": -1.0023308990000002}, "spk29": {"room10": 0.5583722}, "spk5": {"room3": -1.216186166, "room5": -1.490635276, "room0": -0.84048146}, "spk9": {"room4": 1.102165222, "room7": 0.386367202, "room10": 1.468486428, "room12": 1.109676003, "room9": 0.45176807}, "spk2": {"room5": 0.058626585, "room0": 0.529457092}, "spk23": {"room4": 1.043703198, "room7": 1.482842684, "room2": 2.130967379, "room10": 1.412593126, "room12": 1.4091187719999998, "room9": 0.945450425}, "spk15": {"room10": -0.84672159}, "spk28": {"room10": -0.764527202}, "spk24": {"room1": -0.493052483}, "spk12": {"room10": -0.865908384}, "spk8": {"room10": -0.343078345}, "spk17": {"room5": 0.482143462, "room0": 0.12873399300000002}, "spk11": {"room3": 0.605185807, "room4": 1.7176314590000001, "room7": 0.378507882, "room2": 0.640058339, "room12": 2.041372538, "room9": 1.870822191}, "spk19": {"room4": -0.498593956, "room7": -0.606982708, "room12": -0.682001173}, "spk13": {"room4": 4.028680325, "room12": 3.575118065}, "spk31": {"room10": -1.0166187290000002}, "spk6": {"room10": -0.72679919}, "spk3": {"room3": -0.669595897, "room5": -0.6979348059999999, "room7": -0.44937756700000003, "room0": -0.246454895, "room2": -0.729701817, "room9": -0.444613546}, "spk0": {"room3": 0.8095956440000001}, "spk20": {"room10": -0.432350099}, "spk26": {"room2": 1.45347023}, "spk16": {"room3": 0.5675466060000001, "room4": -0.267150581, "room7": 0.09196936300000001, "room12": -0.022983702, "room9": 0.234686628}, "spk27": {"room5": -0.325013757, "room0": -0.6915602679999999}, "spk25": {"room1": -0.079460874}, "spk21": {"room3": 0.569179595, "room4": 1.156135798, "room2": 0.355581909, "room12": 0.7390630840000001}, "spk30": {"room4": -0.990285277, "room2": -1.642003775, "room12": -1.35561204}, "spk4": {"room6": -0.56410253}, "spk14": {"room10": 1.086600304}, "spk7": {"room12": -0.743042529}, "spk1": {"room5": 0.511186481, "room0": 0.379213125}}}