{"meta": {"speaker": "spk13", "room": "room11"}, "data": {"spk22": {"room0": 1.7258388999999998}, "spk10": {"room4": 1.509702206, "room12": 1.943329453}, "spk18": {"room5": -2.216914654, "room0": -1.766733766, "room2": -1.743607521}, "spk29": {"room10": 1.177934051}, "spk5": {"room3": -0.43358466, "room5": 0.233199701, "room0": 0.540259302}, "spk9": {"room4": 1.112279773, "room7": 1.4453737740000001, "room10": 1.040989757, "room12": 1.4837769269999999, "room9": 0.544579446}, "spk2": {"room5": -0.267475516, "room0": 1.226070046}, "spk23": {"room4": 2.070404768, "room7": 2.334949255, "room2": 2.459677935, "room10": 2.419060707, "room12": 2.601637602, "room9": 1.839979768}, "spk15": {"room10": 0.121815965}, "spk28": {"room10": -1.266761899}, "spk24": {"room1": 0.9923129079999999}, "spk12": {"room10": -1.048506856}, "spk8": {"room10": 0.09365736699999999}, "spk17": {"room5": 2.587749004, "room0": 1.9237825869999998}, "spk11": {"room3": -1.2027484179999999, "room4": 1.961035371, "room7": 0.309040785, "room2": -0.282458693, "room12": 1.4870448109999999, "room9": 1.058229446}, "spk19": {"room4": -1.2035822870000001, "room7": -1.146636009, "room12": -1.6524405480000002}, "spk13": {"room4": 5.030252457, "room12": 4.098204613}, "spk31": {"room10": -2.067825556}, "spk6": {"room10": 0.653234899}, "spk3": {"room3": 1.1211282009999999, "room5": 1.495441675, "room7": 0.252454489, "room0": 1.0328720809999998, "room2": 0.797740757, "room9": 1.245468378}, "spk0": {"room3": 0.607287347}, "spk20": {"room10": -0.8755500909999999}, "spk26": {"room2": 2.491238594}, "spk16": {"room3": 0.735034168, "room4": 1.127027869, "room7": -0.215818197, "room12": 0.10997869800000001, "room9": 1.324448705}, "spk27": {"room5": 0.8961701390000001, "room0": -0.20951256199999999}, "spk25": {"room1": 0.8491617440000001}, "spk21": {"room3": 0.884039283, "room4": 2.229947805, "room2": 0.987606764, "room12": 1.223691106}, "spk30": {"room4": -1.408530712, "room2": -2.42459631, "room12": -2.002857924}, "spk4": {"room6": 0.104517415}, "spk14": {"room10": 1.981916904}, "spk7": {"room12": 0.012069026000000002}, "spk1": {"room5": 0.293040246, "room0": 0.454039484}}}