{"meta": {"speaker": "spk13", "room": "room8"}, "data": {"spk22": {"room0": 1.317840695}, "spk10": {"room4": 1.313515306, "room12": 2.245394945}, "spk18": {"room5": -0.47822693, "room0": -0.5823032260000001, "room2": -0.8113055229999999}, "spk29": {"room10": 0.975530267}, "spk5": {"room3": -0.970787466, "room5": -0.865872622, "room0": 0.35301435}, "spk9": {"room4": 0.304002672, "room7": 0.458923399, "room10": 0.572566211, "room12": -0.086854018, "room9": 0.163088188}, "spk2": {"room5": 0.44858396100000003, "room0": 1.239912152}, "spk23": {"room4": 2.693953753, "room7": 1.7143929, "room2": 2.9213252069999998, "room10": 3.6889925000000003, "room12": 1.51533401, "room9": 2.833806038}, "spk15": {"room10": -1.0240403409999999}, "spk28": {"room10": -1.2018146509999998}, "spk24": {"room1": 0.564624906}, "spk12": {"room10": -0.094304062}, "spk8": {"room10": 0.289095014}, "spk17": {"room5": 0.916169882, "room0": 0.717361093}, "spk11": {"room3": 0.15796347, "room4": 0.871934235, "room7": -0.088901214, "room2": 0.5671839120000001, "room12": 1.048761725, "room9": 0.36980986600000004}, "spk19": {"room4": -0.672049463, "room7": -0.981755435, "room12": -0.557140172}, "spk13": {"room4": 3.8735268119999997, "room12": 2.585538626}, "spk31": {"room10": -1.021762371}, "spk6": {"room10": 1.4141230580000002}, "spk3": {"room3": -0.275232255, "room5": 0.535894275, "room7": -0.531767845, "room0": 0.034074202000000005, "room2": -0.22822225100000001, "room9": 0.192991838}, "spk0": {"room3": 2.073105574}, "spk20": {"room10": -0.572941422}, "spk26": {"room2": 3.031627178}, "spk16": {"room3": 0.052173778, "room4": -0.23927457600000002, "room7": 0.296869278, "room12": -0.542337954, "room9": -0.140186101}, "spk27": {"room5": 0.6816931959999999, "room0": 1.4750941990000002}, "spk25": {"room1": 0.180905715}, "spk21": {"room3": 0.8269639609999999, "room4": 1.051175833, "room2": 1.44809556, "room12": 1.113046765}, "spk30": {"room4": -0.6866960529999999, "room2": -1.829441071, "room12": -1.226580143}, "spk4": {"room6": 0.400902748}, "spk14": {"room10": 1.433158159}, "spk7": {"room12": -0.025558239}, "spk1": {"room5": 0.369166195, "room0": -0.164556414}}}