{"meta": {"speaker": "spk13", "room": "room8"}, "data": {"spk22": {"room0": 0.633008182}, "spk10": {"room4": 2.1040563580000002, "room12": 2.722133875}, "spk18": {"room5": -0.759057581, "room0": -1.088278174, "room2": -0.893832028}, "spk29": {"room10": 0.570393801}, "spk5": {"room3": -0.9785572290000001, "room5": -1.022349954, "room0": 0.07686179900000001}, "spk9": {"room4": 0.558152735, "room7": 1.149602413, "room10": 0.839293182, "room12": 0.720529437, "room9": 0.509672284}, "spk2": {"room5": 0.024439616, "room0": 0.9378161429999999}, "spk23": {"room4": 3.24889183, "room7": 2.119719028, "room2": 4.667333126, "room10": 3.591163158, "room12": 2.7436523439999996, "room9": 3.363551855}, "spk15": {"room10": -1.257090449}, "spk28": {"room10": -1.189947128}, "spk24": {"room1": 0.71215564}, "spk12": {"room10": -0.252318263}, "spk8": {"room10": 0.487510741}, "spk17": {"room5": 1.524645209, "room0": 1.7977324719999999}, "spk11": {"room3": -0.229982883, "room4": 0.75451827, "room7": -0.7386537790000001, "room2": -0.034154426, "room12": 1.103440046, "room9": 0.085207492}, "spk19": {"room4": -0.836994708, "room7": -1.48280406, "room12": -0.798377097}, "spk13": {"room4": 4.438003063, "room12": 4.634154797}, "spk31": {"room10": -1.199091554}, "spk6": {"room10": 1.788108706}, "spk3": {"room3": -0.593594968, "room5": 0.047281012000000004, "room7": -0.490760386, "room0": -0.15741875800000002, "room2": -0.69105804, "room9": -0.144997329}, "spk0": {"room3": 1.414315939}, "spk20": {"room10": 0.042076907999999996}, "spk26": {"room2": 3.018031836}, "spk16": {"room3": 0.73565197, "room4": -0.296189308, "room7": 0.21351841100000002, "room12": -0.416335076, "room9": 0.51260519}, "spk27": {"room5": 0.328413725, "room0": 0.5268874170000001}, "spk25": {"room1": 0.17387402100000002}, "spk21": {"room3": 1.00252533, "room4": 1.096653581, "room2": 1.300805449, "room12": 1.4781268840000001}, "spk30": {"room4": -0.974464297, "room2": -2.099497318, "room12": -1.367967844}, "spk4": {"room6": -0.153395429}, "spk14": {"room10": 2.110061646}, "spk7": {"room12": 1.05553472}, "spk1": {"room5": -0.17406442800000002, "room0": -0.292562425}}}