{"meta": {"speaker": "spk13", "room": "room11"}, "data": {"spk22": {"room0": 0.7100414629999999}, "spk10": {"room4": 2.3503024580000003, "room12": 2.0039970869999997}, "spk18": {"room5": -1.3237468000000001, "room0": -1.319903255, "room2": -1.253512144}, "spk29": {"room10": 1.159454703}, "spk5": {"room3": -0.31695056, "room5": 0.029215354, "room0": 0.594642282}, "spk9": {"room4": 0.371491581, "room7": 0.441566169, "room10": 0.5774981379999999, "room12": 0.7801707390000001, "room9": 0.148870096}, "spk2": {"room5": 0.585513711, "room0": 1.255171895}, "spk23": {"room4": 2.091571569, "room7": 2.094052315, "room2": 1.528487086, "room10": 2.23468709, "room12": 2.282947779, "room9": 2.0928936}, "spk15": {"room10": -1.018455863}, "spk28": {"room10": -1.3965004680000002}, "spk24": {"room1": 0.49334549899999997}, "spk12": {"room10": -1.593114734}, "spk8": {"room10": 0.706214428}, "spk17": {"room5": 1.817310929, "room0": 2.176824093}, "spk11": {"room3": -1.2004628179999999, "room4": 0.8413020370000001, "room7": 0.08704514099999999, "room2": -0.913648427, "room12": 0.201614663, "room9": 0.658412874}, "spk19": {"room4": -1.298334837, "room7": -1.433609128, "room12": -1.446701288}, "spk13": {"room4": 4.839696883999999, "room12": 2.292836428}, "spk31": {"room10": -1.654188395}, "spk6": {"room10": 0.50435394}, "spk3": {"room3": 0.319771975, "room5": 0.752056003, "room7": -0.576583207, "room0": -0.12100017099999999, "room2": -0.65286243, "room9": -0.262558699}, "spk0": {"room3": 0.524450958}, "spk20": {"room10": -1.070862055}, "spk26": {"room2": 1.839098573}, "spk16": {"room3": 0.690312684, "room4": 0.057715964, "room7": 0.14865846900000002, "room12": -0.7198790909999999, "room9": 0.34514406299999995}, "spk27": {"room5": 0.654973984, "room0": -0.149804562}, "spk25": {"room1": -0.309510469}, "spk21": {"room3": 1.43018198, "room4": 1.341329455, "room2": 0.979507089, "room12": 2.367509365}, "spk30": {"room4": -1.715419054, "room2": -2.38693738, "room12": -1.974794626}, "spk4": {"room6": -0.261544615}, "spk14": {"room10": 1.5457509759999999}, "spk7": {"room12": 0.301471323}, "spk1": {"room5": 1.6620569230000002, "room0": 1.067697763}}}