{"meta": {"speaker": "spk13", "room": "room13"}, "data": {"spk22": {"room0": 2.303498745}, "spk10": {"room4": 1.922419071, "room12": 4.5492386819999995}, "spk18": {"room5": -1.735590219, "room0": -1.633614898, "room2": -2.334427834}, "spk29": {"room10": 1.8149152990000001}, "spk5": {"room3": -0.6802273390000001, "room5": -1.130398512, "room0": -0.309519798}, "spk9": {"room4": 1.8112168309999999, "room7": 2.0610954759999998, "room10": 1.224268436, "room12": 1.5942910909999999, "room9": 1.498001814}, "spk2": {"room5": 0.461406022, "room0": 1.5803560019999998}, "spk23": {"room4": 2.555239201, "room7": 2.7677490710000003, "room2": 4.42291069, "room10": 3.399823427, "room12": 3.268069267, "room9": 3.484178543}, "spk15": {"room10": -1.353415847}, "spk28": {"room10": -1.775359273}, "spk24": {"room1": 0.312382549}, "spk12": {"room10": -0.418590188}, "spk8": {"room10": -0.894380033}, "spk17": {"room5": 2.565121174, "room0": 2.702034235}, "spk11": {"room3": 3.423766613, "room4": 3.178373814, "room7": 1.5654460190000001, "room2": 1.845209956, "room12": 2.611221075, "room9": 3.0985507969999997}, "spk19": {"room4": -1.759930491, "room7": -1.529116869, "room12": -2.137927055}, "spk13": {"room4": 4.725769043000001, "room12": 4.663415908999999}, "spk31": {"room10": -1.208042026}, "spk6": {"room10": 1.264123797}, "spk3": {"room3": 0.65763551, "room5": -0.12885148800000001, "room7": -0.378356278, "room0": 0.418911397, "room2": -0.38562402100000004, "room9": 0.63382715}, "spk0": {"room3": 4.311560631}, "spk20": {"room10": -0.547425985}, "spk26": {"room2": 3.847810745}, "spk16": {"room3": 2.216490507, "room4": 1.5101280209999999, "room7": 0.994128764, "room12": 1.042768121, "room9": 1.126143694}, "spk27": {"room5": 1.660711169, "room0": 2.168903589}, "spk25": {"room1": -0.593888044}, "spk21": {"room3": 2.801682711, "room4": 1.740048766, "room2": 1.48942101, "room12": 1.090098023}, "spk30": {"room4": -1.2380493879999999, "room2": -2.474360228, "room12": -2.199041367}, "spk4": {"room6": -0.68823415}, "spk14": {"room10": 4.049716473}, "spk7": {"room12": -0.148440078}, "spk1": {"room5": 0.448887765, "room0": 0.8594328170000001}}}