{"meta": {"speaker": "spk13", "room": "room11"}, "data": {"spk22": {"room0": 2.20686388}, "spk10": {"room4": 1.7121603490000001, "room12": 2.6268396380000003}, "spk18": {"room5": -1.316779017, "room0": -1.116790652, "room2": -1.5697610380000002}, "spk29": {"room10": 0.519311965}, "spk5": {"room3": -1.0030539040000002, "room5": -1.350636601, "room0": -0.9573781490000001}, "spk9": {"room4": 0.7668487429999999, "room7": 0.9342338440000001, "room10": 0.48011106299999995, "room12": 0.965603232, "room9": 0.313537061}, "spk2": {"room5": -0.09998747, "room0": 0.703798413}, "spk23": {"room4": 1.5830204490000002, "room7": 1.578179955, "room2": 2.3393828869999997, "room10": 2.221719503, "room12": 1.820105314, "room9": 1.361645103}, "spk15": {"room10": -1.4470309019999998}, "spk28": {"room10": -1.05702734}, "spk24": {"room1": 1.07169354}, "spk12": {"room10": -1.3949297669999998}, "spk8": {"room10": -0.549350739}, "spk17": {"room5": 2.391573191, "room0": 1.640871763}, "spk11": {"room3": -0.904666603, "room4": 1.4644260409999998, "room7": 0.292167902, "room2": 0.279765278, "room12": 1.8384648559999999, "room9": 1.213735104}, "spk19": {"room4": -0.941339672, "room7": -1.120979309, "room12": -1.50460434}, "spk13": {"room4": 4.461281776, "room12": 2.877397776}, "spk31": {"room10": -1.200532675}, "spk6": {"room10": 0.201855466}, "spk3": {"room3": -0.144200534, "room5": 0.287416995, "room7": -0.163725808, "room0": 0.136636183, "room2": -0.462785929, "room9": 0.522198796}, "spk0": {"room3": 0.22521348300000002}, "spk20": {"room10": -0.9538590309999999}, "spk26": {"room2": 1.495337963}, "spk16": {"room3": -0.529153585, "room4": -0.298148274, "room7": -0.61140573, "room12": -0.119260989, "room9": -0.542014122}, "spk27": {"room5": 1.570513964, "room0": 0.444532186}, "spk25": {"room1": 0.003849291}, "spk21": {"room3": 0.094660759, "room4": 1.289666891, "room2": 0.7491940859999999, "room12": 0.583575308}, "spk30": {"room4": -1.191414833, "room2": -1.970711708, "room12": -1.893394232}, "spk4": {"room6": -0.789214671}, "spk14": {"room10": 1.5010957719999998}, "spk7": {"room12": -0.850408196}, "spk1": {"room5": 0.099220455, "room0": 0.691004515}}}