{"meta": {"speaker": "spk13", "room": "room12"}, "data": {"spk22": {"room0": 3.573082924}, "spk10": {"room4": 1.5966315269999998, "room12": 2.343545914}, "spk18": {"room5": -0.8958017229999999, "room0": -0.763901591, "room2": -1.3508963580000002}, "spk29": {"room10": 2.6087081430000003}, "spk5": {"room3": -0.31055674, "room5": -0.504045129, "room0": -0.032186136000000004}, "spk9": {"room4": 3.4406862260000004, "room7": 4.2517600060000005, "room10": 3.8673448560000003, "room12": 3.7499156000000005, "room9": 3.460229635}, "spk2": {"room5": 1.803593159, "room0": 2.8405733110000004}, "spk23": {"room4": 3.536291838, "room7": 3.275520325, "room2": 4.196971893, "room10": 4.165149212, "room12": 3.8730044360000004, "room9": 3.089398146}, "spk15": {"room10": -1.7903985980000001}, "spk28": {"room10": -1.0246121879999999}, "spk24": {"room1": 0.442997009}, "spk12": {"room10": -0.358919859}, "spk8": {"room10": 0.44063463799999997}, "spk17": {"room5": 1.9814798830000002, "room0": 1.753139019}, "spk11": {"room3": 3.014497757, "room4": 5.49356842, "room7": 3.3340711589999996, "room2": 4.228384018, "room12": 5.430648327, "room9": 4.809463501000001}, "spk19": {"room4": -1.324836731, "room7": -1.087918997, "room12": -1.224616647}, "spk13": {"room4": 9.229990959, "room12": 10.46122932}, "spk31": {"room10": -1.094354033}, "spk6": {"room10": -0.729812026}, "spk3": {"room3": 1.6981356140000001, "room5": 0.734007955, "room7": 1.4259876009999999, "room0": 1.809158206, "room2": 0.396138549, "room9": 0.9319099190000001}, "spk0": {"room3": 1.167014599}, "spk20": {"room10": -0.726485312}, "spk26": {"room2": 1.336716652}, "spk16": {"room3": 1.5555673840000002, "room4": 1.730320096, "room7": 1.322833538, "room12": 2.001531839, "room9": 1.902390361}, "spk27": {"room5": 2.125730038, "room0": 2.511043072}, "spk25": {"room1": 2.733261108}, "spk21": {"room3": 1.334521055, "room4": 1.400702357, "room2": 2.041809082, "room12": 0.45203584399999996}, "spk30": {"room4": -0.489435852, "room2": -2.4927225109999998, "room12": -1.248925686}, "spk4": {"room6": 0.6942878370000001}, "spk14": {"room10": 3.205916882}, "spk7": {"room12": -0.620496213}, "spk1": {"room5": 0.859962225, "room0": 0.7012790440000001}}}