{"meta": {"speaker": "spk13", "room": "room4"}, "data": {"spk22": {"room0": 3.375587225}, "spk10": {"room4": 1.966567278, "room12": 1.887635112}, "spk18": {"room5": -1.289424777, "room0": -0.853933752, "room2": -0.896247983}, "spk29": {"room10": 3.054501057}, "spk5": {"room3": -0.7077032329999999, "room5": -0.520349324, "room0": -0.271306515}, "spk9": {"room4": 3.086783886, "room7": 2.777329445, "room10": 1.865143657, "room12": 3.562508106, "room9": 2.8023395539999996}, "spk2": {"room5": 0.410350084, "room0": 2.272284031}, "spk23": {"room4": 1.4063650369999998, "room7": 1.827231407, "room2": 2.501828909, "room10": 1.7095311880000001, "room12": 2.650369883, "room9": 2.7175381180000002}, "spk15": {"room10": -1.19581306}, "spk28": {"room10": -0.9265334609999999}, "spk24": {"room1": 1.004804492}, "spk12": {"room10": -0.609355271}, "spk8": {"room10": -0.254943341}, "spk17": {"room5": 1.378738046, "room0": 2.302741051}, "spk11": {"room3": 1.902546883, "room4": 4.056628227, "room7": 3.3713142869999997, "room2": 3.965874672, "room12": 5.083428383, "room9": 4.6356306080000005}, "spk19": {"room4": -0.92292434, "room7": -0.869545937, "room12": -1.071769595}, "spk13": {"room4": 7.213576317, "room12": 6.541592597999999}, "spk31": {"room10": -1.298566699}, "spk6": {"room10": -0.91762352}, "spk3": {"room3": 0.751307011, "room5": 1.132773399, "room7": 0.865813732, "room0": 2.404197454, "room2": 0.8376970890000001, "room9": 2.205997944}, "spk0": {"room3": 0.750694633}, "spk20": {"room10": -0.562713444}, "spk26": {"room2": 2.0724036690000003}, "spk16": {"room3": 3.360269308, "room4": 2.7342071530000003, "room7": 1.687484741, "room12": 1.896993399, "room9": 2.782191515}, "spk27": {"room5": 1.08761692, "room0": 1.6711095569999999}, "spk25": {"room1": 1.307339311}, "spk21": {"room3": 0.9968055490000001, "room4": 0.779923499, "room2": 1.236610651, "room12": 0.738762617}, "spk30": {"room4": -1.088682771, "room2": -2.029757261, "room12": -1.1280258890000001}, "spk4": {"room6": 0.49341124299999994}, "spk14": {"room10": 1.932242632}, "spk7": {"room12": 1.4552502630000002}, "spk1": {"room5": 2.204440355, "room0": 1.9908802509999999}}}