{"meta": {"speaker": "spk13", "room": "room8"}, "data": {"spk22": {"room0": 1.429583311}, "spk10": {"room4": 1.077703238, "room12": 1.607622981}, "spk18": {"room5": -0.38274663700000006, "room0": -0.619496047, "room2": -0.674539149}, "spk29": {"room10": 2.000581026}, "spk5": {"room3": -0.848466814, "room5": -1.290845871, "room0": 0.142344207}, "spk9": {"room4": 0.710884035, "room7": 0.8570656179999999, "room10": 0.504836023, "room12": 0.001990633, "room9": 0.215342507}, "spk2": {"room5": 1.164350629, "room0": 0.913214564}, "spk23": {"room4": 2.965868473, "room7": 2.711972713, "room2": 4.394054413, "room10": 3.407735348, "room12": 3.0813360210000003, "room9": 3.1556329730000003}, "spk15": {"room10": -0.695873678}, "spk28": {"room10": -1.3116087909999998}, "spk24": {"room1": 0.712028742}, "spk12": {"room10": -0.6116563079999999}, "spk8": {"room10": 0.132814988}, "spk17": {"room5": 1.682919621, "room0": 1.370034099}, "spk11": {"room3": -0.661299884, "room4": 0.33593416200000004, "room7": -0.640715599, "room2": 0.141707942, "room12": 0.751739204, "room9": -0.17249009}, "spk19": {"room4": -0.608863473, "room7": -0.9226899740000001, "room12": -0.555853724}, "spk13": {"room4": 4.813611031000001, "room12": 3.0702753069999997}, "spk31": {"room10": -0.9738651509999999}, "spk6": {"room10": 0.860984147}, "spk3": {"room3": 0.286301464, "room5": 1.116554856, "room7": -0.5596395129999999, "room0": 0.817233503, "room2": 0.0024759179999999997, "room9": 0.078246042}, "spk0": {"room3": 1.360644341}, "spk20": {"room10": -0.19804497100000001}, "spk26": {"room2": 2.943992376}, "spk16": {"room3": -1.4093486069999999, "room4": -0.8609517809999999, "room7": -0.918608546, "room12": -0.18691666399999998, "room9": -0.211761877}, "spk27": {"room5": 1.581978202, "room0": 1.451214194}, "spk25": {"room1": 0.71512568}, "spk21": {"room3": 1.778734326, "room4": 1.739287615, "room2": 1.7568842169999999, "room12": 1.089510679}, "spk30": {"room4": -1.035538435, "room2": -2.112872124, "room12": -1.223978758}, "spk4": {"room6": -0.286989957}, "spk14": {"room10": 1.277346969}, "spk7": {"room12": -0.8337629440000001}, "spk1": {"room5": -0.03335138, "room0": 0.23683638899999998}}}