{"meta": {"speaker": "spk13", "room": "room11"}, "data": {"spk22": {"room0": 1.344019771}, "spk10": {"room4": 0.985721827, "room12": 1.431486964}, "spk18": {"room5": -1.4946551319999999, "room0": -1.320314288, "room2": -1.476270437}, "spk29": {"room10": 0.535499096}, "spk5": {"room3": -0.9631265999999999, "room5": -0.91413188, "room0": -0.359228492}, "spk9": {"room4": 1.819728732, "room7": 1.267014384, "room10": 1.870884895, "room12": 2.4588038919999997, "room9": 1.345022798}, "spk2": {"room5": 0.088633932, "room0": 1.013589382}, "spk23": {"room4": 2.241821527, "room7": 0.7368384, "room2": 2.8828101160000004, "room10": 2.183169842, "room12": 2.0691196919999997, "room9": 1.58754468}, "spk15": {"room10": -1.464593887}, "spk28": {"room10": -1.567431808}, "spk24": {"room1": 0.185999766}, "spk12": {"room10": -1.593787193}, "spk8": {"room10": -0.530044556}, "spk17": {"room5": 0.672406018, "room0": 1.083174109}, "spk11": {"room3": 1.1160445209999998, "room4": 2.313207626, "room7": 0.678699017, "room2": 1.486887574, "room12": 3.159025192, "room9": 2.17482996}, "spk19": {"room4": -1.7836451530000001, "room7": -1.804414868, "room12": -1.62645185}, "spk13": {"room4": 4.763841629, "room12": 2.2002239230000002}, "spk31": {"room10": -1.675496459}, "spk6": {"room10": 0.33915934}, "spk3": {"room3": -0.184540793, "room5": 0.5034970639999999, "room7": -0.29472059, "room0": -0.11366903800000001, "room2": -0.0009689389999999999, "room9": 0.14827178400000002}, "spk0": {"room3": 0.147928089}, "spk20": {"room10": -1.321887016}, "spk26": {"room2": 1.716615081}, "spk16": {"room3": 0.16269725599999998, "room4": 0.210925803, "room7": -0.35266417299999997, "room12": -0.201032728, "room9": 0.487709254}, "spk27": {"room5": -0.342871249, "room0": -0.367070735}, "spk25": {"room1": 0.251836926}, "spk21": {"room3": 0.7002754809999999, "room4": 1.4072260859999999, "room2": 0.42976799600000004, "room12": 0.816197932}, "spk30": {"room4": -1.304069877, "room2": -1.855547786, "room12": -1.3593865630000002}, "spk4": {"room6": -0.82046026}, "spk14": {"room10": 2.321475506}, "spk7": {"room12": -1.023588777}, "spk1": {"room5": 0.5522456170000001, "room0": 0.742403805}}}