{"meta": {"speaker": "spk13", "room": "room13"}, "data": {"spk22": {"room0": 0.446398258}, "spk10": {"room4": 0.39107695200000003, "room12": 0.9152503009999999}, "spk18": {"room5": -1.446515679, "room0": -1.352563381, "room2": -1.153550267}, "spk29": {"room10": 1.1456863879999999}, "spk5": {"room3": -0.23889394100000003, "room5": -0.111455575, "room0": -0.157127395}, "spk9": {"room4": -0.245435387, "room7": 0.354872555, "room10": 0.934434235, "room12": 0.7173623440000001, "room9": 0.53917855}, "spk2": {"room5": 0.03169914, "room0": -0.284886658}, "spk23": {"room4": 1.8423484559999999, "room7": 2.5800626280000003, "room2": 2.197680473, "room10": 1.711660624, "room12": 2.260031223, "room9": 2.1436252590000002}, "spk15": {"room10": -1.180619836}, "spk28": {"room10": -0.926576078}, "spk24": {"room1": 0.890169859}, "spk12": {"room10": -1.111118317}, "spk8": {"room10": -0.588002324}, "spk17": {"room5": 0.642473876, "room0": 1.130185962}, "spk11": {"room3": 2.245214462, "room4": 1.5241142509999999, "room7": 0.29057145100000004, "room2": 0.586784422, "room12": 0.693989217, "room9": 0.9852960709999999}, "spk19": {"room4": -1.51812923, "room7": -1.184017777, "room12": -1.349116564}, "spk13": {"room4": 2.511905909, "room12": 2.038203001}, "spk31": {"room10": -1.6238482}, "spk6": {"room10": -0.664994061}, "spk3": {"room3": -0.46330106299999996, "room5": 0.094179951, "room7": -0.17402894800000002, "room0": 0.194900453, "room2": 0.021834037999999997, "room9": 0.796937883}, "spk0": {"room3": 1.323054075}, "spk20": {"room10": -0.36798530799999996}, "spk26": {"room2": 2.585343122}, "spk16": {"room3": 1.094231606, "room4": -0.513287604, "room7": 0.045182510999999995, "room12": -0.37911593899999996, "room9": 0.1918744}, "spk27": {"room5": -0.315671772, "room0": 0.442605436}, "spk25": {"room1": 0.37753841299999996}, "spk21": {"room3": 0.47189086700000005, "room4": 0.32860142, "room2": 0.134098396, "room12": 0.16951641399999998}, "spk30": {"room4": -1.519396067, "room2": -1.859007716, "room12": -1.527088046}, "spk4": {"room6": -0.525960624}, "spk14": {"room10": 0.958622098}, "spk7": {"room12": 0.713157535}, "spk1": {"room5": 0.903771758, "room0": 1.126535177}}}