{"meta": {"speaker": "spk13", "room": "room12"}, "data": {"spk22": {"room0": 1.02992177}, "spk10": {"room4": 1.8075279, "room12": 3.480331182}, "spk18": {"room5": 0.333471805, "room0": 0.54988569, "room2": 0.122782178}, "spk29": {"room10": 0.136570573}, "spk5": {"room3": 0.05698451, "room5": -0.21503254800000002, "room0": 1.402483582}, "spk9": {"room4": 0.49574405, "room7": 2.195359468, "room10": 0.737473369, "room12": 1.174295425, "room9": 1.023726463}, "spk2": {"room5": -0.9227131009999999, "room0": 0.73713547}, "spk23": {"room4": 1.925987244, "room7": 0.61279732, "room2": 3.15694046, "room10": 2.764750481, "room12": 0.585132718, "room9": 1.44409287}, "spk15": {"room10": -0.409887224}, "spk28": {"room10": 0.33430054800000003}, "spk24": {"room1": -0.093418621}, "spk12": {"room10": 1.184214354}, "spk8": {"room10": -1.418094754}, "spk17": {"room5": 0.993339121, "room0": 0.092674546}, "spk11": {"room3": 0.895561814, "room4": 4.099093437, "room7": 2.7926719189999996, "room2": 1.276166201, "room12": 4.399488926, "room9": 4.4964952469999995}, "spk19": {"room4": 0.101772875, "room7": 0.372696191, "room12": -0.19562427699999999}, "spk13": {"room4": 7.788352488999999, "room12": 7.7631917}, "spk31": {"room10": 0.060673400999999995}, "spk6": {"room10": -0.346025378}, "spk3": {"room3": -0.042633057, "room5": 0.263136655, "room7": 0.420038879, "room0": 0.8584421870000001, "room2": 0.319109619, "room9": 0.563674212}, "spk0": {"room3": 1.71318531}, "spk20": {"room10": 0.74145031}, "spk26": {"room2": 0.596798539}, "spk16": {"room3": 2.9498543739999996, "room4": 0.599730015, "room7": 1.816709161, "room12": 2.322363853, "room9": 0.837621927}, "spk27": {"room5": 0.14099445900000002, "room0": 0.167268917}, "spk25": {"room1": 0.108976081}, "spk21": {"room3": 1.698676705, "room4": 1.0772368909999999, "room2": 1.108242154, "room12": 0.7238784429999999}, "spk30": {"room4": 0.593827188, "room2": -0.941449106, "room12": 0.37010127299999995}, "spk4": {"room6": -0.510345459}, "spk14": {"room10": 4.090317249}, "spk7": {"room12": -0.4614712}, "spk1": {"room5": 1.14210248, "room0": 0.692597747}}}