{"meta": {"speaker": "spk13", "room": "room12"}, "data": {"spk22": {"room0": 2.503325462}, "spk10": {"room4": 2.089129686, "room12": 2.59108305}, "spk18": {"room5": -1.1253510709999999, "room0": -0.560082912, "room2": -0.190865874}, "spk29": {"room10": 2.3703088759999997}, "spk5": {"room3": 0.183328465, "room5": 1.189903975, "room0": 0.5653746129999999}, "spk9": {"room4": 1.850590587, "room7": 1.9990082980000001, "room10": 1.765618324, "room12": 1.995448589, "room9": 1.841591835}, "spk2": {"room5": 0.8547937870000001, "room0": 0.484930009}, "spk23": {"room4": 1.271844864, "room7": 0.9235993029999999, "room2": 2.0356624130000003, "room10": 1.342778206, "room12": 1.396448851, "room9": 1.46700573}, "spk15": {"room10": -0.750952423}, "spk28": {"room10": -0.69558847}, "spk24": {"room1": 0.19655193399999998}, "spk12": {"room10": -0.31160587100000003}, "spk8": {"room10": -0.569038928}, "spk17": {"room5": 0.606283724, "room0": 0.271714926}, "spk11": {"room3": 3.0743095869999997, "room4": 4.508368015, "room7": 4.774606228000001, "room2": 4.54155159, "room12": 5.183658123, "room9": 5.427950382000001}, "spk19": {"room4": -0.308266997, "room7": -0.241333947, "room12": -0.548504233}, "spk13": {"room4": 4.292180538, "room12": 4.7426900860000005}, "spk31": {"room10": -0.439752728}, "spk6": {"room10": -1.036533952}, "spk3": {"room3": 1.2270781990000001, "room5": 0.915572643, "room7": 1.9288240669999999, "room0": 2.322044134, "room2": 0.7596233490000001, "room9": 2.295166492}, "spk0": {"room3": 0.225762606}, "spk20": {"room10": 0.191573203}, "spk26": {"room2": 0.29617080100000004}, "spk16": {"room3": 2.180920839, "room4": 1.16356039, "room7": 1.69275856, "room12": 1.92355907, "room9": 1.516271949}, "spk27": {"room5": 1.777152777, "room0": 2.736890316}, "spk25": {"room1": 1.477276325}, "spk21": {"room3": 0.008107593, "room4": 0.122079149, "room2": 0.383547604, "room12": 0.35471606299999997}, "spk30": {"room4": -0.45517492299999995, "room2": -0.950464964, "room12": -0.665554047}, "spk4": {"room6": 0.017272815}, "spk14": {"room10": 2.286803007}, "spk7": {"room12": 0.96340102}, "spk1": {"room5": 0.6927598709999999, "room0": 0.633612454}}}