{"meta": {"speaker": "spk13", "room": "room8"}, "data": {"spk22": {"room0": 0.130787507}, "spk10": {"room4": 1.537251949, "room12": 2.312776327}, "spk18": {"room5": -0.963469207, "room0": -0.8057069179999999, "room2": -1.153719902}, "spk29": {"room10": 0.8803312179999999}, "spk5": {"room3": -1.11726284, "room5": -1.489624262, "room0": -0.283565849}, "spk9": {"room4": -0.08913677199999999, "room7": 0.876964152, "room10": 0.536884606, "room12": 0.175749183, "room9": -0.049107257}, "spk2": {"room5": 1.832765102, "room0": 1.397079825}, "spk23": {"room4": 2.6867361069999998, "room7": 2.116986275, "room2": 3.2632155419999997, "room10": 3.272313356, "room12": 3.0358400339999996, "room9": 3.133360386}, "spk15": {"room10": -0.814602673}, "spk28": {"room10": -1.8873577119999998}, "spk24": {"room1": 1.308230162}, "spk12": {"room10": -0.6736407879999999}, "spk8": {"room10": 0.255788982}, "spk17": {"room5": 1.7168011669999999, "room0": 1.419748306}, "spk11": {"room3": -0.9144187570000001, "room4": 0.472092807, "room7": -1.240793586, "room2": -1.164919853, "room12": -0.12684994900000002, "room9": -0.725569129}, "spk19": {"room4": -1.576712608, "room7": -1.599200964, "room12": -1.6199414730000001}, "spk13": {"room4": 4.177964211, "room12": 2.452654839}, "spk31": {"room10": -1.342581511}, "spk6": {"room10": 1.069407701}, "spk3": {"room3": -0.042200204000000005, "room5": 0.167261928, "room7": -0.647369802, "room0": 0.290335506, "room2": -0.18122546399999998, "room9": 0.3012667}, "spk0": {"room3": 1.541691661}, "spk20": {"room10": -0.8324862120000001}, "spk26": {"room2": 2.432146549}, "spk16": {"room3": -0.401159704, "room4": -1.227910042, "room7": -0.795856118, "room12": -0.7301741840000001, "room9": -0.8409155009999999}, "spk27": {"room5": 0.289880753, "room0": 0.172923833}, "spk25": {"room1": -0.554790735}, "spk21": {"room3": 2.091266632, "room4": 1.199976921, "room2": 0.785924077, "room12": 1.7393281459999999}, "spk30": {"room4": -1.4179222580000002, "room2": -2.1040642259999998, "room12": -1.9321472640000001}, "spk4": {"room6": -0.15046221}, "spk14": {"room10": 1.81588006}, "spk7": {"room12": -0.522736549}, "spk1": {"room5": 1.513070345, "room0": -0.12203594300000001}}}