{"meta": {"speaker": "spk13", "room": "room11"}, "data": {"spk22": {"room0": 1.426210403}, "spk10": {"room4": 1.0658849479999999, "room12": 0.929084122}, "spk18": {"room5": -1.170387268, "room0": -1.148277164, "room2": -0.8725867270000001}, "spk29": {"room10": 0.889863968}, "spk5": {"room3": -0.36492922899999997, "room5": -0.867328942, "room0": -0.259993732}, "spk9": {"room4": 0.98732245, "room7": 1.106327295, "room10": 0.9960237740000001, "room12": 1.413130283, "room9": 1.238934875}, "spk2": {"room5": 0.8566496370000001, "room0": 1.941645026}, "spk23": {"room4": 0.332661957, "room7": 1.654763103, "room2": 2.318297148, "room10": 1.8585138319999999, "room12": 1.77082634, "room9": 1.042082787}, "spk15": {"room10": -0.907552004}, "spk28": {"room10": -1.3088474270000001}, "spk24": {"room1": 0.798955917}, "spk12": {"room10": -1.118936896}, "spk8": {"room10": -0.0018387470000000002}, "spk17": {"room5": 1.420029402, "room0": 1.242290258}, "spk11": {"room3": -0.528342128, "room4": 1.499432921, "room7": 0.31571689199999997, "room2": 0.08016946900000001, "room12": 1.193118691, "room9": 1.622826457}, "spk19": {"room4": -1.5950083730000002, "room7": -0.9724291559999999, "room12": -1.163688898}, "spk13": {"room4": 3.700482845, "room12": 3.1649787430000003}, "spk31": {"room10": -1.010261655}, "spk6": {"room10": 0.270926952}, "spk3": {"room3": 0.7441883090000001, "room5": 2.201157331, "room7": -0.17899012600000003, "room0": 1.326971292, "room2": 1.467495322, "room9": 1.8201470380000002}, "spk0": {"room3": 1.302301407}, "spk20": {"room10": -0.285491675}, "spk26": {"room2": 2.394534349}, "spk16": {"room3": 0.70827347, "room4": -0.632102787, "room7": 0.46890547899999996, "room12": 0.025935424, "room9": 0.6991081240000001}, "spk27": {"room5": 0.8970653409999999, "room0": 0.9272321459999999}, "spk25": {"room1": 1.6317306759999999}, "spk21": {"room3": 0.925815642, "room4": 1.7013050319999998, "room2": 1.4322786330000001, "room12": 0.922891915}, "spk30": {"room4": -1.256011963, "room2": -2.1492195130000002, "room12": -1.722515225}, "spk4": {"room6": -0.7146637440000001}, "spk14": {"room10": 1.994618535}, "spk7": {"room12": -0.33403402600000004}, "spk1": {"room5": 0.28755828699999997, "room0": 0.673114955}}}