{"meta": {"speaker": "spk13", "room": "room8"}, "data": {"spk22": {"room0": 0.455557883}, "spk10": {"room4": 0.076750308, "room12": 0.40831697}, "spk18": {"room5": -0.21611996, "room0": -0.25030592100000004, "room2": -0.12667428}, "spk29": {"room10": 0.040544972}, "spk5": {"room3": 0.077378228, "room5": -0.43292614799999996, "room0": -0.206872255}, "spk9": {"room4": -0.9400118590000001, "room7": -0.7264744040000001, "room10": 0.464873761, "room12": -0.28575566399999996, "room9": -0.334097892}, "spk2": {"room5": -0.6281217929999999, "room0": 0.046912253}, "spk23": {"room4": 0.920600295, "room7": 0.118992344, "room2": 1.199064255, "room10": 1.124718189, "room12": 0.576528311, "room9": 1.108018517}, "spk15": {"room10": -0.612193763}, "spk28": {"room10": -0.24177815}, "spk24": {"room1": 0.8554214240000001}, "spk12": {"room10": -0.546970606}, "spk8": {"room10": -0.520248413}, "spk17": {"room5": 0.047636780999999996, "room0": 0.029559329}, "spk11": {"room3": -0.48297101299999995, "room4": -0.12769296800000002, "room7": -0.837009668, "room2": 0.151511624, "room12": 0.49914717700000005, "room9": 0.421495706}, "spk19": {"room4": -0.944124758, "room7": -1.119401813, "room12": -0.37489187700000004}, "spk13": {"room4": 2.6372249130000003, "room12": 1.6902118919999998}, "spk31": {"room10": -0.998061001}, "spk6": {"room10": 0.9714719059999999}, "spk3": {"room3": -0.302630454, "room5": -0.27619192, "room7": -0.254994243, "room0": -0.443806708, "room2": -0.21207884, "room9": -0.267986059}, "spk0": {"room3": 0.37274134200000003}, "spk20": {"room10": -0.378757864}, "spk26": {"room2": 1.64426744}, "spk16": {"room3": 0.281896114, "room4": -0.344508469, "room7": -0.042783793, "room12": -0.7343879940000001, "room9": 0.037496462}, "spk27": {"room5": -1.1081159109999998, "room0": -1.245376468}, "spk25": {"room1": 0.040774964}, "spk21": {"room3": -0.097259842, "room4": 0.799019516, "room2": 0.082857624, "room12": 0.10529037599999999}, "spk30": {"room4": -1.080042243, "room2": -1.298190236, "room12": -1.1517536640000001}, "spk4": {"room6": 0.617436945}, "spk14": {"room10": 1.5086233619999998}, "spk7": {"room12": 0.7760364409999999}, "spk1": {"room5": 0.207571223, "room0": 0.050380308}}}