{"meta": {"speaker": "spk13", "room": "room11"}, "data": {"spk22": {"room0": 2.393602848}, "spk10": {"room4": 1.341978669, "room12": 2.529042006}, "spk18": {"room5": -0.9169050459999999, "room0": -0.604724348, "room2": -1.167602897}, "spk29": {"room10": 0.7615927459999999}, "spk5": {"room3": -0.8973755240000001, "room5": -0.766979456, "room0": -0.230805486}, "spk9": {"room4": 2.6913945669999997, "room7": 2.251801491, "room10": 1.484734178, "room12": 2.378536224, "room9": 2.148017883}, "spk2": {"room5": 0.192699984, "room0": 1.515698791}, "spk23": {"room4": 1.060949087, "room7": 0.956760883, "room2": 2.027991772, "room10": 2.146924734, "room12": 1.644839287, "room9": 0.9656735059999999}, "spk15": {"room10": -0.701270223}, "spk28": {"room10": -0.714535832}, "spk24": {"room1": 0.40136987}, "spk12": {"room10": -0.971473932}, "spk8": {"room10": -0.14721214800000001}, "spk17": {"room5": 1.826631308, "room0": 1.708820105}, "spk11": {"room3": -0.18249391, "room4": 2.2707641119999997, "room7": 0.743869841, "room2": 1.446235299, "room12": 2.909058809, "room9": 1.672582269}, "spk19": {"room4": -0.776295066, "room7": -0.473256797, "room12": -0.96777451}, "spk13": {"room4": 5.10641098, "room12": 4.138916968999999}, "spk31": {"room10": -0.906674743}, "spk6": {"room10": -0.078576393}, "spk3": {"room3": -0.36568492700000005, "room5": 0.352265835, "room7": -0.23474827399999998, "room0": 0.602001488, "room2": -0.865450501, "room9": 0.471763551}, "spk0": {"room3": -0.069087736}, "spk20": {"room10": -0.176083744}, "spk26": {"room2": 0.697637677}, "spk16": {"room3": 0.9649668929999999, "room4": 1.650109529, "room7": 1.3316648009999998, "room12": 1.9903576369999998, "room9": 2.1002669330000003}, "spk27": {"room5": 0.499060929, "room0": 0.372517079}, "spk25": {"room1": 1.003397107}, "spk21": {"room3": 0.44269779299999995, "room4": 1.8280943630000002, "room2": 0.785191834, "room12": 1.3622049090000001}, "spk30": {"room4": -0.836127877, "room2": -2.062185764, "room12": -1.139184833}, "spk4": {"room6": -1.0602283479999999}, "spk14": {"room10": 2.267014503}, "spk7": {"room12": -0.8278145790000001}, "spk1": {"room5": 0.18238441600000002, "room0": -0.057837568}}}