{"meta": {"speaker": "spk13", "room": "room13"}, "data": {"spk22": {"room0": 1.489222646}, "spk10": {"room4": 0.391781569, "room12": 1.3721126319999999}, "spk18": {"room5": -1.605744481, "room0": -1.18016541, "room2": -1.557777643}, "spk29": {"room10": 0.878060222}, "spk5": {"room3": -0.077491455, "room5": -0.47580745799999996, "room0": 0.418745637}, "spk9": {"room4": -0.194099978, "room7": 0.619331241, "room10": 0.730013967, "room12": 0.360864133, "room9": 0.600254536}, "spk2": {"room5": 0.930603981, "room0": 1.005925894}, "spk23": {"room4": 1.840042353, "room7": 1.868848324, "room2": 2.811747074, "room10": 1.6362901930000002, "room12": 1.6567747590000002, "room9": 1.814136744}, "spk15": {"room10": -1.3640115259999999}, "spk28": {"room10": -1.301093459}, "spk24": {"room1": 0.9019243720000001}, "spk12": {"room10": -0.90863663}, "spk8": {"room10": -0.43411028399999996}, "spk17": {"room5": 1.004563689, "room0": 0.527132154}, "spk11": {"room3": 1.480810404, "room4": 1.745773911, "room7": 0.491039813, "room2": 1.33387959, "room12": 1.759991527, "room9": 1.69476378}, "spk19": {"room4": -1.295888662, "room7": -1.3543846609999999, "room12": -1.124854565}, "spk13": {"room4": 2.298803329, "room12": 3.52797842}, "spk31": {"room10": -1.351257086}, "spk6": {"room10": -0.144634336}, "spk3": {"room3": -0.233369529, "room5": 0.634903908, "room7": -0.281018466, "room0": -0.024260912000000003, "room2": 0.19446456399999998, "room9": -0.40025022600000004}, "spk0": {"room3": 1.0618541240000001}, "spk20": {"room10": -0.414349914}, "spk26": {"room2": 2.027700663}, "spk16": {"room3": 0.861581266, "room4": -0.22864140600000002, "room7": 1.39363277, "room12": 0.402589232, "room9": 0.821759641}, "spk27": {"room5": 0.37900021700000003, "room0": 0.624641359}, "spk25": {"room1": 0.361153066}, "spk21": {"room3": 1.3853691819999998, "room4": 1.108212829, "room2": 0.5660930279999999, "room12": 0.17556892300000002}, "spk30": {"room4": -1.020221233, "room2": -2.2482755180000003, "room12": -1.244306445}, "spk4": {"room6": 0.505280197}, "spk14": {"room10": 2.287306309}, "spk7": {"room12": 0.214106157}, "spk1": {"room5": 0.631621897, "room0": 1.331139326}}}