{"meta": {"speaker": "spk13", "room": "room8"}, "data": {"spk22": {"room0": 0.21872609899999998}, "spk10": {"room4": 1.542955875, "room12": 2.239244699}, "spk18": {"room5": -0.6245210170000001, "room0": -0.483394206, "room2": -0.734420657}, "spk29": {"room10": 0.27664426}, "spk5": {"room3": -0.290323168, "room5": -0.215265512, "room0": 0.129417121}, "spk9": {"room4": 0.30420458300000003, "room7": 0.600869179, "room10": 1.296333432, "room12": 0.297713399, "room9": 0.431771278}, "spk2": {"room5": 0.3796134, "room0": 0.29978627}, "spk23": {"room4": 2.420029879, "room7": 1.5001888280000002, "room2": 2.28442049, "room10": 2.721305609, "room12": 2.370663404, "room9": 4.0373206139999995}, "spk15": {"room10": -0.50870055}, "spk28": {"room10": -1.642994404}, "spk24": {"room1": 0.889247894}, "spk12": {"room10": -0.020636015}, "spk8": {"room10": 0.51169318}, "spk17": {"room5": 1.978003144, "room0": 1.249939203}, "spk11": {"room3": -0.261996746, "room4": 0.248111382, "room7": -0.621372104, "room2": 0.112298101, "room12": 0.46301686799999997, "room9": -0.166307017}, "spk19": {"room4": -0.807225227, "room7": -1.472046494, "room12": -0.658621848}, "spk13": {"room4": 3.7328083519999997, "room12": 1.9867779019999998}, "spk31": {"room10": -1.18955934}, "spk6": {"room10": -0.045599215}, "spk3": {"room3": -0.652200818, "room5": 0.43834835299999997, "room7": -0.7631040809999999, "room0": -0.248789072, "room2": -0.8786332609999999, "room9": 0.154810175}, "spk0": {"room3": 2.827833891}, "spk20": {"room10": -0.25247737800000003}, "spk26": {"room2": 2.31539607}, "spk16": {"room3": -1.055037022, "room4": -0.889183581, "room7": -0.8028219940000001, "room12": -0.660389662, "room9": -0.6423648000000001}, "spk27": {"room5": 0.324222982, "room0": 0.514068902}, "spk25": {"room1": -0.343915015}, "spk21": {"room3": 1.025937796, "room4": 0.933590114, "room2": 1.598745584, "room12": 1.408463955}, "spk30": {"room4": -1.127234578, "room2": -2.8599519730000003, "room12": -1.440745711}, "spk4": {"room6": 0.652829766}, "spk14": {"room10": 0.8048526640000001}, "spk7": {"room12": 0.135875523}, "spk1": {"room5": 1.225142479, "room0": -1.004908323}}}