{"meta": {"speaker": "spk13", "room": "room8"}, "data": {"spk22": {"room0": 0.207560927}, "spk10": {"room4": 1.70424211, "room12": 2.450031996}, "spk18": {"room5": -1.118463993, "room0": -1.225925565, "room2": -0.961749732}, "spk29": {"room10": 1.339333892}, "spk5": {"room3": -1.1278344390000001, "room5": -0.658152521, "room0": -0.0351297}, "spk9": {"room4": 0.078217812, "room7": 0.366951734, "room10": 0.331380695, "room12": 0.250862867, "room9": -0.518458903}, "spk2": {"room5": 0.402572334, "room0": 1.928321242}, "spk23": {"room4": 2.867964029, "room7": 1.92567265, "room2": 3.357237816, "room10": 3.315902472, "room12": 3.221720219, "room9": 3.29036355}, "spk15": {"room10": 0.167059958}, "spk28": {"room10": -1.135831356}, "spk24": {"room1": 0.48826524600000004}, "spk12": {"room10": -0.461709559}, "spk8": {"room10": 1.123998642}, "spk17": {"room5": 1.6909483669999998, "room0": 1.295259118}, "spk11": {"room3": -1.039827466, "room4": -0.037931375, "room7": -0.6978265640000001, "room2": -0.673459172, "room12": -0.176889658, "room9": 0.461864769}, "spk19": {"room4": -1.39447391, "room7": -1.409539461, "room12": -1.2407301659999999}, "spk13": {"room4": 4.743837357, "room12": 3.0982637410000002}, "spk31": {"room10": -1.094199896}, "spk6": {"room10": 1.396814108}, "spk3": {"room3": 0.10077208300000001, "room5": 0.665737092, "room7": -0.633953989, "room0": 0.440675825, "room2": -0.21442171899999998, "room9": 0.5670331120000001}, "spk0": {"room3": 2.5299499030000003}, "spk20": {"room10": -0.540195346}, "spk26": {"room2": 2.5958755019999997}, "spk16": {"room3": -0.10467474199999999, "room4": -0.42388263299999995, "room7": -0.726501286, "room12": -1.434554696, "room9": -0.413158834}, "spk27": {"room5": 0.799738705, "room0": -0.003318189}, "spk25": {"room1": 0.5763757820000001}, "spk21": {"room3": 1.912727356, "room4": 1.725019813, "room2": 1.734811783, "room12": 1.430225492}, "spk30": {"room4": -1.351067662, "room2": -2.528883219, "room12": -1.92053926}, "spk4": {"room6": 0.039465871}, "spk14": {"room10": 1.692102671}, "spk7": {"room12": 0.786063075}, "spk1": {"room5": 0.7347033620000001, "room0": 0.47805100700000003}}}