{"meta": {"speaker": "spk13", "room": "room11"}, "data": {"spk22": {"room0": 2.6450753209999998}, "spk10": {"room4": 1.392717719, "room12": 1.486218452}, "spk18": {"room5": -0.901058137, "room0": -0.5943646429999999, "room2": -0.864223063}, "spk29": {"room10": 1.028843164}, "spk5": {"room3": -0.983865738, "room5": -0.993051708, "room0": -0.633180857}, "spk9": {"room4": 1.364205718, "room7": 0.765584171, "room10": 1.07869041, "room12": 1.4830627440000002, "room9": 0.583702803}, "spk2": {"room5": -0.270971358, "room0": 1.103074789}, "spk23": {"room4": 1.580016494, "room7": 1.3743996619999999, "room2": 2.0704374309999998, "room10": 2.07922101, "room12": 1.224434137, "room9": 0.874262512}, "spk15": {"room10": -1.0862047670000001}, "spk28": {"room10": -0.62354517}, "spk24": {"room1": 0.447531223}, "spk12": {"room10": -0.8624617459999999}, "spk8": {"room10": 0.17850104}, "spk17": {"room5": 1.7232784030000001, "room0": 0.9938406940000001}, "spk11": {"room3": 0.702585638, "room4": 2.971791029, "room7": 2.089182854, "room2": 1.255322695, "room12": 3.405642748, "room9": 3.5323579310000004}, "spk19": {"room4": -0.085283242, "room7": -0.378672689, "room12": -0.12135875199999999}, "spk13": {"room4": 4.7966613769999995, "room12": 4.390221596}, "spk31": {"room10": -1.222452044}, "spk6": {"room10": 0.00042234099999999996}, "spk3": {"room3": -0.09978832300000001, "room5": 0.8974286909999999, "room7": 0.18752233699999998, "room0": 0.754198134, "room2": 0.009088215, "room9": 1.337077975}, "spk0": {"room3": -0.398137122}, "spk20": {"room10": -0.42235413200000005}, "spk26": {"room2": 1.192982316}, "spk16": {"room3": 0.6076822279999999, "room4": 0.194823727, "room7": 0.9304682609999999, "room12": 0.284973711, "room9": 2.041636229}, "spk27": {"room5": 1.162095547, "room0": 0.669143379}, "spk25": {"room1": 0.55661428}, "spk21": {"room3": 0.229846388, "room4": 1.2973563670000001, "room2": 0.693840146, "room12": 0.365347981}, "spk30": {"room4": -0.42069613899999997, "room2": -1.082577705, "room12": -0.858394682}, "spk4": {"room6": -0.35466620299999996}, "spk14": {"room10": 3.473452806}, "spk7": {"room12": -0.060832199}, "spk1": {"room5": 0.42345148299999996, "room0": 0.775294363}}}