{"meta": {"speaker": "spk13", "room": "room13"}, "data": {"spk22": {"room0": 0.07930979099999999}, "spk10": {"room4": 0.747550547, "room12": 0.545973241}, "spk18": {"room5": -1.4040508269999998, "room0": -1.286714077, "room2": -1.464605331}, "spk29": {"room10": 0.127765611}, "spk5": {"room3": 0.590326726, "room5": -0.229997605, "room0": 0.8016455170000001}, "spk9": {"room4": -0.775431931, "room7": -0.123828806, "room10": 0.683489263, "room12": -0.267880738, "room9": -0.334466875}, "spk2": {"room5": -0.77957648, "room0": -0.300330967}, "spk23": {"room4": 2.430190802, "room7": 2.449864149, "room2": 2.319710493, "room10": 2.327064991, "room12": 1.8895355459999998, "room9": 2.370094538}, "spk15": {"room10": -1.2678122520000001}, "spk28": {"room10": -1.052322626}, "spk24": {"room1": -0.002690374}, "spk12": {"room10": -1.134858847}, "spk8": {"room10": 0.763233423}, "spk17": {"room5": 0.604302645, "room0": 1.191110492}, "spk11": {"room3": 0.675971746, "room4": -0.327692091, "room7": -0.9770051240000001, "room2": -0.661194026, "room12": -0.463082135, "room9": -0.534688354}, "spk19": {"room4": -0.9359032509999999, "room7": -0.94489044, "room12": -0.970439017}, "spk13": {"room4": 2.442829609, "room12": 2.6959512230000002}, "spk31": {"room10": -1.279222608}, "spk6": {"room10": 0.42647525700000005}, "spk3": {"room3": -0.058558862999999996, "room5": -0.45042759200000004, "room7": -1.075020313, "room0": -0.647596121, "room2": -1.070231557, "room9": -0.714884341}, "spk0": {"room3": 0.478379279}, "spk20": {"room10": -0.324631989}, "spk26": {"room2": 2.455934763}, "spk16": {"room3": 0.41930693399999996, "room4": -0.24800828100000002, "room7": 0.725803435, "room12": -0.6147764920000001, "room9": 0.22650024300000002}, "spk27": {"room5": -0.743885577, "room0": -0.543106616}, "spk25": {"room1": -0.20152710399999998}, "spk21": {"room3": 1.4308366780000001, "room4": 1.307632327, "room2": 1.469848394, "room12": 0.499238729}, "spk30": {"room4": -1.561011434, "room2": -2.129721403, "room12": -0.9432229999999999}, "spk4": {"room6": 1.308918238}, "spk14": {"room10": 1.422021389}, "spk7": {"room12": 0.36470860200000005}, "spk1": {"room5": -0.6842008829999999, "room0": 0.312312633}}}