{"meta": {"speaker": "spk13", "room": "room8"}, "data": {"spk22": {"room0": 0.328572899}, "spk10": {"room4": 0.6430619360000001, "room12": 0.643477082}, "spk18": {"room5": -0.315206766, "room0": -0.023458686, "room2": -0.41322922700000003}, "spk29": {"room10": -0.008886821999999999}, "spk5": {"room3": -0.380390555, "room5": -0.560016036, "room0": 0.327280432}, "spk9": {"room4": -0.42916321799999996, "room7": -0.09622591, "room10": 1.3512608999999998, "room12": 0.556125462, "room9": -0.092768542}, "spk2": {"room5": -0.516278684, "room0": 0.8984591359999999}, "spk23": {"room4": 1.987383246, "room7": 0.94426316, "room2": 1.848202825, "room10": 2.159836054, "room12": 1.9117335080000002, "room9": 1.6159522530000001}, "spk15": {"room10": -0.501473606}, "spk28": {"room10": -0.610942483}, "spk24": {"room1": 1.200855374}, "spk12": {"room10": -0.39378202}, "spk8": {"room10": 0.424410403}, "spk17": {"room5": 0.90956831, "room0": 0.8235201240000001}, "spk11": {"room3": -0.672355831, "room4": 0.076206841, "room7": -1.439149976, "room2": -0.020003771, "room12": 0.33676371, "room9": -0.032734819}, "spk19": {"room4": -1.423710346, "room7": -1.4516385790000002, "room12": -1.115715384}, "spk13": {"room4": 3.042763233, "room12": 2.616095304}, "spk31": {"room10": -1.105280042}, "spk6": {"room10": 1.113619208}, "spk3": {"room3": -0.6655425429999999, "room5": -0.120264895, "room7": -1.080314755, "room0": -0.501423419, "room2": -0.49054592799999996, "room9": -0.48846015299999995}, "spk0": {"room3": 0.23713609600000002}, "spk20": {"room10": -0.33546656399999997}, "spk26": {"room2": 2.7877445219999997}, "spk16": {"room3": 0.10607338699999999, "room4": -0.174279615, "room7": -0.11830928199999999, "room12": -1.166914582, "room9": 0.06722363099999999}, "spk27": {"room5": -0.49137461200000004, "room0": -0.80009532}, "spk25": {"room1": -0.08587974300000001}, "spk21": {"room3": 0.401738971, "room4": 1.579601169, "room2": 1.029026389, "room12": 0.7613975409999999}, "spk30": {"room4": -0.9330528379999999, "room2": -1.635157704, "room12": -0.9792943000000001}, "spk4": {"room6": 0.319036275}, "spk14": {"room10": 2.084021807}, "spk7": {"room12": 0.6206481460000001}, "spk1": {"room5": 0.5267366170000001, "room0": 0.565660119}}}