{"meta": {"speaker": "spk13", "room": "room8"}, "data": {"spk22": {"room0": 2.047036409}, "spk10": {"room4": 0.7634413840000001, "room12": 2.1563143730000003}, "spk18": {"room5": -0.9890378120000001, "room0": -1.024109483, "room2": -1.098595858}, "spk29": {"room10": 0.9353196020000001}, "spk5": {"room3": -0.8540393709999999, "room5": -1.291744947, "room0": -0.419059038}, "spk9": {"room4": 1.775172234, "room7": 1.828205824, "room10": 2.353900671, "room12": 2.794568777, "room9": 1.067004085}, "spk2": {"room5": 0.43266978899999997, "room0": 1.88455534}, "spk23": {"room4": 1.256480575, "room7": 0.75009352, "room2": 1.570185304, "room10": 2.475879192, "room12": 1.9149954319999998, "room9": 1.536949039}, "spk15": {"room10": -0.442941219}, "spk28": {"room10": -0.86440438}, "spk24": {"room1": -0.318046033}, "spk12": {"room10": -0.675200701}, "spk8": {"room10": 1.211348653}, "spk17": {"room5": 0.8430997729999999, "room0": 0.955985188}, "spk11": {"room3": 0.140388876, "room4": 2.123468876, "room7": 0.494829983, "room2": 1.5273207430000002, "room12": 1.2452722790000001, "room9": 1.231375575}, "spk19": {"room4": -0.06405374400000001, "room7": -0.42215490299999997, "room12": -0.46906918299999995}, "spk13": {"room4": 4.919978619, "room12": 3.269382715}, "spk31": {"room10": -0.94545722}, "spk6": {"room10": -0.568692505}, "spk3": {"room3": 0.787989259, "room5": 1.4360677, "room7": -0.5042380089999999, "room0": 0.47699883600000004, "room2": 0.574331343, "room9": -0.166881621}, "spk0": {"room3": 0.037633397}, "spk20": {"room10": -0.5491828320000001}, "spk26": {"room2": 0.8489255309999999}, "spk16": {"room3": 0.37036791399999996, "room4": 0.532223761, "room7": 1.048254848, "room12": 0.9616630079999999, "room9": 1.166428208}, "spk27": {"room5": 0.599425972, "room0": 0.8075977559999999}, "spk25": {"room1": 0.260054678}, "spk21": {"room3": 0.346884996, "room4": 0.41931355, "room2": 1.162240267, "room12": 0.9582993390000001}, "spk30": {"room4": -1.105081201, "room2": -2.581542015, "room12": -0.564619064}, "spk4": {"room6": -0.95006758}, "spk14": {"room10": 2.396039009}, "spk7": {"room12": -1.038282275}, "spk1": {"room5": 0.991043627, "room0": 1.79659164}}}