{"meta": {"speaker": "spk13", "room": "room8"}, "data": {"spk22": {"room0": 0.896776795}, "spk10": {"room4": 0.736139476, "room12": 2.336420298}, "spk18": {"room5": -0.24606645100000002, "room0": -0.158353075, "room2": -0.572171152}, "spk29": {"room10": 0.33756578}, "spk5": {"room3": -0.6109387279999999, "room5": -0.740715206, "room0": 0.327026069}, "spk9": {"room4": -1.247952461, "room7": -0.439245194, "room10": -0.23675575899999998, "room12": -0.711822808, "room9": -0.75555259}, "spk2": {"room5": 0.166279495, "room0": -0.220611468}, "spk23": {"room4": 1.7205369469999998, "room7": 1.543367863, "room2": 2.9229433539999996, "room10": 2.9046256539999997, "room12": 2.017698288, "room9": 1.9286167619999999}, "spk15": {"room10": -0.34784770000000004}, "spk28": {"room10": -1.044208169}, "spk24": {"room1": 0.21154412600000003}, "spk12": {"room10": -0.181109324}, "spk8": {"room10": 0.27290588600000004}, "spk17": {"room5": 0.444091946, "room0": 0.299309582}, "spk11": {"room3": -0.08791185900000001, "room4": 0.42016640299999997, "room7": -1.137257934, "room2": -0.484676689, "room12": 0.48169770799999995, "room9": -0.001492685}, "spk19": {"room4": -0.410655349, "room7": -0.911731243, "room12": -0.302330941}, "spk13": {"room4": 3.10979867, "room12": 2.451279402}, "spk31": {"room10": -0.827767611}, "spk6": {"room10": 0.105056241}, "spk3": {"room3": 0.19593046600000003, "room5": 0.161685154, "room7": -0.816578448, "room0": -0.049579062, "room2": -0.18145841399999998, "room9": -0.241875127}, "spk0": {"room3": 0.8959422109999999}, "spk20": {"room10": 0.268595934}, "spk26": {"room2": 2.302506447}, "spk16": {"room3": -0.992041588, "room4": -1.708543301, "room7": 0.007262606, "room12": -0.9150993820000001, "room9": -0.728465974}, "spk27": {"room5": 0.47901696, "room0": 0.264512509}, "spk25": {"room1": 0.059028286}, "spk21": {"room3": 0.937808931, "room4": 0.8128562570000001, "room2": 0.6459756489999999, "room12": 0.246440947}, "spk30": {"room4": -0.35280779, "room2": -1.24713254, "room12": -1.0423746109999998}, "spk4": {"room6": -0.106380455}, "spk14": {"room10": 2.396396399}, "spk7": {"room12": -0.28743368399999997}, "spk1": {"room5": 0.799433708, "room0": 0.586604416}}}