{"meta": {"speaker": "spk13", "room": "room13"}, "data": {"spk22": {"room0": 0.869375288}, "spk10": {"room4": 1.151496887, "room12": 2.071816683}, "spk18": {"room5": -1.101716161, "room0": -1.0580127240000001, "room2": -1.463446021}, "spk29": {"room10": 0.14231532800000002}, "spk5": {"room3": -0.713601708, "room5": -0.992122948, "room0": 0.16464880099999998}, "spk9": {"room4": 1.291997433, "room7": 1.121860504, "room10": 0.8902275559999999, "room12": 1.57110846, "room9": 1.337912917}, "spk2": {"room5": 0.7455738190000001, "room0": 1.85253787}, "spk23": {"room4": 1.323280215, "room7": 1.3565564159999999, "room2": 2.887071133, "room10": 1.8218348030000002, "room12": 1.928241849, "room9": 1.32296133}, "spk15": {"room10": -1.045702457}, "spk28": {"room10": -0.883621275}, "spk24": {"room1": -0.6390861870000001}, "spk12": {"room10": -0.554359496}, "spk8": {"room10": -0.58022517}, "spk17": {"room5": 0.9825536009999999, "room0": 1.374424696}, "spk11": {"room3": 1.187348723, "room4": 2.750234842, "room7": 1.1635921, "room2": 0.9630430940000001, "room12": 2.298224211, "room9": 2.085703611}, "spk19": {"room4": -0.8794966340000001, "room7": -0.585147858, "room12": -0.9670594929999999}, "spk13": {"room4": 5.332323551, "room12": 3.875093937}, "spk31": {"room10": -0.987221062}, "spk6": {"room10": 0.746714115}, "spk3": {"room3": 0.10653691, "room5": 0.426123649, "room7": 0.010410274, "room0": -0.637592018, "room2": 0.106192946, "room9": -0.619844735}, "spk0": {"room3": 1.287128687}, "spk20": {"room10": -0.388522863}, "spk26": {"room2": 2.33462286}, "spk16": {"room3": 1.0729656220000001, "room4": 0.98936367, "room7": 0.644058287, "room12": 1.045234084, "room9": 0.9093402620000001}, "spk27": {"room5": -0.051370207, "room0": 0.151082575}, "spk25": {"room1": -0.24993205100000002}, "spk21": {"room3": 2.197728395, "room4": 2.164790154, "room2": 0.8116540309999999, "room12": 1.73446691}, "spk30": {"room4": -0.785799026, "room2": -1.5916900630000002, "room12": -0.8517550229999999}, "spk4": {"room6": -0.553874016}, "spk14": {"room10": 2.7371692660000004}, "spk7": {"room12": -0.8961861729999999}, "spk1": {"room5": 0.557022393, "room0": 0.947920203}}}