{"meta": {"speaker": "spk13", "room": "room13"}, "data": {"spk22": {"room0": 1.295664191}, "spk10": {"room4": 0.7457604409999999, "room12": 1.1486158370000001}, "spk18": {"room5": -0.634374321, "room0": -0.343672097, "room2": -1.085617423}, "spk29": {"room10": 0.10713955800000001}, "spk5": {"room3": -0.7757697109999999, "room5": -0.819635034, "room0": -0.563419998}, "spk9": {"room4": 2.0583243369999997, "room7": 1.5196393730000002, "room10": 2.336041451, "room12": 2.581761122, "room9": 1.8482234480000002}, "spk2": {"room5": 0.802676141, "room0": 2.7523155210000003}, "spk23": {"room4": 1.614979386, "room7": 0.461847842, "room2": 2.146836042, "room10": 2.246078491, "room12": 1.336647868, "room9": 0.7870085840000001}, "spk15": {"room10": -0.562859476}, "spk28": {"room10": -0.557803988}, "spk24": {"room1": -0.43591138700000004}, "spk12": {"room10": 0.00563889}, "spk8": {"room10": -0.006368123000000001}, "spk17": {"room5": 1.426733255, "room0": 2.030113935}, "spk11": {"room3": 1.25828898, "room4": 2.487998486, "room7": 1.507327557, "room2": 2.152278185, "room12": 2.6839702130000003, "room9": 2.142766476}, "spk19": {"room4": -0.583510637, "room7": -0.689643025, "room12": -0.435827106}, "spk13": {"room4": 4.668186665, "room12": 3.5871927739999996}, "spk31": {"room10": -0.491031259}, "spk6": {"room10": 0.9595916870000001}, "spk3": {"room3": 0.263486624, "room5": 0.7619777320000001, "room7": 0.27973178, "room0": -0.5177664160000001, "room2": 0.30089601899999996, "room9": -0.655706525}, "spk0": {"room3": 1.102241874}, "spk20": {"room10": 0.015966084}, "spk26": {"room2": 1.545642138}, "spk16": {"room3": 0.8833086490000001, "room4": 2.308008909, "room7": 1.771501064, "room12": 2.539985418, "room9": 2.298757553}, "spk27": {"room5": 1.612460375, "room0": 0.713517547}, "spk25": {"room1": -0.17870225}, "spk21": {"room3": 1.5225535630000002, "room4": 2.022081614, "room2": 1.779163122, "room12": 1.312830687}, "spk30": {"room4": -0.57666111, "room2": -1.8822500709999999, "room12": -0.169645488}, "spk4": {"room6": -0.667176902}, "spk14": {"room10": 3.159279585}, "spk7": {"room12": -1.394840598}, "spk1": {"room5": -0.058853533, "room0": 0.206878245}}}