{"meta": {"speaker": "spk13", "room": "room8"}, "data": {"spk22": {"room0": 1.778879881}, "spk10": {"room4": 1.182360649, "room12": 1.723928809}, "spk18": {"room5": -1.413200021, "room0": -1.255700588, "room2": -1.833276629}, "spk29": {"room10": 1.477033615}, "spk5": {"room3": -0.9084073309999999, "room5": -0.6832087640000001, "room0": -0.268829107}, "spk9": {"room4": 1.642452002, "room7": 2.3421308990000003, "room10": 1.884626865, "room12": 1.9435224530000001, "room9": 1.8311539890000001}, "spk2": {"room5": 1.388962269, "room0": 1.538901925}, "spk23": {"room4": 2.3142409319999997, "room7": 1.5594546790000001, "room2": 3.9425661560000003, "room10": 2.281945467, "room12": 2.82708931, "room9": 2.700340986}, "spk15": {"room10": -1.29886055}, "spk28": {"room10": -1.5768848659999999}, "spk24": {"room1": 0.196624532}, "spk12": {"room10": -1.356556773}, "spk8": {"room10": -0.27135181399999997}, "spk17": {"room5": 0.665073991, "room0": 1.767457724}, "spk11": {"room3": 1.586365461, "room4": 2.6968708039999996, "room7": 0.911406279, "room2": 1.161283135, "room12": 2.4791350359999997, "room9": 2.175848007}, "spk19": {"room4": -1.3398514990000001, "room7": -1.244971633, "room12": -1.6868919130000002}, "spk13": {"room4": 4.529821873, "room12": 4.157855511}, "spk31": {"room10": -2.431206703}, "spk6": {"room10": 0.343962431}, "spk3": {"room3": -0.199515477, "room5": 0.136162162, "room7": -0.522078395, "room0": 0.485710651, "room2": -0.872122049, "room9": 0.002494069}, "spk0": {"room3": -0.000641541}, "spk20": {"room10": -1.046188712}, "spk26": {"room2": 1.323723078}, "spk16": {"room3": 0.962263227, "room4": 0.070701152, "room7": 0.60070765, "room12": 1.003286958, "room9": 0.978433311}, "spk27": {"room5": 1.6195942159999999, "room0": 2.300376415}, "spk25": {"room1": 0.982403219}, "spk21": {"room3": 0.8614908459999999, "room4": 0.608751059, "room2": 1.08395505, "room12": 0.925918639}, "spk30": {"room4": -1.512544036, "room2": -2.882661343, "room12": -2.0574543480000003}, "spk4": {"room6": -0.364428729}, "spk14": {"room10": 2.315671682}, "spk7": {"room12": 0.577230215}, "spk1": {"room5": 1.416884899, "room0": 0.982575953}}}