{"meta": {"speaker": "spk13", "room": "room12"}, "data": {"spk22": {"room0": 1.653184056}, "spk10": {"room4": 1.917496443, "room12": 2.3571932319999997}, "spk18": {"room5": -0.636196196, "room0": -0.5666003820000001, "room2": -0.713264525}, "spk29": {"room10": 1.9483361240000001}, "spk5": {"room3": 0.713021696, "room5": 0.575160086, "room0": 0.744616985}, "spk9": {"room4": 1.285852075, "room7": 1.62841177, "room10": 1.6321803330000002, "room12": 1.701163292, "room9": 1.6328271630000002}, "spk2": {"room5": -0.339129835, "room0": 0.10327889}, "spk23": {"room4": 1.476921916, "room7": 1.149006009, "room2": 3.170256615, "room10": 1.446021557, "room12": 1.320116401, "room9": 2.0497896669999998}, "spk15": {"room10": -1.1968233590000001}, "spk28": {"room10": -0.731080174}, "spk24": {"room1": -0.520414114}, "spk12": {"room10": -0.315295368}, "spk8": {"room10": -0.716193616}, "spk17": {"room5": -0.17239609399999997, "room0": 0.26627191899999997}, "spk11": {"room3": 2.8961970810000004, "room4": 3.623295307, "room7": 2.489980698, "room2": 2.951586246, "room12": 3.7973542210000004, "room9": 3.972009182}, "spk19": {"room4": -0.642735422, "room7": -0.550155759, "room12": -0.7761191129999999}, "spk13": {"room4": 4.290421009, "room12": 4.953799725}, "spk31": {"room10": -1.4928082230000002}, "spk6": {"room10": -1.194043279}, "spk3": {"room3": 1.3602316380000001, "room5": 0.312322229, "room7": 2.086465836, "room0": 1.86823535, "room2": 1.134549499, "room9": 1.499870181}, "spk0": {"room3": 0.316961735}, "spk20": {"room10": -0.648843825}, "spk26": {"room2": 0.673310816}, "spk16": {"room3": 3.0626637939999997, "room4": 0.054932114000000004, "room7": 2.665583372, "room12": 1.034013987, "room9": 1.395151377}, "spk27": {"room5": -0.520447016, "room0": 0.847968698}, "spk25": {"room1": 1.1660301690000001}, "spk21": {"room3": 0.6965948340000001, "room4": -0.007044021, "room2": -0.349889815, "room12": 0.133173674}, "spk30": {"room4": -0.771223187, "room2": -1.3048398490000002, "room12": -1.241949439}, "spk4": {"room6": -0.025038222000000002}, "spk14": {"room10": 2.188866615}, "spk7": {"room12": 0.577508688}, "spk1": {"room5": 1.302362442, "room0": 1.488216996}}}