{"meta": {"speaker": "spk13", "room": "room8"}, "data": {"spk22": {"room0": 0.766352355}, "spk10": {"room4": 0.9863920209999999, "room12": 1.049204469}, "spk18": {"room5": -1.289207935, "room0": -1.208996177, "room2": -1.126568913}, "spk29": {"room10": 1.200048685}, "spk5": {"room3": 1.077623129, "room5": -0.388400167, "room0": 0.196034983}, "spk9": {"room4": 0.620979846, "room7": 1.1627807620000001, "room10": 2.328758955, "room12": 1.38450253, "room9": 1.0238928790000001}, "spk2": {"room5": 0.49732410899999996, "room0": 0.719293773}, "spk23": {"room4": 2.192834377, "room7": 1.7239946130000001, "room2": 3.090216875, "room10": 2.674313545, "room12": 2.40348959, "room9": 2.194027901}, "spk15": {"room10": -0.7523057459999999}, "spk28": {"room10": -1.29219377}, "spk24": {"room1": 1.4001380209999998}, "spk12": {"room10": -1.134570479}, "spk8": {"room10": 0.09136479300000001}, "spk17": {"room5": 1.546441674, "room0": 1.34161377}, "spk11": {"room3": 0.075939424, "room4": 1.395989299, "room7": -0.688301921, "room2": -0.122175224, "room12": 0.951995432, "room9": 0.739537477}, "spk19": {"room4": -1.3535168169999998, "room7": -1.287829638, "room12": -1.2236518859999999}, "spk13": {"room4": 4.397182465, "room12": 3.658555984}, "spk31": {"room10": -0.952700853}, "spk6": {"room10": -0.057298876}, "spk3": {"room3": 0.562631845, "room5": 0.676241159, "room7": -0.743893445, "room0": 0.47072207899999996, "room2": 0.6341435910000001, "room9": 0.059109651}, "spk0": {"room3": 1.085923553}, "spk20": {"room10": -0.8015601040000001}, "spk26": {"room2": 1.591957808}, "spk16": {"room3": 0.6970230940000001, "room4": 0.22095446300000002, "room7": 0.7278928159999999, "room12": -0.053455614000000005, "room9": 0.9056911470000001}, "spk27": {"room5": 0.49322521700000005, "room0": 0.020397885}, "spk25": {"room1": 0.846616507}, "spk21": {"room3": 1.6212577819999998, "room4": 1.15529108, "room2": 2.141234636, "room12": 0.8439834709999999}, "spk30": {"room4": -1.41019392, "room2": -1.900158763, "room12": -1.205771446}, "spk4": {"room6": 0.157622665}, "spk14": {"room10": 0.958999336}, "spk7": {"room12": 0.429517627}, "spk1": {"room5": 2.157196045, "room0": 1.437765956}}}