{"meta": {"speaker": "spk13", "room": "room12"}, "data": {"spk22": {"room0": 2.17439723}, "spk10": {"room4": 1.214904904, "room12": 1.8938680890000001}, "spk18": {"room5": -0.872212291, "room0": -0.6323024629999999, "room2": -1.0703645940000002}, "spk29": {"room10": 1.579219699}, "spk5": {"room3": 0.5386152270000001, "room5": 0.5981685520000001, "room0": 0.961596668}, "spk9": {"room4": 2.990309477, "room7": 3.39069891, "room10": 3.5550906660000003, "room12": 3.107217073, "room9": 2.656893492}, "spk2": {"room5": 0.330801636, "room0": 1.750055671}, "spk23": {"room4": 2.916088104, "room7": 1.8439940209999999, "room2": 3.569162369, "room10": 3.5211691860000003, "room12": 2.39249444, "room9": 3.09966588}, "spk15": {"room10": -1.215153098}, "spk28": {"room10": -0.9192556740000001}, "spk24": {"room1": 1.306761742}, "spk12": {"room10": -0.37540882799999997}, "spk8": {"room10": -0.294279933}, "spk17": {"room5": 1.016218305, "room0": 1.3366522790000002}, "spk11": {"room3": 1.80457139, "room4": 2.201059341, "room7": 1.87520957, "room2": 3.126516819, "room12": 3.163456202, "room9": 2.7716488839999998}, "spk19": {"room4": -0.86425364, "room7": -0.857441783, "room12": -0.930233359}, "spk13": {"room4": 5.54655838, "room12": 7.759220599999999}, "spk31": {"room10": -1.055248976}, "spk6": {"room10": -0.575659096}, "spk3": {"room3": -0.389113456, "room5": 0.5243358020000001, "room7": -0.831492305, "room0": 0.37844210899999997, "room2": -0.07552658, "room9": 0.31341454399999996}, "spk0": {"room3": 0.7590444679999999}, "spk20": {"room10": -0.49535676799999995}, "spk26": {"room2": 1.6224989890000001}, "spk16": {"room3": 2.053448915, "room4": 1.7719858880000001, "room7": 0.487663835, "room12": 1.6781139369999998, "room9": 1.64247942}, "spk27": {"room5": 1.5663695340000001, "room0": 1.796093225}, "spk25": {"room1": 2.1733734609999997}, "spk21": {"room3": 0.6944869159999999, "room4": 0.992967486, "room2": 0.978017092, "room12": 0.312462628}, "spk30": {"room4": -1.050552845, "room2": -1.882783532, "room12": -0.741356432}, "spk4": {"room6": 0.058981374}, "spk14": {"room10": 1.596410275}, "spk7": {"room12": -0.186797619}, "spk1": {"room5": 0.6179279089999999, "room0": 1.37422812}}}