{"meta": {"speaker": "spk13", "room": "room13"}, "data": {"spk22": {"room0": 1.448959708}, "spk10": {"room4": 0.7565786240000001, "room12": 1.274180532}, "spk18": {"room5": -1.0828100440000001, "room0": -0.806773245, "room2": -1.273007154}, "spk29": {"room10": 0.535498679}, "spk5": {"room3": -0.662519991, "room5": -1.533314228, "room0": -0.671613455}, "spk9": {"room4": 1.292022824, "room7": 1.447133899, "room10": 1.464218974, "room12": 1.4170869590000001, "room9": 1.0092717409999998}, "spk2": {"room5": 1.039082885, "room0": 2.480509758}, "spk23": {"room4": 1.459388256, "room7": 1.088170886, "room2": 2.633135319, "room10": 2.010669947, "room12": 1.793149829, "room9": 0.9970870609999999}, "spk15": {"room10": -0.724030375}, "spk28": {"room10": -0.68584007}, "spk24": {"room1": -0.27580145}, "spk12": {"room10": -0.839163005}, "spk8": {"room10": -0.2007671}, "spk17": {"room5": 0.666456342, "room0": 1.016236782}, "spk11": {"room3": 1.079852819, "room4": 1.988716125, "room7": 1.021099925, "room2": 1.462959647, "room12": 1.796850085, "room9": 2.124559402}, "spk19": {"room4": -0.6027119160000001, "room7": -0.928277493, "room12": -0.536804676}, "spk13": {"room4": 4.108414173, "room12": 3.7898325919999998}, "spk31": {"room10": -1.209243655}, "spk6": {"room10": -0.39336532399999996}, "spk3": {"room3": 0.460148811, "room5": 0.624673009, "room7": -0.04699659, "room0": -0.100571632, "room2": 0.349690586, "room9": -0.514649689}, "spk0": {"room3": 0.41548091200000004}, "spk20": {"room10": -0.6735926870000001}, "spk26": {"room2": 1.6785544159999999}, "spk16": {"room3": 1.4750703569999999, "room4": 0.613074362, "room7": 1.2369395490000001, "room12": 1.251653194, "room9": 1.085757613}, "spk27": {"room5": 0.243040279, "room0": 0.6160857679999999}, "spk25": {"room1": -0.620600224}, "spk21": {"room3": 1.412345648, "room4": 1.199933767, "room2": 1.588811636, "room12": 0.890527785}, "spk30": {"room4": -0.535218835, "room2": -1.647266626, "room12": -0.625212491}, "spk4": {"room6": -0.8530707959999999}, "spk14": {"room10": 2.387617588}, "spk7": {"room12": -1.468337774}, "spk1": {"room5": 0.08726819599999999, "room0": 1.580076575}}}