{"meta": {"speaker": "spk13", "room": "room7"}, "data": {"spk22": {"room0": 2.7661395069999997}, "spk10": {"room4": 1.997461081, "room12": 3.0701274869999997}, "spk18": {"room5": -0.571763575, "room0": -0.548472345, "room2": -0.703661561}, "spk29": {"room10": 2.603378296}, "spk5": {"room3": 0.414352596, "room5": 0.7184400559999999, "room0": 0.869651735}, "spk9": {"room4": 1.659870863, "room7": 3.635220289, "room10": 1.9668688769999998, "room12": 2.528146505, "room9": 2.20181179}, "spk2": {"room5": 1.038002253, "room0": 2.040291786}, "spk23": {"room4": 3.374789, "room7": 3.2504119869999997, "room2": 4.47142458, "room10": 2.9498732089999997, "room12": 3.2943847180000003, "room9": 3.596483231}, "spk15": {"room10": -0.557336211}, "spk28": {"room10": -0.574474096}, "spk24": {"room1": 0.9700835940000001}, "spk12": {"room10": 0.300365657}, "spk8": {"room10": -0.28729170600000004}, "spk17": {"room5": 2.1219391819999998, "room0": 1.9802203180000002}, "spk11": {"room3": 2.84543705, "room4": 3.540782213, "room7": 2.4344675540000003, "room2": 3.077686548, "room12": 4.0642180439999995, "room9": 3.957156658}, "spk19": {"room4": -0.41615113600000003, "room7": -0.5725924370000001, "room12": -0.9547049999999999}, "spk13": {"room4": 7.297407627, "room12": 6.890067577000001}, "spk31": {"room10": -1.2055240870000001}, "spk6": {"room10": -0.072731838}, "spk3": {"room3": 0.9973869320000001, "room5": 1.842213631, "room7": 0.860937715, "room0": 1.61779201, "room2": 0.416860491, "room9": 1.920307398}, "spk0": {"room3": 1.431573033}, "spk20": {"room10": -0.127755091}, "spk26": {"room2": 2.8810181619999997}, "spk16": {"room3": 3.026786566, "room4": 1.228518963, "room7": 1.28831625, "room12": 1.533614635, "room9": 1.886599422}, "spk27": {"room5": 1.5290374759999998, "room0": 1.9487653969999998}, "spk25": {"room1": 2.306669474}, "spk21": {"room3": 1.391353965, "room4": 1.818826914, "room2": 1.3735483880000001, "room12": 1.250412941}, "spk30": {"room4": -0.07249523, "room2": -1.4162105319999998, "room12": -0.660392106}, "spk4": {"room6": 0.3551507}, "spk14": {"room10": 3.212796211}, "spk7": {"room12": 0.69407773}, "spk1": {"room5": 0.51395613, "room0": 0.756212771}}}