{"meta": {"speaker": "spk13", "room": "room8"}, "data": {"spk22": {"room0": 1.212678313}, "spk10": {"room4": 1.23739481, "room12": 2.1490869519999998}, "spk18": {"room5": -1.33918643, "room0": -1.4949223999999999, "room2": -1.996181011}, "spk29": {"room10": 1.4259489769999998}, "spk5": {"room3": -0.126051635, "room5": -0.330683768, "room0": 0.30943289399999996}, "spk9": {"room4": -0.47112914899999997, "room7": 0.174037233, "room10": 0.168283477, "room12": -0.18056528300000002, "room9": -0.22734129399999997}, "spk2": {"room5": 1.100203395, "room0": 1.19825387}, "spk23": {"room4": 2.7405831810000003, "room7": 2.024501085, "room2": 3.659737349, "room10": 2.8753807539999996, "room12": 2.318827391, "room9": 1.919770241}, "spk15": {"room10": -0.280749887}, "spk28": {"room10": -1.525761724}, "spk24": {"room1": 0.912906587}, "spk12": {"room10": -0.829843938}, "spk8": {"room10": 1.663659811}, "spk17": {"room5": 1.099714398, "room0": 0.71707654}, "spk11": {"room3": -0.27094498300000003, "room4": 0.6273821589999999, "room7": -0.439013958, "room2": 0.548123956, "room12": 1.066060901, "room9": 0.897458613}, "spk19": {"room4": -1.122949004, "room7": -1.4272705319999999, "room12": -0.960828006}, "spk13": {"room4": 4.085887432, "room12": 2.7865006919999997}, "spk31": {"room10": -1.21105051}, "spk6": {"room10": 1.3514519930000002}, "spk3": {"room3": 0.464335561, "room5": 1.1964260340000001, "room7": -0.21628551199999999, "room0": 0.741378784, "room2": 0.181741789, "room9": 0.5290793779999999}, "spk0": {"room3": 0.318244427}, "spk20": {"room10": -0.428750753}, "spk26": {"room2": 2.220118284}, "spk16": {"room3": -0.200076476, "room4": -0.180186942, "room7": 0.7335142490000001, "room12": -0.15212041099999998, "room9": 0.45688813899999997}, "spk27": {"room5": 0.5403508539999999, "room0": 0.715244055}, "spk25": {"room1": 1.0732766390000001}, "spk21": {"room3": 0.519735992, "room4": 1.473320365, "room2": 1.260960817, "room12": 1.054892063}, "spk30": {"room4": -1.6505146030000002, "room2": -2.5425386430000003, "room12": -1.037905097}, "spk4": {"room6": 0.09205838300000001}, "spk14": {"room10": 1.5099023580000002}, "spk7": {"room12": -0.089731425}, "spk1": {"room5": -0.143287078, "room0": 1.2117933029999999}}}