{"meta": {"speaker": "spk13", "room": "room8"}, "data": {"spk22": {"room0": 1.984454393}, "spk10": {"room4": 2.429583788, "room12": 3.4369452000000003}, "spk18": {"room5": -0.9286720159999999, "room0": -0.754274428, "room2": -1.1694297790000001}, "spk29": {"room10": 0.674750507}, "spk5": {"room3": 0.170842364, "room5": -0.539331019, "room0": 0.6444892879999999}, "spk9": {"room4": 0.942964137, "room7": 1.3037962909999998, "room10": 1.715378881, "room12": 1.804083109, "room9": 0.878932774}, "spk2": {"room5": 0.5287938120000001, "room0": 2.523623705}, "spk23": {"room4": 3.1189143660000003, "room7": 2.420717955, "room2": 4.298639297, "room10": 3.6851580139999998, "room12": 3.270594835, "room9": 4.0191693310000005}, "spk15": {"room10": -0.6497839089999999}, "spk28": {"room10": -0.84390378}, "spk24": {"room1": 0.876270592}, "spk12": {"room10": -0.03131377}, "spk8": {"room10": -0.131184146}, "spk17": {"room5": 2.1369416709999998, "room0": 2.17513895}, "spk11": {"room3": 0.097578615, "room4": 2.021493435, "room7": 0.33682659299999995, "room2": 0.495718926, "room12": 1.61440742, "room9": 1.667437553}, "spk19": {"room4": -0.7560141090000001, "room7": -0.646145046, "room12": -0.8287927509999999}, "spk13": {"room4": 7.0495400429999995, "room12": 6.710243225}, "spk31": {"room10": -1.100711346}, "spk6": {"room10": 0.7704292540000001}, "spk3": {"room3": 0.7426977159999999, "room5": 1.264971137, "room7": 0.6469782589999999, "room0": 0.96205461, "room2": -0.18210852100000002, "room9": 0.467372835}, "spk0": {"room3": 1.813506246}, "spk20": {"room10": -0.482873559}, "spk26": {"room2": 2.4484531880000002}, "spk16": {"room3": 1.528038859, "room4": 2.117362738, "room7": 1.333119631, "room12": 0.6222594379999999, "room9": 1.933560371}, "spk27": {"room5": 0.8354061840000001, "room0": 0.684001505}, "spk25": {"room1": 0.979678631}, "spk21": {"room3": 0.7618052959999999, "room4": 1.5473849769999999, "room2": 1.2330306770000001, "room12": 0.5371769670000001}, "spk30": {"room4": -0.8140572909999999, "room2": -1.876234889, "room12": -1.220085621}, "spk4": {"room6": -0.036111793999999996}, "spk14": {"room10": 3.896284103}, "spk7": {"room12": 0.654068112}, "spk1": {"room5": 0.706563532, "room0": 1.710844517}}}