{"meta": {"speaker": "spk26", "room": "room8"}, "data": {"spk22": {"room0": -0.408533841}, "spk10": {"room4": 0.304269403, "room12": -0.10149552699999999}, "spk18": {"room5": -0.23957482, "room0": -0.128863245, "room2": 0.228206202}, "spk29": {"room10": 1.068562031}, "spk5": {"room3": -0.834657907, "room5": -0.913902283, "room0": -0.013273317}, "spk9": {"room4": 0.131172597, "room7": 0.877293587, "room10": 1.3819662330000002, "room12": 0.589342535, "room9": 0.777536452}, "spk2": {"room5": 1.325480461, "room0": 1.330209374}, "spk23": {"room4": 2.198750734, "room7": 1.612306595, "room2": 2.9810903069999997, "room10": 1.8575972319999998, "room12": 2.606682062, "room9": 1.6536668540000001}, "spk15": {"room10": -1.142075777}, "spk28": {"room10": -0.22533176800000002}, "spk24": {"room1": 2.158543587}, "spk12": {"room10": -0.39485061200000005}, "spk8": {"room10": 1.6004682780000001}, "spk17": {"room5": 0.72027266, "room0": 1.816031098}, "spk11": {"room3": 0.959711313, "room4": 0.359859794, "room7": -0.667928696, "room2": 1.142539978, "room12": -0.25752356600000004, "room9": -0.19608710699999998}, "spk19": {"room4": -1.027438641, "room7": -1.1657449009999998, "room12": -0.7208845620000001}, "spk13": {"room4": 2.248412848, "room12": 1.9081470969999998}, "spk31": {"room10": -0.775272906}, "spk6": {"room10": 1.242968798}, "spk3": {"room3": 0.118499681, "room5": 1.735429645, "room7": -1.019133091, "room0": 0.060054526, "room2": 1.054736614, "room9": -0.592339396}, "spk0": {"room3": 1.109018683}, "spk20": {"room10": -0.730666041}, "spk26": {"room2": 4.937485218}, "spk16": {"room3": 1.55847919, "room4": -1.020998716, "room7": 0.355995834, "room12": -0.156074792, "room9": -0.45757070200000005}, "spk27": {"room5": -0.155750915, "room0": 0.933107853}, "spk25": {"room1": 1.3581452369999998}, "spk21": {"room3": 0.859418273, "room4": 0.753925025, "room2": 0.774476528, "room12": 0.870463133}, "spk30": {"room4": -0.722521603, "room2": -0.808095098, "room12": -0.721334815}, "spk4": {"room6": -0.292941183}, "spk14": {"room10": 2.3099064830000002}, "spk7": {"room12": 1.828326225}, "spk1": {"room5": 0.872793376, "room0": 0.59650147}}}