{"meta": {"speaker": "spk26", "room": "room8"}, "data": {"spk22": {"room0": -0.442560911}, "spk10": {"room4": -0.10965514900000001, "room12": -0.923716187}, "spk18": {"room5": -1.01615715, "room0": -0.791964233, "room2": -0.564995348}, "spk29": {"room10": 0.8088907}, "spk5": {"room3": -1.550637245, "room5": -0.947967291, "room0": -0.535937846}, "spk9": {"room4": 0.8947812909999999, "room7": 1.123913884, "room10": 1.4724589590000001, "room12": 0.9425285459999999, "room9": 0.388393283}, "spk2": {"room5": 0.734442115, "room0": 0.547376096}, "spk23": {"room4": 1.937992692, "room7": 0.816039562, "room2": 2.1241726880000003, "room10": 1.556270957, "room12": 1.1466258759999999, "room9": 2.08264184}, "spk15": {"room10": -1.355771184}, "spk28": {"room10": -1.042824864}, "spk24": {"room1": 2.263016939}, "spk12": {"room10": -0.9724253420000001}, "spk8": {"room10": 0.673677027}, "spk17": {"room5": 0.429734766, "room0": 1.603927374}, "spk11": {"room3": 0.987386763, "room4": 0.139775306, "room7": -0.304828912, "room2": 0.029132922999999998, "room12": 0.274668604, "room9": -0.500579774}, "spk19": {"room4": -1.5616334680000001, "room7": -1.697382331, "room12": -1.7693921330000002}, "spk13": {"room4": 2.305819273, "room12": 1.436737895}, "spk31": {"room10": -1.5698339940000001}, "spk6": {"room10": 1.807976246}, "spk3": {"room3": -0.32056117100000003, "room5": 0.936016142, "room7": -1.023171902, "room0": -0.14826636, "room2": 0.578422129, "room9": -0.761924624}, "spk0": {"room3": 1.6317415240000002}, "spk20": {"room10": -1.243237138}, "spk26": {"room2": 6.381136894}, "spk16": {"room3": 0.8914929629999999, "room4": -1.288715482, "room7": 0.18844535899999998, "room12": 0.438912719, "room9": -0.401194781}, "spk27": {"room5": -0.778680563, "room0": 0.297052413}, "spk25": {"room1": 1.090704441}, "spk21": {"room3": 0.34717544899999997, "room4": 0.789743602, "room2": 0.278234303, "room12": 1.190509796}, "spk30": {"room4": -1.506706238, "room2": -1.686306834, "room12": -1.787205935}, "spk4": {"room6": -0.529161334}, "spk14": {"room10": 1.029222965}, "spk7": {"room12": 0.994004488}, "spk1": {"room5": 0.702197492, "room0": -0.1376459}}}