{"meta": {"speaker": "spk26", "room": "room8"}, "data": {"spk22": {"room0": -0.313358575}, "spk10": {"room4": -0.261264771, "room12": -0.561246514}, "spk18": {"room5": -1.4148104190000002, "room0": -1.221266747, "room2": -1.103045464}, "spk29": {"room10": 0.34912222600000004}, "spk5": {"room3": -0.44406050399999997, "room5": -0.189440355, "room0": 0.238791317}, "spk9": {"room4": 0.049685262, "room7": 0.241970792, "room10": 1.589250326, "room12": 0.201708823, "room9": 0.808696568}, "spk2": {"room5": 0.482562184, "room0": 0.749176562}, "spk23": {"room4": 1.813976526, "room7": 1.308296084, "room2": 1.7949216369999998, "room10": 1.563231707, "room12": 1.89531064, "room9": 2.7091202739999996}, "spk15": {"room10": -1.6453644040000002}, "spk28": {"room10": -1.156129003}, "spk24": {"room1": 1.463148594}, "spk12": {"room10": -1.523572326}, "spk8": {"room10": 0.899980247}, "spk17": {"room5": 0.538740277, "room0": 1.870980859}, "spk11": {"room3": -0.864232063, "room4": -0.865729511, "room7": -0.9611166720000001, "room2": -0.18445617, "room12": -0.715460122, "room9": -1.050363183}, "spk19": {"room4": -2.033598423, "room7": -2.101417542, "room12": -1.920517445}, "spk13": {"room4": 1.861169457, "room12": 1.854186296}, "spk31": {"room10": -1.566622138}, "spk6": {"room10": 0.596907437}, "spk3": {"room3": -0.49807071700000005, "room5": 0.57930088, "room7": -0.374112099, "room0": 0.45462811, "room2": 0.679651916, "room9": -0.018335259}, "spk0": {"room3": 0.24152325100000002}, "spk20": {"room10": -1.132099867}, "spk26": {"room2": 3.9292979239999997}, "spk16": {"room3": 0.9983282090000001, "room4": -0.695390582, "room7": -0.207447112, "room12": -0.6892483229999999, "room9": 0.122899614}, "spk27": {"room5": -0.508887231, "room0": 0.53601712}, "spk25": {"room1": 1.035081267}, "spk21": {"room3": 0.9188309309999999, "room4": 1.119132757, "room2": 0.361932755, "room12": 1.292967796}, "spk30": {"room4": -1.7909586430000002, "room2": -1.948162675, "room12": -1.541808605}, "spk4": {"room6": -0.37107566}, "spk14": {"room10": 1.01788795}, "spk7": {"room12": 1.7895603180000001}, "spk1": {"room5": 0.571424246, "room0": 1.033885121}}}