{"meta": {"speaker": "spk26", "room": "room13"}, "data": {"spk22": {"room0": -0.109954052}, "spk10": {"room4": 0.9059568640000001, "room12": 0.441273212}, "spk18": {"room5": -1.171286821, "room0": -1.049508452, "room2": -1.109126091}, "spk29": {"room10": 1.249435544}, "spk5": {"room3": 0.862154007, "room5": -0.142368451, "room0": 0.459956765}, "spk9": {"room4": -0.061524737999999995, "room7": 0.321766973, "room10": 0.6975259779999999, "room12": 0.402573466, "room9": -0.147714257}, "spk2": {"room5": 1.14986074, "room0": 0.44925293299999997}, "spk23": {"room4": 1.687821627, "room7": 1.3884974719999998, "room2": 2.056785345, "room10": 2.617339611, "room12": 1.380808115, "room9": 1.69588387}, "spk15": {"room10": -0.309954852}, "spk28": {"room10": -1.003612876}, "spk24": {"room1": 0.76656127}, "spk12": {"room10": -0.48502114399999996}, "spk8": {"room10": 0.607271254}, "spk17": {"room5": 0.71100986, "room0": 1.072519183}, "spk11": {"room3": 0.168138877, "room4": 0.395877957, "room7": -0.390346795, "room2": -0.191827849, "room12": -0.5172719960000001, "room9": -0.124302715}, "spk19": {"room4": -1.188217878, "room7": -1.122319102, "room12": -1.144918323}, "spk13": {"room4": 1.441309929, "room12": 0.7742028240000001}, "spk31": {"room10": -1.068899035}, "spk6": {"room10": -0.002242826}, "spk3": {"room3": -0.566168427, "room5": 0.103401899, "room7": -0.40067634, "room0": -0.653803468, "room2": 0.184169859, "room9": -0.606467426}, "spk0": {"room3": 0.626598895}, "spk20": {"room10": -0.514159441}, "spk26": {"room2": 2.557814121}, "spk16": {"room3": 1.208311558, "room4": -0.458166122, "room7": -0.260444134, "room12": -0.612632871, "room9": 0.122640736}, "spk27": {"room5": -0.24153687100000001, "room0": -0.2718575}, "spk25": {"room1": 0.213104144}, "spk21": {"room3": 1.545992136, "room4": 0.473802984, "room2": 0.886217356, "room12": 0.37816011899999996}, "spk30": {"room4": -1.4429616930000002, "room2": -1.836504102, "room12": -0.926332057}, "spk4": {"room6": 0.256491542}, "spk14": {"room10": 0.276797891}, "spk7": {"room12": 0.604575992}, "spk1": {"room5": 0.723936081, "room0": 0.177826717}}}