{"meta": {"speaker": "spk26", "room": "room11"}, "data": {"spk22": {"room0": -0.35646843899999997}, "spk10": {"room4": 0.47317332, "room12": 0.27231434}, "spk18": {"room5": -1.3547878269999998, "room0": -1.525165319, "room2": -1.4987235069999998}, "spk29": {"room10": 1.2232481240000002}, "spk5": {"room3": 1.4263128040000002, "room5": -0.011282583999999998, "room0": 1.218186378}, "spk9": {"room4": 0.700110435, "room7": 0.307173252, "room10": 0.7473163009999999, "room12": 1.090289116, "room9": 0.052384041}, "spk2": {"room5": 1.46041894, "room0": 1.189435363}, "spk23": {"room4": 3.069785595, "room7": 2.058135271, "room2": 2.349855423, "room10": 3.031249523, "room12": 1.5774575469999998, "room9": 2.797587156}, "spk15": {"room10": -0.47440087799999997}, "spk28": {"room10": -0.610712111}, "spk24": {"room1": 1.464702725}, "spk12": {"room10": -0.9010024670000001}, "spk8": {"room10": 0.988600314}, "spk17": {"room5": 1.4855391980000001, "room0": 0.69979316}, "spk11": {"room3": -0.212183565, "room4": 0.6422876120000001, "room7": -0.777399957, "room2": -0.298681706, "room12": -0.532451212, "room9": 0.007833942}, "spk19": {"room4": -1.0881443020000001, "room7": -0.646528244, "room12": -0.8125703329999999}, "spk13": {"room4": 1.796370745, "room12": 0.41895952799999997}, "spk31": {"room10": -1.242078424}, "spk6": {"room10": 1.037298441}, "spk3": {"room3": 0.08376049299999999, "room5": 0.9544413690000001, "room7": 0.034135557999999996, "room0": -0.203186229, "room2": 1.251603961, "room9": 0.12211293699999999}, "spk0": {"room3": 0.773240268}, "spk20": {"room10": -0.945505142}, "spk26": {"room2": 3.271622658}, "spk16": {"room3": 0.509102404, "room4": -0.693859875, "room7": -0.965421855, "room12": -1.5968053340000001, "room9": 0.125716269}, "spk27": {"room5": -0.540002882, "room0": -0.386584401}, "spk25": {"room1": 0.25464865600000003}, "spk21": {"room3": 1.207578421, "room4": 1.7041974069999999, "room2": 1.275782228, "room12": 0.716508865}, "spk30": {"room4": -1.694835305, "room2": -1.99456811, "room12": -1.145487428}, "spk4": {"room6": 0.517654955}, "spk14": {"room10": 0.336045295}, "spk7": {"room12": 0.645935237}, "spk1": {"room5": 1.6727815869999998, "room0": 0.253001511}}}