{"meta": {"speaker": "spk26", "room": "room8"}, "data": {"spk22": {"room0": 0.323832542}, "spk10": {"room4": 0.443825662, "room12": 0.426950634}, "spk18": {"room5": -0.719081283, "room0": -0.548571467, "room2": -0.9116999509999999}, "spk29": {"room10": 1.6158401969999998}, "spk5": {"room3": 0.526792943, "room5": 0.166429609, "room0": 0.6845249529999999}, "spk9": {"room4": 0.733427525, "room7": 1.5580024719999999, "room10": 1.9836183790000002, "room12": 1.341447473, "room9": 0.738518178}, "spk2": {"room5": 1.0413780209999999, "room0": 1.780901909}, "spk23": {"room4": 2.523903131, "room7": 1.814928412, "room2": 2.261811495, "room10": 2.378415108, "room12": 2.701968193, "room9": 2.652995348}, "spk15": {"room10": -0.6980599759999999}, "spk28": {"room10": -1.2409389020000001}, "spk24": {"room1": 0.98441571}, "spk12": {"room10": -0.7899929290000001}, "spk8": {"room10": 0.472676873}, "spk17": {"room5": 1.097986817, "room0": 1.569406748}, "spk11": {"room3": 0.89774543, "room4": 0.457435519, "room7": -0.5334309939999999, "room2": 0.39820289600000003, "room12": -0.067474447, "room9": 0.09297314300000001}, "spk19": {"room4": -1.0425369740000001, "room7": -1.020900965, "room12": -1.387829304}, "spk13": {"room4": 2.199791908, "room12": 2.3585011959999997}, "spk31": {"room10": -1.09429431}, "spk6": {"room10": 0.78266567}, "spk3": {"room3": 0.576827884, "room5": 1.6998392340000001, "room7": -0.439674616, "room0": -0.10536292900000001, "room2": 1.249130487, "room9": -0.089582339}, "spk0": {"room3": 1.2336089609999998}, "spk20": {"room10": -0.6745790840000001}, "spk26": {"room2": 3.78559351}, "spk16": {"room3": 2.037549257, "room4": -0.42621368200000004, "room7": -0.096743226, "room12": -0.48698794799999995, "room9": 0.537454545}, "spk27": {"room5": 0.319124907, "room0": 0.873221457}, "spk25": {"room1": 1.612547278}, "spk21": {"room3": 1.449219108, "room4": 0.686760545, "room2": 1.045458198, "room12": 0.800207436}, "spk30": {"room4": -1.00877738, "room2": -1.142002225, "room12": -0.989898622}, "spk4": {"room6": 0.130636692}, "spk14": {"room10": 1.71854198}, "spk7": {"room12": 1.80961144}, "spk1": {"room5": 0.851809978, "room0": 1.311034918}}}