{"meta": {"speaker": "spk26", "room": "room13"}, "data": {"spk22": {"room0": -0.008974361}, "spk10": {"room4": 0.911521792, "room12": 0.8155542020000001}, "spk18": {"room5": -0.984773874, "room0": -0.906749189, "room2": -1.260340929}, "spk29": {"room10": 1.998331666}, "spk5": {"room3": 0.236666143, "room5": -0.59624964, "room0": 0.497691244}, "spk9": {"room4": -0.030491246, "room7": 0.965239167, "room10": 0.554772377, "room12": 0.360941678, "room9": 0.19071698199999998}, "spk2": {"room5": 1.8848497869999998, "room0": 0.887848258}, "spk23": {"room4": 1.5013258459999999, "room7": 0.623474717, "room2": 3.4139981269999997, "room10": 1.8337886330000002, "room12": 1.4436018469999998, "room9": 2.293671131}, "spk15": {"room10": -1.191226602}, "spk28": {"room10": -0.9311829209999999}, "spk24": {"room1": 1.293374062}, "spk12": {"room10": -0.850621521}, "spk8": {"room10": 0.968169272}, "spk17": {"room5": 1.154074907, "room0": 1.9841713909999998}, "spk11": {"room3": 0.673060656, "room4": 0.065812379, "room7": -0.9442188140000001, "room2": 0.026687315, "room12": -0.224383146, "room9": -0.264357388}, "spk19": {"room4": -1.038769126, "room7": -1.137987018, "room12": -1.044618607}, "spk13": {"room4": 2.168088675, "room12": 2.001166344}, "spk31": {"room10": -1.006731868}, "spk6": {"room10": 0.994537592}, "spk3": {"room3": -0.399144024, "room5": 0.863304257, "room7": -1.0125960109999999, "room0": -0.45178741200000005, "room2": -0.079673693, "room9": -0.655506253}, "spk0": {"room3": 1.335864902}, "spk20": {"room10": -0.46177080299999995}, "spk26": {"room2": 4.376027584}, "spk16": {"room3": 0.921465874, "room4": -1.1511943340000002, "room7": 0.381996512, "room12": 0.07362020799999999, "room9": -0.26988765600000003}, "spk27": {"room5": -0.217422068, "room0": 0.35975241700000005}, "spk25": {"room1": 1.334739804}, "spk21": {"room3": 1.4476782080000001, "room4": 1.092996955, "room2": 1.252046347, "room12": 1.227204084}, "spk30": {"room4": -0.664800882, "room2": -1.108055353, "room12": -0.981945574}, "spk4": {"room6": 0.302151293}, "spk14": {"room10": 1.3768018480000002}, "spk7": {"room12": 1.2272067070000001}, "spk1": {"room5": 0.613389909, "room0": -0.147971988}}}