{"meta": {"speaker": "spk26", "room": "room2"}, "data": {"spk22": {"room0": 0.51998055}, "spk10": {"room4": 0.47136253100000003, "room12": 0.06704439999999999}, "spk18": {"room5": -0.701969862, "room0": -0.41101795399999996, "room2": -0.51095891}, "spk29": {"room10": 0.77730751}, "spk5": {"room3": -0.562429011, "room5": -0.543163657, "room0": 0.220053136}, "spk9": {"room4": -0.019365618, "room7": 0.122571118, "room10": 0.7846915720000001, "room12": 0.484457254, "room9": 0.306293517}, "spk2": {"room5": 0.42902314700000005, "room0": 1.33239162}, "spk23": {"room4": 2.657322884, "room7": 2.178812265, "room2": 1.7072502369999998, "room10": 1.7420257330000002, "room12": 1.80821979, "room9": 2.098833323}, "spk15": {"room10": -0.339753956}, "spk28": {"room10": -0.854259193}, "spk24": {"room1": 1.924670339}, "spk12": {"room10": -0.168214098}, "spk8": {"room10": 1.705987334}, "spk17": {"room5": 0.580530941, "room0": 0.836918473}, "spk11": {"room3": -0.200155914, "room4": -0.450232416, "room7": -1.3121347429999999, "room2": -0.885488987, "room12": -0.539718688, "room9": -1.281777978}, "spk19": {"room4": -0.78501606, "room7": -0.76363796, "room12": -0.5946208239999999}, "spk13": {"room4": 1.176345229, "room12": 0.94503963}, "spk31": {"room10": -0.880897045}, "spk6": {"room10": 2.3576459880000002}, "spk3": {"room3": 0.6698568460000001, "room5": 1.5185620780000002, "room7": 0.069683708, "room0": 0.1500016, "room2": 1.086630344, "room9": 0.767452657}, "spk0": {"room3": 1.573713064}, "spk20": {"room10": 0.05267239}, "spk26": {"room2": 7.348252296}, "spk16": {"room3": 1.0932708979999999, "room4": 0.026165762999999998, "room7": -0.011647788999999999, "room12": -0.537967265, "room9": 0.847105265}, "spk27": {"room5": -1.236789465, "room0": -0.773738563}, "spk25": {"room1": 0.696179092}, "spk21": {"room3": 1.176367044, "room4": 1.956192613, "room2": 0.999704838, "room12": 0.7380017640000001}, "spk30": {"room4": -0.75571537, "room2": -1.07279098, "room12": -0.763316453}, "spk4": {"room6": 0.16216175300000002}, "spk14": {"room10": 1.484636784}, "spk7": {"room12": 2.399906874}, "spk1": {"room5": 0.5230693820000001, "room0": 0.049589053}}}