{"meta": {"speaker": "spk26", "room": "room11"}, "data": {"spk22": {"room0": -0.44851881299999996}, "spk10": {"room4": 0.304530382, "room12": -0.032347832}, "spk18": {"room5": -1.009275675, "room0": -0.999736071, "room2": -1.045027256}, "spk29": {"room10": 0.33033090800000003}, "spk5": {"room3": -0.44048914299999997, "room5": -0.792891204, "room0": 0.079344444}, "spk9": {"room4": 0.444450915, "room7": 0.276029468, "room10": 0.9070667029999999, "room12": 0.42355236399999996, "room9": 0.096623011}, "spk2": {"room5": 1.5169302230000001, "room0": 1.7039778230000002}, "spk23": {"room4": 2.888007402, "room7": 1.397173882, "room2": 3.425801992, "room10": 1.9770537609999999, "room12": 2.2541766169999997, "room9": 3.582267046}, "spk15": {"room10": -1.6629756690000002}, "spk28": {"room10": -0.5424858929999999}, "spk24": {"room1": 0.676908374}, "spk12": {"room10": -0.718149185}, "spk8": {"room10": -0.158948198}, "spk17": {"room5": 1.5829280609999998, "room0": 1.6273597480000002}, "spk11": {"room3": -1.750599742, "room4": -0.8147326109999999, "room7": -1.130740523, "room2": -1.2920738459999999, "room12": -0.41108614200000004, "room9": -0.90716517}, "spk19": {"room4": -1.2057058809999999, "room7": -1.220451474, "room12": -1.4830582140000002}, "spk13": {"room4": 2.001564264, "room12": 0.8779826159999999}, "spk31": {"room10": -1.729776978}, "spk6": {"room10": 0.6971011159999999}, "spk3": {"room3": -0.858165383, "room5": 0.37330955299999996, "room7": -0.206158325, "room0": -0.5748236179999999, "room2": -0.62255007, "room9": -0.077268042}, "spk0": {"room3": 1.527207375}, "spk20": {"room10": -0.954262912}, "spk26": {"room2": 5.327750206}, "spk16": {"room3": 0.148446813, "room4": -0.466582358, "room7": 0.15609979599999999, "room12": -0.720446765, "room9": -0.012999228}, "spk27": {"room5": -0.15634316199999998, "room0": -0.792121649}, "spk25": {"room1": 0.326959848}, "spk21": {"room3": 0.5980596539999999, "room4": 2.234381199, "room2": 0.104091465, "room12": 1.907076716}, "spk30": {"room4": -1.696054459, "room2": -1.9065314530000002, "room12": -1.60901773}, "spk4": {"room6": 0.015466693}, "spk14": {"room10": 1.653387189}, "spk7": {"room12": 1.287646174}, "spk1": {"room5": 1.125488997, "room0": -1.157240987}}}