{"meta": {"speaker": "spk26", "room": "room11"}, "data": {"spk22": {"room0": -0.07145261}, "spk10": {"room4": 0.9440444109999999, "room12": 0.9874430890000001}, "spk18": {"room5": -0.376473457, "room0": -0.49048066100000004, "room2": -0.7710310220000001}, "spk29": {"room10": 1.385847569}, "spk5": {"room3": 0.21256889399999998, "room5": -0.355384618, "room0": 0.729239106}, "spk9": {"room4": -0.6668753620000001, "room7": -0.23409128199999998, "room10": 0.162058324, "room12": -1.1552729609999999, "room9": -0.625257969}, "spk2": {"room5": 1.7594441180000002, "room0": 1.093081713}, "spk23": {"room4": 2.421254873, "room7": 2.114371061, "room2": 3.0024366380000003, "room10": 2.001532555, "room12": 2.894026518, "room9": 2.715673685}, "spk15": {"room10": -0.942539334}, "spk28": {"room10": -0.46293398700000005}, "spk24": {"room1": 1.108972788}, "spk12": {"room10": -0.6110453610000001}, "spk8": {"room10": 1.913623095}, "spk17": {"room5": 2.1669228080000003, "room0": 1.999136448}, "spk11": {"room3": -0.056591444000000005, "room4": -1.00844419, "room7": -1.263358235, "room2": -0.789468825, "room12": -1.225084782, "room9": -0.683048546}, "spk19": {"room4": -0.826617777, "room7": -0.957059443, "room12": -0.885877192}, "spk13": {"room4": 1.263718367, "room12": 1.904604554}, "spk31": {"room10": -1.1339985129999999}, "spk6": {"room10": 1.65780592}, "spk3": {"room3": -0.296423137, "room5": 0.515829146, "room7": -1.321990252, "room0": -0.475231081, "room2": -0.049729813, "room9": -0.374998778}, "spk0": {"room3": 0.976012766}, "spk20": {"room10": -0.849418819}, "spk26": {"room2": 4.2312397960000006}, "spk16": {"room3": -0.15492709, "room4": -1.7549549340000001, "room7": -1.6598428490000001, "room12": -0.953596771, "room9": -1.228594065}, "spk27": {"room5": -0.53733182, "room0": -0.455618113}, "spk25": {"room1": 0.886187375}, "spk21": {"room3": 2.5672681330000002, "room4": 1.6438708309999999, "room2": 1.1320385929999999, "room12": 1.388557553}, "spk30": {"room4": -0.841358662, "room2": -1.008699894, "room12": -0.787052691}, "spk4": {"room6": 1.523541927}, "spk14": {"room10": 1.269753098}, "spk7": {"room12": 0.7916808129999999}, "spk1": {"room5": 0.261470973, "room0": 0.18648973100000002}}}