{"meta": {"speaker": "spk26", "room": "room11"}, "data": {"spk22": {"room0": -0.8746824259999999}, "spk10": {"room4": 0.024189192999999998, "room12": -0.101921447}, "spk18": {"room5": -1.3243306879999999, "room0": -1.079049945, "room2": -0.473419309}, "spk29": {"room10": 1.08513999}, "spk5": {"room3": -0.14385020699999998, "room5": 0.18278323100000002, "room0": 0.003425895}, "spk9": {"room4": -0.87417382, "room7": -0.899596334, "room10": 0.47362113, "room12": -0.821925938, "room9": -0.42629194299999995}, "spk2": {"room5": -1.57472682, "room0": -0.723898649}, "spk23": {"room4": 2.118201494, "room7": 1.5021150109999999, "room2": 2.363666534, "room10": 1.41533041, "room12": 0.41291233899999996, "room9": 2.406735182}, "spk15": {"room10": -1.406924963}, "spk28": {"room10": -1.603118181}, "spk24": {"room1": 1.902899265}, "spk12": {"room10": -0.830840707}, "spk8": {"room10": -0.060303822}, "spk17": {"room5": 0.39503219700000003, "room0": 0.5062457920000001}, "spk11": {"room3": 0.30688077199999997, "room4": -0.871997893, "room7": -1.0739412309999998, "room2": -0.351835012, "room12": -0.95947808, "room9": -1.074920177}, "spk19": {"room4": -1.977936745, "room7": -2.153092146, "room12": -1.854803681}, "spk13": {"room4": 1.099790931, "room12": 1.248118281}, "spk31": {"room10": -1.699816108}, "spk6": {"room10": 1.0707950590000002}, "spk3": {"room3": -0.156278521, "room5": -0.185149297, "room7": -0.8965523240000001, "room0": -0.869753242, "room2": -0.736362815, "room9": -0.467201054}, "spk0": {"room3": 1.084109426}, "spk20": {"room10": -1.1330285070000001}, "spk26": {"room2": 5.192097187}, "spk16": {"room3": 0.39863541700000005, "room4": -0.594430923, "room7": -0.9262937309999999, "room12": -1.327195525, "room9": -0.375892788}, "spk27": {"room5": -0.8315967320000001, "room0": -0.44908961700000005}, "spk25": {"room1": 0.43601536799999996}, "spk21": {"room3": 1.6567696330000001, "room4": 1.171747804, "room2": -0.12286203400000001, "room12": 0.819099844}, "spk30": {"room4": -1.350759029, "room2": -1.265267491, "room12": -1.363238692}, "spk4": {"room6": -0.214771971}, "spk14": {"room10": 0.840644658}, "spk7": {"room12": 2.022224903}, "spk1": {"room5": 0.635112047, "room0": 0.23721765}}}