{"meta": {"speaker": "spk26", "room": "room13"}, "data": {"spk22": {"room0": 0.630351841}, "spk10": {"room4": 0.556965113, "room12": 0.19593417600000002}, "spk18": {"room5": -0.9295566679999999, "room0": -1.03533268, "room2": -0.719976842}, "spk29": {"room10": 1.4284782409999999}, "spk5": {"room3": -1.023473978, "room5": -0.839378953, "room0": -0.702777922}, "spk9": {"room4": 0.90649271, "room7": 1.081375003, "room10": 1.371825099, "room12": 1.549426079, "room9": 0.9710870979999999}, "spk2": {"room5": 0.9152655009999999, "room0": 2.606854439}, "spk23": {"room4": 2.14674902, "room7": 1.7289586069999998, "room2": 3.1175916189999997, "room10": 2.283146381, "room12": 3.1439940930000003, "room9": 1.73793149}, "spk15": {"room10": 0.12896907300000002}, "spk28": {"room10": -0.621360123}, "spk24": {"room1": 1.761143684}, "spk12": {"room10": -0.89975673}, "spk8": {"room10": 0.44065371200000003}, "spk17": {"room5": 0.580052853, "room0": 0.858831227}, "spk11": {"room3": 0.022987086, "room4": 0.424909443, "room7": -0.40739134, "room2": 0.735073984, "room12": 0.053359613, "room9": 0.394769311}, "spk19": {"room4": -1.446870685, "room7": -1.7797952890000002, "room12": -1.47093761}, "spk13": {"room4": 3.4222555160000003, "room12": 2.4191970830000002}, "spk31": {"room10": -0.9301084279999999}, "spk6": {"room10": 0.409161448}, "spk3": {"room3": 0.83143425, "room5": 1.8436443809999998, "room7": -0.038206119, "room0": 0.875325322, "room2": 1.604707956, "room9": 1.172836542}, "spk0": {"room3": 2.373972893}, "spk20": {"room10": -1.0589556690000002}, "spk26": {"room2": 5.8868937489999995}, "spk16": {"room3": 1.929247022, "room4": 0.49123641799999995, "room7": 0.149800345, "room12": -0.391189158, "room9": 0.9405222540000001}, "spk27": {"room5": 0.21324478100000002, "room0": 0.046686113}, "spk25": {"room1": 1.3462626930000001}, "spk21": {"room3": 1.448935986, "room4": 2.690356731, "room2": 0.964624941, "room12": 1.481556892}, "spk30": {"room4": -0.74497354, "room2": -0.462700635, "room12": -0.688073754}, "spk4": {"room6": -0.048953302000000004}, "spk14": {"room10": 2.601028919}, "spk7": {"room12": 1.5021276469999998}, "spk1": {"room5": 0.290443838, "room0": 1.426414609}}}