{"meta": {"speaker": "spk26", "room": "room13"}, "data": {"spk22": {"room0": 0.250307113}, "spk10": {"room4": 0.474428147, "room12": 0.801161528}, "spk18": {"room5": -1.462714195, "room0": -1.61453855, "room2": -1.386372089}, "spk29": {"room10": 1.445612788}, "spk5": {"room3": 0.618176639, "room5": -0.601970911, "room0": 0.377050847}, "spk9": {"room4": -0.44979617, "room7": 0.36822924, "room10": 0.457237124, "room12": 0.5481944679999999, "room9": -0.21650891}, "spk2": {"room5": 1.4133994580000002, "room0": 1.136035442}, "spk23": {"room4": 3.0759828089999997, "room7": 1.859956741, "room2": 2.096354008, "room10": 2.671983719, "room12": 2.426566362, "room9": 3.1242616180000002}, "spk15": {"room10": -0.776590765}, "spk28": {"room10": -1.547124624}, "spk24": {"room1": 1.305761814}, "spk12": {"room10": -1.262688279}, "spk8": {"room10": -0.37485557799999997}, "spk17": {"room5": 1.5048753019999999, "room0": 1.618977785}, "spk11": {"room3": -0.191076577, "room4": -0.283289969, "room7": -1.580673218, "room2": -1.099087715, "room12": -0.5556929110000001, "room9": -0.576386034}, "spk19": {"room4": -2.107955456, "room7": -2.030151606, "room12": -2.0590262409999998}, "spk13": {"room4": 2.021272659, "room12": 0.09455667400000001}, "spk31": {"room10": -1.4216668609999998}, "spk6": {"room10": 1.4331485030000002}, "spk3": {"room3": 0.157331511, "room5": 0.202756524, "room7": 0.015087118, "room0": -0.452634692, "room2": 0.9860736729999999, "room9": 0.193580732}, "spk0": {"room3": 1.641796231}, "spk20": {"room10": -1.1413847209999999}, "spk26": {"room2": 3.3443038460000003}, "spk16": {"room3": 0.6199198370000001, "room4": -0.41654679200000005, "room7": -1.143848896, "room12": -0.9277677540000001, "room9": -0.28593549100000004}, "spk27": {"room5": -0.513843238, "room0": -0.636779964}, "spk25": {"room1": 0.33407315600000004}, "spk21": {"room3": 1.2172032590000001, "room4": 1.226869345, "room2": 1.077371001, "room12": 0.37847316299999995}, "spk30": {"room4": -1.189617634, "room2": -1.474400163, "room12": -1.432209015}, "spk4": {"room6": 0.75325036}, "spk14": {"room10": 1.099814773}, "spk7": {"room12": 1.431959391}, "spk1": {"room5": 0.8116559390000001, "room0": 0.826493502}}}