{"meta": {"speaker": "spk26", "room": "room11"}, "data": {"spk22": {"room0": -0.24259477899999998}, "spk10": {"room4": 0.551580846, "room12": 0.804511964}, "spk18": {"room5": -0.38851910799999995, "room0": -0.893179238, "room2": -1.103864551}, "spk29": {"room10": 0.623472154}, "spk5": {"room3": 0.177169278, "room5": -0.44101160799999994, "room0": 0.723246515}, "spk9": {"room4": -0.347780555, "room7": 0.10477673300000001, "room10": 0.410093337, "room12": 0.09336783, "room9": -0.411478102}, "spk2": {"room5": 0.509648323, "room0": 0.582680464}, "spk23": {"room4": 2.317069769, "room7": 1.43501246, "room2": 2.253821373, "room10": 2.187889814, "room12": 1.295354009, "room9": 1.9672397380000002}, "spk15": {"room10": 0.098709293}, "spk28": {"room10": -0.576405585}, "spk24": {"room1": 0.640718937}, "spk12": {"room10": -1.19993186}, "spk8": {"room10": 1.7913707490000002}, "spk17": {"room5": 1.500778079, "room0": 1.43097353}, "spk11": {"room3": -1.099458337, "room4": -0.377389342, "room7": -1.5819524530000002, "room2": -1.031685233, "room12": -0.9369176029999999, "room9": -0.8937356470000001}, "spk19": {"room4": -1.4568117859999998, "room7": -1.140732288, "room12": -1.1769165990000001}, "spk13": {"room4": 0.661503196, "room12": 0.44060140799999997}, "spk31": {"room10": -1.00478375}, "spk6": {"room10": 1.665391564}, "spk3": {"room3": -0.5601610539999999, "room5": 0.23907020699999998, "room7": -0.8883851770000001, "room0": -0.902716875, "room2": -0.180749595, "room9": -0.364643008}, "spk0": {"room3": 0.041364066}, "spk20": {"room10": -0.279851645}, "spk26": {"room2": 2.7961640360000004}, "spk16": {"room3": -0.099148549, "room4": -1.201858521, "room7": -1.0941061970000001, "room12": -1.195599198, "room9": -0.9005449409999999}, "spk27": {"room5": 0.26412487, "room0": -0.084026419}, "spk25": {"room1": 0.9067504409999999}, "spk21": {"room3": 1.988156676, "room4": 1.251583576, "room2": 1.034969926, "room12": 1.1578106879999999}, "spk30": {"room4": -1.276414156, "room2": -1.911286831, "room12": -1.375686765}, "spk4": {"room6": 0.860785604}, "spk14": {"room10": 0.86217171}, "spk7": {"room12": 0.828580916}, "spk1": {"room5": 1.124329686, "room0": 0.421430022}}}