{"meta": {"speaker": "spk26", "room": "room11"}, "data": {"spk22": {"room0": 0.569908857}, "spk10": {"room4": -0.041360129, "room12": 0.557900071}, "spk18": {"room5": -1.091841102, "room0": -0.999547005, "room2": -0.994504809}, "spk29": {"room10": 1.092706919}, "spk5": {"room3": 0.293167353, "room5": -0.431361645, "room0": 1.3571470980000002}, "spk9": {"room4": -0.16315574900000002, "room7": 1.095434904, "room10": 1.071824074, "room12": 0.167263925, "room9": 0.8067851659999999}, "spk2": {"room5": 2.157200336, "room0": 0.8259017470000001}, "spk23": {"room4": 1.30989325, "room7": 1.101563454, "room2": 2.80813098, "room10": 2.580685139, "room12": 1.6237890719999999, "room9": 1.998590469}, "spk15": {"room10": -1.120885253}, "spk28": {"room10": -1.244733691}, "spk24": {"room1": 1.50285542}, "spk12": {"room10": -0.752702713}, "spk8": {"room10": 1.5400058030000001}, "spk17": {"room5": 1.398380041, "room0": 1.980214596}, "spk11": {"room3": 0.87031424, "room4": 0.16921429300000002, "room7": -0.7180882690000001, "room2": 0.7365222570000001, "room12": 0.44835329100000004, "room9": -0.21614150699999998}, "spk19": {"room4": -1.3618178369999998, "room7": -1.523602605, "room12": -1.4010491369999998}, "spk13": {"room4": 2.094637632, "room12": 1.8334259990000001}, "spk31": {"room10": -1.430215836}, "spk6": {"room10": 0.460455805}, "spk3": {"room3": 0.34090957, "room5": 0.8596573470000001, "room7": -1.083895802, "room0": -0.070224307, "room2": -0.161534175, "room9": -0.699627757}, "spk0": {"room3": 2.104138374}, "spk20": {"room10": -0.6244296429999999}, "spk26": {"room2": 4.112091541}, "spk16": {"room3": 0.5118668679999999, "room4": -0.6101468210000001, "room7": 0.396236032, "room12": 0.249298453, "room9": -0.114087135}, "spk27": {"room5": 0.37351834799999994, "room0": 1.306347489}, "spk25": {"room1": 0.211078331}, "spk21": {"room3": 3.263739347, "room4": 0.9826900359999999, "room2": 1.69728446, "room12": 1.6192089319999998}, "spk30": {"room4": -0.984153032, "room2": -2.001421928, "room12": -0.954002738}, "spk4": {"room6": 0.161758676}, "spk14": {"room10": 1.210950255}, "spk7": {"room12": 0.248728752}, "spk1": {"room5": 0.83058697, "room0": 0.129265159}}}