{"meta": {"speaker": "spk26", "room": "room11"}, "data": {"spk22": {"room0": -0.413175553}, "spk10": {"room4": -0.404305249, "room12": 0.520011783}, "spk18": {"room5": -0.683875382, "room0": -1.089339375, "room2": -0.374978095}, "spk29": {"room10": 0.40181484799999995}, "spk5": {"room3": -0.517154634, "room5": -0.663628459, "room0": 0.517003179}, "spk9": {"room4": 0.15870516, "room7": -0.355095923, "room10": 0.42318159299999997, "room12": -1.035734773, "room9": 0.572884321}, "spk2": {"room5": 1.8721007109999999, "room0": 2.133672237}, "spk23": {"room4": 1.088641763, "room7": 0.914794862, "room2": 3.421973228, "room10": 2.221400499, "room12": 1.926721215, "room9": 1.5479618309999998}, "spk15": {"room10": -1.259505272}, "spk28": {"room10": 0.757769823}, "spk24": {"room1": 0.856404543}, "spk12": {"room10": -0.432840675}, "spk8": {"room10": 1.7871016259999999}, "spk17": {"room5": 1.162995577, "room0": 1.396570325}, "spk11": {"room3": -1.043467283, "room4": -1.702573776, "room7": -1.665892839, "room2": -0.8927457329999999, "room12": -0.9196524620000001, "room9": -1.4314539430000002}, "spk19": {"room4": -0.883958042, "room7": -0.940641463, "room12": -0.33946976100000004}, "spk13": {"room4": 1.037929177, "room12": 1.5553436280000001}, "spk31": {"room10": -1.240937233}, "spk6": {"room10": 0.987119615}, "spk3": {"room3": -1.0004363059999999, "room5": 0.11443099400000001, "room7": -1.261437058, "room0": -0.070289373, "room2": -0.24488920000000003, "room9": -0.9684026840000001}, "spk0": {"room3": 2.9845206739999997}, "spk20": {"room10": -0.054709435}, "spk26": {"room2": 3.5863902569999997}, "spk16": {"room3": 0.264190912, "room4": -0.411991686, "room7": -0.028165072000000003, "room12": 0.53690362, "room9": -0.24258792399999998}, "spk27": {"room5": -0.34774416700000005, "room0": -0.255439103}, "spk25": {"room1": 0.675893009}, "spk21": {"room3": 2.961597681, "room4": 2.126578093, "room2": 1.150593162, "room12": 2.3495960240000002}, "spk30": {"room4": -0.766967356, "room2": -1.357755065, "room12": -1.0382002590000001}, "spk4": {"room6": 0.6126092670000001}, "spk14": {"room10": 1.6932178740000001}, "spk7": {"room12": 1.104369283}, "spk1": {"room5": 0.7391258479999999, "room0": -0.958214462}}}