{"meta": {"speaker": "spk26", "room": "room13"}, "data": {"spk22": {"room0": 0.801480651}, "spk10": {"room4": 1.162543893, "room12": 1.314344764}, "spk18": {"room5": -1.317541957, "room0": -1.583067298, "room2": -1.453318238}, "spk29": {"room10": 2.0453372}, "spk5": {"room3": 0.245734304, "room5": 0.034946911000000004, "room0": 0.576151371}, "spk9": {"room4": 0.035458308, "room7": 0.301713079, "room10": 0.795076907, "room12": 0.463497341, "room9": -0.049523324}, "spk2": {"room5": 1.093668699, "room0": 0.267339021}, "spk23": {"room4": 1.469795942, "room7": 1.053278089, "room2": 2.837659121, "room10": 2.4173090459999997, "room12": 1.315910339, "room9": 2.239972115}, "spk15": {"room10": -0.864187539}, "spk28": {"room10": -1.706334472}, "spk24": {"room1": 1.7770015}, "spk12": {"room10": -0.739867389}, "spk8": {"room10": 0.033238675}, "spk17": {"room5": 1.318376064, "room0": 1.407259703}, "spk11": {"room3": 0.232016608, "room4": 1.0437452790000001, "room7": 0.244569793, "room2": 0.523523986, "room12": 0.082580186, "room9": -0.02851624}, "spk19": {"room4": -1.7791578769999998, "room7": -1.70129025, "room12": -1.678701639}, "spk13": {"room4": 1.774675965, "room12": 1.558365226}, "spk31": {"room10": -1.8111206290000001}, "spk6": {"room10": 0.49620425700000004}, "spk3": {"room3": -0.046406332, "room5": 0.7572897670000001, "room7": 0.966696978, "room0": 0.6419807670000001, "room2": 0.691539586, "room9": 0.8624394540000001}, "spk0": {"room3": 1.524705529}, "spk20": {"room10": -0.483513266}, "spk26": {"room2": 3.9625716210000004}, "spk16": {"room3": 1.3992482419999999, "room4": 0.244396135, "room7": 0.37779304399999997, "room12": 0.246244684, "room9": 1.041367292}, "spk27": {"room5": 0.21924068, "room0": 0.10229297}, "spk25": {"room1": 0.076034509}, "spk21": {"room3": 2.502436876, "room4": 1.723065615, "room2": 0.65122813, "room12": 0.669766903}, "spk30": {"room4": -0.493440837, "room2": -0.7337150570000001, "room12": -1.1811467409999998}, "spk4": {"room6": 0.661274314}, "spk14": {"room10": 1.45001018}, "spk7": {"room12": 0.850448251}, "spk1": {"room5": 0.449495524, "room0": 0.447018415}}}