{"meta": {"speaker": "spk26", "room": "room8"}, "data": {"spk22": {"room0": 0.414503068}, "spk10": {"room4": -0.688427627, "room12": -0.946309507}, "spk18": {"room5": -0.5617473129999999, "room0": -0.27984339, "room2": -0.116516784}, "spk29": {"room10": 0.530577838}, "spk5": {"room3": -1.51276958, "room5": -0.9256603720000001, "room0": -0.493527621}, "spk9": {"room4": 1.032986879, "room7": 0.48194670700000003, "room10": 2.2156665330000003, "room12": 0.863509238, "room9": 1.275981784}, "spk2": {"room5": 0.843915045, "room0": 0.8765738009999999}, "spk23": {"room4": 1.834017873, "room7": 0.910826325, "room2": 2.361151695, "room10": 1.304319263, "room12": 1.734664559, "room9": 1.3365557190000001}, "spk15": {"room10": -1.144694328}, "spk28": {"room10": -0.558067799}, "spk24": {"room1": 2.611615181}, "spk12": {"room10": -0.38874974799999995}, "spk8": {"room10": 0.6076130270000001}, "spk17": {"room5": -1.106689692, "room0": -0.24689538800000002}, "spk11": {"room3": 0.857042193, "room4": -0.189380065, "room7": -0.47320380799999995, "room2": 1.032216311, "room12": 0.553991616, "room9": -0.08168873900000001}, "spk19": {"room4": -1.36360836, "room7": -1.553121924, "room12": -1.3731668}, "spk13": {"room4": 1.841933489, "room12": 1.5452106}, "spk31": {"room10": -1.283922791}, "spk6": {"room10": 0.5326408739999999}, "spk3": {"room3": 0.404747963, "room5": 0.256200045, "room7": -0.988594592, "room0": 0.392395347, "room2": 0.126074344, "room9": -0.578541994}, "spk0": {"room3": 1.580318928}, "spk20": {"room10": -0.17879223800000002}, "spk26": {"room2": 6.228836536}, "spk16": {"room3": 0.892040253, "room4": -0.024853665, "room7": -0.433187544, "room12": 1.224300146, "room9": 0.43744164700000004}, "spk27": {"room5": -1.056354523, "room0": 0.269728929}, "spk25": {"room1": 0.534105182}, "spk21": {"room3": 0.34993359399999996, "room4": 0.346291542, "room2": 0.23534870100000002, "room12": 0.964970529}, "spk30": {"room4": -1.1745223999999999, "room2": -1.37884903, "room12": -1.381925106}, "spk4": {"room6": -0.591392756}, "spk14": {"room10": 1.167716026}, "spk7": {"room12": 2.438237906}, "spk1": {"room5": -0.006444654, "room0": -0.7072499390000001}}}