{"meta": {"speaker": "spk26", "room": "room11"}, "data": {"spk22": {"room0": -0.645440996}, "spk10": {"room4": -0.475814164, "room12": 0.035590332}, "spk18": {"room5": -1.534292698, "room0": -1.6766070130000001, "room2": -1.01703608}, "spk29": {"room10": 0.606510282}, "spk5": {"room3": 0.875176966, "room5": -0.8564706440000001, "room0": 0.161805972}, "spk9": {"room4": -0.292443663, "room7": 0.332243264, "room10": 0.018697703, "room12": -0.057753045, "room9": -0.115650766}, "spk2": {"room5": 1.0202550890000002, "room0": -0.19016532600000002}, "spk23": {"room4": 1.254188538, "room7": 1.067948937, "room2": 2.6895625589999996, "room10": 1.373049617, "room12": 1.0320636029999999, "room9": 0.880173385}, "spk15": {"room10": -0.570732415}, "spk28": {"room10": -0.007474132}, "spk24": {"room1": 1.35979116}, "spk12": {"room10": -1.126449347}, "spk8": {"room10": 1.7962431909999999}, "spk17": {"room5": 1.17189455, "room0": 0.9493963120000001}, "spk11": {"room3": -1.519637704, "room4": -1.3690128330000002, "room7": -1.9194368119999998, "room2": -1.0085213179999999, "room12": -1.3742403980000002, "room9": -1.396642685}, "spk19": {"room4": -1.326949596, "room7": -0.981911063, "room12": -1.237144709}, "spk13": {"room4": 0.777031302, "room12": 0.595951557}, "spk31": {"room10": -0.8653242590000001}, "spk6": {"room10": 0.663744807}, "spk3": {"room3": -0.598935962, "room5": 0.371072501, "room7": -1.0319018359999999, "room0": -0.711173594, "room2": 0.008574754, "room9": -0.313396633}, "spk0": {"room3": 0.279035002}, "spk20": {"room10": -0.673137546}, "spk26": {"room2": 2.171429873}, "spk16": {"room3": -0.39132174799999997, "room4": -1.213880062, "room7": -1.1761714220000001, "room12": -0.104131006, "room9": -0.82484591}, "spk27": {"room5": -0.23851925100000002, "room0": -0.581619322}, "spk25": {"room1": 0.7033311720000001}, "spk21": {"room3": 1.7839699980000001, "room4": 1.488517523, "room2": 1.388549685, "room12": 0.9799181220000001}, "spk30": {"room4": -1.8788445, "room2": -2.3439478869999997, "room12": -1.669322133}, "spk4": {"room6": 0.6943786740000001}, "spk14": {"room10": 0.344093889}, "spk7": {"room12": 0.764256418}, "spk1": {"room5": 0.166115016, "room0": -0.7771457429999999}}}