{"meta": {"speaker": "spk26", "room": "room8"}, "data": {"spk22": {"room0": 1.248778224}, "spk10": {"room4": -0.023246674, "room12": -0.160322055}, "spk18": {"room5": -0.950164199, "room0": -0.81025511, "room2": -0.6970582009999999}, "spk29": {"room10": 0.463005722}, "spk5": {"room3": -1.030810952, "room5": -0.16035497199999998, "room0": 0.187014729}, "spk9": {"room4": 0.091727145, "room7": 0.358034432, "room10": 1.05021143, "room12": 0.710916817, "room9": 0.110626772}, "spk2": {"room5": 0.523334324, "room0": 2.365493059}, "spk23": {"room4": 2.816272259, "room7": 2.1599667069999997, "room2": 2.733519793, "room10": 3.191157818, "room12": 2.818166971, "room9": 3.461658478}, "spk15": {"room10": -1.1764761209999999}, "spk28": {"room10": -0.853167117}, "spk24": {"room1": 3.7851045130000003}, "spk12": {"room10": -0.672894835}, "spk8": {"room10": 0.595511556}, "spk17": {"room5": 1.766124606, "room0": 2.110973597}, "spk11": {"room3": -0.026944755, "room4": -0.61618036, "room7": -0.679256558, "room2": 0.15992605699999998, "room12": -0.68023473, "room9": -0.7229881290000001}, "spk19": {"room4": -2.126107931, "room7": -1.970496655, "room12": -1.767237067}, "spk13": {"room4": 2.994383097, "room12": 3.01941967}, "spk31": {"room10": -1.533070683}, "spk6": {"room10": 1.6910194159999998}, "spk3": {"room3": -0.5246453289999999, "room5": 0.935837328, "room7": -0.203873649, "room0": -0.307950795, "room2": 0.46317362799999995, "room9": 0.032310501}, "spk0": {"room3": 1.539999366}, "spk20": {"room10": -1.050215721}, "spk26": {"room2": 5.952883244}, "spk16": {"room3": 0.19046548, "room4": -0.449135691, "room7": -1.397156954, "room12": -1.5088620190000002, "room9": -0.141771302}, "spk27": {"room5": -0.482844263, "room0": -0.212639645}, "spk25": {"room1": 1.6346256730000002}, "spk21": {"room3": 0.597031713, "room4": 1.551621795, "room2": 0.75415951, "room12": 0.8897514940000001}, "spk30": {"room4": -1.537153363, "room2": -1.62523663, "room12": -1.713046193}, "spk4": {"room6": 0.9750076529999999}, "spk14": {"room10": 1.713546515}, "spk7": {"room12": 3.2959403989999996}, "spk1": {"room5": -0.098579057, "room0": 0.267884225}}}