{"meta": {"speaker": "spk26", "room": "room11"}, "data": {"spk22": {"room0": 0.225981757}, "spk10": {"room4": 1.223431945, "room12": 1.206638217}, "spk18": {"room5": -1.8744634390000001, "room0": -1.653953195, "room2": -1.684726119}, "spk29": {"room10": 2.2092204090000003}, "spk5": {"room3": 0.902632654, "room5": 0.314466655, "room0": 0.741796792}, "spk9": {"room4": 0.5001857279999999, "room7": 0.368805021, "room10": 0.9687119129999999, "room12": 0.48120337700000004, "room9": 0.236938655}, "spk2": {"room5": 1.786300182, "room0": 1.290689826}, "spk23": {"room4": 2.7196047310000004, "room7": 1.876658201, "room2": 3.036975384, "room10": 1.875662804, "room12": 1.961909175, "room9": 3.2116751669999997}, "spk15": {"room10": -1.1382703779999999}, "spk28": {"room10": -0.967852354}, "spk24": {"room1": 0.5621219279999999}, "spk12": {"room10": -1.194755077}, "spk8": {"room10": 1.259389162}, "spk17": {"room5": 2.2974619869999997, "room0": 2.142074347}, "spk11": {"room3": -1.106286645, "room4": -0.521940589, "room7": -1.445783257, "room2": -0.678743958, "room12": -0.60915345, "room9": -0.753245533}, "spk19": {"room4": -1.09642303, "room7": -1.280391574, "room12": -1.294595242}, "spk13": {"room4": 2.155786514, "room12": 1.5954455140000001}, "spk31": {"room10": -0.9919170140000001}, "spk6": {"room10": 1.121429205}, "spk3": {"room3": 0.14130105099999998, "room5": 0.6387949589999999, "room7": -1.332166553, "room0": 0.038176525, "room2": 0.46169138, "room9": -0.508297563}, "spk0": {"room3": 2.335268497}, "spk20": {"room10": -1.365201354}, "spk26": {"room2": 3.88209343}, "spk16": {"room3": -0.047848552, "room4": -0.919934809, "room7": -0.53950721, "room12": -0.267659843, "room9": -0.7053130870000001}, "spk27": {"room5": 0.29625228, "room0": 0.37125322200000005}, "spk25": {"room1": 1.82921207}, "spk21": {"room3": 2.368522406, "room4": 2.794170856, "room2": 2.076556683, "room12": 2.350495338}, "spk30": {"room4": -1.903459191, "room2": -2.516219616, "room12": -2.213560343}, "spk4": {"room6": 0.792391539}, "spk14": {"room10": 0.39015346799999995}, "spk7": {"room12": 1.489259958}, "spk1": {"room5": 1.894482374, "room0": -0.24306702600000002}}}