{"meta": {"speaker": "spk26", "room": "room8"}, "data": {"spk22": {"room0": -0.083556041}, "spk10": {"room4": 0.9022024270000001, "room12": 0.120245114}, "spk18": {"room5": -1.4600800280000001, "room0": -1.4548455480000002, "room2": -0.9394356009999999}, "spk29": {"room10": 1.6644142869999998}, "spk5": {"room3": 0.103459656, "room5": 0.142817676, "room0": 0.489236027}, "spk9": {"room4": 1.027201414, "room7": 1.10409832, "room10": 1.9188885690000002, "room12": 1.044935942, "room9": 0.8719378109999999}, "spk2": {"room5": 0.651879311, "room0": 1.162261367}, "spk23": {"room4": 2.130940676, "room7": 1.39971745, "room2": 2.0155341630000003, "room10": 1.729607105, "room12": 2.057044744, "room9": 2.468475819}, "spk15": {"room10": -0.826939821}, "spk28": {"room10": -0.9350544209999999}, "spk24": {"room1": 1.87233007}, "spk12": {"room10": -1.0515517}, "spk8": {"room10": 1.190512061}, "spk17": {"room5": 0.44920316299999996, "room0": 2.047386408}, "spk11": {"room3": 0.355279863, "room4": 0.330547065, "room7": -0.860444427, "room2": -0.258485258, "room12": -0.153314263, "room9": -0.421129704}, "spk19": {"room4": -1.3992859130000002, "room7": -1.398727655, "room12": -1.5639303919999998}, "spk13": {"room4": 2.32106638, "room12": 2.178453684}, "spk31": {"room10": -1.5003758669999998}, "spk6": {"room10": 1.062788725}, "spk3": {"room3": 0.48087969399999997, "room5": 1.7051661009999999, "room7": -0.743977427, "room0": 0.456982493, "room2": 1.324123144, "room9": 0.33654514}, "spk0": {"room3": 0.659969389}, "spk20": {"room10": -1.094538212}, "spk26": {"room2": 4.743970394}, "spk16": {"room3": 2.0005733969999997, "room4": -0.375400215, "room7": 0.664285421, "room12": 0.46469798700000003, "room9": 0.780080914}, "spk27": {"room5": -0.146618739, "room0": 0.681611359}, "spk25": {"room1": 1.5713907480000002}, "spk21": {"room3": 1.701298952, "room4": 1.189029932, "room2": 1.010878563, "room12": 1.297880292}, "spk30": {"room4": -1.161696076, "room2": -1.467821002, "room12": -1.223665595}, "spk4": {"room6": -0.25668045899999997}, "spk14": {"room10": 1.979008436}, "spk7": {"room12": 2.391479015}, "spk1": {"room5": 1.026779771, "room0": 0.7454864379999999}}}