{"meta": {"speaker": "spk26", "room": "room2"}, "data": {"spk22": {"room0": -0.633630216}, "spk10": {"room4": 0.283063799, "room12": 0.670940995}, "spk18": {"room5": -1.0732423070000001, "room0": -1.114783406, "room2": -1.144043326}, "spk29": {"room10": 1.945258498}, "spk5": {"room3": 0.000190863, "room5": -0.315056145, "room0": -0.07064829}, "spk9": {"room4": 0.49778372, "room7": 1.099769711, "room10": 1.066658974, "room12": 0.9741719959999999, "room9": 0.355435014}, "spk2": {"room5": 0.881251633, "room0": 0.951666474}, "spk23": {"room4": 3.3901050089999996, "room7": 3.441998482, "room2": 4.298327446, "room10": 3.8167073730000003, "room12": 3.308131218, "room9": 3.8632259369999997}, "spk15": {"room10": -0.345310688}, "spk28": {"room10": -1.086615801}, "spk24": {"room1": 1.658816457}, "spk12": {"room10": -1.163131118}, "spk8": {"room10": 0.6368435029999999}, "spk17": {"room5": 1.171513915, "room0": 2.1144785880000003}, "spk11": {"room3": 0.358881712, "room4": -0.408496439, "room7": -0.770062804, "room2": -0.440212399, "room12": -0.7080982920000001, "room9": -1.120494246}, "spk19": {"room4": -1.3275946379999999, "room7": -1.715006709, "room12": -1.3669412140000001}, "spk13": {"room4": 1.952322006, "room12": 0.800738275}, "spk31": {"room10": -1.418374777}, "spk6": {"room10": 1.9552248719999998}, "spk3": {"room3": 0.723046958, "room5": 0.16159109800000002, "room7": -0.5600520370000001, "room0": 0.0016476770000000002, "room2": 0.469094455, "room9": 0.515857339}, "spk0": {"room3": 2.354063511}, "spk20": {"room10": -0.6167960170000001}, "spk26": {"room2": 7.563652992000001}, "spk16": {"room3": 1.4641221759999998, "room4": -0.47806587799999994, "room7": -0.436185569, "room12": -0.7041319009999999, "room9": 0.37955898}, "spk27": {"room5": -0.202048495, "room0": -0.188560903}, "spk25": {"room1": 0.6840246320000001}, "spk21": {"room3": 2.0903627869999997, "room4": 1.698911667, "room2": 0.909517407, "room12": 1.895958304}, "spk30": {"room4": -1.257814527, "room2": -1.546661377, "room12": -1.192937374}, "spk4": {"room6": 0.9403615590000001}, "spk14": {"room10": 0.2676799}, "spk7": {"room12": 2.436383963}, "spk1": {"room5": 0.547542691, "room0": -0.689127862}}}