{"meta": {"speaker": "spk26", "room": "room11"}, "data": {"spk22": {"room0": -0.710372627}, "spk10": {"room4": -0.08025118, "room12": 0.206966355}, "spk18": {"room5": -0.94252646, "room0": -1.093927383, "room2": -0.37376615399999996}, "spk29": {"room10": 0.410162866}, "spk5": {"room3": -0.793248057, "room5": -0.235887185, "room0": 0.93321687}, "spk9": {"room4": 0.31359005, "room7": 1.27361834, "room10": 0.406165421, "room12": -0.532287538, "room9": 0.865814924}, "spk2": {"room5": 2.644597292, "room0": 2.141136169}, "spk23": {"room4": 2.7366287710000003, "room7": 0.989403367, "room2": 4.033878326, "room10": 2.37814784, "room12": 3.0934491160000004, "room9": 3.189114809}, "spk15": {"room10": -0.531017661}, "spk28": {"room10": 0.288641214}, "spk24": {"room1": 1.006507158}, "spk12": {"room10": -1.04754293}, "spk8": {"room10": 1.5593907830000002}, "spk17": {"room5": 1.733510137, "room0": 2.380628347}, "spk11": {"room3": -0.733415842, "room4": -2.050683022, "room7": -1.734004259, "room2": -1.609254599, "room12": -1.1590186359999999, "room9": -1.771184444}, "spk19": {"room4": -0.9403730029999999, "room7": -1.677473187, "room12": -0.8928134440000001}, "spk13": {"room4": 1.6532609459999998, "room12": 1.472016811}, "spk31": {"room10": -1.397485018}, "spk6": {"room10": 1.508831024}, "spk3": {"room3": -0.741826475, "room5": 0.28924346, "room7": -1.700273156, "room0": 0.160880432, "room2": -1.082495332, "room9": -0.8622903820000001}, "spk0": {"room3": 2.309294701}, "spk20": {"room10": -0.550319254}, "spk26": {"room2": 4.557682037}, "spk16": {"room3": -0.6205667260000001, "room4": -0.013334107, "room7": -0.6431219579999999, "room12": 0.208822623, "room9": -0.25686553100000004}, "spk27": {"room5": 0.410191774, "room0": 0.431824535}, "spk25": {"room1": 1.142351508}, "spk21": {"room3": 3.362723351, "room4": 3.299354315, "room2": 1.0845721959999999, "room12": 4.277696133}, "spk30": {"room4": -1.8047021630000002, "room2": -2.078650475, "room12": -1.1174451109999999}, "spk4": {"room6": 0.09667379400000001}, "spk14": {"room10": 1.078845501}, "spk7": {"room12": 2.208161354}, "spk1": {"room5": 0.6741958259999999, "room0": -1.062890887}}}