{"meta": {"speaker": "spk26", "room": "room8"}, "data": {"spk22": {"room0": -0.024805766}, "spk10": {"room4": 0.31481006699999997, "room12": 0.19633811699999998}, "spk18": {"room5": -0.9552422759999999, "room0": -1.00813067, "room2": -1.154765248}, "spk29": {"room10": 1.6978750230000001}, "spk5": {"room3": -0.6972390409999999, "room5": -0.320512384, "room0": -0.026689857}, "spk9": {"room4": 0.821769953, "room7": 0.6042560339999999, "room10": 1.49318862, "room12": 1.372076035, "room9": 0.85611552}, "spk2": {"room5": 0.275083482, "room0": 0.679140627}, "spk23": {"room4": 2.102129698, "room7": 1.466796041, "room2": 1.402651429, "room10": 1.543478251, "room12": 1.297733188, "room9": 2.754516363}, "spk15": {"room10": -0.936065018}, "spk28": {"room10": -0.9066463109999999}, "spk24": {"room1": 1.512207747}, "spk12": {"room10": -1.01940906}, "spk8": {"room10": 0.127964139}, "spk17": {"room5": 0.8484267, "room0": 1.551113605}, "spk11": {"room3": 0.287748039, "room4": -0.516511917, "room7": -0.785743535, "room2": -0.314138025, "room12": -0.7661675809999999, "room9": -0.612784624}, "spk19": {"room4": -1.4873011109999998, "room7": -1.53091681, "room12": -1.7556110619999998}, "spk13": {"room4": 1.883722186, "room12": 1.366431832}, "spk31": {"room10": -1.337023377}, "spk6": {"room10": 0.6713745}, "spk3": {"room3": 0.026341793999999998, "room5": 0.7956958409999999, "room7": -0.166326895, "room0": -0.2782377, "room2": 1.044058919, "room9": 0.37428081}, "spk0": {"room3": 1.433642149}, "spk20": {"room10": -0.820637405}, "spk26": {"room2": 5.008164406000001}, "spk16": {"room3": 0.9850065709999999, "room4": -0.9463918809999999, "room7": -0.5707697270000001, "room12": -0.730381429, "room9": -0.281056702}, "spk27": {"room5": -0.635307252, "room0": 0.14212793099999999}, "spk25": {"room1": 0.6334475279999999}, "spk21": {"room3": 0.249865592, "room4": 0.913520157, "room2": 0.37192770799999997, "room12": 0.914166868}, "spk30": {"room4": -0.9321480390000001, "room2": -0.836487532, "room12": -1.4015058280000001}, "spk4": {"room6": 0.435877711}, "spk14": {"room10": 1.1803592440000001}, "spk7": {"room12": 1.995597005}, "spk1": {"room5": 0.507097781, "room0": 0.933552086}}}