{"meta": {"speaker": "spk26", "room": "room8"}, "data": {"spk22": {"room0": 0.615891218}, "spk10": {"room4": 0.353905976, "room12": -0.166935116}, "spk18": {"room5": -0.7365051509999999, "room0": -0.639987588, "room2": -0.596733093}, "spk29": {"room10": 0.912359357}, "spk5": {"room3": -0.581371188, "room5": -0.182140842, "room0": -0.062101249000000004}, "spk9": {"room4": 1.8803164959999998, "room7": 1.303150058, "room10": 1.286932349, "room12": 1.981456637, "room9": 1.47519803}, "spk2": {"room5": 0.503962934, "room0": 1.837937355}, "spk23": {"room4": 2.52790904, "room7": 1.5214146380000002, "room2": 2.112792969, "room10": 1.6638712880000002, "room12": 1.982139707, "room9": 2.649415016}, "spk15": {"room10": -0.690881073}, "spk28": {"room10": -0.45594531299999996}, "spk24": {"room1": 2.237607718}, "spk12": {"room10": -0.66407913}, "spk8": {"room10": 0.8238195779999999}, "spk17": {"room5": 0.19055561699999998, "room0": 1.01723063}, "spk11": {"room3": 0.258159995, "room4": 0.78067857, "room7": 0.12763384, "room2": 0.908216, "room12": 0.042940434000000006, "room9": 0.703046262}, "spk19": {"room4": -0.8646005390000001, "room7": -1.0086899999999999, "room12": -0.836919785}, "spk13": {"room4": 3.217725515, "room12": 2.253286123}, "spk31": {"room10": -1.073610783}, "spk6": {"room10": 0.521136284}, "spk3": {"room3": 0.313630581, "room5": 2.007205963, "room7": 0.210668191, "room0": 0.438442826, "room2": 1.5842359069999998, "room9": 0.530882895}, "spk0": {"room3": 1.19691813}, "spk20": {"room10": -0.8045659070000001}, "spk26": {"room2": 6.056254864}, "spk16": {"room3": 2.3787293430000003, "room4": 0.31709227, "room7": 0.899691701, "room12": 0.309928983, "room9": 1.148666263}, "spk27": {"room5": -0.48253414, "room0": 0.493145257}, "spk25": {"room1": 2.144347668}, "spk21": {"room3": 0.692245543, "room4": 1.60693419, "room2": 0.316522956, "room12": 1.308526516}, "spk30": {"room4": -0.872235477, "room2": -0.954614162, "room12": -0.7897257209999999}, "spk4": {"room6": -0.42525357}, "spk14": {"room10": 1.790031195}, "spk7": {"room12": 2.333365917}, "spk1": {"room5": 0.055640987999999995, "room0": 0.8466809390000001}}}