{"meta": {"speaker": "spk26", "room": "room8"}, "data": {"spk22": {"room0": -0.008731433}, "spk10": {"room4": 0.527623713, "room12": -0.09087523800000001}, "spk18": {"room5": -1.578427911, "room0": -1.251410365, "room2": -1.093309402}, "spk29": {"room10": 1.139961004}, "spk5": {"room3": 0.37011352200000003, "room5": 0.565120876, "room0": 0.667915285}, "spk9": {"room4": 0.388680249, "room7": 0.92666012, "room10": 0.910816133, "room12": 1.01769352, "room9": 0.683954477}, "spk2": {"room5": 0.609666884, "room0": 1.666789412}, "spk23": {"room4": 2.620615244, "room7": 2.214525461, "room2": 2.058875799, "room10": 1.91602087, "room12": 2.332499981, "room9": 3.062830687}, "spk15": {"room10": -0.945986271}, "spk28": {"room10": -1.047586441}, "spk24": {"room1": 2.289922953}, "spk12": {"room10": -1.0204770570000001}, "spk8": {"room10": 0.031522404}, "spk17": {"room5": 1.6890329119999998, "room0": 2.162480116}, "spk11": {"room3": -0.087887608, "room4": -0.096211404, "room7": -0.327197403, "room2": -0.009321487, "room12": -0.463811398, "room9": -0.36683628}, "spk19": {"room4": -1.350382328, "room7": -1.3826041219999998, "room12": -1.396953464}, "spk13": {"room4": 2.243244648, "room12": 1.217259407}, "spk31": {"room10": -1.511285067}, "spk6": {"room10": 1.4702510830000002}, "spk3": {"room3": -0.259108543, "room5": 0.900010705, "room7": 0.703937948, "room0": 0.544324994, "room2": 1.224823236, "room9": 0.545388401}, "spk0": {"room3": 1.257798791}, "spk20": {"room10": -1.148868561}, "spk26": {"room2": 4.336539268}, "spk16": {"room3": 1.03186655, "room4": -0.641773701, "room7": -0.702199578, "room12": -1.200627685, "room9": 0.056245885999999995}, "spk27": {"room5": -0.119991355, "room0": 0.516120613}, "spk25": {"room1": 0.643874288}, "spk21": {"room3": 1.483498573, "room4": 1.9677013159999999, "room2": 1.201941371, "room12": 1.216228485}, "spk30": {"room4": -1.091753244, "room2": -1.0088548659999999, "room12": -1.0981670620000001}, "spk4": {"room6": 0.39533677700000003}, "spk14": {"room10": 1.405692816}, "spk7": {"room12": 1.968690395}, "spk1": {"room5": 0.503655612, "room0": 0.40359842799999995}}}