{"meta": {"speaker": "spk26", "room": "room8"}, "data": {"spk22": {"room0": 1.134873748}, "spk10": {"room4": 0.111787021, "room12": -0.518683374}, "spk18": {"room5": -0.846861064, "room0": -0.683031917, "room2": -0.7153300640000001}, "spk29": {"room10": 1.785124421}, "spk5": {"room3": -0.480594873, "room5": -0.505835116, "room0": -0.800226331}, "spk9": {"room4": 0.881073177, "room7": 1.096647739, "room10": 1.400283217, "room12": 0.48070955299999996, "room9": 0.62678045}, "spk2": {"room5": 1.786766171, "room0": 1.0789668559999999}, "spk23": {"room4": 1.773021221, "room7": 2.500721216, "room2": 1.65425086, "room10": 1.064093232, "room12": 1.9858272080000001, "room9": 2.9385323519999997}, "spk15": {"room10": -1.140529275}, "spk28": {"room10": -0.8190119859999999}, "spk24": {"room1": 2.280599833}, "spk12": {"room10": -1.185429335}, "spk8": {"room10": 0.088812694}, "spk17": {"room5": 0.7520999909999999, "room0": 1.821150541}, "spk11": {"room3": 2.5944368840000003, "room4": 0.941466749, "room7": 0.803696156, "room2": 0.481800884, "room12": 0.856464505, "room9": 0.7183741929999999}, "spk19": {"room4": -1.805998445, "room7": -1.841366887, "room12": -2.003930092}, "spk13": {"room4": 2.4231061940000003, "room12": 1.231402397}, "spk31": {"room10": -1.403286934}, "spk6": {"room10": -0.17180451800000002}, "spk3": {"room3": -0.543159604, "room5": 1.10388732, "room7": -0.931996763, "room0": 0.35156682100000003, "room2": 1.206130981, "room9": -0.519783556}, "spk0": {"room3": 2.0418944359999998}, "spk20": {"room10": -0.505345583}, "spk26": {"room2": 5.184049129}, "spk16": {"room3": 1.037112951, "room4": -0.712943375, "room7": 0.398086131, "room12": 0.311470419, "room9": 0.196346015}, "spk27": {"room5": -0.421616286, "room0": 1.5475317240000002}, "spk25": {"room1": 1.889968157}, "spk21": {"room3": 0.596344411, "room4": 1.210099936, "room2": 0.43892598200000005, "room12": 1.224861264}, "spk30": {"room4": -1.5800123209999999, "room2": -1.2489852909999999, "room12": -1.269006371}, "spk4": {"room6": -0.43965280100000004}, "spk14": {"room10": 1.6957216259999999}, "spk7": {"room12": 2.3336260319999997}, "spk1": {"room5": 0.995713115, "room0": 0.10020348400000001}}}