{"meta": {"speaker": "spk26", "room": "room11"}, "data": {"spk22": {"room0": 0.31803444}, "spk10": {"room4": 0.144112259, "room12": 0.688840091}, "spk18": {"room5": -0.913677573, "room0": -0.9460209009999999, "room2": -0.765753806}, "spk29": {"room10": 0.629980683}, "spk5": {"room3": -0.18407777, "room5": 0.139446035, "room0": 0.7708817720000001}, "spk9": {"room4": 1.6809666159999999, "room7": 0.803624392, "room10": 1.0477571490000002, "room12": 0.022970246, "room9": 1.745916724}, "spk2": {"room5": 1.465989947, "room0": 1.990867376}, "spk23": {"room4": 1.818812132, "room7": 1.918390155, "room2": 2.972144127, "room10": 2.08755517, "room12": 3.1429147719999997, "room9": 2.397727013}, "spk15": {"room10": -1.4171292780000002}, "spk28": {"room10": -0.13568373}, "spk24": {"room1": 1.7490843530000002}, "spk12": {"room10": -1.17208457}, "spk8": {"room10": 2.3418395519999997}, "spk17": {"room5": 1.916357756, "room0": 2.407482624}, "spk11": {"room3": -0.7271420959999999, "room4": -1.1330820320000001, "room7": -1.317067623, "room2": 0.061119094000000006, "room12": -0.440247238, "room9": -0.634290814}, "spk19": {"room4": -0.99917537, "room7": -1.6099784369999999, "room12": -0.681351423}, "spk13": {"room4": 2.101728916, "room12": 2.914704084}, "spk31": {"room10": -1.353828073}, "spk6": {"room10": 1.042464018}, "spk3": {"room3": -0.41671851299999996, "room5": 0.34384051, "room7": -0.543477535, "room0": -0.391596854, "room2": -0.802046895, "room9": -1.051426888}, "spk0": {"room3": 2.746147633}, "spk20": {"room10": -1.061971307}, "spk26": {"room2": 4.15334177}, "spk16": {"room3": 1.386247396, "room4": 0.569017231, "room7": 0.74498558, "room12": 1.19279182, "room9": 1.197266817}, "spk27": {"room5": 0.83386755, "room0": 0.375355035}, "spk25": {"room1": 1.2618778940000002}, "spk21": {"room3": 2.7267062660000003, "room4": 2.608272552, "room2": 2.191190481, "room12": 2.8542976380000002}, "spk30": {"room4": -0.914983749, "room2": -1.149308681, "room12": -0.9676623940000001}, "spk4": {"room6": 0.144154817}, "spk14": {"room10": 1.68529129}, "spk7": {"room12": 2.20614171}, "spk1": {"room5": 0.8921335340000001, "room0": 0.062149953}}}