{"meta": {"speaker": "spk26", "room": "room8"}, "data": {"spk22": {"room0": 0.147415712}, "spk10": {"room4": 0.36923340000000004, "room12": -0.328234166}, "spk18": {"room5": -0.815826595, "room0": -0.510804892, "room2": -0.8124572040000001}, "spk29": {"room10": 1.7925258869999998}, "spk5": {"room3": -0.8598520159999999, "room5": -0.18247126, "room0": -0.11208754}, "spk9": {"room4": 0.876994789, "room7": 0.539922655, "room10": 0.8553832170000001, "room12": 0.9016137120000001, "room9": 0.57674104}, "spk2": {"room5": -0.262953162, "room0": 1.672459841}, "spk23": {"room4": 2.196886301, "room7": 1.9304860830000001, "room2": 2.0123784540000003, "room10": 1.382701159, "room12": 1.433770776, "room9": 2.7784309389999997}, "spk15": {"room10": -0.754241168}, "spk28": {"room10": -0.314604282}, "spk24": {"room1": 2.126857996}, "spk12": {"room10": -0.32726287800000003}, "spk8": {"room10": -0.112295561}, "spk17": {"room5": 0.9841215609999999, "room0": 0.875308216}, "spk11": {"room3": -0.293491393, "room4": -0.01755118, "room7": -0.412534505, "room2": 0.654350102, "room12": -0.5273880360000001, "room9": 0.183781028}, "spk19": {"room4": -1.125071168, "room7": -0.9905672670000001, "room12": -1.260468602}, "spk13": {"room4": 2.935858965, "room12": 2.757192612}, "spk31": {"room10": -1.444435596}, "spk6": {"room10": 1.073707223}, "spk3": {"room3": 0.586622, "room5": 2.131300211, "room7": 0.515988946, "room0": 0.25719583, "room2": 2.652580976, "room9": 1.152397394}, "spk0": {"room3": 1.435060024}, "spk20": {"room10": -0.9333840609999999}, "spk26": {"room2": 6.536884785}, "spk16": {"room3": 2.2099294659999997, "room4": 0.398803294, "room7": 0.334784746, "room12": -0.839830995, "room9": 1.399688005}, "spk27": {"room5": -0.8414654140000001, "room0": -0.304414749}, "spk25": {"room1": 1.8704783919999999}, "spk21": {"room3": 0.863996267, "room4": 1.8544666769999998, "room2": 1.0387929679999999, "room12": 0.821310222}, "spk30": {"room4": -0.602159619, "room2": -0.678218126, "room12": -1.27696383}, "spk4": {"room6": -0.487395525}, "spk14": {"room10": 1.780324817}, "spk7": {"room12": 2.046719074}, "spk1": {"room5": 0.09747920199999999, "room0": 1.2928340440000001}}}