{"meta": {"speaker": "spk26", "room": "room11"}, "data": {"spk22": {"room0": -0.059485663}, "spk10": {"room4": 0.543383241, "room12": 0.328891873}, "spk18": {"room5": -1.3000209329999999, "room0": -1.3642358780000001, "room2": -1.252249718}, "spk29": {"room10": 1.315470219}, "spk5": {"room3": 0.486613333, "room5": 0.182069376, "room0": 1.4719638819999998}, "spk9": {"room4": -0.078469366, "room7": 0.47899431, "room10": 0.586891532, "room12": 0.294402599, "room9": 0.997867882}, "spk2": {"room5": 1.3978029490000001, "room0": 1.0421481129999999}, "spk23": {"room4": 1.410175323, "room7": 0.989759147, "room2": 3.234940767, "room10": 1.578801155, "room12": 1.871392369, "room9": 1.7845997809999998}, "spk15": {"room10": -0.910289109}, "spk28": {"room10": -0.37969961799999996}, "spk24": {"room1": 0.790642381}, "spk12": {"room10": -0.781971097}, "spk8": {"room10": 1.0398786070000001}, "spk17": {"room5": 1.0891561509999999, "room0": 1.018542767}, "spk11": {"room3": 0.09099687599999999, "room4": -0.647974551, "room7": -1.4328877930000001, "room2": -1.0549805159999999, "room12": -0.769101202, "room9": -0.746329427}, "spk19": {"room4": -0.82287991, "room7": -1.193151474, "room12": -0.588134766}, "spk13": {"room4": 0.8781374690000001, "room12": 1.17208159}, "spk31": {"room10": -1.179783344}, "spk6": {"room10": 1.1218507290000002}, "spk3": {"room3": 0.29550573199999997, "room5": 0.6781485079999999, "room7": -1.153956413, "room0": -0.275216162, "room2": -0.6730300779999999, "room9": -1.092267036}, "spk0": {"room3": 1.6835150719999998}, "spk20": {"room10": -0.773275077}, "spk26": {"room2": 3.811183929}, "spk16": {"room3": 1.178609252, "room4": -1.030080438, "room7": 0.167634249, "room12": 0.239775032, "room9": -0.293068677}, "spk27": {"room5": -0.291595161, "room0": -0.100029334}, "spk25": {"room1": 1.1569802759999999}, "spk21": {"room3": 2.537659645, "room4": 2.024280548, "room2": 1.435077786, "room12": 2.15436244}, "spk30": {"room4": -1.2349257470000001, "room2": -1.442309737, "room12": -1.098705292}, "spk4": {"room6": -0.062884562}, "spk14": {"room10": 1.2740049359999999}, "spk7": {"room12": 1.638793111}, "spk1": {"room5": 0.731454849, "room0": -0.145678386}}}