{"meta": {"speaker": "spk26", "room": "room8"}, "data": {"spk22": {"room0": -0.163966134}, "spk10": {"room4": 0.014308288, "room12": -0.5266892910000001}, "spk18": {"room5": -1.184164762, "room0": -1.064529538, "room2": -0.941109121}, "spk29": {"room10": 0.819217205}, "spk5": {"room3": -0.045472853, "room5": -0.016688711999999998, "room0": 0.157995597}, "spk9": {"room4": 0.207576528, "room7": 0.205970034, "room10": 1.5003494019999999, "room12": 0.497528195, "room9": 0.080069736}, "spk2": {"room5": 0.382653177, "room0": 1.2550370690000001}, "spk23": {"room4": 1.9393382069999998, "room7": 1.343477964, "room2": 1.561665773, "room10": 2.5634717940000002, "room12": 1.773809433, "room9": 3.0027756689999996}, "spk15": {"room10": -1.259602547}, "spk28": {"room10": -0.994798601}, "spk24": {"room1": 0.966404855}, "spk12": {"room10": -1.261134386}, "spk8": {"room10": 0.422812223}, "spk17": {"room5": 0.5485723020000001, "room0": 1.8913844819999999}, "spk11": {"room3": 0.18012403, "room4": -0.8194668890000001, "room7": -0.41606915, "room2": -0.797223806, "room12": -1.181698799, "room9": -0.771296561}, "spk19": {"room4": -1.667567253, "room7": -1.414487123, "room12": -1.831754088}, "spk13": {"room4": 1.397268414, "room12": 1.387683988}, "spk31": {"room10": -1.5210042}, "spk6": {"room10": 0.550184786}, "spk3": {"room3": -1.007179856, "room5": 0.37798699700000005, "room7": -0.904513896, "room0": -0.7147481440000001, "room2": -0.291954577, "room9": -0.544817626}, "spk0": {"room3": 0.9756037590000001}, "spk20": {"room10": -1.043322325}, "spk26": {"room2": 5.129340172}, "spk16": {"room3": 0.822947025, "room4": -0.393689513, "room7": -0.116713725, "room12": -1.241629004, "room9": 0.604515374}, "spk27": {"room5": -0.471182108, "room0": -0.052984685}, "spk25": {"room1": 0.430250853}, "spk21": {"room3": 1.079636097, "room4": 1.192912102, "room2": 0.609951198, "room12": 1.5321006769999999}, "spk30": {"room4": -1.901815891, "room2": -1.86762166, "room12": -1.420511365}, "spk4": {"room6": -0.051402554}, "spk14": {"room10": 0.411961377}, "spk7": {"room12": 2.195740223}, "spk1": {"room5": 0.36719590399999996, "room0": 0.072039329}}}