{"meta": {"speaker": "spk26", "room": "room13"}, "data": {"spk22": {"room0": -0.270221353}, "spk10": {"room4": 0.615267813, "room12": 0.27584511}, "spk18": {"room5": -0.917761624, "room0": -1.113131046, "room2": -0.926082253}, "spk29": {"room10": 1.753141284}, "spk5": {"room3": 0.978193998, "room5": 0.37182048, "room0": 1.278811932}, "spk9": {"room4": -0.300675392, "room7": 0.8817953470000001, "room10": 1.237000108, "room12": 1.126013994, "room9": 0.340971321}, "spk2": {"room5": 1.6186418530000002, "room0": 1.488903761}, "spk23": {"room4": 1.741336346, "room7": 0.823296547, "room2": 2.562790871, "room10": 1.882719398, "room12": 1.113904834, "room9": 2.347872972}, "spk15": {"room10": -0.51073283}, "spk28": {"room10": -1.07151258}, "spk24": {"room1": 1.792405009}, "spk12": {"room10": -0.958635867}, "spk8": {"room10": 0.974150062}, "spk17": {"room5": 0.7674728040000001, "room0": 1.6322788000000001}, "spk11": {"room3": 0.449231625, "room4": 0.18825820100000001, "room7": -0.470713705, "room2": 0.044119306, "room12": -0.273724347, "room9": -0.41721817899999997}, "spk19": {"room4": -1.2185498479999999, "room7": -1.3505852219999999, "room12": -0.772302568}, "spk13": {"room4": 1.685177088, "room12": 1.6232550140000002}, "spk31": {"room10": -1.050288916}, "spk6": {"room10": 0.6875743870000001}, "spk3": {"room3": 0.492625415, "room5": 1.4566689730000002, "room7": -0.255694717, "room0": 0.462471694, "room2": 0.942970395, "room9": 0.464754909}, "spk0": {"room3": 1.3823362590000001}, "spk20": {"room10": -0.34331819399999997}, "spk26": {"room2": 4.279367447}, "spk16": {"room3": 1.7117702959999999, "room4": -0.446878582, "room7": 0.7631741759999999, "room12": -0.00806642, "room9": 0.35668990000000006}, "spk27": {"room5": 0.146663502, "room0": 0.796535909}, "spk25": {"room1": 1.232793689}, "spk21": {"room3": 2.829922438, "room4": 2.084062815, "room2": 1.470468879, "room12": 2.261151552}, "spk30": {"room4": -0.9083510640000001, "room2": -0.94222647, "room12": -1.013709545}, "spk4": {"room6": 0.45717635799999995}, "spk14": {"room10": 1.704773188}, "spk7": {"room12": 1.59136951}, "spk1": {"room5": 0.10839291699999999, "room0": 0.33849877100000003}}}