{"meta": {"speaker": "spk26", "room": "room13"}, "data": {"spk22": {"room0": 0.35449668799999995}, "spk10": {"room4": 0.18447968399999998, "room12": 0.489392459}, "spk18": {"room5": -0.817021966, "room0": -1.093995333, "room2": -1.10295701}, "spk29": {"room10": 1.870799065}, "spk5": {"room3": 0.443884313, "room5": -0.243807793, "room0": 0.505012393}, "spk9": {"room4": -0.313639402, "room7": 0.348506927, "room10": 0.55535078, "room12": 0.548056006, "room9": -0.36341065200000006}, "spk2": {"room5": 0.24938271899999997, "room0": 0.7658208009999999}, "spk23": {"room4": 1.465708613, "room7": 1.65019691, "room2": 2.144437075, "room10": 1.272806048, "room12": 0.9959943290000001, "room9": 2.4096364969999997}, "spk15": {"room10": -0.801308095}, "spk28": {"room10": -1.376839757}, "spk24": {"room1": 1.7825129030000002}, "spk12": {"room10": -0.62699151}, "spk8": {"room10": 0.45733717100000004}, "spk17": {"room5": 1.43841362, "room0": 0.915014863}, "spk11": {"room3": -0.16441758, "room4": 0.147586048, "room7": -0.9496105909999999, "room2": 0.438251823, "room12": 0.222331986, "room9": -0.37613797200000004}, "spk19": {"room4": -1.76232183, "room7": -1.631872416, "room12": -1.82807374}, "spk13": {"room4": 1.963668704, "room12": 1.4699181319999999}, "spk31": {"room10": -1.8616387840000002}, "spk6": {"room10": 1.248154044}, "spk3": {"room3": 0.848377347, "room5": 1.16485858, "room7": -0.016255535, "room0": 0.590180695, "room2": 1.529297471, "room9": 1.10475564}, "spk0": {"room3": 1.7170348169999998}, "spk20": {"room10": -0.37715244299999995}, "spk26": {"room2": 5.776120186}, "spk16": {"room3": 0.988360882, "room4": -0.626964748, "room7": 0.036984455, "room12": -0.547810912, "room9": -0.200705186}, "spk27": {"room5": -0.317276806, "room0": -0.796368182}, "spk25": {"room1": 0.73548764}, "spk21": {"room3": 2.211897612, "room4": 2.738131285, "room2": 1.2197256090000002, "room12": 1.974031329}, "spk30": {"room4": -0.495798141, "room2": -1.031345844, "room12": -1.080028415}, "spk4": {"room6": 0.673417926}, "spk14": {"room10": 0.993149698}, "spk7": {"room12": 0.38943615600000003}, "spk1": {"room5": 0.820949018, "room0": 0.028296491}}}