{"meta": {"speaker": "spk26", "room": "room8"}, "data": {"spk22": {"room0": 0.571393073}, "spk10": {"room4": 0.051000267, "room12": 0.029297784}, "spk18": {"room5": -0.571379662, "room0": -0.37709352399999996, "room2": -0.394102246}, "spk29": {"room10": 0.9544186}, "spk5": {"room3": 0.632400334, "room5": 0.353006095, "room0": 0.49441841200000003}, "spk9": {"room4": 1.157984376, "room7": 1.7096025940000001, "room10": 1.999259233, "room12": 1.757671714, "room9": 1.411410332}, "spk2": {"room5": 1.599138021, "room0": 2.11356473}, "spk23": {"room4": 3.105063677, "room7": 2.6634583469999997, "room2": 2.357003927, "room10": 3.871154308, "room12": 3.2849781510000002, "room9": 3.241711378}, "spk15": {"room10": -0.839211941}, "spk28": {"room10": -0.633298755}, "spk24": {"room1": 2.22726059}, "spk12": {"room10": -0.562915921}, "spk8": {"room10": 1.211634517}, "spk17": {"room5": 1.2998554709999999, "room0": 1.958693981}, "spk11": {"room3": 0.197441712, "room4": -0.113751188, "room7": -0.6739315990000001, "room2": 0.033539012, "room12": -0.548752487, "room9": -0.29300949}, "spk19": {"room4": -1.053946137, "room7": -1.1399351359999998, "room12": -1.1395381690000002}, "spk13": {"room4": 1.948335886, "room12": 2.116058588}, "spk31": {"room10": -1.043693185}, "spk6": {"room10": 0.8662109379999999}, "spk3": {"room3": -0.027763896, "room5": 1.526885509, "room7": -0.277079523, "room0": 0.12841524199999999, "room2": 1.3165944809999999, "room9": 0.025734872000000002}, "spk0": {"room3": 1.64355886}, "spk20": {"room10": -0.527718365}, "spk26": {"room2": 4.669135094}, "spk16": {"room3": 1.302372217, "room4": 0.047394723, "room7": -0.18108075899999998, "room12": -0.809192657, "room9": 1.038380742}, "spk27": {"room5": 0.7317335009999999, "room0": 0.9172616}, "spk25": {"room1": 1.2234848740000002}, "spk21": {"room3": 1.81543684, "room4": 1.021272659, "room2": 1.042073607, "room12": 1.235563397}, "spk30": {"room4": -1.131585598, "room2": -1.124604583, "room12": -0.894786656}, "spk4": {"room6": 0.12580137}, "spk14": {"room10": 1.3905370240000001}, "spk7": {"room12": 2.633200407}, "spk1": {"room5": 0.450722665, "room0": 0.708950877}}}