{"meta": {"speaker": "spk26", "room": "room8"}, "data": {"spk22": {"room0": -0.098967679}, "spk10": {"room4": 0.291919202, "room12": -0.028457904}, "spk18": {"room5": -0.9277352090000001, "room0": -0.693489134, "room2": -0.30443453800000003}, "spk29": {"room10": 1.7327419519999998}, "spk5": {"room3": -0.7098831529999999, "room5": 0.266800165, "room0": 0.605872095}, "spk9": {"room4": 0.716757298, "room7": 0.787609518, "room10": 0.410115719, "room12": 0.545747519, "room9": 0.496273935}, "spk2": {"room5": 0.202789918, "room0": 0.9682307840000001}, "spk23": {"room4": 2.456338406, "room7": 1.549599648, "room2": 2.211649179, "room10": 1.758637905, "room12": 2.348579884, "room9": 2.675545692}, "spk15": {"room10": -0.768560648}, "spk28": {"room10": -0.575776756}, "spk24": {"room1": 2.135920525}, "spk12": {"room10": -1.015086293}, "spk8": {"room10": 0.640496552}, "spk17": {"room5": 0.666630805, "room0": 2.022716045}, "spk11": {"room3": 0.802470565, "room4": -0.565889716, "room7": -0.39023721200000006, "room2": 0.014644684, "room12": -0.7102803590000001, "room9": -0.7561885709999999}, "spk19": {"room4": -1.4501566890000002, "room7": -1.7130500080000002, "room12": -1.449088454}, "spk13": {"room4": 1.930974126, "room12": 1.9737834930000002}, "spk31": {"room10": -1.211124659}, "spk6": {"room10": 1.01705575}, "spk3": {"room3": 0.040147983, "room5": 1.286731958, "room7": -0.332719415, "room0": 0.393142074, "room2": 0.711357832, "room9": 0.331837714}, "spk0": {"room3": 2.1607959269999997}, "spk20": {"room10": -1.113152385}, "spk26": {"room2": 5.7729034420000005}, "spk16": {"room3": 2.4666028019999997, "room4": 0.369850874, "room7": 0.104600549, "room12": -0.6601476070000001, "room9": 1.167500019}, "spk27": {"room5": -0.033732586, "room0": 0.32585153}, "spk25": {"room1": 1.967329025}, "spk21": {"room3": 1.738239765, "room4": 1.2229048009999999, "room2": 1.032219529, "room12": 1.719863057}, "spk30": {"room4": -1.740326285, "room2": -1.400385976, "room12": -1.628658533}, "spk4": {"room6": -0.350174993}, "spk14": {"room10": 1.3126602170000001}, "spk7": {"room12": 3.2137544160000004}, "spk1": {"room5": -0.215757057, "room0": 0.22200498}}}