{"meta": {"speaker": "spk26", "room": "room11"}, "data": {"spk22": {"room0": -0.981976926}, "spk10": {"room4": -0.39791628700000004, "room12": -0.27350384}, "spk18": {"room5": -0.959477365, "room0": -1.442320585, "room2": -0.783886075}, "spk29": {"room10": 0.576935709}, "spk5": {"room3": 0.043404438, "room5": -0.82747519, "room0": 0.149018735}, "spk9": {"room4": -1.216763854, "room7": -0.47866472600000004, "room10": -0.124534912, "room12": -0.70559746, "room9": -0.647636235}, "spk2": {"room5": 0.18371248199999998, "room0": -1.003279686}, "spk23": {"room4": 0.92389518, "room7": 1.285359502, "room2": 1.502260804, "room10": 1.059298992, "room12": 0.126796365, "room9": 1.776197314}, "spk15": {"room10": -0.508931398}, "spk28": {"room10": 0.08612205099999999}, "spk24": {"room1": 2.252279043}, "spk12": {"room10": -1.4883817430000001}, "spk8": {"room10": 1.420498848}, "spk17": {"room5": 0.860662818, "room0": 0.967612565}, "spk11": {"room3": -0.9402090909999999, "room4": -1.135406137, "room7": -2.069599152, "room2": -0.8094917540000001, "room12": -1.5869125130000001, "room9": -1.814061761}, "spk19": {"room4": -1.5425121780000002, "room7": -1.382790685, "room12": -0.9306129809999999}, "spk13": {"room4": 0.922713518, "room12": 0.128747359}, "spk31": {"room10": -1.084231853}, "spk6": {"room10": 0.486177474}, "spk3": {"room3": -0.805288672, "room5": -0.677929163, "room7": -1.235580325, "room0": -0.8252043720000001, "room2": -0.6712906959999999, "room9": -0.8077659009999999}, "spk0": {"room3": 0.279121697}, "spk20": {"room10": -0.736582816}, "spk26": {"room2": 3.402702332}, "spk16": {"room3": -0.610623598, "room4": -1.597166061, "room7": -0.694602191, "room12": -0.8947546479999999, "room9": -1.088620543}, "spk27": {"room5": -0.821108043, "room0": -1.165903211}, "spk25": {"room1": -0.237956122}, "spk21": {"room3": 0.848995745, "room4": 1.139447212, "room2": 0.34079968899999996, "room12": 0.6695687770000001}, "spk30": {"room4": -1.465313554, "room2": -2.041951895, "room12": -1.191479206}, "spk4": {"room6": -0.277467638}, "spk14": {"room10": 0.050583165}, "spk7": {"room12": 1.396135092}, "spk1": {"room5": 0.7621338959999999, "room0": 0.40215393899999996}}}