{"meta": {"speaker": "spk26", "room": "room8"}, "data": {"spk22": {"room0": 0.088129804}, "spk10": {"room4": 0.61481005, "room12": 0.118457727}, "spk18": {"room5": -0.984946251, "room0": -0.709057748, "room2": -0.568773806}, "spk29": {"room10": 0.7290113570000001}, "spk5": {"room3": -1.1158244609999999, "room5": -0.8537226920000001, "room0": 0.09047911300000001}, "spk9": {"room4": 0.675236285, "room7": 0.923860908, "room10": 1.6346868280000002, "room12": 1.283139706, "room9": 1.4218113419999998}, "spk2": {"room5": 1.073298693, "room0": 1.41266048}, "spk23": {"room4": 1.8604149819999998, "room7": 1.881644607, "room2": 1.640423775, "room10": 1.53159225, "room12": 2.050632715, "room9": 2.672156572}, "spk15": {"room10": -0.645351708}, "spk28": {"room10": -0.42954579}, "spk24": {"room1": 2.091573}, "spk12": {"room10": -1.16426301}, "spk8": {"room10": 1.058674097}, "spk17": {"room5": 0.176014885, "room0": 1.753966689}, "spk11": {"room3": 0.950099707, "room4": 0.727983594, "room7": 0.208675981, "room2": 0.758104861, "room12": 0.591404855, "room9": 0.5295944810000001}, "spk19": {"room4": -1.1714245079999999, "room7": -1.221147895, "room12": -1.161990047}, "spk13": {"room4": 2.044524431, "room12": 1.544671416}, "spk31": {"room10": -1.259023309}, "spk6": {"room10": 0.15407823}, "spk3": {"room3": -0.584871471, "room5": 1.251715541, "room7": -0.5205393429999999, "room0": 0.035060134, "room2": 0.60575968, "room9": -0.35254097}, "spk0": {"room3": 1.157408953}, "spk20": {"room10": -0.948816419}, "spk26": {"room2": 5.676405907}, "spk16": {"room3": 1.678144932, "room4": -0.446764261, "room7": 1.4908581969999999, "room12": 1.176766276, "room9": 1.209676385}, "spk27": {"room5": -0.13121780800000002, "room0": 0.7139729859999999}, "spk25": {"room1": 0.821448207}, "spk21": {"room3": 1.042194605, "room4": 1.5221697090000001, "room2": 0.86350596, "room12": 1.6714910269999999}, "spk30": {"room4": -1.141755104, "room2": -1.7805929180000002, "room12": -1.146056294}, "spk4": {"room6": -0.37871393600000003}, "spk14": {"room10": 1.566601396}, "spk7": {"room12": 1.342452288}, "spk1": {"room5": 1.3530665640000001, "room0": 0.775795221}}}