{"meta": {"speaker": "spk26", "room": "room8"}, "data": {"spk22": {"room0": -0.332408011}, "spk10": {"room4": 0.069054663, "room12": 0.123685159}, "spk18": {"room5": -1.3937225340000001, "room0": -0.866396308, "room2": -1.150741339}, "spk29": {"room10": 1.104155898}, "spk5": {"room3": -0.146024331, "room5": 0.547243237, "room0": 1.2075876}, "spk9": {"room4": 2.1746068, "room7": 1.960860014, "room10": 1.956295729, "room12": 1.7373859880000002, "room9": 1.468732834}, "spk2": {"room5": 1.115007401, "room0": 2.745427608}, "spk23": {"room4": 2.196065187, "room7": 1.265061736, "room2": 3.541128635, "room10": 2.723148108, "room12": 2.554652452, "room9": 4.294272423}, "spk15": {"room10": -0.388204634}, "spk28": {"room10": -0.541062415}, "spk24": {"room1": 2.000825405}, "spk12": {"room10": -0.682026982}, "spk8": {"room10": 1.546823621}, "spk17": {"room5": 1.295223236, "room0": 1.747634053}, "spk11": {"room3": 0.200897589, "room4": 0.039668552999999995, "room7": -0.6193016170000001, "room2": 0.39948722700000006, "room12": 0.324345082, "room9": 0.125576615}, "spk19": {"room4": -1.021006942, "room7": -1.159496665, "room12": -1.234498978}, "spk13": {"room4": 3.03542304, "room12": 2.616925001}, "spk31": {"room10": -1.311710477}, "spk6": {"room10": 1.362010121}, "spk3": {"room3": -0.079622969, "room5": 1.581399798, "room7": -0.383831352, "room0": 0.18759083699999998, "room2": 1.06994462, "room9": -0.159855679}, "spk0": {"room3": 3.6929783819999997}, "spk20": {"room10": -0.880236328}, "spk26": {"room2": 6.517634392000001}, "spk16": {"room3": 2.785342216, "room4": -0.378344774, "room7": 0.843544662, "room12": 0.388446212, "room9": 0.578179777}, "spk27": {"room5": -0.48567304, "room0": 0.17573513100000002}, "spk25": {"room1": 1.76535213}, "spk21": {"room3": 2.7349488739999996, "room4": 2.3747522830000003, "room2": 2.504590988, "room12": 2.183315516}, "spk30": {"room4": -1.007373214, "room2": -1.034565449, "room12": -1.277049541}, "spk4": {"room6": 0.005667485999999999}, "spk14": {"room10": 2.2324590680000003}, "spk7": {"room12": 2.021404028}, "spk1": {"room5": 0.986032903, "room0": 0.177644417}}}