{"meta": {"speaker": "spk26", "room": "room13"}, "data": {"spk22": {"room0": -0.274900168}, "spk10": {"room4": 0.970891058, "room12": 1.099136591}, "spk18": {"room5": -0.707141757, "room0": -0.389549077, "room2": -0.892713726}, "spk29": {"room10": 1.603892207}, "spk5": {"room3": 0.6455302829999999, "room5": -0.28851911399999997, "room0": 0.500668108}, "spk9": {"room4": -0.47360456, "room7": 0.87345165, "room10": 0.968948722, "room12": 0.421958894, "room9": -0.685865045}, "spk2": {"room5": 0.45923391, "room0": 0.612913668}, "spk23": {"room4": 1.594706059, "room7": 1.265865684, "room2": 2.447351456, "room10": 2.111738443, "room12": 0.6678614620000001, "room9": 1.651691675}, "spk15": {"room10": -0.32422497899999997}, "spk28": {"room10": -1.4628920559999998}, "spk24": {"room1": 1.180816174}, "spk12": {"room10": -0.194976315}, "spk8": {"room10": 0.7618075609999999}, "spk17": {"room5": 1.104484558, "room0": 1.240743518}, "spk11": {"room3": 1.4578435419999998, "room4": 0.294448256, "room7": -0.94415164, "room2": -0.013759183999999999, "room12": -0.065665603, "room9": -0.363685906}, "spk19": {"room4": -1.205991268, "room7": -1.202070832, "room12": -1.026611328}, "spk13": {"room4": 1.338081837, "room12": 1.063886642}, "spk31": {"room10": -1.093189597}, "spk6": {"room10": 1.470607281}, "spk3": {"room3": 0.12161921699999999, "room5": 0.41223111700000004, "room7": -0.7905839090000001, "room0": -0.702875257, "room2": 0.588596284, "room9": -0.49953448799999994}, "spk0": {"room3": 2.105727434}, "spk20": {"room10": -0.294349164}, "spk26": {"room2": 4.3137545589999995}, "spk16": {"room3": 0.965744913, "room4": -0.752765238, "room7": -0.6752507090000001, "room12": -1.023125648, "room9": -0.6751526590000001}, "spk27": {"room5": -0.445635468, "room0": -0.722465336}, "spk25": {"room1": 0.367643476}, "spk21": {"room3": 2.110553026, "room4": 0.72703284, "room2": 1.55489862, "room12": 0.629083037}, "spk30": {"room4": -1.3014180659999999, "room2": -1.642457724, "room12": -1.106779695}, "spk4": {"room6": 0.137280777}, "spk14": {"room10": 0.537892342}, "spk7": {"room12": 0.386030465}, "spk1": {"room5": 0.309062868, "room0": 0.675087333}}}