{"meta": {"speaker": "spk26", "room": "room11"}, "data": {"spk22": {"room0": -1.015286446}, "spk10": {"room4": 0.045396581, "room12": -0.177697226}, "spk18": {"room5": -1.297268152, "room0": -1.424159884, "room2": -1.0604823829999999}, "spk29": {"room10": 0.7052814959999999}, "spk5": {"room3": -0.27414396399999996, "room5": -0.193716109, "room0": 0.476395488}, "spk9": {"room4": -0.733660758, "room7": -0.517962158, "room10": 0.24303179999999996, "room12": -0.940898418, "room9": -0.47210729100000004}, "spk2": {"room5": -0.335496366, "room0": -0.145810142}, "spk23": {"room4": 1.386501789, "room7": 1.412370086, "room2": 1.385008574, "room10": 1.501706004, "room12": 0.648039639, "room9": 1.673714638}, "spk15": {"room10": -1.4574718480000002}, "spk28": {"room10": -1.233765483}, "spk24": {"room1": 1.546333432}, "spk12": {"room10": -1.1285325290000001}, "spk8": {"room10": 0.15552669800000002}, "spk17": {"room5": 1.2108217479999999, "room0": 1.851889729}, "spk11": {"room3": -1.1576869490000001, "room4": -1.901643753, "room7": -1.64578259, "room2": -1.8606916669999998, "room12": -1.7588787080000001, "room9": -1.875172853}, "spk19": {"room4": -1.4508094790000001, "room7": -1.5802112819999998, "room12": -1.314474106}, "spk13": {"room4": 0.876411974, "room12": 0.674544334}, "spk31": {"room10": -1.6694283490000001}, "spk6": {"room10": 1.4289206269999999}, "spk3": {"room3": -0.603017032, "room5": -0.5978877539999999, "room7": -1.0806710720000001, "room0": -1.042700887, "room2": -0.35996151, "room9": -0.975517154}, "spk0": {"room3": 0.14861016}, "spk20": {"room10": -1.086422682}, "spk26": {"room2": 3.460669994}, "spk16": {"room3": -0.45927965600000004, "room4": -1.188769221, "room7": -1.168562651, "room12": -1.106467485, "room9": -0.5118486289999999}, "spk27": {"room5": -0.964909494, "room0": -0.400755376}, "spk25": {"room1": 0.830409288}, "spk21": {"room3": 1.136074185, "room4": 0.8922779559999999, "room2": -0.12538746, "room12": 0.484234989}, "spk30": {"room4": -1.437021375, "room2": -2.123971462, "room12": -1.245434046}, "spk4": {"room6": 0.196393803}, "spk14": {"room10": 0.155371383}, "spk7": {"room12": 1.9887377019999999}, "spk1": {"room5": -0.267398149, "room0": -0.8785862329999999}}}