{"meta": {"speaker": "spk26", "room": "room8"}, "data": {"spk22": {"room0": -0.66650188}, "spk10": {"room4": 0.058904002999999996, "room12": -0.619148612}, "spk18": {"room5": -1.283088088, "room0": -1.259517789, "room2": -0.852302969}, "spk29": {"room10": 0.967872918}, "spk5": {"room3": -0.5224677320000001, "room5": -0.039320894, "room0": 0.383769959}, "spk9": {"room4": 1.835418224, "room7": 1.261530638, "room10": 2.2431688309999998, "room12": 1.986330867, "room9": 1.9272288080000002}, "spk2": {"room5": 0.160693675, "room0": 1.253589034}, "spk23": {"room4": 1.6785867209999998, "room7": 1.084014177, "room2": 1.625983715, "room10": 1.205995798, "room12": 1.402112007, "room9": 1.6170475480000002}, "spk15": {"room10": -0.8251013759999999}, "spk28": {"room10": -0.914982438}, "spk24": {"room1": 2.085338116}, "spk12": {"room10": -1.259246349}, "spk8": {"room10": 1.245888948}, "spk17": {"room5": 0.147395805, "room0": 1.4149690869999998}, "spk11": {"room3": 1.1222808359999998, "room4": 1.26370132, "room7": 0.8332701920000001, "room2": 0.925619185, "room12": 0.584199011, "room9": 0.497626424}, "spk19": {"room4": -1.416965604, "room7": -1.592213511, "room12": -1.406377196}, "spk13": {"room4": 1.914135575, "room12": 1.143014193}, "spk31": {"room10": -1.68806529}, "spk6": {"room10": 0.59786582}, "spk3": {"room3": -0.346678346, "room5": 0.960819304, "room7": -0.78420043, "room0": 0.07878658200000001, "room2": 0.597655237, "room9": -0.662590325}, "spk0": {"room3": 1.279509664}, "spk20": {"room10": -1.407866597}, "spk26": {"room2": 5.246767521000001}, "spk16": {"room3": 2.443638563, "room4": 0.578794241, "room7": 0.828850627, "room12": 0.19118058699999999, "room9": 1.8066394330000002}, "spk27": {"room5": -0.39095842799999997, "room0": 0.398966014}, "spk25": {"room1": 1.11722517}, "spk21": {"room3": 0.924415112, "room4": 1.575622082, "room2": 0.262448132, "room12": 1.487888694}, "spk30": {"room4": -1.63975656, "room2": -1.755581975, "room12": -1.589947939}, "spk4": {"room6": -0.906312346}, "spk14": {"room10": 1.2729048729999999}, "spk7": {"room12": 2.3062069419999998}, "spk1": {"room5": 0.705155671, "room0": 0.398205906}}}