{"meta": {"speaker": "spk26", "room": "room8"}, "data": {"spk22": {"room0": 0.98863703}, "spk10": {"room4": 0.247829169, "room12": 0.597874463}, "spk18": {"room5": -0.494247407, "room0": -0.757692873, "room2": -1.209574223}, "spk29": {"room10": 1.7162898780000002}, "spk5": {"room3": -0.942067862, "room5": -0.862433195, "room0": 0.115486465}, "spk9": {"room4": 1.788896084, "room7": 2.332369328, "room10": 2.030269384, "room12": 2.1217131609999997, "room9": 0.970742285}, "spk2": {"room5": 1.526806951, "room0": 1.7411410809999999}, "spk23": {"room4": 2.864794493, "room7": 1.745743871, "room2": 3.801464558, "room10": 4.193521023, "room12": 2.2919936180000002, "room9": 4.071482658}, "spk15": {"room10": -0.711923599}, "spk28": {"room10": -1.096211076}, "spk24": {"room1": 1.990745664}, "spk12": {"room10": -0.742431045}, "spk8": {"room10": 0.199547365}, "spk17": {"room5": 0.8984853629999999, "room0": 1.790748835}, "spk11": {"room3": 1.121623755, "room4": 0.86128813, "room7": -0.783330858, "room2": 0.27320229999999995, "room12": 0.35487151100000003, "room9": 0.06810664400000001}, "spk19": {"room4": -1.785981417, "room7": -1.6059877869999999, "room12": -1.782761455}, "spk13": {"room4": 2.952994585, "room12": 2.9405381680000002}, "spk31": {"room10": -1.2800557609999998}, "spk6": {"room10": 1.14303565}, "spk3": {"room3": 0.063216552, "room5": 1.701652765, "room7": -0.206938118, "room0": -0.08894479300000001, "room2": 1.4157921080000002, "room9": 0.654490948}, "spk0": {"room3": 1.497416019}, "spk20": {"room10": -0.716481686}, "spk26": {"room2": 6.353020667999999}, "spk16": {"room3": 2.050665617, "room4": -0.152511477, "room7": 0.448846608, "room12": -0.19748503, "room9": 0.27914094899999997}, "spk27": {"room5": -0.127108306, "room0": 0.6072007420000001}, "spk25": {"room1": 1.9130778309999998}, "spk21": {"room3": 1.66949904, "room4": 1.3137001990000001, "room2": 1.3622879980000002, "room12": 1.4781261680000002}, "spk30": {"room4": -1.2718553540000002, "room2": -1.409252405, "room12": -1.4649407859999999}, "spk4": {"room6": -0.24711450899999998}, "spk14": {"room10": 2.360254526}, "spk7": {"room12": 2.1317451000000003}, "spk1": {"room5": 0.606908321, "room0": 0.299963295}}}