{"meta": {"speaker": "spk26", "room": "room13"}, "data": {"spk22": {"room0": 0.31347131699999997}, "spk10": {"room4": 0.9727069740000001, "room12": 0.695332527}, "spk18": {"room5": -1.5325968269999999, "room0": -1.789269447, "room2": -1.4067931180000002}, "spk29": {"room10": 1.883611202}, "spk5": {"room3": 1.576162457, "room5": 0.29184770600000004, "room0": 0.9498358370000001}, "spk9": {"room4": 0.515327275, "room7": 0.998399138, "room10": 0.379685193, "room12": 0.471745133, "room9": 0.18432526300000002}, "spk2": {"room5": 1.7099756000000002, "room0": 0.904578388}, "spk23": {"room4": 2.595792055, "room7": 2.264146566, "room2": 2.8926446439999998, "room10": 2.287572145, "room12": 2.722079992, "room9": 3.86313796}, "spk15": {"room10": -0.896161795}, "spk28": {"room10": -1.191374302}, "spk24": {"room1": 1.486178756}, "spk12": {"room10": -0.978613257}, "spk8": {"room10": 0.388509303}, "spk17": {"room5": 2.1793353559999997, "room0": 2.079638004}, "spk11": {"room3": -0.34722176200000004, "room4": -0.327157915, "room7": -0.9239648579999999, "room2": -0.23404474600000003, "room12": -0.551700115, "room9": -0.178828478}, "spk19": {"room4": -1.090478063, "room7": -1.351549864, "room12": -1.185798764}, "spk13": {"room4": 1.829492092, "room12": 1.688496351}, "spk31": {"room10": -1.866183639}, "spk6": {"room10": 0.952078164}, "spk3": {"room3": -0.103585787, "room5": 0.748580158, "room7": -0.110939361, "room0": -0.130485654, "room2": 1.2569442990000002, "room9": 0.37795597299999995}, "spk0": {"room3": 2.188324928}, "spk20": {"room10": -0.787428558}, "spk26": {"room2": 4.30208683}, "spk16": {"room3": 1.164691925, "room4": -0.9209341999999999, "room7": -0.017033253, "room12": -0.470731556, "room9": -0.209498107}, "spk27": {"room5": 0.611347139, "room0": 0.774983525}, "spk25": {"room1": 1.4307944769999998}, "spk21": {"room3": 2.779679537, "room4": 3.3210713860000003, "room2": 2.647404671, "room12": 2.401898861}, "spk30": {"room4": -0.950093269, "room2": -1.0521206859999999, "room12": -1.007944942}, "spk4": {"room6": 1.2198944090000001}, "spk14": {"room10": 1.171646476}, "spk7": {"room12": 1.8108955619999998}, "spk1": {"room5": 0.8064731959999999, "room0": 0.385231614}}}