{"meta": {"speaker": "spk26", "room": "room11"}, "data": {"spk22": {"room0": -0.8092866540000001}, "spk10": {"room4": 0.10697182300000001, "room12": 0.037625588}, "spk18": {"room5": -0.991383135, "room0": -0.793388724, "room2": -1.524016857}, "spk29": {"room10": 1.799860835}, "spk5": {"room3": -0.021030566, "room5": -0.47756257700000004, "room0": 0.50856024}, "spk9": {"room4": -0.310281515, "room7": 0.254642308, "room10": 1.159056664, "room12": 0.286551595, "room9": 0.547467887}, "spk2": {"room5": 2.127104998, "room0": -0.07074248799999999}, "spk23": {"room4": 1.660030603, "room7": 0.8080961109999999, "room2": 4.6342206, "room10": 1.2002810240000001, "room12": 1.030279636, "room9": 2.25249505}, "spk15": {"room10": -1.161524534}, "spk28": {"room10": -0.8125255109999999}, "spk24": {"room1": 1.193505526}, "spk12": {"room10": -1.373026729}, "spk8": {"room10": 1.304828644}, "spk17": {"room5": -0.286445141, "room0": 0.548500478}, "spk11": {"room3": -0.195860803, "room4": -0.339916825, "room7": -1.6282068490000001, "room2": -0.291235894, "room12": -0.2208011, "room9": -1.272699118}, "spk19": {"room4": -1.454733014, "room7": -1.9188194269999999, "room12": -1.848228693}, "spk13": {"room4": 0.7965617779999999, "room12": 0.087680459}, "spk31": {"room10": -1.0612789390000001}, "spk6": {"room10": 0.647688866}, "spk3": {"room3": -0.23419863, "room5": -0.633551061, "room7": -1.516844153, "room0": -0.43947026100000003, "room2": -0.45593673, "room9": -0.49826857399999996}, "spk0": {"room3": 2.7495427130000003}, "spk20": {"room10": -0.813946664}, "spk26": {"room2": 3.9375824930000003}, "spk16": {"room3": -0.306037277, "room4": -0.925195694, "room7": -0.42015796899999996, "room12": 0.9404581190000001, "room9": -0.7543448209999999}, "spk27": {"room5": -0.78472966, "room0": 0.27673161}, "spk25": {"room1": -0.075102083}, "spk21": {"room3": 1.8248409030000001, "room4": 0.783890069, "room2": 2.604887486, "room12": 1.124567151}, "spk30": {"room4": -1.1273849009999999, "room2": -1.9857459069999999, "room12": -0.9409928320000001}, "spk4": {"room6": 0.40729188899999996}, "spk14": {"room10": 0.349890053}, "spk7": {"room12": 0.610470831}, "spk1": {"room5": 1.686241984, "room0": -0.889405966}}}