{"meta": {"speaker": "spk26", "room": "room8"}, "data": {"spk22": {"room0": 0.620816708}, "spk10": {"room4": 0.30568096, "room12": -0.021830212}, "spk18": {"room5": -1.188782692, "room0": -0.8549356459999999, "room2": -0.707544208}, "spk29": {"room10": 0.805531859}, "spk5": {"room3": -0.649563253, "room5": 0.14424167599999999, "room0": -0.105975628}, "spk9": {"room4": 1.090626597, "room7": 0.8672449590000001, "room10": 1.38733077, "room12": 0.710535645, "room9": 0.7689371709999999}, "spk2": {"room5": -0.035870299, "room0": 1.816482544}, "spk23": {"room4": 2.1998784540000003, "room7": 1.799829841, "room2": 1.5413312909999999, "room10": 1.9274814130000002, "room12": 2.055400372, "room9": 2.733269453}, "spk15": {"room10": -0.933943808}, "spk28": {"room10": -0.868464053}, "spk24": {"room1": 2.414242744}, "spk12": {"room10": -0.9241008159999999}, "spk8": {"room10": 0.241543576}, "spk17": {"room5": 1.00064683, "room0": 1.738622904}, "spk11": {"room3": 0.7523743509999999, "room4": 0.605157197, "room7": 0.487417072, "room2": 0.9186258909999999, "room12": 0.016797284, "room9": 0.66521579}, "spk19": {"room4": -1.4580597880000001, "room7": -1.560379505, "room12": -1.4532663819999998}, "spk13": {"room4": 2.501244068, "room12": 2.770713329}, "spk31": {"room10": -1.4995061159999998}, "spk6": {"room10": 0.457847953}, "spk3": {"room3": -0.133318827, "room5": 1.3030228609999999, "room7": 0.17934763399999998, "room0": -0.32040482800000003, "room2": 1.4028936619999999, "room9": 0.127764285}, "spk0": {"room3": 1.311407685}, "spk20": {"room10": -1.039816976}, "spk26": {"room2": 5.396710873}, "spk16": {"room3": 2.339515924, "room4": 0.7133849859999999, "room7": 0.095389411, "room12": -0.42895713399999996, "room9": 0.913242698}, "spk27": {"room5": -0.45361596299999996, "room0": 0.23541832}, "spk25": {"room1": 1.397338152}, "spk21": {"room3": 1.140722871, "room4": 1.402392626, "room2": 0.354627252, "room12": 1.28382802}, "spk30": {"room4": -1.183478355, "room2": -1.071511626, "room12": -1.2548781629999999}, "spk4": {"room6": 0.229586184}, "spk14": {"room10": 2.299099684}, "spk7": {"room12": 2.766134024}, "spk1": {"room5": -0.19215959300000002, "room0": 0.884176075}}}