{"meta": {"speaker": "spk26", "room": "room8"}, "data": {"spk22": {"room0": 0.706937313}, "spk10": {"room4": -0.582448184, "room12": -0.751552463}, "spk18": {"room5": -1.023339629, "room0": -0.908841133, "room2": -0.62923491}, "spk29": {"room10": 1.097688675}, "spk5": {"room3": -0.08149956900000001, "room5": 0.85051173, "room0": 0.9016696209999999}, "spk9": {"room4": 0.7605938320000001, "room7": 0.576874137, "room10": 0.8692870140000001, "room12": 0.529347599, "room9": 0.481824398}, "spk2": {"room5": 1.61674273, "room0": 1.54635632}, "spk23": {"room4": 1.936908007, "room7": 2.302943707, "room2": 1.414182544, "room10": 2.8278896810000003, "room12": 2.322164536, "room9": 2.697612047}, "spk15": {"room10": -0.929432273}, "spk28": {"room10": -0.9651775359999999}, "spk24": {"room1": 2.928188086}, "spk12": {"room10": -0.79631561}, "spk8": {"room10": 0.304783344}, "spk17": {"room5": 2.119025707, "room0": 2.18405509}, "spk11": {"room3": 0.40806701799999995, "room4": -0.838865638, "room7": -1.179284334, "room2": -0.579171777, "room12": -1.080587149, "room9": -0.7699497940000001}, "spk19": {"room4": -1.748582721, "room7": -1.717200637, "room12": -1.306803346}, "spk13": {"room4": 1.69714427, "room12": 1.150031209}, "spk31": {"room10": -1.345551491}, "spk6": {"room10": 0.680066407}, "spk3": {"room3": 0.003603382, "room5": 0.9830808040000001, "room7": -0.030851349, "room0": 0.74260062, "room2": 1.4330437180000002, "room9": 0.194201753}, "spk0": {"room3": 1.982442379}, "spk20": {"room10": -0.7160307770000001}, "spk26": {"room2": 4.758884907}, "spk16": {"room3": 0.7383927109999999, "room4": -0.292572349, "room7": -0.254862577, "room12": 0.132644221, "room9": 0.55344522}, "spk27": {"room5": -0.382647216, "room0": 0.155843914}, "spk25": {"room1": 1.943783641}, "spk21": {"room3": 1.691040754, "room4": 0.6583233479999999, "room2": 0.677179635, "room12": 1.123364449}, "spk30": {"room4": -1.158327579, "room2": -1.4136890169999998, "room12": -1.185603976}, "spk4": {"room6": -0.316562355}, "spk14": {"room10": 1.130168676}, "spk7": {"room12": 2.984333992}, "spk1": {"room5": 1.0555661920000001, "room0": 0.136548251}}}