{"meta": {"speaker": "spk26", "room": "room11"}, "data": {"spk22": {"room0": -1.039354086}, "spk10": {"room4": -0.036324769, "room12": 0.141182855}, "spk18": {"room5": -1.095272541, "room0": -0.8515859840000001, "room2": -0.973350465}, "spk29": {"room10": -0.263982475}, "spk5": {"room3": -0.324943632, "room5": -0.90631789, "room0": 0.268009961}, "spk9": {"room4": -0.49256935700000004, "room7": 0.081125513, "room10": -0.348447204, "room12": -0.891731322, "room9": -0.268088222}, "spk2": {"room5": 0.42519929999999995, "room0": -0.052022729000000004}, "spk23": {"room4": 1.6682901380000001, "room7": 1.217233658, "room2": 1.765387416, "room10": 1.23110044, "room12": 1.102614999, "room9": 1.283176899}, "spk15": {"room10": -1.181377053}, "spk28": {"room10": -0.20082294899999997}, "spk24": {"room1": 0.7107853890000001}, "spk12": {"room10": -1.4219788309999999}, "spk8": {"room10": 1.129465818}, "spk17": {"room5": 0.78878808, "room0": 0.8241499659999999}, "spk11": {"room3": -1.18706584, "room4": -1.043583274, "room7": -2.0268149380000002, "room2": -1.137089491, "room12": -0.9277199509999999, "room9": -1.433679819}, "spk19": {"room4": -1.084468365, "room7": -1.578560591, "room12": -0.8418019409999999}, "spk13": {"room4": -0.192782775, "room12": -0.9158593420000001}, "spk31": {"room10": -1.289324045}, "spk6": {"room10": 2.537542582}, "spk3": {"room3": -0.664276719, "room5": -0.6368836760000001, "room7": -2.02936554, "room0": -0.662880421, "room2": -0.7874635459999999, "room9": -1.386775494}, "spk0": {"room3": 0.203915402}, "spk20": {"room10": -0.6987826229999999}, "spk26": {"room2": 2.109286785}, "spk16": {"room3": -0.912813187, "room4": -1.181974411, "room7": -1.5774040219999999, "room12": -1.236341238, "room9": -1.00739193}, "spk27": {"room5": -0.921269655, "room0": -0.848580241}, "spk25": {"room1": -0.65769887}, "spk21": {"room3": 1.417212725, "room4": 0.720072687, "room2": 0.7306764720000001, "room12": 0.06874976299999999}, "spk30": {"room4": -1.181444287, "room2": -2.2445652480000002, "room12": -0.77313751}, "spk4": {"room6": 0.570853233}, "spk14": {"room10": 0.45029768299999995}, "spk7": {"room12": 0.7085002659999999}, "spk1": {"room5": -0.093824245, "room0": -1.142690778}}}