{"meta": {"speaker": "spk26", "room": "room8"}, "data": {"spk22": {"room0": 0.227259383}, "spk10": {"room4": -0.22056157899999998, "room12": -0.26889088699999997}, "spk18": {"room5": -0.591581047, "room0": -0.570925117, "room2": -0.318041325}, "spk29": {"room10": 0.62708056}, "spk5": {"room3": 0.532516956, "room5": 0.270138621, "room0": 1.128849387}, "spk9": {"room4": 0.044557538, "room7": 0.341549575, "room10": 0.999928296, "room12": 0.27557840899999997, "room9": 0.39308699999999996}, "spk2": {"room5": 0.27438733, "room0": 0.603821933}, "spk23": {"room4": 2.135401249, "room7": 1.72357142, "room2": 1.671905041, "room10": 2.135869265, "room12": 1.579683423, "room9": 2.5276267530000003}, "spk15": {"room10": -1.00711453}, "spk28": {"room10": -0.703046858}, "spk24": {"room1": 1.9091827869999998}, "spk12": {"room10": -0.612248719}, "spk8": {"room10": 0.9257813690000001}, "spk17": {"room5": 0.523206234, "room0": 1.71757257}, "spk11": {"room3": -0.548225403, "room4": -0.8548011179999999, "room7": -1.2519625429999999, "room2": -0.921286464, "room12": -1.1379905940000001, "room9": -1.189725876}, "spk19": {"room4": -1.138601065, "room7": -1.173330307, "room12": -1.02456367}, "spk13": {"room4": 1.036300182, "room12": 0.653950393}, "spk31": {"room10": -0.965222061}, "spk6": {"room10": 1.079706192}, "spk3": {"room3": -0.829560697, "room5": 0.39122092700000005, "room7": -0.545206428, "room0": -0.511601567, "room2": 0.096572034, "room9": -0.313449055}, "spk0": {"room3": 0.425760418}, "spk20": {"room10": -0.561481595}, "spk26": {"room2": 3.124880552}, "spk16": {"room3": 0.572030306, "room4": -0.370750785, "room7": -0.339315265, "room12": -0.47271657, "room9": 0.268390447}, "spk27": {"room5": -0.10404461599999999, "room0": 0.687387228}, "spk25": {"room1": 1.04079175}, "spk21": {"room3": 0.9354198579999999, "room4": 0.6907211540000001, "room2": 0.688274622, "room12": 0.357035935}, "spk30": {"room4": -1.299421787, "room2": -1.3335440159999998, "room12": -1.167292356}, "spk4": {"room6": 0.559857368}, "spk14": {"room10": 1.061653733}, "spk7": {"room12": 2.265365601}, "spk1": {"room5": -0.32031285800000003, "room0": -0.021893941}}}