{"meta": {"speaker": "spk26", "room": "room13"}, "data": {"spk22": {"room0": 0.894282699}, "spk10": {"room4": 0.866391778, "room12": 1.03801477}, "spk18": {"room5": -0.276888937, "room0": -0.5382848379999999, "room2": -0.22967858600000002}, "spk29": {"room10": 1.855662465}, "spk5": {"room3": 0.610176384, "room5": 0.796979368, "room0": 0.761728466}, "spk9": {"room4": 0.125549152, "room7": 0.7760401370000001, "room10": 0.195097923, "room12": 0.804232955, "room9": 0.498362064}, "spk2": {"room5": 0.6800883409999999, "room0": 0.417978764}, "spk23": {"room4": 0.890905797, "room7": 1.790545106, "room2": 2.562560558, "room10": 1.97802341, "room12": 1.71955514, "room9": 1.785528421}, "spk15": {"room10": -0.944082141}, "spk28": {"room10": -0.888614595}, "spk24": {"room1": 2.99056983}, "spk12": {"room10": -0.62153101}, "spk8": {"room10": 0.32017675}, "spk17": {"room5": 1.240522623, "room0": 1.06303966}, "spk11": {"room3": 0.470132083, "room4": 0.19448763100000002, "room7": 0.20374292100000002, "room2": 0.912422776, "room12": -0.173850507, "room9": 0.18261905}, "spk19": {"room4": -1.117414355, "room7": -1.792845845, "room12": -0.9871690870000001}, "spk13": {"room4": 2.617839575, "room12": 1.669185996}, "spk31": {"room10": -1.263652086}, "spk6": {"room10": 0.21034057399999997}, "spk3": {"room3": -0.158464074, "room5": 1.363614678, "room7": 0.326487273, "room0": 0.863856018, "room2": 1.331112742, "room9": 1.189001083}, "spk0": {"room3": 1.8197577}, "spk20": {"room10": -0.521060348}, "spk26": {"room2": 4.89955616}, "spk16": {"room3": 2.813508511, "room4": 0.375965744, "room7": 0.7047353390000001, "room12": 0.489788264, "room9": 1.3593097930000002}, "spk27": {"room5": -0.6698383689999999, "room0": -0.358977437}, "spk25": {"room1": 0.9747585059999999}, "spk21": {"room3": 2.097729921, "room4": 2.370674372, "room2": 0.731843233, "room12": 1.5325945619999999}, "spk30": {"room4": -1.198938012, "room2": -0.506045759, "room12": -0.938202202}, "spk4": {"room6": 1.184291959}, "spk14": {"room10": 1.5681704280000002}, "spk7": {"room12": 2.704334259}, "spk1": {"room5": 0.123348296, "room0": 0.618644416}}}