{"meta": {"speaker": "spk26", "room": "room11"}, "data": {"spk22": {"room0": -0.29916814}, "spk10": {"room4": 0.630314767, "room12": 0.377294928}, "spk18": {"room5": -1.719824433, "room0": -1.912434578, "room2": -1.500283122}, "spk29": {"room10": 1.425355196}, "spk5": {"room3": -0.014695877, "room5": -0.824801743, "room0": 0.24802786100000002}, "spk9": {"room4": 0.886881173, "room7": 0.47908935, "room10": 0.5900415179999999, "room12": 0.652656317, "room9": 0.519547224}, "spk2": {"room5": 0.420424819, "room0": 1.190679312}, "spk23": {"room4": 2.476884604, "room7": 2.552983761, "room2": 2.9063498969999997, "room10": 2.732802153, "room12": 2.480240822, "room9": 3.279539347}, "spk15": {"room10": -0.718545496}, "spk28": {"room10": -1.158545375}, "spk24": {"room1": 1.572495341}, "spk12": {"room10": -0.897034407}, "spk8": {"room10": 0.399992764}, "spk17": {"room5": 1.438295245, "room0": 1.142091393}, "spk11": {"room3": -0.502233863, "room4": 0.109124504, "room7": -0.948078632, "room2": -0.114618383, "room12": -0.551285625, "room9": -0.471105576}, "spk19": {"room4": -1.585130215, "room7": -1.929139018, "room12": -1.242263556}, "spk13": {"room4": 2.616100311, "room12": 2.25604558}, "spk31": {"room10": -1.467445612}, "spk6": {"room10": 0.9522284870000001}, "spk3": {"room3": -0.450415611, "room5": 0.475503623, "room7": -0.39442822299999997, "room0": -0.418438405, "room2": 0.38736692100000003, "room9": -0.503881454}, "spk0": {"room3": 2.812050343}, "spk20": {"room10": -0.8498085740000001}, "spk26": {"room2": 5.777222632999999}, "spk16": {"room3": 1.293036699, "room4": 0.041031491, "room7": -0.35399475700000005, "room12": -0.6148822310000001, "room9": 0.930752397}, "spk27": {"room5": 0.007936488, "room0": -0.254936337}, "spk25": {"room1": 0.413126558}, "spk21": {"room3": 1.4831809999999999, "room4": 3.029682875, "room2": 1.727951884, "room12": 1.871757865}, "spk30": {"room4": -1.242606521, "room2": -1.36878705, "room12": -1.526324749}, "spk4": {"room6": 0.360873461}, "spk14": {"room10": 1.5505065919999999}, "spk7": {"room12": 1.532108188}, "spk1": {"room5": 0.24460488600000002, "room0": 0.011012421000000001}}}