{"meta": {"speaker": "spk26", "room": "room11"}, "data": {"spk22": {"room0": -1.0535576340000001}, "spk10": {"room4": 0.704319537, "room12": 0.097032011}, "spk18": {"room5": -1.531081319, "room0": -1.6858314280000002, "room2": -0.614958525}, "spk29": {"room10": 0.38671419}, "spk5": {"room3": -0.919655502, "room5": -0.695460498, "room0": 0.428319842}, "spk9": {"room4": 0.249427289, "room7": 0.608931422, "room10": 0.44940725, "room12": 0.575790226, "room9": 0.277403146}, "spk2": {"room5": 1.0742532009999999, "room0": 1.699739695}, "spk23": {"room4": 2.566102743, "room7": 2.049273014, "room2": 3.071908951, "room10": 3.7204160689999997, "room12": 2.511415482, "room9": 3.235429287}, "spk15": {"room10": -0.115958385}, "spk28": {"room10": -0.981890261}, "spk24": {"room1": 0.9628161190000001}, "spk12": {"room10": -1.007753491}, "spk8": {"room10": 0.604920983}, "spk17": {"room5": 2.6343309880000003, "room0": 2.274597406}, "spk11": {"room3": -1.311847568, "room4": -1.13754797, "room7": -1.6989548209999998, "room2": -1.491042376, "room12": -1.459807515, "room9": -1.481380701}, "spk19": {"room4": -1.744070292, "room7": -1.97053504, "room12": -1.1761876340000001}, "spk13": {"room4": 2.212726355, "room12": 0.9796337490000001}, "spk31": {"room10": -1.435816765}, "spk6": {"room10": 1.7251502280000002}, "spk3": {"room3": -0.55483973, "room5": 0.089837439, "room7": -1.219754934, "room0": -0.606557727, "room2": -0.80940783, "room9": -0.578992367}, "spk0": {"room3": 2.59241581}, "spk20": {"room10": -1.000848413}, "spk26": {"room2": 4.718894482}, "spk16": {"room3": -0.23137258, "room4": -0.589082122, "room7": -1.180009007, "room12": -1.21975565, "room9": -0.26772984899999996}, "spk27": {"room5": -0.245943546, "room0": -0.18689993}, "spk25": {"room1": 0.546069205}, "spk21": {"room3": 2.367895603, "room4": 1.7422776219999998, "room2": 0.9545635579999999, "room12": 1.6181032659999999}, "spk30": {"room4": -1.478098869, "room2": -2.045699835, "room12": -1.304365635}, "spk4": {"room6": 0.946560442}, "spk14": {"room10": 0.875370622}, "spk7": {"room12": 1.9425469640000002}, "spk1": {"room5": 0.19454114100000003, "room0": -0.715495467}}}