{"meta": {"speaker": "spk26", "room": "room13"}, "data": {"spk22": {"room0": -0.8102048040000001}, "spk10": {"room4": -0.068368793, "room12": 0.197786123}, "spk18": {"room5": -0.809594631, "room0": -0.7752538920000001, "room2": -1.026855707}, "spk29": {"room10": 0.095760077}, "spk5": {"room3": -0.816699326, "room5": -0.892910182, "room0": -0.307723045}, "spk9": {"room4": -1.263878584, "room7": -0.9368780259999999, "room10": -0.605499744, "room12": -1.306797862, "room9": -1.2576265340000001}, "spk2": {"room5": -0.275586575, "room0": -0.152145565}, "spk23": {"room4": 1.191497803, "room7": 0.362981856, "room2": 1.5644301180000002, "room10": 1.385621905, "room12": 0.763813138, "room9": 1.6823517080000001}, "spk15": {"room10": -0.797816098}, "spk28": {"room10": -0.11765714}, "spk24": {"room1": 1.325727701}, "spk12": {"room10": -0.737380803}, "spk8": {"room10": 0.124096364}, "spk17": {"room5": 0.601268589, "room0": 0.900233746}, "spk11": {"room3": -0.7556195259999999, "room4": -1.3645224569999999, "room7": -1.744234085, "room2": -0.8891303540000001, "room12": -1.268429756, "room9": -1.248843312}, "spk19": {"room4": -1.357179761, "room7": -1.442305207, "room12": -1.076920629}, "spk13": {"room4": 0.124643244, "room12": -0.294665813}, "spk31": {"room10": -1.150829077}, "spk6": {"room10": 1.314098358}, "spk3": {"room3": -0.93554759, "room5": -0.224819735, "room7": -0.967401862, "room0": -0.86122638, "room2": -0.44839197399999997, "room9": -0.474469572}, "spk0": {"room3": 0.678781748}, "spk20": {"room10": -0.787374556}, "spk26": {"room2": 3.522538185}, "spk16": {"room3": -0.21605496100000002, "room4": -1.423731446, "room7": -1.115252495, "room12": -1.441927195, "room9": -1.066541076}, "spk27": {"room5": -0.7727341059999999, "room0": -0.651247144}, "spk25": {"room1": -0.027958542000000003}, "spk21": {"room3": 0.48144570000000003, "room4": 0.8352510329999999, "room2": 0.636196434, "room12": 0.33310318}, "spk30": {"room4": -0.7691137790000001, "room2": -1.385184288, "room12": -0.519921184}, "spk4": {"room6": -0.500822544}, "spk14": {"room10": 0.287916124}, "spk7": {"room12": 0.20336431300000002}, "spk1": {"room5": 0.132419944, "room0": 0.110277846}}}