{"meta": {"speaker": "spk26", "room": "room11"}, "data": {"spk22": {"room0": -0.7494904990000001}, "spk10": {"room4": 0.39766198399999997, "room12": -0.046478017999999996}, "spk18": {"room5": -1.796531677, "room0": -1.765256643, "room2": -1.572134137}, "spk29": {"room10": 0.650782645}, "spk5": {"room3": -0.580508769, "room5": -0.826831043, "room0": 0.606967509}, "spk9": {"room4": 0.065809146, "room7": 0.395067602, "room10": 0.169185668, "room12": -0.406249166, "room9": 0.038374811}, "spk2": {"room5": 0.521677017, "room0": 0.604328156}, "spk23": {"room4": 2.672551155, "room7": 1.516978741, "room2": 3.096406937, "room10": 2.307101965, "room12": 1.833713889, "room9": 2.607516766}, "spk15": {"room10": -0.781486928}, "spk28": {"room10": -1.159160972}, "spk24": {"room1": 1.599279404}, "spk12": {"room10": -0.926862657}, "spk8": {"room10": 1.688672304}, "spk17": {"room5": 1.584222078, "room0": 1.4037022590000001}, "spk11": {"room3": -1.00590241, "room4": -0.742941558, "room7": -1.919780016, "room2": -1.7501118180000002, "room12": -1.42233634, "room9": -1.5639954809999999}, "spk19": {"room4": -1.838648677, "room7": -2.1270129680000003, "room12": -1.722208619}, "spk13": {"room4": 1.609513402, "room12": 1.050668359}, "spk31": {"room10": -1.645640969}, "spk6": {"room10": 1.564445734}, "spk3": {"room3": -0.299059212, "room5": -0.165600359, "room7": -1.69075644, "room0": -0.359427541, "room2": -0.71648556, "room9": -0.615553856}, "spk0": {"room3": 1.56779623}, "spk20": {"room10": -0.980639637}, "spk26": {"room2": 4.784440517}, "spk16": {"room3": -0.6492052079999999, "room4": -1.221496463, "room7": -1.201621532, "room12": -1.104963064, "room9": -0.6273974179999999}, "spk27": {"room5": -0.179129452, "room0": -0.8734331129999999}, "spk25": {"room1": 1.110265732}, "spk21": {"room3": 1.7113261219999998, "room4": 1.9363619090000002, "room2": 0.570134699, "room12": 1.53538835}, "spk30": {"room4": -2.01420784, "room2": -2.180221558, "room12": -1.781433821}, "spk4": {"room6": 0.6741069559999999}, "spk14": {"room10": 0.176211536}, "spk7": {"room12": 1.96625483}, "spk1": {"room5": -0.072552659, "room0": -0.886491358}}}