{"meta": {"speaker": "spk26", "room": "room8"}, "data": {"spk22": {"room0": 0.010237971}, "spk10": {"room4": -0.168583557, "room12": -0.19643731399999997}, "spk18": {"room5": -0.326441139, "room0": -0.261174917, "room2": -0.276506722}, "spk29": {"room10": 0.502300799}, "spk5": {"room3": -1.318923473, "room5": -1.1751098629999999, "room0": -0.415775269}, "spk9": {"room4": -0.324557453, "room7": 0.140796185, "room10": 1.407766342, "room12": 0.004208889, "room9": -0.012942601000000001}, "spk2": {"room5": 0.008023038, "room0": 0.669542015}, "spk23": {"room4": 1.256497741, "room7": 0.77703625, "room2": 1.8379044530000002, "room10": 1.382286549, "room12": 0.715004146, "room9": 1.7668207880000002}, "spk15": {"room10": -1.301985264}, "spk28": {"room10": 0.42583811299999996}, "spk24": {"room1": 1.708480239}, "spk12": {"room10": -0.428120822}, "spk8": {"room10": 1.008257151}, "spk17": {"room5": 0.215898335, "room0": 0.635493279}, "spk11": {"room3": -0.252089053, "room4": -1.185772777, "room7": -1.488803625, "room2": -0.37616941299999995, "room12": -0.720769763, "room9": -0.992442012}, "spk19": {"room4": -0.8843002320000001, "room7": -1.274239182, "room12": -0.5840328929999999}, "spk13": {"room4": 0.991054058, "room12": 1.2837464809999999}, "spk31": {"room10": -0.72988373}, "spk6": {"room10": 0.8533504609999999}, "spk3": {"room3": -0.19634273600000002, "room5": 0.48376694299999995, "room7": -0.915098071, "room0": -0.150404915, "room2": 0.307257503, "room9": -0.637812853}, "spk0": {"room3": 1.134907007}, "spk20": {"room10": -0.17194859699999998}, "spk26": {"room2": 4.8166470530000005}, "spk16": {"room3": 0.5130998489999999, "room4": -0.9383432270000001, "room7": -0.006389533, "room12": 0.140215874, "room9": -0.476397485}, "spk27": {"room5": -0.661079168, "room0": -0.321090907}, "spk25": {"room1": 1.03170681}, "spk21": {"room3": 0.40853685100000003, "room4": 0.450639546, "room2": 0.184361264, "room12": -0.007069914}, "spk30": {"room4": -0.603727996, "room2": -1.1018116470000001, "room12": -0.5730566979999999}, "spk4": {"room6": 0.077689014}, "spk14": {"room10": 1.690080166}, "spk7": {"room12": 1.1594998840000001}, "spk1": {"room5": 0.20757979199999999, "room0": 0.040698833999999996}}}