{"meta": {"speaker": "spk26", "room": "room11"}, "data": {"spk22": {"room0": 1.331241846}, "spk10": {"room4": -0.34797978399999996, "room12": 0.483128041}, "spk18": {"room5": -0.156216964, "room0": -0.09649954, "room2": 0.186226413}, "spk29": {"room10": 1.187581778}, "spk5": {"room3": -0.075754419, "room5": -0.448569059, "room0": 0.274956673}, "spk9": {"room4": -0.34070801700000003, "room7": 1.4537549019999998, "room10": 2.25444746, "room12": 0.133337066, "room9": 0.206779882}, "spk2": {"room5": 1.4863052369999998, "room0": 0.629133642}, "spk23": {"room4": 2.805958748, "room7": 2.561984539, "room2": 4.860696316, "room10": 2.74579215, "room12": 2.716403961, "room9": 2.916470766}, "spk15": {"room10": -0.935697615}, "spk28": {"room10": -0.713038921}, "spk24": {"room1": 1.964802265}, "spk12": {"room10": -0.302893311}, "spk8": {"room10": 1.670051336}, "spk17": {"room5": 1.297852397, "room0": 2.3160479069999997}, "spk11": {"room3": 1.17347908, "room4": -0.945802927, "room7": -1.70632565, "room2": 0.11147990099999999, "room12": -0.556340575, "room9": -1.656784415}, "spk19": {"room4": -1.043089151, "room7": -1.666225195, "room12": -1.290130615}, "spk13": {"room4": 1.6391431090000002, "room12": 1.661979556}, "spk31": {"room10": -1.105752826}, "spk6": {"room10": 0.55575794}, "spk3": {"room3": 0.027250242999999997, "room5": 0.834598958, "room7": -1.021111012, "room0": -0.20217780800000001, "room2": 0.185710192, "room9": -0.635372102}, "spk0": {"room3": 1.46731925}, "spk20": {"room10": 0.27432006600000003}, "spk26": {"room2": 5.321626663}, "spk16": {"room3": 0.29197585600000003, "room4": -0.04598926, "room7": 0.743719518, "room12": 1.052228332, "room9": -0.061921604000000005}, "spk27": {"room5": 1.8560266490000001, "room0": 1.658259392}, "spk25": {"room1": 1.085547566}, "spk21": {"room3": 1.6673858169999998, "room4": 0.734208405, "room2": 0.979205012, "room12": 0.017430492}, "spk30": {"room4": -0.42326331100000003, "room2": -1.049486041, "room12": 0.13932339800000001}, "spk4": {"room6": 0.49376422200000003}, "spk14": {"room10": 1.190806985}, "spk7": {"room12": 1.5268571380000002}, "spk1": {"room5": 0.309733659, "room0": -0.066935517}}}