{"meta": {"speaker": "spk26", "room": "room11"}, "data": {"spk22": {"room0": 0.11028697300000001}, "spk10": {"room4": -0.301546484, "room12": -0.17786580300000002}, "spk18": {"room5": -1.5630204680000002, "room0": -1.447319746, "room2": -0.963192523}, "spk29": {"room10": 1.102553248}, "spk5": {"room3": -0.6663356420000001, "room5": -0.21556417600000002, "room0": 0.47486612200000006}, "spk9": {"room4": -0.058463953, "room7": 0.495696783, "room10": 0.70415014, "room12": -0.16141744, "room9": 0.237060532}, "spk2": {"room5": 0.8347707990000001, "room0": 1.701503515}, "spk23": {"room4": 2.408320427, "room7": 1.812427044, "room2": 2.7707183360000003, "room10": 2.641992569, "room12": 2.582066059, "room9": 2.195051432}, "spk15": {"room10": -1.021872401}, "spk28": {"room10": -0.465902925}, "spk24": {"room1": 2.052814722}, "spk12": {"room10": -0.9559506179999999}, "spk8": {"room10": 2.242665291}, "spk17": {"room5": 1.7155669930000002, "room0": 2.054992199}, "spk11": {"room3": -0.27126485100000003, "room4": -1.016345263, "room7": -2.08749032, "room2": -1.104249835, "room12": -1.0790098909999999, "room9": -1.228455901}, "spk19": {"room4": -1.108167768, "room7": -1.5289382930000002, "room12": -1.2535786629999999}, "spk13": {"room4": 2.047228575, "room12": 1.686225176}, "spk31": {"room10": -1.237890482}, "spk6": {"room10": 1.329542518}, "spk3": {"room3": 0.229187712, "room5": 0.5246736999999999, "room7": -0.7895067929999999, "room0": 0.44988691799999997, "room2": 0.46825549, "room9": 0.264395714}, "spk0": {"room3": 2.265311956}, "spk20": {"room10": -0.935715139}, "spk26": {"room2": 4.802517891}, "spk16": {"room3": -0.079469338, "room4": -0.547017813, "room7": -0.392386854, "room12": -0.696622193, "room9": 0.232552543}, "spk27": {"room5": 0.07210562400000001, "room0": -0.005380881}, "spk25": {"room1": 1.175550938}, "spk21": {"room3": 1.97250092, "room4": 1.784907103, "room2": 0.531803012, "room12": 1.3697681430000002}, "spk30": {"room4": -1.4906191830000002, "room2": -1.627739549, "room12": -1.330196977}, "spk4": {"room6": 0.491566151}, "spk14": {"room10": 1.6767033340000002}, "spk7": {"room12": 2.150980473}, "spk1": {"room5": 0.155169755, "room0": -0.126466691}}}