{"meta": {"speaker": "spk26", "room": "room11"}, "data": {"spk22": {"room0": -0.289549738}, "spk10": {"room4": -0.197122529, "room12": 0.492312104}, "spk18": {"room5": -0.8865216370000001, "room0": -0.9211055640000001, "room2": -0.7236340640000001}, "spk29": {"room10": 0.787443876}, "spk5": {"room3": -0.060014452999999995, "room5": -0.25522369100000003, "room0": 0.43592244399999996}, "spk9": {"room4": 0.14448554800000002, "room7": 0.183971763, "room10": 1.0172686579999999, "room12": -0.35628283, "room9": 0.12145639999999998}, "spk2": {"room5": 0.378551245, "room0": 0.413506627}, "spk23": {"room4": 2.068134069, "room7": 1.921905756, "room2": 2.920164347, "room10": 2.814809561, "room12": 1.542383075, "room9": 1.896518946}, "spk15": {"room10": -1.148983598}, "spk28": {"room10": -0.7829236390000001}, "spk24": {"room1": 1.861535311}, "spk12": {"room10": -0.46856728200000003}, "spk8": {"room10": 1.262039065}, "spk17": {"room5": 1.034757137, "room0": 1.105851412}, "spk11": {"room3": -0.081429407, "room4": -0.7258175020000001, "room7": -1.059342384, "room2": -0.061309407999999996, "room12": -0.69283241, "room9": -0.934654832}, "spk19": {"room4": -1.1511209009999999, "room7": -1.1631702179999999, "room12": -0.914884686}, "spk13": {"room4": 1.0233376029999999, "room12": 1.166099548}, "spk31": {"room10": -1.062647462}, "spk6": {"room10": 0.7064999340000001}, "spk3": {"room3": 0.105892308, "room5": 0.083350889, "room7": -0.607313335, "room0": 0.045657422, "room2": 0.470899612, "room9": 0.036131758}, "spk0": {"room3": 1.687633276}, "spk20": {"room10": -0.34728545}, "spk26": {"room2": 3.7936005589999997}, "spk16": {"room3": 1.08720243, "room4": -0.510041296, "room7": -0.205958515, "room12": -0.453747034, "room9": 0.27993744600000003}, "spk27": {"room5": 0.464730501, "room0": 0.038678735}, "spk25": {"room1": 0.746979177}, "spk21": {"room3": 2.025770664, "room4": 0.936504245, "room2": 0.8385284540000001, "room12": 0.7870275379999999}, "spk30": {"room4": -0.9025532009999999, "room2": -1.3857030869999998, "room12": -1.1767655609999998}, "spk4": {"room6": 0.628453672}, "spk14": {"room10": 1.452960372}, "spk7": {"room12": 1.022613883}, "spk1": {"room5": 0.151373789, "room0": -0.406856716}}}