{"meta": {"speaker": "spk26", "room": "room13"}, "data": {"spk22": {"room0": -0.11969502300000001}, "spk10": {"room4": 1.394392848, "room12": 1.7997663019999999}, "spk18": {"room5": -1.527316809, "room0": -1.8121802809999998, "room2": -1.667680025}, "spk29": {"room10": 2.476287365}, "spk5": {"room3": 0.745931745, "room5": -0.49134871399999996, "room0": -0.249532863}, "spk9": {"room4": 0.460944533, "room7": 0.975011706, "room10": 0.426349938, "room12": 0.51170069, "room9": 0.121984154}, "spk2": {"room5": 2.8923130039999996, "room0": 0.318392903}, "spk23": {"room4": 2.4301221369999997, "room7": 2.998968363, "room2": 5.142923832, "room10": 2.8730278019999997, "room12": 2.9499571319999998, "room9": 3.860964775}, "spk15": {"room10": -1.681446552}, "spk28": {"room10": -1.372758865}, "spk24": {"room1": 1.6358482840000002}, "spk12": {"room10": -0.770010173}, "spk8": {"room10": 1.314408422}, "spk17": {"room5": 0.969304085, "room0": 1.3037962909999998}, "spk11": {"room3": -0.071617976, "room4": -0.10622121400000001, "room7": -1.063409448, "room2": 0.06495107, "room12": -0.6153863070000001, "room9": -0.140110821}, "spk19": {"room4": -1.662708163, "room7": -1.207758307, "room12": -1.79754889}, "spk13": {"room4": 1.28973484, "room12": 0.765804112}, "spk31": {"room10": -1.5264774559999998}, "spk6": {"room10": 0.535166144}, "spk3": {"room3": 0.265834391, "room5": 0.630111396, "room7": -0.380621463, "room0": 0.148042142, "room2": 0.40603777799999996, "room9": -0.778099537}, "spk0": {"room3": 1.947403789}, "spk20": {"room10": 0.059878763}, "spk26": {"room2": 4.6636800769999995}, "spk16": {"room3": 0.931021512, "room4": -1.6493327619999998, "room7": 0.207692966, "room12": -0.213407502, "room9": -0.161277533}, "spk27": {"room5": 0.7134623529999999, "room0": 0.291610181}, "spk25": {"room1": 1.167363048}, "spk21": {"room3": 1.6473758219999999, "room4": 1.928878546, "room2": 1.778542399, "room12": 1.418364644}, "spk30": {"room4": -0.560799599, "room2": -0.970966876, "room12": -0.983926952}, "spk4": {"room6": 0.40542829}, "spk14": {"room10": 0.654069424}, "spk7": {"room12": 0.8055391909999999}, "spk1": {"room5": 1.6662197109999999, "room0": 0.6797246929999999}}}