{"meta": {"speaker": "spk26", "room": "room8"}, "data": {"spk22": {"room0": 0.48373097200000004}, "spk10": {"room4": 0.08285591, "room12": -0.37934535700000005}, "spk18": {"room5": -0.177993625, "room0": 0.029068982, "room2": 0.202026457}, "spk29": {"room10": 0.606110275}, "spk5": {"room3": -0.18513464899999998, "room5": 0.103178829, "room0": 0.312996984}, "spk9": {"room4": 0.691919625, "room7": 0.355123401, "room10": 1.44248724, "room12": 1.448211551, "room9": 0.999373555}, "spk2": {"room5": -0.400532603, "room0": 1.292425036}, "spk23": {"room4": 2.0951459409999997, "room7": 1.545901895, "room2": 1.073449492, "room10": 1.147813201, "room12": 1.7026555540000001, "room9": 2.1381917}, "spk15": {"room10": -0.929451525}, "spk28": {"room10": -0.26907593}, "spk24": {"room1": 1.900777102}, "spk12": {"room10": -0.299090326}, "spk8": {"room10": 0.053509213}, "spk17": {"room5": 0.12646199800000002, "room0": 0.6480619910000001}, "spk11": {"room3": 0.40882402700000003, "room4": -0.088454023, "room7": 0.079618417, "room2": 1.4091696740000001, "room12": 0.533239841, "room9": 0.546303689}, "spk19": {"room4": -0.754179895, "room7": -1.0145435329999999, "room12": -0.932228088}, "spk13": {"room4": 2.718768597, "room12": 1.7218463419999999}, "spk31": {"room10": -0.552501857}, "spk6": {"room10": 0.691138625}, "spk3": {"room3": 0.146320045, "room5": 1.790368199, "room7": 0.858113647, "room0": -0.054410737, "room2": 1.565274239, "room9": 0.518568397}, "spk0": {"room3": 0.92573899}, "spk20": {"room10": -0.34569227700000005}, "spk26": {"room2": 4.891086578}, "spk16": {"room3": 1.914295197, "room4": 1.267117023, "room7": 0.62099427, "room12": 0.131241009, "room9": 2.0101692680000003}, "spk27": {"room5": -0.830050886, "room0": 0.063576072}, "spk25": {"room1": 1.539205551}, "spk21": {"room3": 0.212025866, "room4": 1.681437373, "room2": 0.28149038600000004, "room12": 0.917528868}, "spk30": {"room4": -1.031093836, "room2": -0.679536164, "room12": -0.38239803899999997}, "spk4": {"room6": 0.165293276}, "spk14": {"room10": 1.4678549769999998}, "spk7": {"room12": 2.468033552}, "spk1": {"room5": -0.198035643, "room0": 0.04694172}}}