{"meta": {"speaker": "spk26", "room": "room8"}, "data": {"spk22": {"room0": 0.139218658}, "spk10": {"room4": 0.593705237, "room12": 0.40460625299999997}, "spk18": {"room5": -0.5998469, "room0": -0.446949184, "room2": -0.507692158}, "spk29": {"room10": 1.0778120759999998}, "spk5": {"room3": 0.376347482, "room5": 1.184045672, "room0": 0.827867329}, "spk9": {"room4": 0.6352666020000001, "room7": 0.684114635, "room10": 1.284351349, "room12": 0.8869255779999999, "room9": 0.709718883}, "spk2": {"room5": 2.575007677, "room0": 2.2750186919999997}, "spk23": {"room4": 2.5768523219999997, "room7": 2.3905091290000002, "room2": 2.6247041230000003, "room10": 3.553131342, "room12": 3.295207739, "room9": 3.0697970389999996}, "spk15": {"room10": -0.42524325799999996}, "spk28": {"room10": -0.7405031320000001}, "spk24": {"room1": 2.011726379}, "spk12": {"room10": -0.576091409}, "spk8": {"room10": 0.48702997}, "spk17": {"room5": 1.519279361, "room0": 1.7011379}, "spk11": {"room3": 0.405154556, "room4": 0.406750679, "room7": 0.296655506, "room2": 0.215846077, "room12": -0.564165473, "room9": 0.071698628}, "spk19": {"room4": -0.9789722559999999, "room7": -0.8955003020000001, "room12": -1.089673519}, "spk13": {"room4": 2.5998072619999997, "room12": 2.01035881}, "spk31": {"room10": -0.873821318}, "spk6": {"room10": 0.08405973}, "spk3": {"room3": -0.379031539, "room5": 1.0618945359999998, "room7": -0.408160329, "room0": 0.05224805, "room2": 1.06132412, "room9": -0.13819758599999998}, "spk0": {"room3": 2.3131976130000003}, "spk20": {"room10": -0.557948112}, "spk26": {"room2": 4.23402071}, "spk16": {"room3": 1.758517265, "room4": 0.050376348, "room7": -0.19059957600000002, "room12": -0.398082882, "room9": 0.942128897}, "spk27": {"room5": 0.469678521, "room0": 0.670897365}, "spk25": {"room1": 2.146542072}, "spk21": {"room3": 2.308163404, "room4": 1.6784669159999999, "room2": 1.576310396, "room12": 1.622429371}, "spk30": {"room4": -1.1349657770000001, "room2": -0.854402542, "room12": -0.723397434}, "spk4": {"room6": -0.311188132}, "spk14": {"room10": 0.748362064}, "spk7": {"room12": 1.256997585}, "spk1": {"room5": 1.272497058, "room0": 0.922836304}}}