{"meta": {"speaker": "spk26", "room": "room13"}, "data": {"spk22": {"room0": 0.317248523}, "spk10": {"room4": 0.524803519, "room12": 0.246567965}, "spk18": {"room5": -1.248342872, "room0": -1.212496638, "room2": -1.121547937}, "spk29": {"room10": 1.823057294}, "spk5": {"room3": 0.56450069, "room5": -0.038740027999999996, "room0": 0.679376662}, "spk9": {"room4": 0.321111321, "room7": 0.795937896, "room10": 1.436416745, "room12": 1.01516068, "room9": 0.258438408}, "spk2": {"room5": 1.369252563, "room0": 0.671722293}, "spk23": {"room4": 2.152226448, "room7": 1.258259416, "room2": 2.448818684, "room10": 2.4533388609999998, "room12": 0.939032674, "room9": 1.7902832030000002}, "spk15": {"room10": -0.359569669}, "spk28": {"room10": -1.024252653}, "spk24": {"room1": 1.9314240219999999}, "spk12": {"room10": -0.18168626699999998}, "spk8": {"room10": -0.017973579}, "spk17": {"room5": 0.574627101, "room0": 0.555783391}, "spk11": {"room3": 1.384526491, "room4": 0.614900291, "room7": -0.209203988, "room2": 0.173570484, "room12": -0.24794477199999998, "room9": 0.053183604}, "spk19": {"room4": -1.5391078, "room7": -1.067348599, "room12": -1.308942437}, "spk13": {"room4": 1.6143721340000001, "room12": 0.671678305}, "spk31": {"room10": -0.531621337}, "spk6": {"room10": 0.211017996}, "spk3": {"room3": 0.104806289, "room5": 0.47575146, "room7": 0.129449964, "room0": -0.182503, "room2": 0.622490048, "room9": 0.815706015}, "spk0": {"room3": 0.735889971}, "spk20": {"room10": -0.401861846}, "spk26": {"room2": 3.0326936239999998}, "spk16": {"room3": 1.00459528, "room4": -0.604599118, "room7": -0.289387107, "room12": -0.7246366740000001, "room9": 0.08776473300000001}, "spk27": {"room5": 0.5888218279999999, "room0": 0.452255577}, "spk25": {"room1": 0.276504934}, "spk21": {"room3": 2.100618601, "room4": 0.780550599, "room2": 1.0608489509999999, "room12": 0.12376269}, "spk30": {"room4": -0.8420565720000001, "room2": -2.0415642259999998, "room12": -0.873218775}, "spk4": {"room6": -0.15098851900000002}, "spk14": {"room10": 0.296428025}, "spk7": {"room12": 1.186206579}, "spk1": {"room5": 1.65791142, "room0": 0.963989675}}}