{"meta": {"speaker": "spk26", "room": "room11"}, "data": {"spk22": {"room0": -1.0895951990000001}, "spk10": {"room4": -0.203015849, "room12": 0.147597268}, "spk18": {"room5": -1.5915417669999998, "room0": -1.7280243640000001, "room2": -1.0128885509999999}, "spk29": {"room10": 1.0466156009999998}, "spk5": {"room3": -0.793454468, "room5": -1.238417506, "room0": -0.6580566170000001}, "spk9": {"room4": 0.028760366000000002, "room7": -0.300838232, "room10": 0.09526625300000001, "room12": -1.019456029, "room9": -0.17395237100000002}, "spk2": {"room5": 0.495222479, "room0": 0.17988137899999998}, "spk23": {"room4": 2.347100735, "room7": 1.940196395, "room2": 2.606069565, "room10": 1.750202417, "room12": 1.626030087, "room9": 2.6990640160000003}, "spk15": {"room10": -1.3408846859999999}, "spk28": {"room10": -0.856524527}, "spk24": {"room1": 0.946840227}, "spk12": {"room10": -1.474417448}, "spk8": {"room10": 1.5507605080000002}, "spk17": {"room5": 1.6605683569999998, "room0": 1.844068289}, "spk11": {"room3": -0.7991765740000001, "room4": -1.311501145, "room7": -1.6481891869999998, "room2": -1.353584051, "room12": -1.11310339, "room9": -1.7066665890000001}, "spk19": {"room4": -0.9937608840000001, "room7": -1.590296865, "room12": -0.7919124959999999}, "spk13": {"room4": 1.2960059640000001, "room12": 0.8652806279999999}, "spk31": {"room10": -1.207818627}, "spk6": {"room10": 1.926309586}, "spk3": {"room3": -0.107242666, "room5": -0.049782552, "room7": -1.41938138, "room0": -0.46695545299999996, "room2": -0.031914871000000004, "room9": -0.982238591}, "spk0": {"room3": 2.35017395}, "spk20": {"room10": -0.716684043}, "spk26": {"room2": 4.743242741}, "spk16": {"room3": -0.47187975, "room4": -1.5272859330000002, "room7": -1.20657444, "room12": -0.398598909, "room9": -0.8941050770000001}, "spk27": {"room5": -0.9980781670000001, "room0": -0.391805023}, "spk25": {"room1": 0.692588091}, "spk21": {"room3": 1.464097142, "room4": 0.890916884, "room2": 1.0068734879999999, "room12": 0.559372127}, "spk30": {"room4": -1.237152338, "room2": -2.148949385, "room12": -1.6444472069999998}, "spk4": {"room6": 0.004487509000000001}, "spk14": {"room10": 0.613384485}, "spk7": {"room12": 2.31878829}, "spk1": {"room5": -0.272606105, "room0": -0.523099065}}}