{"meta": {"speaker": "spk30", "room": "room4"}, "data": {"spk22": {"room0": -1.5256984230000001}, "spk10": {"room4": -2.472429037, "room12": -0.6899900440000001}, "spk18": {"room5": 1.013690591, "room0": 0.585828185, "room2": 1.984267235}, "spk29": {"room10": -1.627082467}, "spk5": {"room3": -1.326814413, "room5": -1.685769081, "room0": -0.821537495}, "spk9": {"room4": -1.6452478169999998, "room7": -1.0146625040000001, "room10": -1.852657437, "room12": -1.270806789, "room9": -1.850993395}, "spk2": {"room5": -1.783539772, "room0": -1.79485476}, "spk23": {"room4": -1.938997149, "room7": -1.4074707030000002, "room2": -1.6728777890000002, "room10": -1.5742825269999998, "room12": -2.2652175430000003, "room9": -1.75148654}, "spk15": {"room10": -0.313660622}, "spk28": {"room10": 0.41601342}, "spk24": {"room1": -1.8814803359999999}, "spk12": {"room10": 0.7271162870000001}, "spk8": {"room10": -1.439963341}, "spk17": {"room5": -1.252166748, "room0": -1.95123601}, "spk11": {"room3": -1.403671265, "room4": -2.274054289, "room7": -1.7348090409999999, "room2": -1.90111351, "room12": -1.070132017, "room9": -2.411077976}, "spk19": {"room4": 0.347922236, "room7": 1.277154922, "room12": -0.11613038199999999}, "spk13": {"room4": -1.100104451, "room12": -1.85158658}, "spk31": {"room10": 0.295573115}, "spk6": {"room10": -0.7226275209999999}, "spk3": {"room3": -1.607138872, "room5": -0.6624466179999999, "room7": -1.758894444, "room0": -1.76173532, "room2": -1.168903947, "room9": -1.528732538}, "spk0": {"room3": -1.266532779}, "spk20": {"room10": 0.347652406}, "spk26": {"room2": -0.864754021}, "spk16": {"room3": -1.739904642, "room4": -1.215542555, "room7": -1.452984214, "room12": -1.504446507, "room9": -1.2784935240000002}, "spk27": {"room5": -1.7486504319999998, "room0": -1.7407525780000002}, "spk25": {"room1": -1.788667917}, "spk21": {"room3": -0.53406018, "room4": -1.646334648, "room2": -1.230169535, "room12": -1.8273258209999999}, "spk30": {"room4": 2.464162588, "room2": 1.6855949159999999, "room12": 2.480742216}, "spk4": {"room6": -1.820789576}, "spk14": {"room10": -0.252551138}, "spk7": {"room12": -1.398586631}, "spk1": {"room5": -1.517411709, "room0": -1.725174189}}}