{"meta": {"speaker": "spk30", "room": "room8"}, "data": {"spk22": {"room0": -1.3881626130000002}, "spk10": {"room4": -2.195859194, "room12": -0.8248087759999999}, "spk18": {"room5": 0.124843165, "room0": -0.322196096, "room2": -0.68182981}, "spk29": {"room10": -1.097314835}, "spk5": {"room3": -1.4360401630000001, "room5": -1.349933505, "room0": -1.4137319330000002}, "spk9": {"room4": -1.533747435, "room7": -1.116597652, "room10": -1.259541988, "room12": -1.591522455, "room9": -1.47591877}, "spk2": {"room5": -1.334229469, "room0": -1.412151456}, "spk23": {"room4": -1.3769316669999998, "room7": -1.400027514, "room2": -0.7286925320000001, "room10": -0.89779532, "room12": -0.968990982, "room9": -1.513173699}, "spk15": {"room10": -0.752783179}, "spk28": {"room10": 0.744220495}, "spk24": {"room1": -1.199896455}, "spk12": {"room10": -0.344848186}, "spk8": {"room10": -0.687983751}, "spk17": {"room5": -1.055510521, "room0": -1.3955982919999999}, "spk11": {"room3": -1.490147352, "room4": -1.849741101, "room7": -1.4671441319999998, "room2": -1.512586117, "room12": -1.318409085, "room9": -1.649844408}, "spk19": {"room4": 0.71170336, "room7": 0.388209164, "room12": 0.832217157}, "spk13": {"room4": -0.8950232859999999, "room12": -1.410533786}, "spk31": {"room10": 0.803880692}, "spk6": {"room10": -0.34382492299999995}, "spk3": {"room3": -1.751476288, "room5": -0.478487939, "room7": -1.509609699, "room0": -1.3365316390000002, "room2": -0.934940875, "room9": -1.200489402}, "spk0": {"room3": -0.556130528}, "spk20": {"room10": -0.109966576}, "spk26": {"room2": -0.955101132}, "spk16": {"room3": -1.48944366, "room4": -1.090387344, "room7": -1.55480659, "room12": -1.055055618, "room9": -1.490432024}, "spk27": {"room5": -1.1065921779999999, "room0": -1.4182286259999999}, "spk25": {"room1": -1.5560618640000001}, "spk21": {"room3": -0.726903319, "room4": -1.143115401, "room2": -0.813660085, "room12": -1.32384336}, "spk30": {"room4": 3.867655993, "room2": 1.246162891, "room12": 2.156169176}, "spk4": {"room6": -0.940870702}, "spk14": {"room10": -0.385440499}, "spk7": {"room12": -1.3756436109999999}, "spk1": {"room5": -1.579828143, "room0": -1.566124558}}}