{"meta": {"speaker": "spk30", "room": "room8"}, "data": {"spk22": {"room0": -1.098323584}, "spk10": {"room4": -2.059248209, "room12": -0.739626408}, "spk18": {"room5": -0.657691479, "room0": -0.690533817, "room2": 0.447839737}, "spk29": {"room10": -0.297650307}, "spk5": {"room3": -0.659798384, "room5": -0.762715995, "room0": -0.648225725}, "spk9": {"room4": -0.353485793, "room7": -0.058863717999999995, "room10": -0.430909097, "room12": -0.937684298, "room9": -0.363397986}, "spk2": {"room5": -1.138553381, "room0": -1.273452163}, "spk23": {"room4": -1.032074928, "room7": -0.87564826, "room2": -0.635059059, "room10": -1.195006847, "room12": -1.099813342, "room9": -1.017728806}, "spk15": {"room10": -0.8994088170000001}, "spk28": {"room10": -0.22203452899999998}, "spk24": {"room1": 0.440462917}, "spk12": {"room10": -1.125152946}, "spk8": {"room10": -1.368255496}, "spk17": {"room5": -0.7199766040000001, "room0": -1.1605807540000002}, "spk11": {"room3": -0.476276219, "room4": -1.213167787, "room7": -0.7191810009999999, "room2": -0.505161226, "room12": -0.489345342, "room9": -1.235950708}, "spk19": {"room4": -0.558372974, "room7": -1.112286329, "room12": 0.140624225}, "spk13": {"room4": -0.7821573620000001, "room12": -1.279795408}, "spk31": {"room10": -0.38226366}, "spk6": {"room10": 0.396891624}, "spk3": {"room3": -0.7734665270000001, "room5": 0.20839645, "room7": -0.991567671, "room0": -0.71617341, "room2": -0.330688983, "room9": -0.862386048}, "spk0": {"room3": -0.35518077}, "spk20": {"room10": -0.29953295}, "spk26": {"room2": 0.109047085}, "spk16": {"room3": -1.0289134979999999, "room4": -0.27461978800000003, "room7": -0.704561889, "room12": 0.0019058870000000002, "room9": -0.907498062}, "spk27": {"room5": -0.762363195, "room0": -0.824206769}, "spk25": {"room1": -0.719384253}, "spk21": {"room3": -0.53592068, "room4": -0.42845058399999997, "room2": -0.585938513, "room12": -0.871069491}, "spk30": {"room4": 8.201073647000001, "room2": 6.4236950870000005, "room12": 5.513584614}, "spk4": {"room6": -0.585231662}, "spk14": {"room10": -0.135673895}, "spk7": {"room12": -0.780130565}, "spk1": {"room5": -1.318722963, "room0": -1.421511173}}}