{"meta": {"speaker": "spk30", "room": "room8"}, "data": {"spk22": {"room0": -0.631326079}, "spk10": {"room4": -1.599384665, "room12": -0.7659683820000001}, "spk18": {"room5": 0.434672624, "room0": 0.638338089, "room2": 0.140069991}, "spk29": {"room10": -0.858807325}, "spk5": {"room3": -0.39544430399999997, "room5": -0.610316932, "room0": -0.456132442}, "spk9": {"room4": -0.519822955, "room7": -0.36595374299999994, "room10": -0.43645772299999996, "room12": -0.6621225479999999, "room9": -0.76013732}, "spk2": {"room5": -1.077397346, "room0": -0.907528102}, "spk23": {"room4": -1.3251373770000001, "room7": -1.061524034, "room2": -0.515187979, "room10": -0.7777948379999999, "room12": -0.847691655, "room9": -1.470024943}, "spk15": {"room10": 0.403887451}, "spk28": {"room10": 1.734933853}, "spk24": {"room1": -1.152553439}, "spk12": {"room10": -0.205435693}, "spk8": {"room10": 0.0016033229999999998}, "spk17": {"room5": -0.500728369, "room0": -1.1786025759999998}, "spk11": {"room3": -0.7785162929999999, "room4": -0.7628290059999999, "room7": -0.41239506, "room2": -0.35914185600000004, "room12": -0.669809341, "room9": -0.7662577629999999}, "spk19": {"room4": 0.604392409, "room7": -0.36668881799999997, "room12": 0.758897722}, "spk13": {"room4": -0.816138446, "room12": -0.389492124}, "spk31": {"room10": 2.710579395}, "spk6": {"room10": -1.0398766990000001}, "spk3": {"room3": -1.223227501, "room5": -0.219162479, "room7": -0.944368958, "room0": -0.852628231, "room2": -0.49395647600000003, "room9": -1.0956914420000001}, "spk0": {"room3": 0.002263517}, "spk20": {"room10": 0.9367223379999999}, "spk26": {"room2": -1.0078196529999999}, "spk16": {"room3": -0.699464381, "room4": -0.262666017, "room7": -0.780084491, "room12": -0.151854679, "room9": -0.921709597}, "spk27": {"room5": -0.6281412239999999, "room0": -0.9687705640000001}, "spk25": {"room1": -0.788242936}, "spk21": {"room3": -0.571385324, "room4": -0.5446372629999999, "room2": -0.023197399, "room12": -0.675631821}, "spk30": {"room4": 2.336216688, "room2": 0.819439173, "room12": 2.319310904}, "spk4": {"room6": -0.742797673}, "spk14": {"room10": -0.56649375}, "spk7": {"room12": -0.841028035}, "spk1": {"room5": -1.22992897, "room0": -1.1431677340000002}}}