{"meta": {"speaker": "spk30", "room": "room8"}, "data": {"spk22": {"room0": -1.0402853490000001}, "spk10": {"room4": -1.831496358, "room12": -0.963003457}, "spk18": {"room5": 0.610575914, "room0": -0.268259525, "room2": -0.243361965}, "spk29": {"room10": -1.073482871}, "spk5": {"room3": -1.204634547, "room5": -1.116070032, "room0": -1.113655925}, "spk9": {"room4": -1.305494785, "room7": -0.971044302, "room10": -0.9719427820000001, "room12": -1.180637956, "room9": -1.1789535279999999}, "spk2": {"room5": -1.488998413, "room0": -1.309606433}, "spk23": {"room4": -1.4291695359999999, "room7": -1.3925634619999998, "room2": -0.943410337, "room10": -1.069151044, "room12": -0.8592839240000001, "room9": -1.3810482030000002}, "spk15": {"room10": -0.8080579640000001}, "spk28": {"room10": 0.644367099}, "spk24": {"room1": -0.833697975}, "spk12": {"room10": -0.1384985}, "spk8": {"room10": -1.121997476}, "spk17": {"room5": -0.748464942, "room0": -1.446168661}, "spk11": {"room3": -1.273985267, "room4": -1.6833875180000002, "room7": -1.2664853329999999, "room2": -1.03054142, "room12": -1.105195522, "room9": -1.546498775}, "spk19": {"room4": -0.050395395999999995, "room7": -0.593306601, "room12": 0.34590095299999996}, "spk13": {"room4": -0.837080956, "room12": -1.307528257}, "spk31": {"room10": 0.61654824}, "spk6": {"room10": -0.176618367}, "spk3": {"room3": -1.475167871, "room5": -0.39435738299999995, "room7": -1.4005876780000002, "room0": -1.448314071, "room2": -0.9063918590000001, "room9": -1.336223602}, "spk0": {"room3": -0.126048654}, "spk20": {"room10": -0.327623636}, "spk26": {"room2": -0.691987693}, "spk16": {"room3": -1.624248385, "room4": -0.885496974, "room7": -1.326618314, "room12": -0.7272822859999999, "room9": -1.320998549}, "spk27": {"room5": -0.9083403940000001, "room0": -1.156336188}, "spk25": {"room1": -1.5419323440000001}, "spk21": {"room3": -0.84089613, "room4": -1.043916702, "room2": -0.699028373, "room12": -1.065019608}, "spk30": {"room4": 4.909934998, "room2": 3.1853652, "room12": 3.1085715289999998}, "spk4": {"room6": -1.199438095}, "spk14": {"room10": -0.08049660900000001}, "spk7": {"room12": -1.2874644990000002}, "spk1": {"room5": -1.433503151, "room0": -1.438071012}}}