{"meta": {"speaker": "spk30", "room": "room8"}, "data": {"spk22": {"room0": -1.105974913}, "spk10": {"room4": -1.6318063740000002, "room12": -0.713237703}, "spk18": {"room5": -0.85870707, "room0": -0.949825406, "room2": 0.36208549100000004}, "spk29": {"room10": -0.108170621}, "spk5": {"room3": -0.343762815, "room5": -0.20961889600000003, "room0": -0.384201646}, "spk9": {"room4": -0.309343129, "room7": -0.283432811, "room10": -0.267893404, "room12": -0.5574705, "room9": -0.358890444}, "spk2": {"room5": -1.012231112, "room0": -1.6940690280000001}, "spk23": {"room4": -0.98541081, "room7": -0.819252193, "room2": -1.182083488, "room10": -0.9886466859999999, "room12": -1.34584868, "room9": -1.2459847929999999}, "spk15": {"room10": -0.5188579560000001}, "spk28": {"room10": 1.198299646}, "spk24": {"room1": 0.296917498}, "spk12": {"room10": -1.295748472}, "spk8": {"room10": -1.222588539}, "spk17": {"room5": -1.095532179, "room0": -1.170623899}, "spk11": {"room3": -0.37494221299999997, "room4": -1.195587635, "room7": -0.624202907, "room2": -0.241844058, "room12": -0.575194061, "room9": -1.2951424120000001}, "spk19": {"room4": -0.523825884, "room7": -0.97206527, "room12": -0.071989663}, "spk13": {"room4": -0.652306676, "room12": -1.063082576}, "spk31": {"room10": -0.269143492}, "spk6": {"room10": 0.369790405}, "spk3": {"room3": -0.383672833, "room5": 0.45576927100000003, "room7": -0.4884547000000001, "room0": -0.43219018, "room2": 0.008490699, "room9": -0.641673505}, "spk0": {"room3": -0.10085540300000001}, "spk20": {"room10": -0.038099113999999996}, "spk26": {"room2": 0.522096872}, "spk16": {"room3": -0.9634606840000001, "room4": -0.39056578299999994, "room7": -0.565706849, "room12": -0.410054207, "room9": -0.556539059}, "spk27": {"room5": -1.175230026, "room0": -0.726038098}, "spk25": {"room1": -0.761693537}, "spk21": {"room3": -0.053940944000000005, "room4": 0.07569298099999999, "room2": -0.42846307200000006, "room12": -0.590406299}, "spk30": {"room4": 5.840408802000001, "room2": 7.176443099999999, "room12": 5.609373092999999}, "spk4": {"room6": -0.374727786}, "spk14": {"room10": 0.1466178}, "spk7": {"room12": -0.12063369199999999}, "spk1": {"room5": -1.365125775, "room0": -1.249594212}}}