{"meta": {"speaker": "spk30", "room": "room7"}, "data": {"spk22": {"room0": -0.8724742529999999}, "spk10": {"room4": -2.121694088, "room12": -1.202942252}, "spk18": {"room5": 0.400454789, "room0": 0.06418044099999999, "room2": 0.234346122}, "spk29": {"room10": -0.990029871}, "spk5": {"room3": -1.0344641209999998, "room5": -1.014402032, "room0": -1.235911965}, "spk9": {"room4": -1.2318059209999999, "room7": -1.237233758, "room10": -1.4490374330000002, "room12": -1.258851886, "room9": -1.35752511}, "spk2": {"room5": -1.155736804, "room0": -0.964210331}, "spk23": {"room4": -1.292596221, "room7": -1.197393298, "room2": -1.250659823, "room10": -1.0124779940000002, "room12": -1.12225163, "room9": -1.4229879380000001}, "spk15": {"room10": -0.30012038399999996}, "spk28": {"room10": 1.992817879}, "spk24": {"room1": -1.282982945}, "spk12": {"room10": 0.036580995}, "spk8": {"room10": -0.7368726729999999}, "spk17": {"room5": -1.007246137, "room0": -1.518838525}, "spk11": {"room3": -1.0698385240000001, "room4": -1.6605478530000002, "room7": -1.135065198, "room2": -0.620950222, "room12": -1.19845295, "room9": -1.55377996}, "spk19": {"room4": 0.586328208, "room7": 0.29844936699999997, "room12": 0.8305564520000001}, "spk13": {"room4": -0.816449285, "room12": -1.003197074}, "spk31": {"room10": 0.663882315}, "spk6": {"room10": -0.842152297}, "spk3": {"room3": -1.3231836559999999, "room5": -0.322807729, "room7": -1.101741672, "room0": -0.8962026829999999, "room2": -0.551556885, "room9": -1.123545647}, "spk0": {"room3": -0.658857524}, "spk20": {"room10": 0.045326378}, "spk26": {"room2": -0.446289063}, "spk16": {"room3": -1.357787848, "room4": -0.681697905, "room7": -1.244644761, "room12": -0.71082902, "room9": -1.241084933}, "spk27": {"room5": -1.232197404, "room0": -1.370760322}, "spk25": {"room1": -1.636914611}, "spk21": {"room3": -0.838937342, "room4": -0.951824069, "room2": -0.629780352, "room12": -1.05666554}, "spk30": {"room4": 4.037497997, "room2": 3.62831831, "room12": 3.8034513}, "spk4": {"room6": -1.4320164919999998}, "spk14": {"room10": -0.536433041}, "spk7": {"room12": -1.3912961480000001}, "spk1": {"room5": -1.430101991, "room0": -1.289562464}}}