{"meta": {"speaker": "spk30", "room": "room8"}, "data": {"spk22": {"room0": -1.058839321}, "spk10": {"room4": -2.278408289, "room12": -1.152934551}, "spk18": {"room5": -0.21755155899999998, "room0": -0.426518887, "room2": 0.351980656}, "spk29": {"room10": -0.9563936}, "spk5": {"room3": -1.24798739, "room5": -1.24100852, "room0": -1.0872311590000001}, "spk9": {"room4": -0.751969278, "room7": -0.9549148679999999, "room10": -0.946033239, "room12": -1.098202825, "room9": -1.0678154229999999}, "spk2": {"room5": -1.940039396, "room0": -1.808695674}, "spk23": {"room4": -1.446054339, "room7": -1.243993759, "room2": -1.8296445609999998, "room10": -1.861279607, "room12": -1.762107134, "room9": -1.835089445}, "spk15": {"room10": -1.31550467}, "spk28": {"room10": 1.728733897}, "spk24": {"room1": -0.500477552}, "spk12": {"room10": -0.700817585}, "spk8": {"room10": -1.102980971}, "spk17": {"room5": -0.992661536, "room0": -1.411963105}, "spk11": {"room3": -0.7487266659999999, "room4": -1.5123845340000002, "room7": -1.029191494, "room2": -0.499877125, "room12": -0.731693983, "room9": -1.318201542}, "spk19": {"room4": 1.4419850109999999, "room7": 0.057806421, "room12": 1.663358331}, "spk13": {"room4": -1.090525866, "room12": -1.489485383}, "spk31": {"room10": 0.35032951799999995}, "spk6": {"room10": -0.7845365409999999}, "spk3": {"room3": -1.2486211059999999, "room5": -0.727533579, "room7": -1.22539556, "room0": -1.4355933669999998, "room2": -0.532684267, "room9": -1.423137188}, "spk0": {"room3": -0.5341268779999999}, "spk20": {"room10": -0.715007842}, "spk26": {"room2": -0.213230878}, "spk16": {"room3": -0.759811819, "room4": -0.758839667, "room7": -0.43029496100000003, "room12": -0.537298322, "room9": -1.230861068}, "spk27": {"room5": -1.19185257, "room0": -1.299631238}, "spk25": {"room1": -1.188000917}, "spk21": {"room3": -1.010344148, "room4": -0.9477144479999999, "room2": -1.311676621, "room12": -1.151658177}, "spk30": {"room4": 2.157046795, "room2": 4.260612011, "room12": 1.678593636}, "spk4": {"room6": -1.681553006}, "spk14": {"room10": -0.622442305}, "spk7": {"room12": -1.1178076270000001}, "spk1": {"room5": -1.68296814, "room0": -1.237610817}}}