{"meta": {"speaker": "spk30", "room": "room4"}, "data": {"spk22": {"room0": -0.012111546}, "spk10": {"room4": -1.173881769, "room12": -0.008402498000000001}, "spk18": {"room5": 1.114344478, "room0": 0.683394313, "room2": 0.937755108}, "spk29": {"room10": -0.493458599}, "spk5": {"room3": -0.599423945, "room5": -0.57014519, "room0": -0.594168901}, "spk9": {"room4": -0.704231203, "room7": -0.518594086, "room10": -1.209378123, "room12": -0.507899284, "room9": -0.804858148}, "spk2": {"room5": -0.7642799020000001, "room0": -0.92253989}, "spk23": {"room4": -0.710407972, "room7": -0.725488424, "room2": -0.562616467, "room10": -0.545528233, "room12": -0.839808166, "room9": -0.7677065129999999}, "spk15": {"room10": -0.23410119100000001}, "spk28": {"room10": 1.535562396}, "spk24": {"room1": -0.328887522}, "spk12": {"room10": 0.317291021}, "spk8": {"room10": 0.297742963}, "spk17": {"room5": -0.576511979, "room0": -0.704479814}, "spk11": {"room3": -0.771031857, "room4": -1.1396166090000002, "room7": -0.35388425, "room2": -0.20265172399999998, "room12": -0.24142496300000002, "room9": -1.268066168}, "spk19": {"room4": 1.214987993, "room7": 0.911281586, "room12": 1.374507308}, "spk13": {"room4": -0.15439193, "room12": -0.776515305}, "spk31": {"room10": 1.184229493}, "spk6": {"room10": 0.813695073}, "spk3": {"room3": -0.580213428, "room5": 0.305114388, "room7": -0.464952201, "room0": -0.245000973, "room2": -0.038542498, "room9": -0.29884716899999997}, "spk0": {"room3": 0.20040057600000002}, "spk20": {"room10": 0.365786016}, "spk26": {"room2": 0.399453044}, "spk16": {"room3": -0.977383852, "room4": -0.329715878, "room7": -0.81742245, "room12": -0.243019328, "room9": -0.599683046}, "spk27": {"room5": -0.697649181, "room0": -0.830760479}, "spk25": {"room1": -1.308854699}, "spk21": {"room3": 0.120993644, "room4": -0.5467888710000001, "room2": 0.26253318800000003, "room12": -0.885530412}, "spk30": {"room4": 6.457737446, "room2": 5.017434597, "room12": 5.443427562999999}, "spk4": {"room6": -0.948023617}, "spk14": {"room10": 0.7377947570000001}, "spk7": {"room12": -0.724766433}, "spk1": {"room5": -1.038891077, "room0": -1.386415005}}}