{"meta": {"speaker": "spk30", "room": "room9"}, "data": {"spk22": {"room0": -0.8256202340000001}, "spk10": {"room4": -1.384203553, "room12": -0.557664752}, "spk18": {"room5": 1.039086819, "room0": 1.3545998330000002, "room2": 1.40896666}, "spk29": {"room10": -0.968494475}, "spk5": {"room3": -0.958697259, "room5": -1.109517217, "room0": -0.999426901}, "spk9": {"room4": -1.685215354, "room7": -1.105065942, "room10": -1.5513931509999999, "room12": -1.848806381, "room9": -1.57351613}, "spk2": {"room5": -1.7001824380000001, "room0": -1.03934896}, "spk23": {"room4": -1.0179524420000001, "room7": -1.230261207, "room2": -1.16669178, "room10": -1.033586144, "room12": -1.4634873869999998, "room9": -1.08068645}, "spk15": {"room10": -0.441364735}, "spk28": {"room10": 1.3014670609999999}, "spk24": {"room1": -0.643340468}, "spk12": {"room10": 0.169876903}, "spk8": {"room10": -1.13751483}, "spk17": {"room5": -1.282071352, "room0": -1.2700092790000002}, "spk11": {"room3": -0.944258213, "room4": -1.5892368559999999, "room7": -1.00938952, "room2": -0.8097581859999999, "room12": -1.035260201, "room9": -1.6014964580000002}, "spk19": {"room4": 1.4991272690000002, "room7": 2.142837763, "room12": 0.9757208820000001}, "spk13": {"room4": -0.5110844370000001, "room12": -0.494824857}, "spk31": {"room10": 0.305523932}, "spk6": {"room10": -0.303657115}, "spk3": {"room3": -1.06693244, "room5": -0.035419248, "room7": -1.058627248, "room0": -0.447670639, "room2": -0.339138061, "room9": -0.8856930140000001}, "spk0": {"room3": -1.019471884}, "spk20": {"room10": 0.177331865}, "spk26": {"room2": -0.539136529}, "spk16": {"room3": -1.5207345490000002, "room4": -0.429966539, "room7": -1.2646746640000002, "room12": -1.035873532, "room9": -1.186078191}, "spk27": {"room5": -1.262860417, "room0": -1.2515889409999998}, "spk25": {"room1": -1.774335504}, "spk21": {"room3": -0.693322778, "room4": -0.880646169, "room2": -0.41519463100000004, "room12": -1.3064064979999999}, "spk30": {"room4": 5.621268272000001, "room2": 5.120222092, "room12": 5.041110038999999}, "spk4": {"room6": -0.755899608}, "spk14": {"room10": -0.10751240000000001}, "spk7": {"room12": -1.3354470729999999}, "spk1": {"room5": -1.294473767, "room0": -1.170770884}}}