{"meta": {"speaker": "spk30", "room": "room12"}, "data": {"spk22": {"room0": -1.364638686}, "spk10": {"room4": -2.2098336219999997, "room12": -1.4040193559999998}, "spk18": {"room5": -0.854975224, "room0": -1.612530231, "room2": -0.427806199}, "spk29": {"room10": -1.418147922}, "spk5": {"room3": -1.532914162, "room5": -1.4802556040000001, "room0": -1.4118180269999998}, "spk9": {"room4": -1.712499261, "room7": -1.297053695, "room10": -1.530436397, "room12": -1.685304046, "room9": -1.8731368780000002}, "spk2": {"room5": -1.6965650319999999, "room0": -1.889955878}, "spk23": {"room4": -1.8118395809999999, "room7": -1.796474695, "room2": -1.588986993, "room10": -1.588467717, "room12": -1.9100857969999998, "room9": -1.789361}, "spk15": {"room10": -0.538303971}, "spk28": {"room10": 2.099812031}, "spk24": {"room1": -1.697253466}, "spk12": {"room10": -1.161825299}, "spk8": {"room10": -1.20537293}, "spk17": {"room5": -1.3576347830000002, "room0": -1.659105778}, "spk11": {"room3": -1.178468585, "room4": -1.745040655, "room7": -1.462849736, "room2": -1.327713132, "room12": -1.0610531570000001, "room9": -1.727556348}, "spk19": {"room4": -0.356379777, "room7": -0.08542858800000001, "room12": 0.159339949}, "spk13": {"room4": -1.289762616, "room12": -1.9276828769999999}, "spk31": {"room10": 0.82337302}, "spk6": {"room10": -0.6169291729999999}, "spk3": {"room3": -1.5205821990000001, "room5": -0.7324167490000001, "room7": -1.4908907409999999, "room0": -1.28090775, "room2": -1.002573848, "room9": -1.27260685}, "spk0": {"room3": -1.03272891}, "spk20": {"room10": 0.315244108}, "spk26": {"room2": -1.179224014}, "spk16": {"room3": -1.762269735, "room4": -1.245799422, "room7": -1.311915398, "room12": -0.9357512590000001, "room9": -1.444949031}, "spk27": {"room5": -1.6181430819999998, "room0": -1.5591555830000001}, "spk25": {"room1": -1.954462051}, "spk21": {"room3": -1.206442237, "room4": -1.305717587, "room2": -0.985689402, "room12": -1.304451227}, "spk30": {"room4": 3.3946628569999997, "room2": 3.627796173, "room12": 4.181886196000001}, "spk4": {"room6": -1.3580934999999998}, "spk14": {"room10": -0.75227052}, "spk7": {"room12": -1.2757649420000001}, "spk1": {"room5": -1.551455855, "room0": -1.8211938140000001}}}