{"meta": {"speaker": "spk30", "room": "room4"}, "data": {"spk22": {"room0": -1.585854888}, "spk10": {"room4": -2.392471075, "room12": -1.4304424519999999}, "spk18": {"room5": 0.596930683, "room0": 0.27482026800000003, "room2": 0.235814527}, "spk29": {"room10": -1.986253381}, "spk5": {"room3": -2.092349291, "room5": -2.214059353, "room0": -2.109521151}, "spk9": {"room4": -1.829900026, "room7": -1.7973202469999998, "room10": -1.7964247469999999, "room12": -2.147787094, "room9": -1.760957956}, "spk2": {"room5": -1.840534329, "room0": -1.815663099}, "spk23": {"room4": -1.99392283, "room7": -1.5879457000000001, "room2": -1.623037338, "room10": -1.4989649059999999, "room12": -1.80292666, "room9": -1.951282501}, "spk15": {"room10": -1.303586483}, "spk28": {"room10": 1.118992209}, "spk24": {"room1": -2.510626793}, "spk12": {"room10": -0.016540317}, "spk8": {"room10": -1.2196683879999999}, "spk17": {"room5": -1.850474477, "room0": -1.8956828119999998}, "spk11": {"room3": -2.044481039, "room4": -2.605105639, "room7": -2.1849098209999998, "room2": -2.0655162330000003, "room12": -2.030109644, "room9": -2.484482527}, "spk19": {"room4": 0.9988502859999999, "room7": 0.788374782, "room12": 1.336815953}, "spk13": {"room4": -1.529972315, "room12": -1.862534761}, "spk31": {"room10": 1.2321772579999999}, "spk6": {"room10": -1.559741616}, "spk3": {"room3": -2.5672554969999997, "room5": -1.3799017669999998, "room7": -2.192645788, "room0": -1.994143605, "room2": -1.9167748690000002, "room9": -2.021458626}, "spk0": {"room3": -1.346274495}, "spk20": {"room10": 0.090983748}, "spk26": {"room2": -1.5352553130000002}, "spk16": {"room3": -2.285939693, "room4": -1.650297284, "room7": -1.9069937469999998, "room12": -1.233237863, "room9": -1.796755314}, "spk27": {"room5": -1.4557235240000002, "room0": -1.8974313740000002}, "spk25": {"room1": -2.4326577190000003}, "spk21": {"room3": -1.645424485, "room4": -1.5880658630000002, "room2": -1.460463285, "room12": -2.018913984}, "spk30": {"room4": 1.078776121, "room2": 1.392044425, "room12": 2.174885035}, "spk4": {"room6": -1.908949494}, "spk14": {"room10": -1.3214101790000001}, "spk7": {"room12": -2.054088116}, "spk1": {"room5": -1.824704528, "room0": -1.904009461}}}