{"meta": {"speaker": "spk30", "room": "room8"}, "data": {"spk22": {"room0": -1.0865905279999999}, "spk10": {"room4": -2.014332533, "room12": -1.161239862}, "spk18": {"room5": -0.590133667, "room0": -0.8717873690000001, "room2": 0.542027533}, "spk29": {"room10": -0.849054277}, "spk5": {"room3": -0.746204317, "room5": -0.667398512, "room0": -0.879268587}, "spk9": {"room4": -0.651940703, "room7": -0.75149411, "room10": -0.813485146, "room12": -0.773396194, "room9": -0.795986533}, "spk2": {"room5": -1.218629956, "room0": -1.5253920559999998}, "spk23": {"room4": -1.3367955679999999, "room7": -1.108416438, "room2": -2.07034111, "room10": -1.17458427, "room12": -1.229348063, "room9": -1.429981709}, "spk15": {"room10": -1.3075405359999999}, "spk28": {"room10": 1.3526229859999999}, "spk24": {"room1": 0.625831366}, "spk12": {"room10": -0.71382463}, "spk8": {"room10": -1.350289345}, "spk17": {"room5": -1.132801771, "room0": -0.8947562579999999}, "spk11": {"room3": -0.6232390999999999, "room4": -1.587594271, "room7": -0.974559486, "room2": -0.666762531, "room12": -0.688017905, "room9": -1.741274714}, "spk19": {"room4": 1.205216646, "room7": 0.092045315, "room12": 0.767346263}, "spk13": {"room4": -1.0157203670000001, "room12": -1.171518922}, "spk31": {"room10": -0.203371882}, "spk6": {"room10": -0.373457938}, "spk3": {"room3": -1.0593702790000001, "room5": -0.583899736, "room7": -0.956298292, "room0": -1.0480244159999998, "room2": -0.473042965, "room9": -1.1168740990000001}, "spk0": {"room3": -0.711125433}, "spk20": {"room10": -1.016500711}, "spk26": {"room2": -0.650247276}, "spk16": {"room3": -0.7011369470000001, "room4": -0.607164562, "room7": -0.598949254, "room12": -0.65322721, "room9": -0.6867106559999999}, "spk27": {"room5": -0.961292446, "room0": -0.798482835}, "spk25": {"room1": -0.8972885009999999}, "spk21": {"room3": -1.074864507, "room4": -0.731483757, "room2": -1.0090728999999998, "room12": -1.171638727}, "spk30": {"room4": 3.731463432, "room2": 5.23578167, "room12": 3.3873403069999997}, "spk4": {"room6": -1.025862098}, "spk14": {"room10": -0.39266154200000003}, "spk7": {"room12": -0.7311571840000001}, "spk1": {"room5": -1.161651134, "room0": -1.689646721}}}