{"meta": {"speaker": "spk30", "room": "room4"}, "data": {"spk22": {"room0": -0.40222212700000004}, "spk10": {"room4": -1.565639496, "room12": -0.280526012}, "spk18": {"room5": 0.497618258, "room0": 0.6549906129999999, "room2": 0.684754968}, "spk29": {"room10": -1.032052159}, "spk5": {"room3": -0.629404128, "room5": -0.7912503479999999, "room0": -0.981868565}, "spk9": {"room4": -1.169114351, "room7": -0.7848528029999999, "room10": -1.27479434, "room12": -1.107982278, "room9": -1.152678609}, "spk2": {"room5": -0.8159722090000001, "room0": -0.95822823}, "spk23": {"room4": -1.005727291, "room7": -1.071293354, "room2": -0.964646697, "room10": -0.5784213539999999, "room12": -0.914641798, "room9": -1.158888817}, "spk15": {"room10": -0.017486477}, "spk28": {"room10": 1.17081511}, "spk24": {"room1": -0.8940747379999999}, "spk12": {"room10": -0.235782295}, "spk8": {"room10": -0.558383584}, "spk17": {"room5": -0.646235704, "room0": -0.87918824}, "spk11": {"room3": -0.866641641, "room4": -1.14797461, "room7": -0.747933745, "room2": -0.614316523, "room12": -0.7446931, "room9": -1.2275599240000001}, "spk19": {"room4": 1.6320949790000001, "room7": 1.642131209, "room12": 0.8492591979999999}, "spk13": {"room4": -0.536186039, "room12": -0.890447199}, "spk31": {"room10": 1.0049602990000002}, "spk6": {"room10": -0.012690978}, "spk3": {"room3": -0.8225439790000001, "room5": 0.041665778, "room7": -0.939551055, "room0": -0.71029985, "room2": -0.359340847, "room9": -0.795313478}, "spk0": {"room3": -0.195342168}, "spk20": {"room10": 0.40682143}, "spk26": {"room2": -0.269033432}, "spk16": {"room3": -0.748250842, "room4": -0.48546347, "room7": -0.88860786, "room12": -0.460299671, "room9": -0.666202128}, "spk27": {"room5": -0.46965014899999996, "room0": -1.1131819490000001}, "spk25": {"room1": -1.415418148}, "spk21": {"room3": -0.29515183, "room4": -0.633908212, "room2": -0.391950041, "room12": -1.020779729}, "spk30": {"room4": 4.067326546, "room2": 3.52671957, "room12": 4.948426247}, "spk4": {"room6": -0.990895271}, "spk14": {"room10": 0.35559046299999997}, "spk7": {"room12": -1.136475086}, "spk1": {"room5": -1.386184096, "room0": -1.260966778}}}