{"meta": {"speaker": "spk30", "room": "room9"}, "data": {"spk22": {"room0": -0.249936357}, "spk10": {"room4": -1.289833784, "room12": -0.629426897}, "spk18": {"room5": 1.074245334, "room0": 0.118100107, "room2": 0.29316106399999997}, "spk29": {"room10": -0.69256115}, "spk5": {"room3": -0.718228877, "room5": -0.670356452, "room0": -0.560230494}, "spk9": {"room4": -0.617072463, "room7": -0.335932285, "room10": -0.5660281779999999, "room12": -0.7065839770000001, "room9": -0.46226757799999996}, "spk2": {"room5": -0.878399193, "room0": -0.535081625}, "spk23": {"room4": -0.630499661, "room7": -1.18909812, "room2": -0.691549182, "room10": -0.665109634, "room12": -0.74227345, "room9": -1.153507471}, "spk15": {"room10": -0.14677608}, "spk28": {"room10": 0.49613720200000005}, "spk24": {"room1": -1.056854486}, "spk12": {"room10": -0.31884405}, "spk8": {"room10": -1.018792152}, "spk17": {"room5": -0.7171230909999999, "room0": -1.1206772329999999}, "spk11": {"room3": -0.85255146, "room4": -0.98301065, "room7": -0.785163105, "room2": -0.598369896, "room12": -0.457866251, "room9": -0.6900771859999999}, "spk19": {"room4": 0.533188224, "room7": 0.716241837, "room12": 0.869306087}, "spk13": {"room4": -0.333446056, "room12": -0.331501424}, "spk31": {"room10": 0.569345176}, "spk6": {"room10": -0.127375409}, "spk3": {"room3": -0.7963625190000001, "room5": 0.10820928199999999, "room7": -0.804450333, "room0": -0.421550721, "room2": -0.184137881, "room9": -0.609168649}, "spk0": {"room3": -0.622281551}, "spk20": {"room10": -0.021236021}, "spk26": {"room2": -0.34099254}, "spk16": {"room3": -1.120590687, "room4": -0.006725136, "room7": -0.68611598, "room12": -0.09059539400000001, "room9": -0.6757321359999999}, "spk27": {"room5": -0.7876206640000001, "room0": -0.857387125}, "spk25": {"room1": -1.263021111}, "spk21": {"room3": -0.49880740000000007, "room4": -0.9508641959999999, "room2": -0.40550667, "room12": -0.955749154}, "spk30": {"room4": 5.341255665, "room2": 4.032791138, "room12": 4.208433151}, "spk4": {"room6": -0.919735491}, "spk14": {"room10": 0.50828737}, "spk7": {"room12": -1.031858325}, "spk1": {"room5": -1.1373038290000002, "room0": -0.9010655879999999}}}