{"meta": {"speaker": "spk30", "room": "room9"}, "data": {"spk22": {"room0": -0.763861358}, "spk10": {"room4": -1.9744975569999998, "room12": -1.275351286}, "spk18": {"room5": 0.665517449, "room0": -0.08481463800000001, "room2": 0.583702624}, "spk29": {"room10": -1.4044024940000002}, "spk5": {"room3": -1.262690544, "room5": -1.26392138, "room0": -1.2328664059999999}, "spk9": {"room4": -1.6029127840000001, "room7": -1.3055710790000001, "room10": -1.505991936, "room12": -1.678373575, "room9": -1.5515656469999999}, "spk2": {"room5": -1.67252171, "room0": -2.022755623}, "spk23": {"room4": -1.410763025, "room7": -1.484719634, "room2": -1.388166904, "room10": -1.4897991419999999, "room12": -1.8199296000000003, "room9": -1.742011428}, "spk15": {"room10": -0.349384874}, "spk28": {"room10": 0.846226633}, "spk24": {"room1": -1.034009695}, "spk12": {"room10": 0.467865229}, "spk8": {"room10": -1.929666162}, "spk17": {"room5": -1.6747698780000002, "room0": -1.612213492}, "spk11": {"room3": -0.9103618859999999, "room4": -1.900317192, "room7": -0.926192462, "room2": -0.971144557, "room12": -1.142265797, "room9": -1.5366545919999999}, "spk19": {"room4": 1.314613104, "room7": 2.034292459, "room12": 1.336750984}, "spk13": {"room4": -0.9869608879999999, "room12": -1.2286223170000001}, "spk31": {"room10": 0.677987635}, "spk6": {"room10": -0.9445578459999999}, "spk3": {"room3": -1.3628277780000002, "room5": -0.449657112, "room7": -1.353706717, "room0": -1.085943699, "room2": -0.49536994100000004, "room9": -1.665103674}, "spk0": {"room3": -1.53747654}, "spk20": {"room10": -0.022537757000000002}, "spk26": {"room2": -0.605466783}, "spk16": {"room3": -1.3945610519999998, "room4": -0.539046347, "room7": -1.110718846, "room12": -0.925650835, "room9": -1.500758171}, "spk27": {"room5": -1.707775593, "room0": -1.779759169}, "spk25": {"room1": -1.9626663919999998}, "spk21": {"room3": -0.881156445, "room4": -1.12988162, "room2": -0.669261336, "room12": -1.451225281}, "spk30": {"room4": 6.541106224, "room2": 6.902140141, "room12": 4.292129517}, "spk4": {"room6": -1.7640341519999998}, "spk14": {"room10": -0.317908466}, "spk7": {"room12": -1.2624813320000001}, "spk1": {"room5": -1.2194199559999999, "room0": -1.263521075}}}