{"meta": {"speaker": "spk30", "room": "room2"}, "data": {"spk22": {"room0": -1.1085591320000001}, "spk10": {"room4": -1.5699652430000002, "room12": -1.052662015}, "spk18": {"room5": 0.6530368329999999, "room0": -0.220733359, "room2": 1.07568717}, "spk29": {"room10": -1.457649589}, "spk5": {"room3": -1.6904622319999998, "room5": -1.896754384, "room0": -1.6776646380000002}, "spk9": {"room4": -1.514747024, "room7": -1.615083575, "room10": -1.5806394819999998, "room12": -1.731016994, "room9": -1.253246546}, "spk2": {"room5": -1.741614103, "room0": -1.5288547280000002}, "spk23": {"room4": -1.679143548, "room7": -1.283638716, "room2": -1.807018161, "room10": -1.386211514, "room12": -1.5130316019999999, "room9": -1.795308828}, "spk15": {"room10": -1.106651545}, "spk28": {"room10": 0.227885127}, "spk24": {"room1": -1.853849053}, "spk12": {"room10": -0.125579685}, "spk8": {"room10": -1.387386084}, "spk17": {"room5": -1.71823895, "room0": -1.31694746}, "spk11": {"room3": -0.97369951, "room4": -1.9551279540000002, "room7": -1.3404265640000002, "room2": -1.102410555, "room12": -1.387508035, "room9": -1.878717899}, "spk19": {"room4": 0.65787375, "room7": 0.869149983, "room12": 1.000895739}, "spk13": {"room4": -1.2026823759999998, "room12": -1.40903616}, "spk31": {"room10": 0.710865557}, "spk6": {"room10": -0.8567214609999999}, "spk3": {"room3": -1.602955937, "room5": -0.626235604, "room7": -1.13557446, "room0": -1.255461335, "room2": -0.64702791, "room9": -1.338103533}, "spk0": {"room3": -0.9135414359999999}, "spk20": {"room10": -0.135504588}, "spk26": {"room2": -0.658993065}, "spk16": {"room3": -1.140050888, "room4": -1.0739582779999999, "room7": -1.303215981, "room12": -1.0172669890000001, "room9": -1.293232322}, "spk27": {"room5": -1.737641335, "room0": -1.764262676}, "spk25": {"room1": -2.52222681}, "spk21": {"room3": -1.178068519, "room4": -1.324798822, "room2": -1.704327345, "room12": -2.1132159230000003}, "spk30": {"room4": 1.944467902, "room2": 3.559936047, "room12": 1.221326709}, "spk4": {"room6": -1.5119135380000002}, "spk14": {"room10": -0.530270755}, "spk7": {"room12": -1.551635981}, "spk1": {"room5": -1.6008777619999999, "room0": -1.33453536}}}