{"meta": {"speaker": "spk30", "room": "room8"}, "data": {"spk22": {"room0": -0.357292771}, "spk10": {"room4": -1.126086235, "room12": -0.294635653}, "spk18": {"room5": 1.255787015, "room0": 0.7013962859999999, "room2": 1.1656333209999998}, "spk29": {"room10": -0.304275185}, "spk5": {"room3": -0.326903462, "room5": -0.541144788, "room0": -0.5393695829999999}, "spk9": {"room4": -0.740144968, "room7": -0.65087992, "room10": -0.7856800559999999, "room12": -0.717638612, "room9": -0.887481987}, "spk2": {"room5": -1.3490514759999999, "room0": -1.288336515}, "spk23": {"room4": -0.51074928, "room7": -0.6309711339999999, "room2": -0.471341223, "room10": -0.85217458, "room12": -1.124204636, "room9": -1.427438736}, "spk15": {"room10": -0.44808661899999996}, "spk28": {"room10": 0.156745523}, "spk24": {"room1": -0.041792947999999996}, "spk12": {"room10": 1.090363383}, "spk8": {"room10": -0.517019451}, "spk17": {"room5": -0.668356061, "room0": -0.76203537}, "spk11": {"room3": -0.38209158200000004, "room4": -1.477357864, "room7": -0.45661991799999996, "room2": -0.471948683, "room12": -1.109689593, "room9": -0.9852182270000001}, "spk19": {"room4": 0.590682209, "room7": 0.517941058, "room12": 0.01702418}, "spk13": {"room4": -0.598279059, "room12": -0.9381911159999999}, "spk31": {"room10": 0.522744775}, "spk6": {"room10": -0.211725503}, "spk3": {"room3": -0.328722537, "room5": 0.414443761, "room7": -0.19500733899999997, "room0": 0.04220219, "room2": -0.059292853, "room9": -0.46339738399999997}, "spk0": {"room3": 0.312726885}, "spk20": {"room10": 0.601481915}, "spk26": {"room2": 0.588605821}, "spk16": {"room3": -0.52763778, "room4": -0.200261042, "room7": -0.455149531, "room12": -0.430836499, "room9": -0.480310351}, "spk27": {"room5": -0.6986784340000001, "room0": -0.495286644}, "spk25": {"room1": -0.556122601}, "spk21": {"room3": -0.280453742, "room4": -0.32036528, "room2": -0.844209731, "room12": -0.819508314}, "spk30": {"room4": 0.8880795840000001, "room2": 1.992992282, "room12": 0.247466698}, "spk4": {"room6": -0.410191149}, "spk14": {"room10": 0.187703028}, "spk7": {"room12": -0.5785660739999999}, "spk1": {"room5": -0.926787198, "room0": -0.669968963}}}