{"meta": {"speaker": "spk30", "room": "room4"}, "data": {"spk22": {"room0": -0.533516228}, "spk10": {"room4": -1.901211381, "room12": -0.566227794}, "spk18": {"room5": 2.001271963, "room0": 0.957803071, "room2": 0.926689208}, "spk29": {"room10": -0.577323079}, "spk5": {"room3": -1.3885750769999998, "room5": -1.2294873, "room0": -1.29027617}, "spk9": {"room4": -0.53706193, "room7": -0.45622471, "room10": -0.37985759999999996, "room12": -0.44924467799999995, "room9": -0.410894245}, "spk2": {"room5": -0.824068725, "room0": -0.707753062}, "spk23": {"room4": -1.073855162, "room7": -0.7352537509999999, "room2": -0.35010588200000003, "room10": -0.485789478, "room12": -0.41907855899999996, "room9": -0.8921208979999999}, "spk15": {"room10": -1.177856803}, "spk28": {"room10": 2.35074544}, "spk24": {"room1": 0.222907498}, "spk12": {"room10": 0.09360577199999999}, "spk8": {"room10": -0.808822989}, "spk17": {"room5": -0.82023412, "room0": -1.228282571}, "spk11": {"room3": -0.559239626, "room4": -1.508199811, "room7": -0.9715080859999999, "room2": -0.697878122, "room12": -0.418551236, "room9": -1.060365438}, "spk19": {"room4": 0.833096087, "room7": 0.09849976, "room12": 1.041725755}, "spk13": {"room4": 0.008008743, "room12": -0.8845566509999999}, "spk31": {"room10": 1.907922387}, "spk6": {"room10": -0.015059437}, "spk3": {"room3": -1.025477171, "room5": 0.418953836, "room7": -0.992711902, "room0": -1.060039282, "room2": -0.030240977000000002, "room9": -0.7817623020000001}, "spk0": {"room3": 0.18283486399999999}, "spk20": {"room10": 0.092813171}, "spk26": {"room2": 1.018539071}, "spk16": {"room3": -0.339691132, "room4": -0.24086234, "room7": -0.471245885, "room12": -0.299694389, "room9": -0.437449187}, "spk27": {"room5": -1.274961829, "room0": -1.046408057}, "spk25": {"room1": -1.1175385709999999}, "spk21": {"room3": -0.472898781, "room4": -0.437167674, "room2": -0.481984794, "room12": -0.903262615}, "spk30": {"room4": 6.564210892, "room2": 6.241559982, "room12": 4.523301601}, "spk4": {"room6": -1.354830503}, "spk14": {"room10": 0.823279381}, "spk7": {"room12": -0.7335305209999999}, "spk1": {"room5": -1.585618734, "room0": -0.5489106770000001}}}