{"meta": {"speaker": "spk30", "room": "room7"}, "data": {"spk22": {"room0": -0.377998471}, "spk10": {"room4": -2.056293488, "room12": -0.813996255}, "spk18": {"room5": 0.403369218, "room0": -0.129547805, "room2": 0.144338816}, "spk29": {"room10": -0.464417875}, "spk5": {"room3": -0.8357695940000001, "room5": -0.55097276, "room0": -0.9354181890000001}, "spk9": {"room4": -0.929407358, "room7": -0.7779510620000001, "room10": -0.69477582, "room12": -0.746582568, "room9": -0.893354535}, "spk2": {"room5": -0.289920539, "room0": -0.670988142}, "spk23": {"room4": -1.039231181, "room7": -1.079925656, "room2": -1.228644133, "room10": -0.56242317, "room12": -0.763942122, "room9": -0.9695943000000001}, "spk15": {"room10": 0.018436199}, "spk28": {"room10": 1.332420826}, "spk24": {"room1": -0.204537213}, "spk12": {"room10": 0.22619867300000002}, "spk8": {"room10": -0.820747197}, "spk17": {"room5": -0.75660187, "room0": -0.837425172}, "spk11": {"room3": -0.793008268, "room4": -1.329459548, "room7": -0.913450778, "room2": -0.631186783, "room12": -0.771387935, "room9": -1.286299944}, "spk19": {"room4": 0.5578938720000001, "room7": 0.391742975, "room12": 0.829490423}, "spk13": {"room4": -0.507563233, "room12": -0.929249048}, "spk31": {"room10": 0.515403032}, "spk6": {"room10": -0.08662197699999999}, "spk3": {"room3": -0.702957332, "room5": 0.028466109, "room7": -0.783443213, "room0": -0.7425993679999999, "room2": -0.33705732200000005, "room9": -0.688467979}, "spk0": {"room3": -0.5609881879999999}, "spk20": {"room10": 1.183935285}, "spk26": {"room2": -0.266996205}, "spk16": {"room3": -1.053590775, "room4": -0.676699638, "room7": -1.00873661, "room12": -0.501281738, "room9": -0.815378368}, "spk27": {"room5": -0.6439232229999999, "room0": -0.559035897}, "spk25": {"room1": -1.217459321}, "spk21": {"room3": -0.41662308600000003, "room4": -0.574719548, "room2": -0.636426032, "room12": -1.052754283}, "spk30": {"room4": 6.8684329989999995, "room2": 5.518206596000001, "room12": 5.95071888}, "spk4": {"room6": -0.937695265}, "spk14": {"room10": -0.12149947900000001}, "spk7": {"room12": -1.009957433}, "spk1": {"room5": -1.248058915, "room0": -0.902006269}}}