{"meta": {"speaker": "spk30", "room": "room7"}, "data": {"spk22": {"room0": -0.543404043}, "spk10": {"room4": -1.8715480569999998, "room12": -1.065694451}, "spk18": {"room5": 0.8083119990000001, "room0": 0.5604139570000001, "room2": 0.9762094020000001}, "spk29": {"room10": -0.538788497}, "spk5": {"room3": -0.702917039, "room5": -1.012056351, "room0": -1.166654587}, "spk9": {"room4": -1.059289098, "room7": -1.086555839, "room10": -0.943468988, "room12": -0.866503537, "room9": -1.07938838}, "spk2": {"room5": -1.11619103, "room0": -0.6707054379999999}, "spk23": {"room4": -0.895560384, "room7": -0.969522178, "room2": -1.2754786009999999, "room10": -0.5243780610000001, "room12": -0.777715385, "room9": -1.187644601}, "spk15": {"room10": -0.165365085}, "spk28": {"room10": 1.3692981000000002}, "spk24": {"room1": -1.17843318}, "spk12": {"room10": 0.225543931}, "spk8": {"room10": -0.921489179}, "spk17": {"room5": -1.076674581, "room0": -1.196902156}, "spk11": {"room3": -0.701788843, "room4": -0.9755892159999999, "room7": -0.777434409, "room2": -0.296492904, "room12": -0.908461154, "room9": -0.79594332}, "spk19": {"room4": -0.250857741, "room7": -0.164891139, "room12": -0.125209361}, "spk13": {"room4": -0.617412388, "room12": -0.516446471}, "spk31": {"room10": 0.702150583}, "spk6": {"room10": -0.791901946}, "spk3": {"room3": -0.8354517220000001, "room5": -0.449784309, "room7": -0.624119878, "room0": -0.632577896, "room2": -0.17205153399999998, "room9": -0.644947886}, "spk0": {"room3": -0.7987704870000001}, "spk20": {"room10": 0.253343225}, "spk26": {"room2": -0.261305511}, "spk16": {"room3": -0.878526211, "room4": -0.6481583120000001, "room7": -1.087961316, "room12": -0.589977145, "room9": -1.096020341}, "spk27": {"room5": -0.99203372, "room0": -0.9426889420000001}, "spk25": {"room1": -1.222474337}, "spk21": {"room3": -0.8336889740000001, "room4": -0.743960381, "room2": -0.703494132, "room12": -0.8185778859999999}, "spk30": {"room4": 3.776326656, "room2": 3.8728766439999998, "room12": 3.822854757}, "spk4": {"room6": -1.097737074}, "spk14": {"room10": -0.278757364}, "spk7": {"room12": -0.889944077}, "spk1": {"room5": -1.316468596, "room0": -1.094234943}}}