{"meta": {"speaker": "spk30", "room": "room8"}, "data": {"spk22": {"room0": -1.413001895}, "spk10": {"room4": -2.327981472, "room12": -1.181456804}, "spk18": {"room5": -0.323564947, "room0": -0.529328346, "room2": -0.250295192}, "spk29": {"room10": -1.129738092}, "spk5": {"room3": -1.4275370840000001, "room5": -1.490530729, "room0": -1.394241452}, "spk9": {"room4": -1.4389904740000001, "room7": -1.1496076579999999, "room10": -1.06699872, "room12": -1.593774676, "room9": -1.252542019}, "spk2": {"room5": -1.6845093969999998, "room0": -1.6517410280000002}, "spk23": {"room4": -1.313994884, "room7": -1.496287346, "room2": -1.150752664, "room10": -1.4936691519999998, "room12": -1.443661094, "room9": -1.579442739}, "spk15": {"room10": -1.04510355}, "spk28": {"room10": 0.7530497909999999}, "spk24": {"room1": -1.172219634}, "spk12": {"room10": -0.549434781}, "spk8": {"room10": -1.122484207}, "spk17": {"room5": -1.231114268, "room0": -1.907166243}, "spk11": {"room3": -1.3845113519999999, "room4": -1.986102104, "room7": -1.769713879, "room2": -1.126751423, "room12": -1.441483259, "room9": -1.701091886}, "spk19": {"room4": 0.383552611, "room7": -0.35828915200000006, "room12": 0.561584592}, "spk13": {"room4": -1.086512446, "room12": -1.3238956929999999}, "spk31": {"room10": 0.46167168}, "spk6": {"room10": -0.6322157979999999}, "spk3": {"room3": -1.532398105, "room5": -0.638577342, "room7": -1.788754344, "room0": -1.522052169, "room2": -1.032519221, "room9": -1.4329911469999999}, "spk0": {"room3": -1.0260107520000001}, "spk20": {"room10": -0.616251886}, "spk26": {"room2": -0.822541058}, "spk16": {"room3": -1.62210989, "room4": -1.0405707359999998, "room7": -1.214652181, "room12": -0.8582528229999999, "room9": -1.469037771}, "spk27": {"room5": -1.214828134, "room0": -1.4642779830000001}, "spk25": {"room1": -1.49554491}, "spk21": {"room3": -1.244454265, "room4": -1.546186686, "room2": -1.186030626, "room12": -1.582671404}, "spk30": {"room4": 3.4959712030000003, "room2": 3.09919095, "room12": 2.097559929}, "spk4": {"room6": -1.386610985}, "spk14": {"room10": -0.36828047}, "spk7": {"room12": -1.3890023230000001}, "spk1": {"room5": -1.6245013480000001, "room0": -1.545318723}}}