{"meta": {"speaker": "spk30", "room": "room8"}, "data": {"spk22": {"room0": -1.0848687890000002}, "spk10": {"room4": -1.7554208040000001, "room12": -1.09553051}, "spk18": {"room5": 0.886561453, "room0": 0.97427696, "room2": 0.52783668}, "spk29": {"room10": -1.237423062}, "spk5": {"room3": -1.408006668, "room5": -1.434810996, "room0": -1.421736717}, "spk9": {"room4": -1.7288092369999999, "room7": -1.491390705, "room10": -1.6983892919999999, "room12": -1.6943556069999999, "room9": -1.55180943}, "spk2": {"room5": -1.7259927990000001, "room0": -1.3578457830000001}, "spk23": {"room4": -1.6818377969999998, "room7": -1.56858325, "room2": -1.410314441, "room10": -1.215091467, "room12": -1.24202323, "room9": -1.436355948}, "spk15": {"room10": 0.327382803}, "spk28": {"room10": 1.4117202759999998}, "spk24": {"room1": -1.20719552}, "spk12": {"room10": 0.377197176}, "spk8": {"room10": -0.47168225}, "spk17": {"room5": -1.421179533, "room0": -1.428072929}, "spk11": {"room3": -1.217302203, "room4": -1.565848231, "room7": -1.0962497, "room2": -0.666364372, "room12": -0.897076726, "room9": -1.15535593}, "spk19": {"room4": 0.93410635, "room7": -0.18626953699999999, "room12": 0.6413784029999999}, "spk13": {"room4": -0.7728925940000001, "room12": -0.963736057}, "spk31": {"room10": 1.16740799}, "spk6": {"room10": -0.525690138}, "spk3": {"room3": -1.362112045, "room5": -0.354975909, "room7": -1.101974964, "room0": -0.888018548, "room2": -0.509316862, "room9": -1.0113557579999999}, "spk0": {"room3": -0.28512370600000003}, "spk20": {"room10": 0.6875846390000001}, "spk26": {"room2": -0.610896111}, "spk16": {"room3": -1.321237564, "room4": -0.8662177320000001, "room7": -1.160018802, "room12": -0.92272532, "room9": -1.114786506}, "spk27": {"room5": -1.232903957, "room0": -1.5945051909999999}, "spk25": {"room1": -1.56938982}, "spk21": {"room3": -1.402435303, "room4": -0.94893223, "room2": -0.673095584, "room12": -1.352556825}, "spk30": {"room4": 2.507245302, "room2": 1.821101546, "room12": 2.737742662}, "spk4": {"room6": -1.5217236280000002}, "spk14": {"room10": -0.301386476}, "spk7": {"room12": -1.091494441}, "spk1": {"room5": -1.348508716, "room0": -1.49742651}}}