{"meta": {"speaker": "spk30", "room": "room9"}, "data": {"spk22": {"room0": -1.497340441}, "spk10": {"room4": -1.757585526, "room12": -1.33478725}, "spk18": {"room5": 0.152565151, "room0": -0.034645288999999996, "room2": 0.532007575}, "spk29": {"room10": -1.578226209}, "spk5": {"room3": -1.752632856, "room5": -1.9276329280000002, "room0": -1.738105059}, "spk9": {"room4": -1.998173475, "room7": -1.9640395640000001, "room10": -2.022243977, "room12": -2.086470366, "room9": -2.165804863}, "spk2": {"room5": -2.094212055, "room0": -2.30216074}, "spk23": {"room4": -1.76276803, "room7": -1.7985390419999998, "room2": -1.824413896, "room10": -1.921723843, "room12": -2.315824986, "room9": -2.102339029}, "spk15": {"room10": 0.047170062}, "spk28": {"room10": 1.3899461030000002}, "spk24": {"room1": -1.4486742019999999}, "spk12": {"room10": -0.149562851}, "spk8": {"room10": -1.688792109}, "spk17": {"room5": -1.8996158840000001, "room0": -1.9766123290000002}, "spk11": {"room3": -1.593899965, "room4": -2.107988834, "room7": -1.525918245, "room2": -1.4478659630000001, "room12": -1.451225877, "room9": -1.954293251}, "spk19": {"room4": 0.25028947, "room7": 1.382253885, "room12": 0.46496653600000004}, "spk13": {"room4": -1.3022068740000001, "room12": -1.593560338}, "spk31": {"room10": 0.430455655}, "spk6": {"room10": -1.04827857}, "spk3": {"room3": -1.739228606, "room5": -0.908697188, "room7": -1.95107305, "room0": -1.368021965, "room2": -0.926191449, "room9": -1.770954251}, "spk0": {"room3": -1.4387922290000001}, "spk20": {"room10": -0.257602245}, "spk26": {"room2": -1.335851192}, "spk16": {"room3": -1.74905467, "room4": -1.53229177, "room7": -1.800475001, "room12": -1.439118385, "room9": -1.895688295}, "spk27": {"room5": -1.9885274169999998, "room0": -1.800950766}, "spk25": {"room1": -2.200340748}, "spk21": {"room3": -1.0440709590000001, "room4": -1.3745638130000002, "room2": -0.8392573, "room12": -1.906685114}, "spk30": {"room4": 5.431194782, "room2": 5.190559864, "room12": 4.610867023}, "spk4": {"room6": -1.322118044}, "spk14": {"room10": -0.7651736140000001}, "spk7": {"room12": -1.799925566}, "spk1": {"room5": -1.377000332, "room0": -1.386542439}}}