{"meta": {"speaker": "spk30", "room": "room9"}, "data": {"spk22": {"room0": -0.28173539}, "spk10": {"room4": -1.404012084, "room12": -0.536748886}, "spk18": {"room5": 2.038297176, "room0": 1.3525335790000002, "room2": 1.448881865}, "spk29": {"room10": -0.598842323}, "spk5": {"room3": -0.533219814, "room5": -0.655429423, "room0": -0.608550489}, "spk9": {"room4": -1.070921779, "room7": -0.660262465, "room10": -0.97365731, "room12": -0.925710142, "room9": -0.9009095429999999}, "spk2": {"room5": -0.9622176290000001, "room0": -0.713111222}, "spk23": {"room4": -0.8348616959999999, "room7": -0.44683069, "room2": -0.5066607, "room10": -0.5209892389999999, "room12": -0.55276233, "room9": -0.087823249}, "spk15": {"room10": -0.125857294}, "spk28": {"room10": 0.8237165209999999}, "spk24": {"room1": -0.992345393}, "spk12": {"room10": 0.46350669899999997}, "spk8": {"room10": -0.753185868}, "spk17": {"room5": -0.544034421, "room0": -1.027317047}, "spk11": {"room3": -0.16695612699999998, "room4": -1.17209661, "room7": -0.426698685, "room2": -0.495258451, "room12": -0.6767616870000001, "room9": -0.71782285}, "spk19": {"room4": 0.192625761, "room7": 1.001760244, "room12": 0.442007035}, "spk13": {"room4": -0.21515221899999998, "room12": -0.538253248}, "spk31": {"room10": 0.75988549}, "spk6": {"room10": 0.605523586}, "spk3": {"room3": -0.637583554, "room5": 0.542982936, "room7": 0.44193697, "room0": 0.39600715, "room2": 0.220070407, "room9": 0.065015897}, "spk0": {"room3": -0.123083144}, "spk20": {"room10": 0.970308125}, "spk26": {"room2": 0.011977729}, "spk16": {"room3": -0.8805341720000001, "room4": -0.352741569, "room7": -0.539743781, "room12": -0.226669326, "room9": -0.68815273}, "spk27": {"room5": -0.7927353979999999, "room0": -0.573275387}, "spk25": {"room1": -1.240483642}, "spk21": {"room3": -0.434496492, "room4": -0.489424139, "room2": -0.0031268690000000004, "room12": -0.39441245799999997}, "spk30": {"room4": 6.2813558579999995, "room2": 5.277296066, "room12": 4.602035046}, "spk4": {"room6": -0.562415719}, "spk14": {"room10": 0.404880732}, "spk7": {"room12": -0.6750895379999999}, "spk1": {"room5": -0.858282566, "room0": -0.772550285}}}