{"meta": {"speaker": "spk30", "room": "room9"}, "data": {"spk22": {"room0": -1.18026185}, "spk10": {"room4": -1.623985171, "room12": -1.02482605}, "spk18": {"room5": 0.9555269479999999, "room0": 1.1275871990000002, "room2": 0.7403852340000001}, "spk29": {"room10": -1.098292708}, "spk5": {"room3": -1.242826939, "room5": -1.601638079, "room0": -1.3853297230000001}, "spk9": {"room4": -1.617229342, "room7": -1.194487572, "room10": -1.7571008209999999, "room12": -1.57148242, "room9": -1.7151969669999998}, "spk2": {"room5": -1.8364639280000001, "room0": -1.88410759}, "spk23": {"room4": -1.47383821, "room7": -1.3364845509999999, "room2": -1.701138496, "room10": -1.680036664, "room12": -1.933789253, "room9": -1.6077523230000001}, "spk15": {"room10": -0.276043773}, "spk28": {"room10": 1.2683120970000001}, "spk24": {"room1": -1.2144467829999999}, "spk12": {"room10": 0.127605751}, "spk8": {"room10": -1.840947866}, "spk17": {"room5": -1.5869734290000002, "room0": -1.4588031769999998}, "spk11": {"room3": -0.8163660759999999, "room4": -1.7101334330000002, "room7": -1.099767447, "room2": -0.650375366, "room12": -0.9912480709999999, "room9": -1.4870295519999999}, "spk19": {"room4": 0.131232381, "room7": 1.574242115, "room12": 0.152999461}, "spk13": {"room4": -0.820592999, "room12": -1.4283105130000002}, "spk31": {"room10": 0.138549015}, "spk6": {"room10": -0.36103451299999995}, "spk3": {"room3": -1.186384439, "room5": -0.47714904, "room7": -1.2836720940000002, "room0": -0.687807202, "room2": -0.308377296, "room9": -1.304182053}, "spk0": {"room3": -1.372916341}, "spk20": {"room10": -0.17987594}, "spk26": {"room2": -0.539187789}, "spk16": {"room3": -1.174855113, "room4": -0.7681549190000001, "room7": -1.3131374120000001, "room12": -1.15149653, "room9": -1.4821794030000002}, "spk27": {"room5": -1.87161231, "room0": -2.009733677}, "spk25": {"room1": -1.692733049}, "spk21": {"room3": -1.120924234, "room4": -1.356260657, "room2": -0.951356173, "room12": -1.92921102}, "spk30": {"room4": 6.086218833999999, "room2": 6.028669834, "room12": 4.282840729}, "spk4": {"room6": -1.200924516}, "spk14": {"room10": -0.313476771}, "spk7": {"room12": -1.4411396980000002}, "spk1": {"room5": -1.567822695, "room0": -1.0773113970000001}}}