{"meta": {"speaker": "spk30", "room": "room8"}, "data": {"spk22": {"room0": -0.9273849129999999}, "spk10": {"room4": -2.460237026, "room12": -1.097123384}, "spk18": {"room5": -0.34262570700000006, "room0": -0.793961525, "room2": -0.615738153}, "spk29": {"room10": -1.87027812}, "spk5": {"room3": -1.7664088009999999, "room5": -1.883768559, "room0": -1.518357873}, "spk9": {"room4": -1.582409859, "room7": -1.3815418480000001, "room10": -2.090366602, "room12": -1.490189552, "room9": -1.867287159}, "spk2": {"room5": -1.121710777, "room0": -1.420074105}, "spk23": {"room4": -1.871820211, "room7": -1.461795688, "room2": -1.6241108180000001, "room10": -1.803536415, "room12": -2.0023159980000003, "room9": -2.085586786}, "spk15": {"room10": -1.3526026009999998}, "spk28": {"room10": 0.7697858809999999}, "spk24": {"room1": -1.5498371119999999}, "spk12": {"room10": -0.388967246}, "spk8": {"room10": -1.105713487}, "spk17": {"room5": -0.995361745, "room0": -1.4331907030000002}, "spk11": {"room3": -0.895190418, "room4": -2.199566603, "room7": -1.436727405, "room2": -1.296460271, "room12": -1.034728885, "room9": -1.757612348}, "spk19": {"room4": 1.611384511, "room7": 0.619804621, "room12": 1.84400034}, "spk13": {"room4": -1.0030943159999999, "room12": -2.08289814}, "spk31": {"room10": 0.9055246109999999}, "spk6": {"room10": -1.104842186}, "spk3": {"room3": -1.8734544519999998, "room5": -0.792762339, "room7": -1.75824523, "room0": -1.7864127159999998, "room2": -1.275540829, "room9": -1.3904156680000002}, "spk0": {"room3": -0.017161554}, "spk20": {"room10": 0.684915125}, "spk26": {"room2": -0.867305338}, "spk16": {"room3": -1.529952407, "room4": -1.165566921, "room7": -1.0902806520000001, "room12": -0.7910956140000001, "room9": -1.298569441}, "spk27": {"room5": -1.493582964, "room0": -1.76943624}, "spk25": {"room1": -1.918827295}, "spk21": {"room3": -1.0415449140000002, "room4": -1.243472338, "room2": -0.7055456640000001, "room12": -1.4012147190000002}, "spk30": {"room4": 1.598885775, "room2": 2.169353247, "room12": 2.3993091580000003}, "spk4": {"room6": -2.005076885}, "spk14": {"room10": -0.7005271909999999}, "spk7": {"room12": -1.631124854}, "spk1": {"room5": -1.55627811, "room0": -2.094167709}}}