{"meta": {"speaker": "spk30", "room": "room8"}, "data": {"spk22": {"room0": -1.097832441}, "spk10": {"room4": -1.9872012140000002, "room12": -1.0534242390000002}, "spk18": {"room5": -0.757569671, "room0": -0.867501497, "room2": 0.5360974070000001}, "spk29": {"room10": -0.789021373}, "spk5": {"room3": -0.85397464, "room5": -0.6401680710000001, "room0": -0.7865087390000001}, "spk9": {"room4": -0.9319276809999999, "room7": -0.9494954940000001, "room10": -0.36043477100000004, "room12": -1.0967817309999999, "room9": -0.7260951999999999}, "spk2": {"room5": -1.41255188, "room0": -1.833491802}, "spk23": {"room4": -1.063484192, "room7": -1.10075748, "room2": -0.991088867, "room10": -0.9821910859999999, "room12": -1.070385218, "room9": -1.316166043}, "spk15": {"room10": -0.787453651}, "spk28": {"room10": 0.663656771}, "spk24": {"room1": -0.34817907200000003}, "spk12": {"room10": -0.7620061640000001}, "spk8": {"room10": -0.939885437}, "spk17": {"room5": -1.155347466, "room0": -1.40057373}, "spk11": {"room3": -0.6836229559999999, "room4": -1.287412405, "room7": -0.93659687, "room2": -0.5890751479999999, "room12": -0.619602978, "room9": -1.20750761}, "spk19": {"room4": -0.241359949, "room7": -0.442670852, "room12": -0.146436915}, "spk13": {"room4": -0.827863455, "room12": -0.966014743}, "spk31": {"room10": 0.12351036800000001}, "spk6": {"room10": 0.34027606200000005}, "spk3": {"room3": -1.122516751, "room5": -0.250145465, "room7": -1.208965302, "room0": -0.886361539, "room2": -0.5528303379999999, "room9": -1.043029189}, "spk0": {"room3": -0.36650720200000003}, "spk20": {"room10": 0.072667636}, "spk26": {"room2": -0.24201856600000002}, "spk16": {"room3": -1.195168376, "room4": -0.453235567, "room7": -0.8488300440000001, "room12": -0.18582004300000002, "room9": -1.051734924}, "spk27": {"room5": -0.8500236870000001, "room0": -0.781818867}, "spk25": {"room1": -0.828823745}, "spk21": {"room3": -0.789632201, "room4": -0.782473385, "room2": -0.728323281, "room12": -1.232310295}, "spk30": {"room4": 7.5495762829999995, "room2": 5.683341502999999, "room12": 5.521141528999999}, "spk4": {"room6": -0.676157653}, "spk14": {"room10": -0.21579141899999998}, "spk7": {"room12": -0.47755566200000005}, "spk1": {"room5": -1.045126438, "room0": -1.528672695}}}