{"meta": {"speaker": "spk30", "room": "room7"}, "data": {"spk22": {"room0": -0.277230382}, "spk10": {"room4": -1.5828504559999999, "room12": -0.482025981}, "spk18": {"room5": 0.687875986, "room0": 0.13349835599999998, "room2": 0.312656432}, "spk29": {"room10": -0.868501544}, "spk5": {"room3": -1.018353462, "room5": -0.9469605090000001, "room0": -0.715002}, "spk9": {"room4": -0.990755618, "room7": -0.8169450159999999, "room10": -0.961379588, "room12": -1.16902101, "room9": -0.993956029}, "spk2": {"room5": -0.906463563, "room0": -0.478064448}, "spk23": {"room4": -0.927103221, "room7": -1.1708853240000001, "room2": -0.91417557, "room10": -0.487342447, "room12": -0.6985781190000001, "room9": -1.4263178109999999}, "spk15": {"room10": -0.269134641}, "spk28": {"room10": 0.926857591}, "spk24": {"room1": -1.346499562}, "spk12": {"room10": 0.198803872}, "spk8": {"room10": -0.610646486}, "spk17": {"room5": -0.524003804, "room0": -1.005239964}, "spk11": {"room3": -0.997237623, "room4": -1.618316174, "room7": -0.8790201540000001, "room2": -0.915283203, "room12": -0.899008989, "room9": -1.5200668569999998}, "spk19": {"room4": 0.896241009, "room7": 1.67053926, "room12": 0.9485023020000001}, "spk13": {"room4": -0.668942034, "room12": -0.9113627670000001}, "spk31": {"room10": 0.632209837}, "spk6": {"room10": -0.068194628}, "spk3": {"room3": -1.356184125, "room5": 0.045576940999999996, "room7": -1.073904276, "room0": -0.636260092, "room2": -0.798373997, "room9": -0.809723675}, "spk0": {"room3": -0.674182177}, "spk20": {"room10": 0.126373664}, "spk26": {"room2": -0.547665715}, "spk16": {"room3": -1.51886785, "room4": -0.150234863, "room7": -1.267934203, "room12": -0.665197909, "room9": -0.767730713}, "spk27": {"room5": -0.80642432, "room0": -0.760859191}, "spk25": {"room1": -1.408577442}, "spk21": {"room3": -0.44551241399999997, "room4": -0.7036650179999999, "room2": -0.57670486, "room12": -0.784677505}, "spk30": {"room4": 4.871777058, "room2": 3.89733386, "room12": 3.903107405}, "spk4": {"room6": -0.448485285}, "spk14": {"room10": 0.079415515}, "spk7": {"room12": -1.45488596}, "spk1": {"room5": -1.420648575, "room0": -1.1654396059999999}}}