{"meta": {"speaker": "spk30", "room": "room2"}, "data": {"spk22": {"room0": -1.2353514429999999}, "spk10": {"room4": -2.097714663, "room12": -0.927234769}, "spk18": {"room5": 0.107043363, "room0": -0.520146966, "room2": 1.3129041190000001}, "spk29": {"room10": -1.1314795020000001}, "spk5": {"room3": -1.198606372, "room5": -1.247636437, "room0": -1.228956699}, "spk9": {"room4": -1.158944607, "room7": -1.166760564, "room10": -1.136233807, "room12": -1.098414421, "room9": -1.3022249940000001}, "spk2": {"room5": -1.408504486, "room0": -1.6770821809999998}, "spk23": {"room4": -1.823636889, "room7": -1.135587335, "room2": -1.907678246, "room10": -1.7636197809999998, "room12": -1.768926501, "room9": -1.7476161719999999}, "spk15": {"room10": -0.33670121399999997}, "spk28": {"room10": 1.125366092}, "spk24": {"room1": -1.500017285}, "spk12": {"room10": -0.126630098}, "spk8": {"room10": -1.601267934}, "spk17": {"room5": -1.41203022, "room0": -1.295298815}, "spk11": {"room3": -0.828011394, "room4": -1.5408388380000002, "room7": -0.92311281, "room2": -0.6970052720000001, "room12": -0.823197305, "room9": -1.4813239569999999}, "spk19": {"room4": -0.21325507800000001, "room7": -0.431263626, "room12": 0.9274804590000001}, "spk13": {"room4": -0.751811624, "room12": -1.5164779419999999}, "spk31": {"room10": 0.13626606800000002}, "spk6": {"room10": -1.3085393909999998}, "spk3": {"room3": -1.035880208, "room5": -0.64008373, "room7": -0.967103004, "room0": -0.7044580579999999, "room2": -0.313756168, "room9": -1.058098197}, "spk0": {"room3": -0.909992337}, "spk20": {"room10": -0.252097219}, "spk26": {"room2": -0.22603762100000002}, "spk16": {"room3": -0.345862895, "room4": -0.114258625, "room7": -0.467122763, "room12": -0.43895849600000003, "room9": -0.635368049}, "spk27": {"room5": -1.867310166, "room0": -1.805860877}, "spk25": {"room1": -1.4720176459999998}, "spk21": {"room3": -1.12852788, "room4": -1.5359548330000001, "room2": -1.752933025, "room12": -1.6907546519999999}, "spk30": {"room4": 1.99952817, "room2": 6.275651932000001, "room12": 2.3877465719999997}, "spk4": {"room6": -1.37993288}, "spk14": {"room10": -0.5745448470000001}, "spk7": {"room12": -0.8499658109999999}, "spk1": {"room5": -1.42452693, "room0": -0.959430039}}}