{"meta": {"speaker": "spk30", "room": "room8"}, "data": {"spk22": {"room0": -0.9246366020000001}, "spk10": {"room4": -1.442302346, "room12": -0.8386660220000001}, "spk18": {"room5": -0.521695912, "room0": -0.495735496, "room2": 1.1629394290000001}, "spk29": {"room10": -0.416819125}, "spk5": {"room3": -0.283131242, "room5": -0.13052649800000002, "room0": -0.15455880800000002}, "spk9": {"room4": -0.348906845, "room7": -0.690678358, "room10": -0.17749932399999999, "room12": -0.454178125, "room9": -0.394099236}, "spk2": {"room5": -0.955878973, "room0": -0.8312633629999999}, "spk23": {"room4": -0.811106563, "room7": -0.924100935, "room2": -0.967089474, "room10": -0.80581826, "room12": -0.8665416840000001, "room9": -0.8259481190000001}, "spk15": {"room10": -0.26727432}, "spk28": {"room10": 0.9669864770000001}, "spk24": {"room1": 0.550738871}, "spk12": {"room10": -0.916287005}, "spk8": {"room10": -0.156446502}, "spk17": {"room5": -0.978200555, "room0": -0.93285042}, "spk11": {"room3": -0.5806939010000001, "room4": -0.811091065, "room7": -0.451450735, "room2": -0.029179016000000002, "room12": -0.28977459699999997, "room9": -0.779965639}, "spk19": {"room4": -0.724348545, "room7": -0.720420003, "room12": -0.231485948}, "spk13": {"room4": -0.5899904970000001, "room12": -0.5613966579999999}, "spk31": {"room10": -0.324077398}, "spk6": {"room10": 0.725523829}, "spk3": {"room3": -0.342859387, "room5": 0.284175307, "room7": -0.336591363, "room0": -0.21430769600000002, "room2": 0.33612904, "room9": -0.270452857}, "spk0": {"room3": -0.229985267}, "spk20": {"room10": 0.006173134}, "spk26": {"room2": 0.217628315}, "spk16": {"room3": -0.668585539, "room4": -0.150068954, "room7": -0.35640162200000003, "room12": 0.041837905, "room9": -0.23366043}, "spk27": {"room5": -0.9020680790000001, "room0": -0.9093980190000001}, "spk25": {"room1": -0.867294371}, "spk21": {"room3": -0.283968151, "room4": -0.203864023, "room2": -0.17613491399999998, "room12": -0.528464377}, "spk30": {"room4": 6.069017887, "room2": 5.0675239560000005, "room12": 5.232390881000001}, "spk4": {"room6": -0.157939807}, "spk14": {"room10": -0.097252794}, "spk7": {"room12": -0.19930346300000001}, "spk1": {"room5": -0.759692967, "room0": -1.067898035}}}