{"meta": {"speaker": "spk30", "room": "room2"}, "data": {"spk22": {"room0": -1.392500281}, "spk10": {"room4": -2.104581118, "room12": -1.469373584}, "spk18": {"room5": 1.431396365, "room0": 1.352050781, "room2": 2.233036995}, "spk29": {"room10": -1.618898511}, "spk5": {"room3": -1.515531063, "room5": -1.96429491, "room0": -1.8440229890000002}, "spk9": {"room4": -2.085485935, "room7": -1.694676399, "room10": -1.9019325969999998, "room12": -1.62624979, "room9": -2.000326157}, "spk2": {"room5": -2.01038599, "room0": -1.7864104509999998}, "spk23": {"room4": -2.1397025590000003, "room7": -1.458112001, "room2": -2.2099494930000003, "room10": -1.9934420590000002, "room12": -2.283228159, "room9": -2.0127844809999997}, "spk15": {"room10": -0.603337586}, "spk28": {"room10": 2.100762844}, "spk24": {"room1": -1.616089106}, "spk12": {"room10": -0.254748821}, "spk8": {"room10": -2.2269010540000003}, "spk17": {"room5": -2.304891109, "room0": -2.3408024309999997}, "spk11": {"room3": -1.227184057, "room4": -2.304957151, "room7": -1.548346281, "room2": -1.097882032, "room12": -1.3146736620000001, "room9": -2.1830163}, "spk19": {"room4": -0.17392619, "room7": 0.324005604, "room12": 1.124683261}, "spk13": {"room4": -1.3019038440000001, "room12": -1.436459422}, "spk31": {"room10": 2.566442728}, "spk6": {"room10": -1.36673522}, "spk3": {"room3": -1.235697746, "room5": -0.202188835, "room7": -1.4481873509999998, "room0": -0.987588227, "room2": -0.010730245, "room9": -1.514579415}, "spk0": {"room3": -0.737998486}, "spk20": {"room10": -0.273106217}, "spk26": {"room2": -0.09759886599999999}, "spk16": {"room3": -0.946206033, "room4": -0.666406095, "room7": -1.016773462, "room12": -1.5014678240000001, "room9": -1.466167688}, "spk27": {"room5": -2.295223951, "room0": -2.22505331}, "spk25": {"room1": -2.465219975}, "spk21": {"room3": -1.579168677, "room4": -1.575874209, "room2": -1.344448805, "room12": -2.450698137}, "spk30": {"room4": 6.617105007, "room2": 11.74361706, "room12": 5.781397342999999}, "spk4": {"room6": -1.6922657490000002}, "spk14": {"room10": -0.55478096}, "spk7": {"room12": -1.239008546}, "spk1": {"room5": -1.5063411, "room0": -0.963453472}}}