{"meta": {"speaker": "spk30", "room": "room12"}, "data": {"spk22": {"room0": -1.048094392}, "spk10": {"room4": -1.7909141780000002, "room12": -1.135580897}, "spk18": {"room5": -0.546070993, "room0": -0.334116459, "room2": 1.230539799}, "spk29": {"room10": -0.44622373600000004}, "spk5": {"room3": -0.7995734809999999, "room5": -0.257044762, "room0": -0.239590093}, "spk9": {"room4": -1.0649480820000001, "room7": -0.752946496, "room10": -1.284638524, "room12": -1.495940447, "room9": -1.304033756}, "spk2": {"room5": -1.830303431, "room0": -2.019242764}, "spk23": {"room4": -1.259938121, "room7": -1.284456372, "room2": -0.829164565, "room10": -1.272575498, "room12": -1.5062351230000002, "room9": -1.550018191}, "spk15": {"room10": 0.17126317300000002}, "spk28": {"room10": 1.294714451}, "spk24": {"room1": -0.52399236}, "spk12": {"room10": 1.098375797}, "spk8": {"room10": -1.4435770509999999}, "spk17": {"room5": -1.474829674, "room0": -1.333444238}, "spk11": {"room3": -0.9945643540000001, "room4": -1.52052629, "room7": -1.4146056180000002, "room2": -0.902353466, "room12": -1.267068863, "room9": -2.2125675680000003}, "spk19": {"room4": -0.39139050200000003, "room7": -0.64318496, "room12": -0.17216263699999998}, "spk13": {"room4": -1.071917772, "room12": -1.477889061}, "spk31": {"room10": 0.432554424}, "spk6": {"room10": 0.010850279}, "spk3": {"room3": -1.146181226, "room5": -0.6379878520000001, "room7": -1.1806463, "room0": -0.873200238, "room2": -0.645743489, "room9": -1.508044362}, "spk0": {"room3": -0.548074245}, "spk20": {"room10": 0.681172252}, "spk26": {"room2": -0.24007768899999998}, "spk16": {"room3": -1.5597074030000002, "room4": -1.345101118, "room7": -1.808731079, "room12": -1.128007889, "room9": -1.5574527980000001}, "spk27": {"room5": -1.365570068, "room0": -0.758930326}, "spk25": {"room1": -0.9699773190000001}, "spk21": {"room3": -0.5470587020000001, "room4": -0.669582427, "room2": -0.561493754, "room12": -1.8436486719999998}, "spk30": {"room4": 4.634119511000001, "room2": 2.709383965, "room12": 3.9581170080000003}, "spk4": {"room6": -0.35372170799999997}, "spk14": {"room10": -0.550370395}, "spk7": {"room12": -1.267744184}, "spk1": {"room5": -1.5634839530000002, "room0": -1.95718503}}}