{"meta": {"speaker": "spk30", "room": "room8"}, "data": {"spk22": {"room0": -0.29500660300000003}, "spk10": {"room4": -1.161250114, "room12": -0.7833733559999999}, "spk18": {"room5": -0.5604273679999999, "room0": -0.31956768, "room2": 1.069725513}, "spk29": {"room10": 0.464741915}, "spk5": {"room3": 0.135476872, "room5": 0.24983707100000002, "room0": 0.37108653799999997}, "spk9": {"room4": -0.064886011, "room7": -0.130372599, "room10": -0.013718226000000002, "room12": -0.352110714, "room9": -0.204624295}, "spk2": {"room5": -0.76579994, "room0": -0.897453249}, "spk23": {"room4": -0.07338152099999999, "room7": -0.406850547, "room2": -0.685329258, "room10": -0.617819309, "room12": -0.644391656, "room9": -0.320307612}, "spk15": {"room10": -0.08969481300000001}, "spk28": {"room10": 0.309793979}, "spk24": {"room1": 0.5030079479999999}, "spk12": {"room10": -0.657129526}, "spk8": {"room10": -1.035915852}, "spk17": {"room5": -0.7113314270000001, "room0": -0.41352847200000004}, "spk11": {"room3": 0.490490854, "room4": -0.262758166, "room7": 0.080778658, "room2": 0.416671216, "room12": 0.058836259, "room9": -0.644779146}, "spk19": {"room4": -0.7269119620000001, "room7": -0.5574946999999999, "room12": -0.637236059}, "spk13": {"room4": 0.019525473999999998, "room12": -0.45583114}, "spk31": {"room10": 0.041487857999999996}, "spk6": {"room10": 0.436484814}, "spk3": {"room3": 0.390824258, "room5": 1.016354203, "room7": 0.128633276, "room0": 0.886070609, "room2": 1.3794635530000001, "room9": 0.206622362}, "spk0": {"room3": -0.337399602}, "spk20": {"room10": 0.13356074699999998}, "spk26": {"room2": 0.365028739}, "spk16": {"room3": 0.135298803, "room4": 0.129493535, "room7": -0.06350454700000001, "room12": -0.026429203999999998, "room9": -0.271472335}, "spk27": {"room5": -0.684320092, "room0": -0.5363988279999999}, "spk25": {"room1": 0.29717198}, "spk21": {"room3": 0.260521263, "room4": -0.21927587699999998, "room2": -0.14585445800000002, "room12": -0.313857257}, "spk30": {"room4": 4.484648705, "room2": 6.462702751, "room12": 3.1225087639999995}, "spk4": {"room6": -0.250095725}, "spk14": {"room10": 0.47127893600000004}, "spk7": {"room12": -0.040726021}, "spk1": {"room5": -0.716552854, "room0": -0.339243323}}}