{"meta": {"speaker": "spk30", "room": "room8"}, "data": {"spk22": {"room0": -0.797958493}, "spk10": {"room4": -1.40134871, "room12": -0.7584884759999999}, "spk18": {"room5": -0.47612327299999996, "room0": -0.43499636700000005, "room2": 0.41306281100000003}, "spk29": {"room10": -0.874201655}, "spk5": {"room3": -1.092576265, "room5": -1.239638805, "room0": -1.14060235}, "spk9": {"room4": -0.494376004, "room7": -0.742261589, "room10": -0.683498919, "room12": -0.8613721129999999, "room9": -0.740956068}, "spk2": {"room5": -0.995648324, "room0": -1.3743282559999999}, "spk23": {"room4": -1.371763945, "room7": -1.144011378, "room2": -1.105510831, "room10": -1.2067571879999999, "room12": -0.941201627, "room9": -1.6606428619999998}, "spk15": {"room10": -0.985391617}, "spk28": {"room10": 0.084486701}, "spk24": {"room1": -0.051156547000000004}, "spk12": {"room10": -0.893949032}, "spk8": {"room10": -0.270023763}, "spk17": {"room5": -0.945532203, "room0": -0.851463318}, "spk11": {"room3": -0.535333335, "room4": -1.176525831, "room7": -0.7238406540000001, "room2": -0.29495877, "room12": -0.7366838459999999, "room9": -0.7052335740000001}, "spk19": {"room4": 0.147334933, "room7": -0.022626271, "room12": 0.511871219}, "spk13": {"room4": -0.074595302, "room12": -0.514404297}, "spk31": {"room10": 0.9643324609999999}, "spk6": {"room10": 0.053499538}, "spk3": {"room3": -1.09833169, "room5": -0.490539998, "room7": -1.283006907, "room0": -1.385018349, "room2": -0.53994292, "room9": -1.424060941}, "spk0": {"room3": -0.272771031}, "spk20": {"room10": -0.371253282}, "spk26": {"room2": -0.405490994}, "spk16": {"room3": -0.7955059409999999, "room4": -0.740352929, "room7": -0.837000847, "room12": -0.261889547, "room9": -0.612027287}, "spk27": {"room5": -0.745649815, "room0": -0.947740316}, "spk25": {"room1": -1.373288035}, "spk21": {"room3": -0.951007605, "room4": -0.713886142, "room2": -0.509901762, "room12": -0.960719407}, "spk30": {"room4": 6.435193062000001, "room2": 5.2770938869999995, "room12": 5.119206429}, "spk4": {"room6": -1.034467459}, "spk14": {"room10": -0.066635258}, "spk7": {"room12": -0.801041126}, "spk1": {"room5": -1.25684762, "room0": -1.720779061}}}