{"meta": {"speaker": "spk30", "room": "room8"}, "data": {"spk22": {"room0": -0.692490637}, "spk10": {"room4": -1.533907771, "room12": -1.023102641}, "spk18": {"room5": 0.090767391, "room0": -0.15262009199999998, "room2": 1.37434411}, "spk29": {"room10": -0.446977973}, "spk5": {"room3": -0.99019891, "room5": -0.879445732, "room0": -0.9376362559999999}, "spk9": {"room4": -1.06838429, "room7": -1.265418291, "room10": -1.135516405, "room12": -1.064769626, "room9": -1.003832221}, "spk2": {"room5": -1.4500578640000001, "room0": -1.310349226}, "spk23": {"room4": -1.176564693, "room7": -1.3312867879999999, "room2": -1.48201263, "room10": -1.2271521090000002, "room12": -1.351968169, "room9": -1.5960609909999999}, "spk15": {"room10": -0.628070951}, "spk28": {"room10": 0.43854284299999996}, "spk24": {"room1": 0.643639863}, "spk12": {"room10": 0.00542858}, "spk8": {"room10": -1.07919693}, "spk17": {"room5": -1.114358902, "room0": -1.129589558}, "spk11": {"room3": -0.568632782, "room4": -1.2720028159999999, "room7": -0.851713717, "room2": -0.352598876, "room12": -0.48273658799999997, "room9": -0.8317147490000001}, "spk19": {"room4": -0.539367139, "room7": -1.10750854, "room12": -0.6766605379999999}, "spk13": {"room4": -0.8332145209999999, "room12": -0.767241955}, "spk31": {"room10": -0.465283871}, "spk6": {"room10": -0.300190151}, "spk3": {"room3": -0.931635797, "room5": -0.18206407100000002, "room7": -1.086900115, "room0": -0.807652175, "room2": -0.062637553, "room9": -0.982618213}, "spk0": {"room3": -0.51237011}, "spk20": {"room10": -0.024657437999999997}, "spk26": {"room2": -0.11184746}, "spk16": {"room3": -0.986470044, "room4": -0.627231658, "room7": -0.8982020620000001, "room12": -0.174325809, "room9": -0.837751508}, "spk27": {"room5": -1.1415629390000002, "room0": -0.940283537}, "spk25": {"room1": -1.2254384759999999}, "spk21": {"room3": -1.333664536, "room4": -1.400406003, "room2": -1.0160967109999999, "room12": -1.5775067809999999}, "spk30": {"room4": 7.178285122, "room2": 7.241489887, "room12": 5.754061699}, "spk4": {"room6": -1.6240105630000001}, "spk14": {"room10": -0.080739424}, "spk7": {"room12": -1.1554789540000001}, "spk1": {"room5": -1.212371826, "room0": -1.47990799}}}