{"meta": {"speaker": "spk30", "room": "room8"}, "data": {"spk22": {"room0": -0.232271478}, "spk10": {"room4": -1.6576163769999999, "room12": -0.566070199}, "spk18": {"room5": 0.075109467, "room0": -0.078379363, "room2": -0.572135925}, "spk29": {"room10": -0.819581032}, "spk5": {"room3": -1.171421766, "room5": -0.64954257, "room0": -1.153213978}, "spk9": {"room4": -0.44693768, "room7": -0.480124235, "room10": -0.748865187, "room12": -0.419627339, "room9": -0.390827745}, "spk2": {"room5": -1.145670652, "room0": -1.089076519}, "spk23": {"room4": -1.1147394179999999, "room7": -0.404734015, "room2": -0.936828434, "room10": -0.682629645, "room12": -0.655102551, "room9": -1.147104263}, "spk15": {"room10": -1.20374167}, "spk28": {"room10": 1.8038637640000001}, "spk24": {"room1": -0.357559174}, "spk12": {"room10": 0.714731276}, "spk8": {"room10": -0.452215314}, "spk17": {"room5": -0.56733191, "room0": -0.46770706799999995}, "spk11": {"room3": -0.300645351, "room4": -1.0147436859999999, "room7": -0.423463166, "room2": -0.23924160000000003, "room12": -0.3586528, "room9": -0.910199702}, "spk19": {"room4": 0.625993848, "room7": 0.389424682, "room12": 0.048756495}, "spk13": {"room4": -0.301488757, "room12": -1.084259987}, "spk31": {"room10": 0.767546058}, "spk6": {"room10": 0.05558840599999999}, "spk3": {"room3": -0.924074352, "room5": 0.070789531, "room7": -0.48823878200000004, "room0": -0.8291003109999999, "room2": -0.136521414, "room9": -0.407256395}, "spk0": {"room3": -0.223982155}, "spk20": {"room10": 0.952392995}, "spk26": {"room2": -0.408452928}, "spk16": {"room3": -0.927895129, "room4": -0.32191842800000003, "room7": -0.6457462310000001, "room12": -0.429271251, "room9": -0.522558272}, "spk27": {"room5": -0.8128433820000001, "room0": -0.926499307}, "spk25": {"room1": -0.641190767}, "spk21": {"room3": -0.693873465, "room4": -0.262571365, "room2": 0.123153031, "room12": -0.47512391200000004}, "spk30": {"room4": 4.229650974, "room2": 3.199656725, "room12": 4.368216991000001}, "spk4": {"room6": -0.9767397640000001}, "spk14": {"room10": 0.38962096}, "spk7": {"room12": -0.5476789470000001}, "spk1": {"room5": -0.586561918, "room0": -1.1243413690000001}}}