{"meta": {"speaker": "spk30", "room": "room8"}, "data": {"spk22": {"room0": -0.826112211}, "spk10": {"room4": -1.280699015, "room12": -0.783311546}, "spk18": {"room5": -0.6131500010000001, "room0": -0.398586005, "room2": 0.66246897}, "spk29": {"room10": -0.534519434}, "spk5": {"room3": -0.5170780420000001, "room5": -0.009524365, "room0": -0.21804128600000003}, "spk9": {"room4": -0.268735111, "room7": -0.34110963299999997, "room10": -0.41686466299999997, "room12": -0.531541944, "room9": -0.261322588}, "spk2": {"room5": -1.666883945, "room0": -1.4677959680000001}, "spk23": {"room4": -0.92420572, "room7": -1.101928592, "room2": -1.220173597, "room10": -1.020096302, "room12": -1.296634912, "room9": -1.065505505}, "spk15": {"room10": -0.22021935899999998}, "spk28": {"room10": 0.34148430799999996}, "spk24": {"room1": 0.6757246259999999}, "spk12": {"room10": 0.44639015200000004}, "spk8": {"room10": -0.9601823690000001}, "spk17": {"room5": -0.895849586, "room0": -0.7549346090000001}, "spk11": {"room3": -0.8393712040000001, "room4": -1.285352588, "room7": -0.746501207, "room2": -0.652760208, "room12": -0.43730166600000003, "room9": -1.203424573}, "spk19": {"room4": -0.08695518199999999, "room7": -0.384550512, "room12": -0.337660581}, "spk13": {"room4": -0.5970640779999999, "room12": -0.90087992}, "spk31": {"room10": -1.462919354}, "spk6": {"room10": 0.567915678}, "spk3": {"room3": -0.657498479, "room5": 0.404770255, "room7": -0.483239204, "room0": -0.315170228, "room2": 0.049285967, "room9": -0.37926709700000005}, "spk0": {"room3": -0.763078094}, "spk20": {"room10": -0.22094987300000002}, "spk26": {"room2": 0.421527207}, "spk16": {"room3": -1.02913022, "room4": -0.434801161, "room7": -0.5022370820000001, "room12": -0.38083297, "room9": -0.39947056799999997}, "spk27": {"room5": -0.9100227359999999, "room0": -0.891294122}, "spk25": {"room1": -0.757034063}, "spk21": {"room3": -0.291991889, "room4": -0.495471537, "room2": -0.623211861, "room12": -0.603176713}, "spk30": {"room4": 4.835211277, "room2": 5.044973373, "room12": 3.274501085}, "spk4": {"room6": -0.6463379260000001}, "spk14": {"room10": 0.09877670599999999}, "spk7": {"room12": -0.498045385}, "spk1": {"room5": -0.9358779190000001, "room0": -1.131688833}}}