{"meta": {"speaker": "spk30", "room": "room9"}, "data": {"spk22": {"room0": -0.666176319}, "spk10": {"room4": -1.436692476, "room12": -0.898370683}, "spk18": {"room5": 1.225775957, "room0": 1.072187781, "room2": 1.1864935159999999}, "spk29": {"room10": -0.739665627}, "spk5": {"room3": -0.550926924, "room5": -0.80834645, "room0": -0.645876229}, "spk9": {"room4": -1.2318767309999998, "room7": -0.7163013220000001, "room10": -1.2960428, "room12": -1.017571807, "room9": -1.207804322}, "spk2": {"room5": -1.3193337920000001, "room0": -1.4287569519999999}, "spk23": {"room4": -1.103895903, "room7": -0.9646897320000001, "room2": -1.551050901, "room10": -1.277344465, "room12": -1.174052477, "room9": -1.268873811}, "spk15": {"room10": -0.327490121}, "spk28": {"room10": 1.1143624779999999}, "spk24": {"room1": -0.864429653}, "spk12": {"room10": 0.023091982999999996}, "spk8": {"room10": -1.157443285}, "spk17": {"room5": -1.150962949, "room0": -1.34827137}, "spk11": {"room3": -0.501891315, "room4": -1.300706625, "room7": -0.556597173, "room2": -0.45233833799999995, "room12": -0.794776142, "room9": -1.324831605}, "spk19": {"room4": 0.614113688, "room7": 1.313625932, "room12": 0.250073314}, "spk13": {"room4": -0.5115128760000001, "room12": -0.9116644859999999}, "spk31": {"room10": 0.71905452}, "spk6": {"room10": -0.481436163}, "spk3": {"room3": -0.528261483, "room5": -0.21652407899999998, "room7": -0.563854754, "room0": -0.167597339, "room2": 0.120607853, "room9": -0.657522976}, "spk0": {"room3": -0.962971747}, "spk20": {"room10": -0.29004031399999997}, "spk26": {"room2": -0.7259901759999999}, "spk16": {"room3": -1.095034719, "room4": -0.293466032, "room7": -0.939133048, "room12": -0.8945284490000001, "room9": -0.9435155390000001}, "spk27": {"room5": -1.406802058, "room0": -1.404890299}, "spk25": {"room1": -1.316354394}, "spk21": {"room3": -0.632603467, "room4": -1.071023583, "room2": -0.7237229940000001, "room12": -1.4465616940000001}, "spk30": {"room4": 6.694069862, "room2": 7.0774040220000005, "room12": 4.566360474}, "spk4": {"room6": -0.7673299309999999}, "spk14": {"room10": 0.13010855}, "spk7": {"room12": -0.9735984209999999}, "spk1": {"room5": -1.324400306, "room0": -1.086019754}}}