{"meta": {"speaker": "spk30", "room": "room8"}, "data": {"spk22": {"room0": -1.637881875}, "spk10": {"room4": -1.957800865, "room12": -1.081118464}, "spk18": {"room5": -1.217762709, "room0": -1.411157846, "room2": -0.7725960609999999}, "spk29": {"room10": -1.147971392}, "spk5": {"room3": -1.150156975, "room5": -1.274974465, "room0": -1.148566008}, "spk9": {"room4": -1.662492394, "room7": -1.577874064, "room10": -1.348541021, "room12": -1.722814202, "room9": -1.843016624}, "spk2": {"room5": -1.600137115, "room0": -1.980319142}, "spk23": {"room4": -1.394961357, "room7": -1.44753921, "room2": -1.208654046, "room10": -1.330116749, "room12": -1.232259631, "room9": -1.7550024990000002}, "spk15": {"room10": -0.724551499}, "spk28": {"room10": 1.893517256}, "spk24": {"room1": -0.9556969999999999}, "spk12": {"room10": -0.83403784}, "spk8": {"room10": -1.2360192540000001}, "spk17": {"room5": -1.4338626859999999, "room0": -1.906633258}, "spk11": {"room3": -1.719377041, "room4": -2.068743467, "room7": -1.8740597959999998, "room2": -1.521451235, "room12": -1.391278744, "room9": -2.229806185}, "spk19": {"room4": -0.550633013, "room7": -1.4593957659999999, "room12": 0.222749576}, "spk13": {"room4": -1.80374217, "room12": -1.846842647}, "spk31": {"room10": 0.40039947600000003}, "spk6": {"room10": -0.451009303}, "spk3": {"room3": -1.08354938, "room5": -0.754773438, "room7": -1.6155077219999998, "room0": -1.5347667930000002, "room2": -1.0980600120000001, "room9": -1.7028893230000002}, "spk0": {"room3": -0.7051554320000001}, "spk20": {"room10": -0.660030246}, "spk26": {"room2": -1.049971819}, "spk16": {"room3": -1.882848501, "room4": -1.6315472130000002, "room7": -1.801571131, "room12": -1.303825021, "room9": -1.919393897}, "spk27": {"room5": -0.864273787, "room0": -1.254549265}, "spk25": {"room1": -1.911078453}, "spk21": {"room3": -0.64201504, "room4": -1.34832716, "room2": -1.1308761840000001, "room12": -1.4421844480000001}, "spk30": {"room4": 5.265912533, "room2": 4.091655731, "room12": 3.6605405810000002}, "spk4": {"room6": -1.458620429}, "spk14": {"room10": -0.618698955}, "spk7": {"room12": -1.772645473}, "spk1": {"room5": -1.89689219, "room0": -1.998517275}}}