{"meta": {"speaker": "spk21", "room": "room13"}, "data": {"spk22": {"room0": -0.5158719420000001}, "spk10": {"room4": 0.304110825, "room12": -0.07752510900000001}, "spk18": {"room5": -1.560017467, "room0": -1.199851871, "room2": -0.709522605}, "spk29": {"room10": 2.887007475}, "spk5": {"room3": 3.230602264, "room5": 2.9307150839999996, "room0": 3.188296318}, "spk9": {"room4": -0.067226738, "room7": 0.450359076, "room10": -0.010698523, "room12": 0.473604321, "room9": 0.063416786}, "spk2": {"room5": -0.16567035, "room0": -0.65405935}, "spk23": {"room4": 1.940280437, "room7": 2.454735518, "room2": 1.6930845980000002, "room10": 2.055538416, "room12": 1.7917652130000001, "room9": 2.099653482}, "spk15": {"room10": -0.147987455}, "spk28": {"room10": -1.29879427}, "spk24": {"room1": 1.4371443990000001}, "spk12": {"room10": -0.721476853}, "spk8": {"room10": 0.362042695}, "spk17": {"room5": 1.399652481, "room0": 1.705856085}, "spk11": {"room3": -0.126220658, "room4": -0.390892416, "room7": -0.998003602, "room2": -1.288785458, "room12": -0.682663679, "room9": -0.918100595}, "spk19": {"room4": -0.534079254, "room7": -0.409679025, "room12": -0.985176563}, "spk13": {"room4": 0.919750869, "room12": 0.055740722}, "spk31": {"room10": -1.7343090769999998}, "spk6": {"room10": 1.1535625459999999}, "spk3": {"room3": 1.5605765580000002, "room5": 0.615163088, "room7": 0.015726972, "room0": 1.160696268, "room2": 1.5402903559999999, "room9": 0.620675266}, "spk0": {"room3": 1.62446785}, "spk20": {"room10": -0.261867344}, "spk26": {"room2": 1.76481843}, "spk16": {"room3": 0.717052162, "room4": -0.593321025, "room7": -0.5527273420000001, "room12": -0.539976895, "room9": -0.007915811}, "spk27": {"room5": 0.233258128, "room0": -0.252234399}, "spk25": {"room1": 1.436268806}, "spk21": {"room3": 4.371023655, "room4": 2.973972321, "room2": 2.283246517, "room12": 3.2761561869999998}, "spk30": {"room4": -1.023020625, "room2": -1.583106399, "room12": -1.0392649170000001}, "spk4": {"room6": 1.3911832569999998}, "spk14": {"room10": -0.028860094}, "spk7": {"room12": 1.574533105}, "spk1": {"room5": 0.11789071599999999, "room0": 0.194593668}}}