{"meta": {"speaker": "spk21", "room": "room13"}, "data": {"spk22": {"room0": -0.161981404}, "spk10": {"room4": 0.993900597, "room12": 1.063257337}, "spk18": {"room5": -1.7122248409999998, "room0": -1.3077383040000001, "room2": -1.428436995}, "spk29": {"room10": 2.1466512680000003}, "spk5": {"room3": 3.0744578839999996, "room5": 2.163854599, "room0": 2.856629372}, "spk9": {"room4": -0.294504434, "room7": 0.248150304, "room10": 0.134720549, "room12": 0.314383328, "room9": -0.433171123}, "spk2": {"room5": 0.0049002920000000005, "room0": -0.138302729}, "spk23": {"room4": 2.0339562890000003, "room7": 2.708133221, "room2": 2.353612423, "room10": 2.07297945, "room12": 1.889547348, "room9": 2.805112839}, "spk15": {"room10": 0.07263025599999999}, "spk28": {"room10": -1.017939687}, "spk24": {"room1": 1.331309438}, "spk12": {"room10": -1.282870531}, "spk8": {"room10": 0.891691685}, "spk17": {"room5": 1.104560971, "room0": 0.8196541070000001}, "spk11": {"room3": -0.8167490359999999, "room4": 0.114978217, "room7": -0.955913007, "room2": -0.570487022, "room12": -0.84496361, "room9": -0.6777017120000001}, "spk19": {"room4": -1.106607556, "room7": -0.7339602709999999, "room12": -1.511096478}, "spk13": {"room4": 2.025002718, "room12": 1.2608011959999998}, "spk31": {"room10": -1.1140954490000001}, "spk6": {"room10": 0.734896898}, "spk3": {"room3": 2.024626255, "room5": 1.106322169, "room7": -0.261596829, "room0": 0.684674978, "room2": 1.31606555, "room9": 0.33869493}, "spk0": {"room3": 0.48709023}, "spk20": {"room10": -0.31656786800000003}, "spk26": {"room2": 0.9564601779999999}, "spk16": {"room3": 0.34000757299999995, "room4": -0.51200974, "room7": -0.5388588910000001, "room12": -0.9141398070000001, "room9": -0.151135311}, "spk27": {"room5": 0.161457658, "room0": -0.32781201600000004}, "spk25": {"room1": 1.139265776}, "spk21": {"room3": 4.943268299, "room4": 3.138951063, "room2": 3.3649201389999996, "room12": 2.472300053}, "spk30": {"room4": -1.278854966, "room2": -2.056282043, "room12": -1.1784555909999999}, "spk4": {"room6": 3.0162098410000002}, "spk14": {"room10": 0.30708158}, "spk7": {"room12": 0.8889604809999999}, "spk1": {"room5": 0.5691786999999999, "room0": 1.0302004809999998}}}