{"meta": {"speaker": "spk21", "room": "room13"}, "data": {"spk22": {"room0": -0.884580612}, "spk10": {"room4": 0.320770502, "room12": 0.679136932}, "spk18": {"room5": -1.224783063, "room0": -1.113707304, "room2": -0.668034852}, "spk29": {"room10": 0.8734050990000001}, "spk5": {"room3": 1.472765923, "room5": 0.796140313, "room0": 1.745951772}, "spk9": {"room4": -0.576296389, "room7": -0.284635901, "room10": 0.411892146, "room12": 0.351045936, "room9": -0.071335077}, "spk2": {"room5": -0.0046661459999999995, "room0": 0.527139902}, "spk23": {"room4": 1.295581818, "room7": 1.5669518709999999, "room2": 1.829877615, "room10": 1.206432819, "room12": 1.18287468, "room9": 1.8440096380000002}, "spk15": {"room10": 0.172825292}, "spk28": {"room10": -0.9337165359999999}, "spk24": {"room1": 1.2947126629999999}, "spk12": {"room10": -0.845428348}, "spk8": {"room10": 0.559322894}, "spk17": {"room5": 1.2449281220000001, "room0": 0.771532476}, "spk11": {"room3": -0.08538953199999999, "room4": -0.231864527, "room7": -1.3631739619999999, "room2": -1.68921721, "room12": -1.001523972, "room9": -1.041611791}, "spk19": {"room4": -0.662912488, "room7": -0.32994571300000003, "room12": -0.588157356}, "spk13": {"room4": 0.762169003, "room12": 0.45685041}, "spk31": {"room10": -1.6004512309999999}, "spk6": {"room10": 1.2016013859999999}, "spk3": {"room3": 0.803673923, "room5": 0.153959334, "room7": -1.1459863190000001, "room0": -0.24229726199999999, "room2": -0.052158157999999996, "room9": -0.074126489}, "spk0": {"room3": 2.320366383}, "spk20": {"room10": -0.281071007}, "spk26": {"room2": 2.415009022}, "spk16": {"room3": 1.365882874, "room4": -0.6065514089999999, "room7": -0.32191911300000003, "room12": -0.38405713399999997, "room9": -0.643719137}, "spk27": {"room5": -0.282452375, "room0": -0.320375711}, "spk25": {"room1": 1.054419637}, "spk21": {"room3": 5.7160553929999995, "room4": 4.191196918, "room2": 2.950871706, "room12": 3.835325956}, "spk30": {"room4": -1.187764049, "room2": -2.109088421, "room12": -1.6603575940000002}, "spk4": {"room6": 1.511846781}, "spk14": {"room10": 1.070708871}, "spk7": {"room12": 1.208996177}, "spk1": {"room5": 0.374017775, "room0": 0.790208638}}}