{"meta": {"speaker": "spk21", "room": "room13"}, "data": {"spk22": {"room0": -0.307590902}, "spk10": {"room4": 0.420111954, "room12": -0.08506313}, "spk18": {"room5": -1.861177921, "room0": -1.535172701, "room2": -1.233045936}, "spk29": {"room10": 1.847148061}, "spk5": {"room3": 2.464134455, "room5": 2.0754227640000003, "room0": 2.235287428}, "spk9": {"room4": -0.138364732, "room7": -0.153406188, "room10": 0.435240239, "room12": 0.6642382139999999, "room9": -0.191175818}, "spk2": {"room5": -0.08008454, "room0": -0.48096382600000004}, "spk23": {"room4": 1.9115574359999998, "room7": 2.480004072, "room2": 2.241559982, "room10": 1.94557941, "room12": 1.608927131, "room9": 2.003490686}, "spk15": {"room10": -0.120149165}, "spk28": {"room10": -0.951883554}, "spk24": {"room1": 1.5734980109999999}, "spk12": {"room10": -1.459020257}, "spk8": {"room10": 1.004796386}, "spk17": {"room5": 0.430235773, "room0": 0.54572022}, "spk11": {"room3": -0.5787430410000001, "room4": -0.038522597, "room7": -0.91380626, "room2": -0.622155786, "room12": -1.262315869, "room9": -0.6531889439999999}, "spk19": {"room4": -0.825737417, "room7": -0.6268877389999999, "room12": -1.2247657779999999}, "spk13": {"room4": 1.383541465, "room12": 1.441174626}, "spk31": {"room10": -1.262306452}, "spk6": {"room10": 0.7551641459999999}, "spk3": {"room3": 1.41098249, "room5": 0.713362515, "room7": -0.225489587, "room0": 0.70783639, "room2": 1.4579799180000002, "room9": 0.607117712}, "spk0": {"room3": -0.099391028}, "spk20": {"room10": -0.579945862}, "spk26": {"room2": 1.530390978}, "spk16": {"room3": 0.992324293, "room4": -0.698165059, "room7": -0.23226819899999998, "room12": -0.62704891, "room9": -0.27374807}, "spk27": {"room5": -0.210555315, "room0": -0.725145996}, "spk25": {"room1": 1.2680504320000001}, "spk21": {"room3": 3.9004764560000003, "room4": 2.520769119, "room2": 2.839228868, "room12": 2.200401306}, "spk30": {"room4": -1.249435782, "room2": -1.9832099680000002, "room12": -1.064915895}, "spk4": {"room6": 2.5481498240000002}, "spk14": {"room10": 0.230073676}, "spk7": {"room12": 0.915065825}, "spk1": {"room5": 0.787909925, "room0": 0.306771785}}}