{"meta": {"speaker": "spk21", "room": "room4"}, "data": {"spk22": {"room0": 2.07804656}, "spk10": {"room4": 2.017522335, "room12": 3.496881962}, "spk18": {"room5": -1.38968122, "room0": -1.024658203, "room2": -1.228572249}, "spk29": {"room10": 2.827998638}, "spk5": {"room3": 2.82809186, "room5": 2.389089584, "room0": 2.162380219}, "spk9": {"room4": 1.157635808, "room7": 2.852053642, "room10": -0.160634577, "room12": 1.438311815, "room9": 1.553630114}, "spk2": {"room5": 1.6654982569999999, "room0": 1.466992974}, "spk23": {"room4": 2.361256123, "room7": 4.183329582, "room2": 3.0725436210000003, "room10": 2.106069565, "room12": 3.883190393, "room9": 2.8294787410000004}, "spk15": {"room10": 0.032843366}, "spk28": {"room10": -0.711586297}, "spk24": {"room1": 0.240117058}, "spk12": {"room10": -0.9917914870000001}, "spk8": {"room10": 0.191104114}, "spk17": {"room5": 2.688326597, "room0": 2.3872401709999997}, "spk11": {"room3": -1.204004645, "room4": 1.4418265819999998, "room7": -0.049712509, "room2": -0.569891691, "room12": 1.4582792519999999, "room9": 0.288673729}, "spk19": {"room4": -1.1199094059999999, "room7": -0.719329298, "room12": -1.158101439}, "spk13": {"room4": 3.4141807560000004, "room12": 1.4773665669999998}, "spk31": {"room10": -1.391958356}, "spk6": {"room10": 1.119019985}, "spk3": {"room3": 3.018691778, "room5": 2.4234063630000002, "room7": 2.10661602, "room0": 3.930362225, "room2": 1.970765471, "room9": 3.270065546}, "spk0": {"room3": 1.0195422170000001}, "spk20": {"room10": -0.261151165}, "spk26": {"room2": 0.497827381}, "spk16": {"room3": 2.077522755, "room4": 1.116860032, "room7": 0.534589171, "room12": 1.279975295, "room9": 1.3446114059999998}, "spk27": {"room5": 2.6983020310000003, "room0": 2.9261002539999996}, "spk25": {"room1": 2.35613656}, "spk21": {"room3": 6.23926115, "room4": 5.635835171, "room2": 4.501643658, "room12": 7.116283417000001}, "spk30": {"room4": -0.28385967, "room2": -1.654020309, "room12": -0.7063348290000001}, "spk4": {"room6": 2.7258911130000003}, "spk14": {"room10": 1.963415504}, "spk7": {"room12": 1.117731333}, "spk1": {"room5": 0.446245998, "room0": 0.31653428100000003}}}