{"meta": {"speaker": "spk21", "room": "room7"}, "data": {"spk22": {"room0": 1.106932878}, "spk10": {"room4": 1.282180071, "room12": 2.280149937}, "spk18": {"room5": -1.592896581, "room0": -1.425872326, "room2": -0.8484886290000001}, "spk29": {"room10": 2.2128217219999997}, "spk5": {"room3": 2.7986512180000003, "room5": 1.746395469, "room0": 2.004086494}, "spk9": {"room4": 2.32499814, "room7": 3.3956274989999997, "room10": 0.6539610029999999, "room12": 2.497309446, "room9": 1.839893341}, "spk2": {"room5": 2.894683838, "room0": 1.699772716}, "spk23": {"room4": 2.554237843, "room7": 3.577008963, "room2": 2.8672163489999996, "room10": 2.685008287, "room12": 2.781915188, "room9": 2.859110832}, "spk15": {"room10": -0.040698886000000004}, "spk28": {"room10": -0.45419189299999996}, "spk24": {"room1": 0.866155505}, "spk12": {"room10": -0.263327211}, "spk8": {"room10": 0.19606441300000002}, "spk17": {"room5": 3.2566285130000003, "room0": 2.380055189}, "spk11": {"room3": -1.20086503, "room4": 1.088458776, "room7": -0.172055498, "room2": -0.133975521, "room12": 0.226989523, "room9": 0.27695116399999997}, "spk19": {"room4": -0.921137035, "room7": -0.538845122, "room12": -1.3631421330000002}, "spk13": {"room4": 3.047462463, "room12": 1.9379576440000001}, "spk31": {"room10": -1.6196507219999998}, "spk6": {"room10": 0.69521147}, "spk3": {"room3": 1.7412500380000002, "room5": 1.943794489, "room7": 0.520097911, "room0": 1.007999539, "room2": 0.345428795, "room9": 1.075163007}, "spk0": {"room3": 1.4283982519999998}, "spk20": {"room10": 0.425697625}, "spk26": {"room2": -0.20067536800000002}, "spk16": {"room3": 1.7188538309999999, "room4": 1.683057785, "room7": -0.082521997, "room12": 1.2980643509999998, "room9": 1.6844600440000002}, "spk27": {"room5": 3.19511199, "room0": 1.924506426}, "spk25": {"room1": 2.2837221619999997}, "spk21": {"room3": 6.869345188, "room4": 4.5297789569999996, "room2": 6.273596764, "room12": 5.319337368}, "spk30": {"room4": -0.707065165, "room2": -1.87502408, "room12": -0.78303957}, "spk4": {"room6": 2.064607143}, "spk14": {"room10": 0.981589675}, "spk7": {"room12": 0.818045557}, "spk1": {"room5": 1.915899873, "room0": 2.021197796}}}