{"meta": {"speaker": "spk21", "room": "room2"}, "data": {"spk22": {"room0": 0.35312411200000005}, "spk10": {"room4": 0.826874793, "room12": 0.319654763}, "spk18": {"room5": -1.072810292, "room0": -0.8072283859999999, "room2": -0.766415119}, "spk29": {"room10": 2.6086282730000003}, "spk5": {"room3": 2.535984993, "room5": 1.6651533840000001, "room0": 1.663699389}, "spk9": {"room4": 0.660634756, "room7": 1.073537111, "room10": 0.479193419, "room12": 0.9958124759999999, "room9": 0.48949277399999996}, "spk2": {"room5": 0.6881833079999999, "room0": -0.569728434}, "spk23": {"room4": 1.6010535959999999, "room7": 2.670320034, "room2": 2.050383329, "room10": 1.7352687119999999, "room12": 1.963213682, "room9": 2.2965075969999997}, "spk15": {"room10": -0.23059324899999997}, "spk28": {"room10": -0.635823965}, "spk24": {"room1": 1.103291273}, "spk12": {"room10": -0.233221903}, "spk8": {"room10": 0.783550918}, "spk17": {"room5": 0.99184823, "room0": 1.19998014}, "spk11": {"room3": -0.259583175, "room4": 0.207785472, "room7": -0.698738813, "room2": -0.173609748, "room12": -0.013138879, "room9": -0.194081217}, "spk19": {"room4": -0.5813261270000001, "room7": -0.281396866, "room12": -0.764675498}, "spk13": {"room4": 1.4205985069999998, "room12": 0.92482394}, "spk31": {"room10": -0.979585528}, "spk6": {"room10": 0.057889551}, "spk3": {"room3": 1.139781833, "room5": 1.18014884, "room7": 0.353697479, "room0": 1.043797731, "room2": 1.4264557359999999, "room9": 0.95221734}, "spk0": {"room3": 0.479995131}, "spk20": {"room10": -0.29530558}, "spk26": {"room2": 0.529524922}, "spk16": {"room3": 0.729589343, "room4": -0.346755892, "room7": -0.16088713699999999, "room12": -0.04378406, "room9": 0.556554556}, "spk27": {"room5": 1.431765437, "room0": 1.0710159540000002}, "spk25": {"room1": 1.75926125}, "spk21": {"room3": 2.638070107, "room4": 2.8808176519999997, "room2": 3.179924011, "room12": 2.130173445}, "spk30": {"room4": -0.316832989, "room2": -0.913663983, "room12": -0.6507109999999999}, "spk4": {"room6": 1.5224013330000001}, "spk14": {"room10": -0.033605285}, "spk7": {"room12": 1.5392981769999998}, "spk1": {"room5": 0.7664518359999999, "room0": 1.18612504}}}