{"meta": {"speaker": "spk21", "room": "room4"}, "data": {"spk22": {"room0": 0.295416534}, "spk10": {"room4": 1.9257310630000002, "room12": 2.651870728}, "spk18": {"room5": -1.775518656, "room0": -1.400828362, "room2": -1.375555396}, "spk29": {"room10": 2.771184683}, "spk5": {"room3": 4.297188759, "room5": 3.383052588, "room0": 3.200435877}, "spk9": {"room4": 0.548223138, "room7": 1.6605923180000002, "room10": -0.66246289, "room12": 1.165446997, "room9": 0.259282857}, "spk2": {"room5": 0.9781062009999999, "room0": 0.499474853}, "spk23": {"room4": 1.655580759, "room7": 2.755251646, "room2": 2.150029182, "room10": 2.059923887, "room12": 2.282704592, "room9": 2.771211863}, "spk15": {"room10": 0.014629182}, "spk28": {"room10": -0.698557615}, "spk24": {"room1": 1.308113575}, "spk12": {"room10": -1.3837226630000001}, "spk8": {"room10": 0.7880330090000001}, "spk17": {"room5": 0.98035872, "room0": 1.311851382}, "spk11": {"room3": -2.144686937, "room4": 0.11503595900000001, "room7": -0.07281015099999999, "room2": -1.4901705980000002, "room12": -0.5407494310000001, "room9": -0.095939636}, "spk19": {"room4": -1.136295199, "room7": -0.314205766, "room12": -1.304184794}, "spk13": {"room4": 0.589810908, "room12": 0.394373745}, "spk31": {"room10": -1.829908729}, "spk6": {"room10": 0.858233988}, "spk3": {"room3": 3.18742609, "room5": 0.372604579, "room7": 0.965187728, "room0": 2.94246006, "room2": 1.463734865, "room9": 2.240750074}, "spk0": {"room3": -0.053132030999999996}, "spk20": {"room10": -0.571105063}, "spk26": {"room2": 1.007823944}, "spk16": {"room3": 1.7405250069999998, "room4": -0.246775553, "room7": 1.262864351, "room12": -0.5029004220000001, "room9": 1.77668345}, "spk27": {"room5": -0.197292298, "room0": -0.061385974}, "spk25": {"room1": 1.056430578}, "spk21": {"room3": 6.812747955, "room4": 6.512944697999999, "room2": 4.043708324, "room12": 7.503081798999999}, "spk30": {"room4": -1.024816513, "room2": -1.4602807759999998, "room12": -0.976308405}, "spk4": {"room6": 3.391455889}, "spk14": {"room10": -0.069505058}, "spk7": {"room12": 1.496187449}, "spk1": {"room5": 2.481158972, "room0": 1.524579525}}}