{"meta": {"speaker": "spk21", "room": "room2"}, "data": {"spk22": {"room0": 0.55366081}, "spk10": {"room4": 1.3986332419999998, "room12": 1.409143925}, "spk18": {"room5": -1.27662313, "room0": -0.613050759, "room2": -1.059392095}, "spk29": {"room10": 1.782850146}, "spk5": {"room3": 1.363736391, "room5": 0.80238533, "room0": 0.299319685}, "spk9": {"room4": 0.317450047, "room7": 1.4393520359999998, "room10": 0.381781638, "room12": 0.51550442, "room9": 0.999609292}, "spk2": {"room5": 1.6402676109999998, "room0": 0.843093753}, "spk23": {"room4": 2.175307035, "room7": 2.564286947, "room2": 2.533706427, "room10": 2.25432992, "room12": 2.277090311, "room9": 2.273357391}, "spk15": {"room10": 0.155283988}, "spk28": {"room10": -0.483719975}, "spk24": {"room1": -0.21393577800000002}, "spk12": {"room10": -0.43380302200000004}, "spk8": {"room10": 1.147074223}, "spk17": {"room5": 1.6436567309999999, "room0": 1.512793899}, "spk11": {"room3": -0.6522008779999999, "room4": -0.156729952, "room7": -1.218147278, "room2": -1.4502402540000001, "room12": -0.88835305, "room9": -0.666533053}, "spk19": {"room4": -0.401267648, "room7": -0.168060407, "room12": -1.0901498790000002}, "spk13": {"room4": 1.932337165, "room12": 1.160385489}, "spk31": {"room10": -1.379112005}, "spk6": {"room10": 0.35753062399999996}, "spk3": {"room3": 0.46965605, "room5": 0.46178281299999996, "room7": -0.574417114, "room0": -0.063657865, "room2": -0.067914799, "room9": 0.33901026799999995}, "spk0": {"room3": 1.32216692}, "spk20": {"room10": -0.815617204}, "spk26": {"room2": 0.898017287}, "spk16": {"room3": 1.277009964, "room4": -1.062062383, "room7": -0.221713603, "room12": -0.416374326, "room9": 0.28759402}, "spk27": {"room5": 1.9660738709999999, "room0": 1.7320240740000001}, "spk25": {"room1": 0.910466909}, "spk21": {"room3": 4.315670013, "room4": 4.083353043, "room2": 6.180851936, "room12": 3.960049868}, "spk30": {"room4": -0.645636439, "room2": -1.853428364, "room12": -1.141922474}, "spk4": {"room6": 0.999872267}, "spk14": {"room10": 0.71236819}, "spk7": {"room12": 0.062305442999999995}, "spk1": {"room5": 0.787882447, "room0": 0.78333509}}}