{"meta": {"speaker": "spk21", "room": "room4"}, "data": {"spk22": {"room0": 1.002606034}, "spk10": {"room4": 0.9443497059999999, "room12": 1.039046764}, "spk18": {"room5": -2.0102410319999997, "room0": -1.6973375080000002, "room2": -1.531999946}, "spk29": {"room10": 2.339075804}, "spk5": {"room3": 3.702389717, "room5": 2.886491537, "room0": 3.44876194}, "spk9": {"room4": 0.556950748, "room7": 1.968566656, "room10": -0.056853390999999996, "room12": 1.199345589, "room9": 1.333950162}, "spk2": {"room5": 0.036827222, "room0": 0.012403116}, "spk23": {"room4": 2.315798759, "room7": 3.269578218, "room2": 2.9819350239999998, "room10": 1.785398126, "room12": 2.600111485, "room9": 2.605293512}, "spk15": {"room10": 0.18391475100000002}, "spk28": {"room10": -1.028402805}, "spk24": {"room1": 1.279516578}, "spk12": {"room10": -0.705871522}, "spk8": {"room10": 0.494778335}, "spk17": {"room5": 2.107287407, "room0": 0.5760056379999999}, "spk11": {"room3": -1.389131427, "room4": 0.542873383, "room7": -1.223660827, "room2": -1.4926968809999999, "room12": -0.25628620399999996, "room9": -0.693163812}, "spk19": {"room4": -1.066942573, "room7": -1.074245214, "room12": -1.255049467}, "spk13": {"room4": 1.862725735, "room12": 0.370460719}, "spk31": {"room10": -1.282912135}, "spk6": {"room10": 0.87291199}, "spk3": {"room3": 3.432698488, "room5": 1.5346332790000001, "room7": 1.126477957, "room0": 3.027910948, "room2": 1.056786537, "room9": 2.130779028}, "spk0": {"room3": 1.6539587969999998}, "spk20": {"room10": -0.595389545}, "spk26": {"room2": 0.919390023}, "spk16": {"room3": 1.508299708, "room4": 0.054375260999999994, "room7": -0.009616280999999999, "room12": 0.8154922720000001, "room9": 1.249346137}, "spk27": {"room5": 1.770529628, "room0": 0.451132804}, "spk25": {"room1": 1.955616355}, "spk21": {"room3": 4.848896503, "room4": 5.576691151, "room2": 3.833978415, "room12": 5.2129297260000005}, "spk30": {"room4": -1.3612095119999998, "room2": -2.06340766, "room12": -1.281253099}, "spk4": {"room6": 2.282809973}, "spk14": {"room10": -0.22273248399999998}, "spk7": {"room12": 1.094422936}, "spk1": {"room5": 0.521395206, "room0": -0.313177973}}}