{"meta": {"speaker": "spk21", "room": "room4"}, "data": {"spk22": {"room0": 0.165493473}, "spk10": {"room4": 1.34566617, "room12": 1.901899576}, "spk18": {"room5": -0.506031036, "room0": -0.009796971, "room2": -0.12251476900000001}, "spk29": {"room10": 1.4579980369999999}, "spk5": {"room3": 2.60136199, "room5": 2.958311319, "room0": 2.714336157}, "spk9": {"room4": 0.009513376, "room7": 0.824581325, "room10": -1.221879125, "room12": 0.34964892299999994, "room9": -0.732837319}, "spk2": {"room5": 0.300976068, "room0": 0.27422910899999997}, "spk23": {"room4": 0.6340639, "room7": 2.242666721, "room2": 0.9930577279999999, "room10": 0.7757437229999999, "room12": 1.348120213, "room9": 1.574087501}, "spk15": {"room10": 1.07152009}, "spk28": {"room10": -0.01438705}, "spk24": {"room1": 0.577018201}, "spk12": {"room10": -0.049313221}, "spk8": {"room10": -0.299627632}, "spk17": {"room5": 0.653620899, "room0": 0.9370802640000001}, "spk11": {"room3": -1.8451293709999999, "room4": 0.35512802, "room7": 0.176903874, "room2": -1.69384861, "room12": -0.538599312, "room9": -0.948255718}, "spk19": {"room4": -0.27232334, "room7": 0.142041609, "room12": -0.48486048}, "spk13": {"room4": 1.156444073, "room12": -0.24659995699999998}, "spk31": {"room10": -0.821695387}, "spk6": {"room10": -0.07333435099999999}, "spk3": {"room3": 1.6187793019999999, "room5": 0.9110411409999999, "room7": 1.074530363, "room0": 1.565758705, "room2": 1.228590012, "room9": 1.477783918}, "spk0": {"room3": -0.10798688199999999}, "spk20": {"room10": 0.148636878}, "spk26": {"room2": 0.283533305}, "spk16": {"room3": 0.595836639, "room4": -0.690501988, "room7": -0.598675132, "room12": -0.7051496509999999, "room9": 0.286246151}, "spk27": {"room5": 0.119640969, "room0": 0.050549507}, "spk25": {"room1": 0.640334725}, "spk21": {"room3": 6.9191598889999995, "room4": 6.658244132999999, "room2": 6.3033638, "room12": 8.257099152}, "spk30": {"room4": -0.09945622800000001, "room2": -0.64126271, "room12": -0.365080953}, "spk4": {"room6": 2.4238970280000003}, "spk14": {"room10": -0.08978229}, "spk7": {"room12": 0.5573395489999999}, "spk1": {"room5": 2.529286146, "room0": 1.724383831}}}