{"meta": {"speaker": "spk21", "room": "room11"}, "data": {"spk22": {"room0": 0.12088295800000001}, "spk10": {"room4": 2.036378145, "room12": 2.544318438}, "spk18": {"room5": -1.195756912, "room0": -1.073552251, "room2": -0.423213691}, "spk29": {"room10": 2.43520093}, "spk5": {"room3": 2.748719215, "room5": 2.507265329, "room0": 2.2908911709999997}, "spk9": {"room4": 0.9126048090000001, "room7": 1.068374157, "room10": 0.47916510700000003, "room12": 1.510002375, "room9": -0.07459317900000001}, "spk2": {"room5": 1.400387883, "room0": 1.278116107}, "spk23": {"room4": 2.0923314090000003, "room7": 2.355697632, "room2": 2.3786985869999997, "room10": 3.5992064480000003, "room12": 2.149165869, "room9": 2.355174065}, "spk15": {"room10": 1.818131566}, "spk28": {"room10": -1.1607571840000002}, "spk24": {"room1": 0.332563013}, "spk12": {"room10": 0.414419979}, "spk8": {"room10": 1.236728787}, "spk17": {"room5": 2.8544135089999996, "room0": 2.1546161169999998}, "spk11": {"room3": -0.703054726, "room4": -0.038599968, "room7": -0.13626396699999999, "room2": -0.116967186, "room12": -0.604092658, "room9": -0.440264702}, "spk19": {"room4": -0.398365885, "room7": -0.17875643100000002, "room12": -0.631695867}, "spk13": {"room4": 2.911405087, "room12": 1.605512381}, "spk31": {"room10": -0.669205487}, "spk6": {"room10": 1.4979400630000002}, "spk3": {"room3": 0.7891038659999999, "room5": 1.32298708, "room7": -0.110714264, "room0": -0.025174204, "room2": 1.234638453, "room9": 0.317383021}, "spk0": {"room3": 1.5448590519999998}, "spk20": {"room10": 0.144504577}, "spk26": {"room2": 2.52438736}, "spk16": {"room3": 1.050209641, "room4": 0.596357405, "room7": 0.382888079, "room12": 0.264654577, "room9": 0.997332573}, "spk27": {"room5": 1.232208371, "room0": -0.034072459}, "spk25": {"room1": 2.031768799}, "spk21": {"room3": 6.213168144, "room4": 4.145470142, "room2": 4.041539192, "room12": 4.223846912}, "spk30": {"room4": -0.459230751, "room2": -1.698650599, "room12": 0.082679778}, "spk4": {"room6": 2.727615595}, "spk14": {"room10": 1.1841708420000001}, "spk7": {"room12": 1.174477339}, "spk1": {"room5": -0.383519679, "room0": 0.240895763}}}