{"meta": {"speaker": "spk21", "room": "room12"}, "data": {"spk22": {"room0": 0.540947258}, "spk10": {"room4": 1.357992887, "room12": 2.094187737}, "spk18": {"room5": -2.3585875030000003, "room0": -2.0533022880000003, "room2": -2.252127886}, "spk29": {"room10": 2.106669664}, "spk5": {"room3": 0.958179653, "room5": 0.342533916, "room0": 1.063601136}, "spk9": {"room4": -0.150000438, "room7": 0.828815222, "room10": -0.13720211400000001, "room12": 0.23982104699999998, "room9": 0.024715025}, "spk2": {"room5": 0.940845191, "room0": 1.2958232159999998}, "spk23": {"room4": 2.007261038, "room7": 2.265138865, "room2": 2.147871017, "room10": 1.5058596130000002, "room12": 2.2331779, "room9": 1.611969829}, "spk15": {"room10": -0.222956613}, "spk28": {"room10": -0.9346248509999999}, "spk24": {"room1": -0.029132642}, "spk12": {"room10": -1.5486241580000002}, "spk8": {"room10": 0.29188975699999997}, "spk17": {"room5": 2.512429476, "room0": 1.225824118}, "spk11": {"room3": -0.560128391, "room4": 0.546477914, "room7": -0.830942452, "room2": -0.654167473, "room12": -0.19030767699999998, "room9": -0.130522445}, "spk19": {"room4": -0.899635673, "room7": -0.798547328, "room12": -1.572827935}, "spk13": {"room4": 1.552876949, "room12": -0.134151801}, "spk31": {"room10": -2.131374836}, "spk6": {"room10": 2.408350706}, "spk3": {"room3": 0.482783079, "room5": 1.592579722, "room7": 0.34328925600000004, "room0": 1.259335876, "room2": 1.00064671, "room9": 0.841795087}, "spk0": {"room3": 0.715530813}, "spk20": {"room10": -0.49311381600000004}, "spk26": {"room2": -0.373239815}, "spk16": {"room3": 1.1215717790000002, "room4": -0.769803405, "room7": -0.719907403, "room12": -0.727246583, "room9": -0.313627273}, "spk27": {"room5": 0.728839397, "room0": 0.791531622}, "spk25": {"room1": 0.9553303120000001}, "spk21": {"room3": 3.471541643, "room4": 3.5639562610000004, "room2": 2.82719636, "room12": 4.033261298999999}, "spk30": {"room4": -0.684745252, "room2": -1.65537703, "room12": -1.066165328}, "spk4": {"room6": 1.801735163}, "spk14": {"room10": 2.015846491}, "spk7": {"room12": 0.87346673}, "spk1": {"room5": 0.082277246, "room0": 0.342384934}}}