{"meta": {"speaker": "spk21", "room": "room11"}, "data": {"spk22": {"room0": 0.17988883}, "spk10": {"room4": 1.3372271059999998, "room12": 0.587837458}, "spk18": {"room5": -0.985760808, "room0": -1.179247618, "room2": -1.088469744}, "spk29": {"room10": 1.7702921630000001}, "spk5": {"room3": 2.890275955, "room5": 1.979846954, "room0": 1.8566430809999999}, "spk9": {"room4": 0.599123716, "room7": 0.7425177690000001, "room10": 0.264317125, "room12": 0.939449608, "room9": 0.6802335979999999}, "spk2": {"room5": 0.140767753, "room0": -0.265583783}, "spk23": {"room4": 1.8462259769999998, "room7": 2.742819548, "room2": 1.8295239209999998, "room10": 1.715224385, "room12": 2.0686933990000003, "room9": 2.688370705}, "spk15": {"room10": 0.043092847000000004}, "spk28": {"room10": -0.04909469599999999}, "spk24": {"room1": 1.041056991}, "spk12": {"room10": -0.990375817}, "spk8": {"room10": 0.507619023}, "spk17": {"room5": 0.636554062, "room0": 1.718861222}, "spk11": {"room3": -0.40231818, "room4": 0.050745904, "room7": -0.44573313, "room2": -0.16512084, "room12": -0.361659199, "room9": -0.221378312}, "spk19": {"room4": -0.540527165, "room7": -0.28491205, "room12": -0.6178383829999999}, "spk13": {"room4": 0.751638412, "room12": 1.160514832}, "spk31": {"room10": -0.996643066}, "spk6": {"room10": 0.215706602}, "spk3": {"room3": 1.512771249, "room5": 0.7969546909999999, "room7": 1.459710956, "room0": 1.11726892, "room2": 1.8408948180000002, "room9": 1.187713265}, "spk0": {"room3": 0.10392785800000001}, "spk20": {"room10": -0.17031860399999998}, "spk26": {"room2": 1.003303885}, "spk16": {"room3": 2.606123447, "room4": 0.09654466800000001, "room7": 1.1523211000000002, "room12": -0.144298658, "room9": 0.929844737}, "spk27": {"room5": -0.29643932, "room0": -0.24505665899999998}, "spk25": {"room1": 1.169681907}, "spk21": {"room3": 2.887138128, "room4": 2.485228539, "room2": 2.5145382880000002, "room12": 2.986121655}, "spk30": {"room4": -0.446652204, "room2": -0.9055604340000001, "room12": -0.822586775}, "spk4": {"room6": 1.942946434}, "spk14": {"room10": 0.7296072840000001}, "spk7": {"room12": 1.9185156819999998}, "spk1": {"room5": 0.711394668, "room0": 1.929732442}}}