{"meta": {"speaker": "spk21", "room": "room9"}, "data": {"spk22": {"room0": 1.377866864}, "spk10": {"room4": 1.315929532, "room12": 1.101194143}, "spk18": {"room5": -1.792549253, "room0": -1.4066553119999998, "room2": -0.714007556}, "spk29": {"room10": 3.1483001710000003}, "spk5": {"room3": 2.8373913760000002, "room5": 2.494292259, "room0": 2.131126165}, "spk9": {"room4": 0.749785721, "room7": 1.226425171, "room10": -0.660381138, "room12": 1.487719059, "room9": 1.5777288680000001}, "spk2": {"room5": -0.032312848, "room0": 0.32501623}, "spk23": {"room4": 2.233273268, "room7": 3.058581352, "room2": 1.201508045, "room10": 1.535442114, "room12": 1.466713428, "room9": 2.390636206}, "spk15": {"room10": -0.571267784}, "spk28": {"room10": 0.119153626}, "spk24": {"room1": 0.9999594690000001}, "spk12": {"room10": -0.845328093}, "spk8": {"room10": 0.7098134159999999}, "spk17": {"room5": 1.173275352, "room0": 1.816697955}, "spk11": {"room3": -0.194600537, "room4": 0.748400152, "room7": 0.277125984, "room2": -0.574665427, "room12": 0.293906063, "room9": 1.037802339}, "spk19": {"room4": -0.22298747300000002, "room7": 0.0239945, "room12": -1.071783185}, "spk13": {"room4": 1.001387, "room12": 0.881422281}, "spk31": {"room10": -1.464617014}, "spk6": {"room10": -0.186599165}, "spk3": {"room3": 3.219486475, "room5": 0.45987427200000003, "room7": 3.207244158, "room0": 2.7224354739999996, "room2": 2.109375238, "room9": 3.1080033780000003}, "spk0": {"room3": -0.130415186}, "spk20": {"room10": -0.311826259}, "spk26": {"room2": 0.9180443290000001}, "spk16": {"room3": 2.225899935, "room4": 0.64278698, "room7": 0.864669681, "room12": 0.41784781200000004, "room9": 1.5413644309999999}, "spk27": {"room5": 0.305741847, "room0": 0.282404989}, "spk25": {"room1": 0.981181622}, "spk21": {"room3": 2.988781452, "room4": 4.0670480730000005, "room2": 2.29790616, "room12": 4.312029839}, "spk30": {"room4": -0.647711933, "room2": -0.774448276, "room12": -0.8323897720000001}, "spk4": {"room6": 1.240551114}, "spk14": {"room10": 0.546549737}, "spk7": {"room12": 2.001234055}, "spk1": {"room5": 1.412979007, "room0": 1.984782338}}}