{"meta": {"speaker": "spk21", "room": "room13"}, "data": {"spk22": {"room0": -0.131583035}, "spk10": {"room4": 0.665633082, "room12": 0.821011543}, "spk18": {"room5": -1.526449561, "room0": -1.512283564, "room2": -1.222528696}, "spk29": {"room10": 1.432224393}, "spk5": {"room3": 1.889347672, "room5": 1.390455604, "room0": 1.48013711}, "spk9": {"room4": 0.153280258, "room7": 0.579061985, "room10": 0.904077232, "room12": 1.08884263, "room9": 0.321026534}, "spk2": {"room5": 1.072758198, "room0": 0.54803735}, "spk23": {"room4": 1.059835672, "room7": 1.716921329, "room2": 1.158111453, "room10": 1.449381948, "room12": 1.738176346, "room9": 1.277504563}, "spk15": {"room10": 0.693016469}, "spk28": {"room10": -0.669748545}, "spk24": {"room1": 0.847670197}, "spk12": {"room10": -0.54418093}, "spk8": {"room10": 0.513349056}, "spk17": {"room5": 1.065550327, "room0": 0.825633645}, "spk11": {"room3": -0.564854503, "room4": 0.043881542999999995, "room7": -0.22220762100000002, "room2": -0.181898385, "room12": -0.583884895, "room9": -0.34412887700000006}, "spk19": {"room4": -0.046818733, "room7": 0.079288922, "room12": -0.235238373}, "spk13": {"room4": 1.050575495, "room12": 0.250228047}, "spk31": {"room10": -1.03609395}, "spk6": {"room10": 0.342171729}, "spk3": {"room3": 1.057243586, "room5": 0.163456842, "room7": -0.401849687, "room0": 0.047598787000000004, "room2": 0.567709327, "room9": -0.087927274}, "spk0": {"room3": 0.926980913}, "spk20": {"room10": 0.156279907}, "spk26": {"room2": 1.003432512}, "spk16": {"room3": 1.023564458, "room4": -0.23876434600000002, "room7": -0.066657647, "room12": 0.588969886, "room9": -0.45366635899999996}, "spk27": {"room5": 0.592730045, "room0": 0.49545484799999995}, "spk25": {"room1": 0.656638443}, "spk21": {"room3": 5.335258007, "room4": 2.706361055, "room2": 3.035271168, "room12": 2.864429235}, "spk30": {"room4": -0.054596599, "room2": -1.549346685, "room12": -0.607948065}, "spk4": {"room6": 1.373071909}, "spk14": {"room10": 0.7924512029999999}, "spk7": {"room12": 0.952430546}, "spk1": {"room5": 0.184164092, "room0": 0.326180756}}}