{"meta": {"speaker": "spk21", "room": "room12"}, "data": {"spk22": {"room0": -0.13596561599999998}, "spk10": {"room4": 1.160748839, "room12": 2.455628157}, "spk18": {"room5": -1.32138598, "room0": -0.653547585, "room2": -0.9720252159999999}, "spk29": {"room10": 2.931356907}, "spk5": {"room3": 2.74966979, "room5": 1.882891536, "room0": 2.371277332}, "spk9": {"room4": -0.505549371, "room7": 1.119221687, "room10": -0.705277145, "room12": 0.29557660199999997, "room9": -0.177971154}, "spk2": {"room5": 1.244127512, "room0": 0.6816042659999999}, "spk23": {"room4": 2.0171275140000002, "room7": 3.193087101, "room2": 2.5485117440000002, "room10": 2.2647314069999998, "room12": 2.721050501, "room9": 1.881268859}, "spk15": {"room10": 0.392036021}, "spk28": {"room10": -0.719377816}, "spk24": {"room1": 0.308477432}, "spk12": {"room10": -1.076186538}, "spk8": {"room10": 0.80780834}, "spk17": {"room5": 1.333468556, "room0": 0.7578425999999999}, "spk11": {"room3": -1.3918993469999998, "room4": 0.45733010799999996, "room7": -0.326571524, "room2": -1.201039314, "room12": -0.205899373, "room9": -0.283819973}, "spk19": {"room4": -0.633875608, "room7": -0.32618638899999997, "room12": -1.238198638}, "spk13": {"room4": 1.936246991, "room12": 1.1518076659999998}, "spk31": {"room10": -1.71335578}, "spk6": {"room10": 0.023132224}, "spk3": {"room3": 2.417818546, "room5": 1.9801377059999998, "room7": 0.607252777, "room0": 1.886883259, "room2": 2.548527241, "room9": 1.5281500819999998}, "spk0": {"room3": 0.636464357}, "spk20": {"room10": -0.348194093}, "spk26": {"room2": 1.36796546}, "spk16": {"room3": 1.961338043, "room4": -0.58059901, "room7": 0.8005126709999999, "room12": 0.578797579, "room9": 0.13240949800000001}, "spk27": {"room5": 0.18016856899999997, "room0": 0.402912647}, "spk25": {"room1": 0.700186968}, "spk21": {"room3": 5.421058655, "room4": 4.735190392, "room2": 4.760242938999999, "room12": 6.126094341}, "spk30": {"room4": -0.591137469, "room2": -1.599649787, "room12": -0.555937946}, "spk4": {"room6": 1.557581902}, "spk14": {"room10": 1.0524686570000001}, "spk7": {"room12": 0.709535182}, "spk1": {"room5": 1.398975611, "room0": 0.7986367940000001}}}