{"meta": {"speaker": "spk21", "room": "room4"}, "data": {"spk22": {"room0": 1.003682494}, "spk10": {"room4": 1.423767209, "room12": 2.537866354}, "spk18": {"room5": -0.515386164, "room0": 0.088717364, "room2": -0.39608705}, "spk29": {"room10": 1.3703476190000001}, "spk5": {"room3": 2.703449965, "room5": 2.679032087, "room0": 3.64247942}, "spk9": {"room4": -0.849066257, "room7": 0.954842925, "room10": -1.174582958, "room12": -0.099899009, "room9": -0.9127333759999999}, "spk2": {"room5": 0.397110552, "room0": 0.676173806}, "spk23": {"room4": 1.249513865, "room7": 2.006445885, "room2": 1.76817596, "room10": 2.435278416, "room12": 1.4171200990000001, "room9": 1.9995157719999999}, "spk15": {"room10": 0.993257463}, "spk28": {"room10": -0.092890054}, "spk24": {"room1": 0.328267694}, "spk12": {"room10": 0.19742412899999998}, "spk8": {"room10": 0.9764977690000001}, "spk17": {"room5": 0.717527747, "room0": 0.437264115}, "spk11": {"room3": -2.099976063, "room4": 0.931208074, "room7": 0.479936391, "room2": -1.265381813, "room12": -0.799546242, "room9": -1.010503888}, "spk19": {"room4": 0.025301961, "room7": 0.501269341, "room12": 0.075298086}, "spk13": {"room4": 1.130542397, "room12": 0.43758285}, "spk31": {"room10": -1.0184262990000001}, "spk6": {"room10": 2.054205894}, "spk3": {"room3": 1.6828931569999999, "room5": 0.605384171, "room7": 0.21753767100000002, "room0": 1.243546605, "room2": 0.099279776, "room9": 0.5818498129999999}, "spk0": {"room3": -0.032207105}, "spk20": {"room10": 0.421613246}, "spk26": {"room2": 2.046248436}, "spk16": {"room3": 0.21381831199999998, "room4": 0.020784438, "room7": 0.282206595, "room12": -0.345155537, "room9": 0.345900744}, "spk27": {"room5": -0.118595392, "room0": -0.499342591}, "spk25": {"room1": 0.718120456}, "spk21": {"room3": 6.624325752000001, "room4": 5.4000706670000005, "room2": 3.56815958, "room12": 6.5856175420000005}, "spk30": {"room4": -0.154736906, "room2": -1.4874348640000001, "room12": -0.10022840599999999}, "spk4": {"room6": 2.198874235}, "spk14": {"room10": 1.1370168920000001}, "spk7": {"room12": 1.8178071980000001}, "spk1": {"room5": 1.864229202, "room0": 0.820612907}}}