{"meta": {"speaker": "spk21", "room": "room11"}, "data": {"spk22": {"room0": 0.033962492000000004}, "spk10": {"room4": 0.68716985, "room12": 1.149897218}, "spk18": {"room5": -1.107022762, "room0": -1.479112983, "room2": -1.25938797}, "spk29": {"room10": 1.765319586}, "spk5": {"room3": 2.367398024, "room5": 1.230613351, "room0": 2.211033344}, "spk9": {"room4": 0.18805341399999997, "room7": -0.33973997799999994, "room10": 0.55308187, "room12": 0.338514507, "room9": 0.140977561}, "spk2": {"room5": 0.008042022, "room0": 0.140766546}, "spk23": {"room4": 1.9490237240000001, "room7": 2.943985224, "room2": 2.855241537, "room10": 1.973624349, "room12": 2.634515285, "room9": 3.174751759}, "spk15": {"room10": -0.131205037}, "spk28": {"room10": -0.818526447}, "spk24": {"room1": 1.248040676}, "spk12": {"room10": -1.2751734259999998}, "spk8": {"room10": 1.167521477}, "spk17": {"room5": 1.036789775, "room0": 1.37476933}, "spk11": {"room3": -1.7785930630000002, "room4": -0.334880233, "room7": -1.771067142, "room2": -1.655888557, "room12": -0.852161407, "room9": -0.974614322}, "spk19": {"room4": -0.800878346, "room7": -0.402304292, "room12": -1.079759836}, "spk13": {"room4": 0.6285091039999999, "room12": -0.257031173}, "spk31": {"room10": -1.663779616}, "spk6": {"room10": 1.959329128}, "spk3": {"room3": 1.181087494, "room5": -0.375004351, "room7": -0.48951098299999996, "room0": -0.009401047, "room2": 0.134065002, "room9": -0.561048627}, "spk0": {"room3": 0.727094769}, "spk20": {"room10": -0.440687239}, "spk26": {"room2": 2.624804974}, "spk16": {"room3": 0.793194115, "room4": -1.265547276, "room7": -1.055631757, "room12": -0.7998923659999999, "room9": -0.958914995}, "spk27": {"room5": 0.309141159, "room0": 0.39894864}, "spk25": {"room1": 1.395259738}, "spk21": {"room3": 5.898805618, "room4": 5.20816946, "room2": 4.890947342, "room12": 4.901222229}, "spk30": {"room4": -0.166877329, "room2": -1.6272665259999999, "room12": -0.94963336}, "spk4": {"room6": 2.740612745}, "spk14": {"room10": 0.635972679}, "spk7": {"room12": 0.8542388679999999}, "spk1": {"room5": 0.8116924759999999, "room0": 1.178892016}}}