{"meta": {"speaker": "spk21", "room": "room9"}, "data": {"spk22": {"room0": 1.6529941559999999}, "spk10": {"room4": 1.477858305, "room12": 1.523398876}, "spk18": {"room5": -1.845228314, "room0": -1.540554404, "room2": -1.404662848}, "spk29": {"room10": 1.9772143359999999}, "spk5": {"room3": 2.804298878, "room5": 3.1703886989999996, "room0": 2.698207617}, "spk9": {"room4": 1.703882694, "room7": 2.157976866, "room10": 0.430933654, "room12": 1.7933728690000001, "room9": 2.02680254}, "spk2": {"room5": 1.010207653, "room0": 0.7764461640000001}, "spk23": {"room4": 2.2034616469999997, "room7": 2.97721839, "room2": 2.174753904, "room10": 1.959555387, "room12": 2.5484471319999997, "room9": 2.3464634419999997}, "spk15": {"room10": -0.111078903}, "spk28": {"room10": -0.86729759}, "spk24": {"room1": 1.1383887529999999}, "spk12": {"room10": -1.111687422}, "spk8": {"room10": 0.576581895}, "spk17": {"room5": 1.600520015, "room0": 1.718256354}, "spk11": {"room3": -1.002421737, "room4": 0.764171422, "room7": 0.212906078, "room2": -0.763493538, "room12": -0.114036895, "room9": 0.474318236}, "spk19": {"room4": -1.2310229540000002, "room7": -0.6651030179999999, "room12": -1.357774377}, "spk13": {"room4": 1.781961799, "room12": 0.867039025}, "spk31": {"room10": -1.9819903369999998}, "spk6": {"room10": 0.041391697000000005}, "spk3": {"room3": 2.2046597, "room5": 1.139641643, "room7": 1.65819633, "room0": 2.433731318, "room2": 0.7848669890000001, "room9": 2.020122528}, "spk0": {"room3": -0.043669898}, "spk20": {"room10": -0.443086207}, "spk26": {"room2": -0.191109002}, "spk16": {"room3": 2.019286394, "room4": -0.053101994000000007, "room7": 1.202940583, "room12": 0.934792995, "room9": 1.919906855}, "spk27": {"room5": 1.682112694, "room0": 1.5532161}, "spk25": {"room1": 2.2831568719999997}, "spk21": {"room3": 4.055256367, "room4": 4.107334137, "room2": 3.001194, "room12": 4.727104187}, "spk30": {"room4": -0.99845165, "room2": -1.726784348, "room12": -1.0943219659999999}, "spk4": {"room6": 1.79134655}, "spk14": {"room10": -0.091000758}, "spk7": {"room12": 1.328860044}, "spk1": {"room5": 0.9078968759999999, "room0": 0.70805794}}}