{"meta": {"speaker": "spk21", "room": "room4"}, "data": {"spk22": {"room0": 0.364133298}, "spk10": {"room4": 1.560728312, "room12": 2.448123217}, "spk18": {"room5": -1.301992893, "room0": -0.710567594, "room2": -0.8566401}, "spk29": {"room10": 0.815847993}, "spk5": {"room3": 3.868426085, "room5": 3.69594264, "room0": 3.461598158}, "spk9": {"room4": 1.1295512909999998, "room7": 1.98196888, "room10": 0.033035737, "room12": 1.926581264, "room9": 1.3479800219999998}, "spk2": {"room5": 0.923055828, "room0": 0.57725811}, "spk23": {"room4": 1.797185421, "room7": 2.407719135, "room2": 1.165222526, "room10": 2.0300216669999998, "room12": 2.180043221, "room9": 2.6829404830000003}, "spk15": {"room10": 0.468880475}, "spk28": {"room10": -0.663978457}, "spk24": {"room1": 0.91659838}, "spk12": {"room10": -0.908090472}, "spk8": {"room10": 0.539336324}, "spk17": {"room5": 0.8341774940000001, "room0": 1.513018966}, "spk11": {"room3": -1.466084242, "room4": 0.697871149, "room7": 0.573457062, "room2": -1.370335698, "room12": -0.336442411, "room9": -0.089737684}, "spk19": {"room4": -0.8103497620000001, "room7": -0.329185963, "room12": -0.940247715}, "spk13": {"room4": 0.926435232, "room12": 0.302716613}, "spk31": {"room10": -1.664341211}, "spk6": {"room10": 0.28429836}, "spk3": {"room3": 2.8256311419999998, "room5": 0.8123806720000001, "room7": 2.1001501080000002, "room0": 2.3770775790000003, "room2": 1.326302528, "room9": 1.872801185}, "spk0": {"room3": 0.17865324}, "spk20": {"room10": -0.22849881600000002}, "spk26": {"room2": 0.536973774}, "spk16": {"room3": 2.536175489, "room4": 0.829510152, "room7": 1.970531106, "room12": 0.098966949, "room9": 2.138418913}, "spk27": {"room5": 0.461748451, "room0": -0.10550736599999999}, "spk25": {"room1": 0.792385995}, "spk21": {"room3": 7.010291099999999, "room4": 5.582768917, "room2": 3.894764662, "room12": 8.417170525}, "spk30": {"room4": -0.977229893, "room2": -1.599587679, "room12": -1.064072371}, "spk4": {"room6": 3.0214874739999997}, "spk14": {"room10": 0.9389423729999999}, "spk7": {"room12": 0.7711614370000001}, "spk1": {"room5": 1.8604377509999999, "room0": 1.3831362719999998}}}