{"meta": {"speaker": "spk21", "room": "room13"}, "data": {"spk22": {"room0": 0.761074543}, "spk10": {"room4": 1.254789352, "room12": 1.095094681}, "spk18": {"room5": -1.158499122, "room0": -0.912471175, "room2": -0.669513464}, "spk29": {"room10": 1.831768751}, "spk5": {"room3": 1.297210217, "room5": 0.8296452759999999, "room0": 1.2749205829999999}, "spk9": {"room4": -0.705551267, "room7": 0.238081515, "room10": -0.111567557, "room12": -0.003263428, "room9": -0.38702431299999995}, "spk2": {"room5": 0.658792973, "room0": 0.49566584799999996}, "spk23": {"room4": 2.372925043, "room7": 2.947336435, "room2": 3.1977183819999997, "room10": 2.24794364, "room12": 2.301758528, "room9": 2.464738131}, "spk15": {"room10": 0.122299515}, "spk28": {"room10": 0.053567313}, "spk24": {"room1": 1.113226295}, "spk12": {"room10": -0.34634265299999994}, "spk8": {"room10": 0.8531931640000001}, "spk17": {"room5": 1.0672262909999999, "room0": 1.1592823270000001}, "spk11": {"room3": -0.15973573900000002, "room4": 0.458360702, "room7": -1.009072661, "room2": -0.03908797, "room12": -0.493652701, "room9": 0.121983744}, "spk19": {"room4": -0.658142745, "room7": -0.053723738, "room12": -0.528283238}, "spk13": {"room4": 1.883400798, "room12": 2.464196444}, "spk31": {"room10": -0.600344539}, "spk6": {"room10": 0.905796587}, "spk3": {"room3": 1.953995943, "room5": 1.261457443, "room7": 1.030920386, "room0": 1.757577538, "room2": 1.971904755, "room9": 1.333429694}, "spk0": {"room3": 0.880143285}, "spk20": {"room10": -0.189846531}, "spk26": {"room2": 1.911727428}, "spk16": {"room3": 2.3782176969999997, "room4": -0.707936645, "room7": 0.22544677600000002, "room12": -0.992008388, "room9": -0.197607607}, "spk27": {"room5": -0.6375705, "room0": -1.056290984}, "spk25": {"room1": 0.919041157}, "spk21": {"room3": 3.236148357, "room4": 2.474101067, "room2": 2.544764757, "room12": 1.857698679}, "spk30": {"room4": -0.18087111399999997, "room2": -0.478725225, "room12": -0.62048018}, "spk4": {"room6": 1.5908643009999999}, "spk14": {"room10": 1.710892081}, "spk7": {"room12": 0.8209447259999999}, "spk1": {"room5": 0.601934969, "room0": 1.487130404}}}