{"meta": {"speaker": "spk21", "room": "room13"}, "data": {"spk22": {"room0": 0.16692410400000002}, "spk10": {"room4": 0.450651139, "room12": 0.443691105}, "spk18": {"room5": -1.4769669769999998, "room0": -1.3846470119999998, "room2": -0.7919029590000001}, "spk29": {"room10": 0.6315965060000001}, "spk5": {"room3": 1.802928209, "room5": 1.693657875, "room0": 1.9226744169999999}, "spk9": {"room4": 0.059542287, "room7": -0.402403742, "room10": 0.379757732, "room12": 0.8984915609999999, "room9": 1.079884291}, "spk2": {"room5": 0.812009871, "room0": 0.388561934}, "spk23": {"room4": 0.701932847, "room7": 1.383788943, "room2": 0.7598059770000001, "room10": 0.774581671, "room12": 2.3914206030000003, "room9": 1.115217805}, "spk15": {"room10": -0.086273201}, "spk28": {"room10": -1.1162952179999999}, "spk24": {"room1": 1.238116026}, "spk12": {"room10": -0.7746922970000001}, "spk8": {"room10": -0.464682043}, "spk17": {"room5": 0.816388905, "room0": 0.699661553}, "spk11": {"room3": -0.08523421699999999, "room4": 0.260106564, "room7": -0.06970586599999999, "room2": -0.272455812, "room12": -0.29769176199999997, "room9": 0.034058422000000005}, "spk19": {"room4": -0.750557065, "room7": -1.181819797, "room12": -1.186910272}, "spk13": {"room4": 0.686138868, "room12": -0.138121396}, "spk31": {"room10": -1.827112198}, "spk6": {"room10": 0.554196715}, "spk3": {"room3": -0.481101513, "room5": 0.597414851, "room7": 0.268246174, "room0": 0.40412432, "room2": 0.429708064, "room9": 0.321484774}, "spk0": {"room3": 1.614118814}, "spk20": {"room10": -1.190452337}, "spk26": {"room2": 0.47656682100000003}, "spk16": {"room3": 1.845450401, "room4": 0.294047624, "room7": 0.651692927, "room12": 0.640992165, "room9": 1.388860583}, "spk27": {"room5": 0.280438155, "room0": 0.416672349}, "spk25": {"room1": 0.141752884}, "spk21": {"room3": 3.225619555, "room4": 3.839254618, "room2": 3.997239351, "room12": 3.669338703}, "spk30": {"room4": -0.82243973, "room2": -1.492273331, "room12": -1.173395157}, "spk4": {"room6": 0.860547245}, "spk14": {"room10": -0.31795656699999997}, "spk7": {"room12": 0.244853273}, "spk1": {"room5": 1.4207077030000002, "room0": 0.722622216}}}