{"meta": {"speaker": "spk21", "room": "room2"}, "data": {"spk22": {"room0": 0.27527371}, "spk10": {"room4": 1.2186493870000001, "room12": 0.944011092}, "spk18": {"room5": -1.277709126, "room0": -0.818413973, "room2": -0.933499575}, "spk29": {"room10": 2.089176178}, "spk5": {"room3": 3.0037791730000003, "room5": 1.841149449, "room0": 1.989585638}, "spk9": {"room4": 1.234410524, "room7": 1.569406748, "room10": 1.625567079, "room12": 1.711987138, "room9": 1.2278728490000002}, "spk2": {"room5": 1.309123755, "room0": 0.79582113}, "spk23": {"room4": 2.203979969, "room7": 1.841701865, "room2": 2.341157675, "room10": 2.1957535740000003, "room12": 1.460918069, "room9": 2.195171595}, "spk15": {"room10": 0.051465824}, "spk28": {"room10": -0.669772625}, "spk24": {"room1": 0.716796398}, "spk12": {"room10": 0.070737861}, "spk8": {"room10": 0.650619149}, "spk17": {"room5": 1.245010376, "room0": 0.893825471}, "spk11": {"room3": -0.333426595, "room4": 0.544718444, "room7": -0.97893399, "room2": -0.49948102200000005, "room12": -0.36502310600000004, "room9": -0.263428807}, "spk19": {"room4": -0.15720099199999998, "room7": -0.075471602, "room12": -0.6889314059999999}, "spk13": {"room4": 1.5054322480000002, "room12": 1.039918661}, "spk31": {"room10": -0.7605512740000001}, "spk6": {"room10": 0.14902812199999999}, "spk3": {"room3": 1.811846614, "room5": 1.844513893, "room7": -0.26141274, "room0": 0.921587527, "room2": 1.256826043, "room9": 0.187761769}, "spk0": {"room3": 0.746999621}, "spk20": {"room10": 0.156291813}, "spk26": {"room2": 1.123682737}, "spk16": {"room3": 2.067433834, "room4": 0.2064998, "room7": 0.095350385, "room12": 0.009064685, "room9": 0.72526598}, "spk27": {"room5": 1.799182296, "room0": 1.1412926909999999}, "spk25": {"room1": 1.046385884}, "spk21": {"room3": 4.107834339, "room4": 2.948388338, "room2": 3.929062366, "room12": 2.7936568260000003}, "spk30": {"room4": -0.2739788, "room2": -0.9101176259999999, "room12": -0.6241781120000001}, "spk4": {"room6": 1.290867209}, "spk14": {"room10": 0.732467711}, "spk7": {"room12": 1.237163782}, "spk1": {"room5": 1.716602206, "room0": 1.40708375}}}