{"meta": {"speaker": "spk21", "room": "room13"}, "data": {"spk22": {"room0": -0.6120445729999999}, "spk10": {"room4": 0.94533509, "room12": 0.8730489020000001}, "spk18": {"room5": -1.720151901, "room0": -1.5348443980000002, "room2": -1.203157783}, "spk29": {"room10": 2.1819908619999997}, "spk5": {"room3": 1.714502096, "room5": 1.7173047069999998, "room0": 2.094340324}, "spk9": {"room4": 0.06328266099999999, "room7": 0.552774429, "room10": -0.226912618, "room12": -0.24347581, "room9": 0.375530064}, "spk2": {"room5": 0.136345997, "room0": 0.011850646000000001}, "spk23": {"room4": 1.6557468180000001, "room7": 2.49843955, "room2": 2.111907721, "room10": 2.1260924340000003, "room12": 2.2311017509999997, "room9": 2.281869888}, "spk15": {"room10": -0.00388421}, "spk28": {"room10": -0.651049256}, "spk24": {"room1": 0.775454104}, "spk12": {"room10": -0.9396753309999999}, "spk8": {"room10": 0.911118329}, "spk17": {"room5": 0.9060447220000001, "room0": 1.174208283}, "spk11": {"room3": -0.7358810309999999, "room4": -0.405378401, "room7": -1.037182093, "room2": -0.8568794129999999, "room12": -0.8758546709999999, "room9": -0.888112485}, "spk19": {"room4": -0.6165840029999999, "room7": -0.700202405, "room12": -1.02648294}, "spk13": {"room4": 1.344733357, "room12": 0.914316535}, "spk31": {"room10": -1.449718475}, "spk6": {"room10": 0.9927578570000001}, "spk3": {"room3": 1.77596736, "room5": 0.21176841899999999, "room7": 0.160205305, "room0": 0.7633830309999999, "room2": 0.715666294, "room9": 0.585187256}, "spk0": {"room3": 1.087150455}, "spk20": {"room10": 0.148914978}, "spk26": {"room2": 1.5012115240000001}, "spk16": {"room3": 1.479666352, "room4": -0.46688836799999994, "room7": 0.27441725100000003, "room12": -0.098110944, "room9": 0.41700670100000004}, "spk27": {"room5": -0.07312879, "room0": -0.26449865100000003}, "spk25": {"room1": 0.9906990529999999}, "spk21": {"room3": 5.7488451, "room4": 3.442674637, "room2": 1.5506799219999998, "room12": 3.642473936}, "spk30": {"room4": -1.031318188, "room2": -1.8168199059999999, "room12": -1.009225845}, "spk4": {"room6": 2.24134469}, "spk14": {"room10": 0.517469764}, "spk7": {"room12": 0.90270102}, "spk1": {"room5": -0.234183535, "room0": 0.205695331}}}