{"meta": {"speaker": "spk21", "room": "room7"}, "data": {"spk22": {"room0": 1.002730966}, "spk10": {"room4": 1.3408159020000001, "room12": 1.56936717}, "spk18": {"room5": -1.47901547, "room0": -1.085807085, "room2": -1.117359519}, "spk29": {"room10": 2.606940985}, "spk5": {"room3": 3.6331980230000003, "room5": 4.2940831180000005, "room0": 3.457634687}, "spk9": {"room4": 1.032485962, "room7": 2.084389687, "room10": -0.56954515, "room12": 1.207772136, "room9": 0.877240956}, "spk2": {"room5": 1.061526418, "room0": 0.154580608}, "spk23": {"room4": 1.9649361369999998, "room7": 3.9802250860000004, "room2": 2.417686462, "room10": 2.388608694, "room12": 3.007054806, "room9": 2.55253768}, "spk15": {"room10": 0.5367510320000001}, "spk28": {"room10": -0.40454939}, "spk24": {"room1": 1.005334973}, "spk12": {"room10": -0.870372832}, "spk8": {"room10": 0.508259714}, "spk17": {"room5": 2.592375517, "room0": 1.741020679}, "spk11": {"room3": -1.895925641, "room4": -0.426229984, "room7": -1.3112808470000001, "room2": -1.593968153, "room12": -1.244108677, "room9": -1.581690669}, "spk19": {"room4": -0.312697709, "room7": -0.016854212, "room12": -1.15098083}, "spk13": {"room4": 1.6570539469999999, "room12": 1.112811089}, "spk31": {"room10": -1.5747860669999998}, "spk6": {"room10": 0.090316467}, "spk3": {"room3": 1.5400797130000001, "room5": 2.5164856909999997, "room7": 0.815871358, "room0": 1.402026176, "room2": 1.152440667, "room9": 0.836826682}, "spk0": {"room3": -0.193114996}, "spk20": {"room10": -0.023476632}, "spk26": {"room2": 0.78360647}, "spk16": {"room3": 1.9198988680000002, "room4": 1.012529135, "room7": 1.104562759, "room12": 0.277888149, "room9": 2.259267569}, "spk27": {"room5": 1.851346135, "room0": 0.749423265}, "spk25": {"room1": 2.239103317}, "spk21": {"room3": 5.959400177000001, "room4": 6.216665268, "room2": 5.486820698, "room12": 7.0293869970000005}, "spk30": {"room4": -0.27449229399999997, "room2": -1.555111766, "room12": -0.353470534}, "spk4": {"room6": 2.5421068669999998}, "spk14": {"room10": -0.147448719}, "spk7": {"room12": 1.27729404}, "spk1": {"room5": 1.054261804, "room0": 1.614989758}}}