{"meta": {"speaker": "spk21", "room": "room12"}, "data": {"spk22": {"room0": -0.15602485800000002}, "spk10": {"room4": 0.41590899200000003, "room12": 2.404291153}, "spk18": {"room5": -2.039477825, "room0": -2.477570295, "room2": -1.523152709}, "spk29": {"room10": 2.047923326}, "spk5": {"room3": 3.351379395, "room5": 1.6084400419999998, "room0": 3.6816663739999997}, "spk9": {"room4": -2.1706619259999997, "room7": -0.783855855, "room10": -1.555119991, "room12": -0.38226404799999997, "room9": -1.7641992569999998}, "spk2": {"room5": 0.665399134, "room0": 2.134399891}, "spk23": {"room4": 2.67896843, "room7": 3.0333468910000003, "room2": 2.953196287, "room10": 3.064761877, "room12": 2.89152813, "room9": 2.9004960060000005}, "spk15": {"room10": 0.740057528}, "spk28": {"room10": -0.339926451}, "spk24": {"room1": 1.356758475}, "spk12": {"room10": -1.114364624}, "spk8": {"room10": 0.625781059}, "spk17": {"room5": 1.4365092519999998, "room0": 0.553595901}, "spk11": {"room3": -3.2030515669999997, "room4": -0.387071609, "room7": -1.442965627, "room2": -3.401872158, "room12": -2.075899601, "room9": -1.850055456}, "spk19": {"room4": -0.981526256, "room7": -0.831135154, "room12": -1.232961655}, "spk13": {"room4": 1.332275748, "room12": -0.028471896}, "spk31": {"room10": -1.864385366}, "spk6": {"room10": 2.959161758}, "spk3": {"room3": 3.699816227, "room5": 2.025052786, "room7": 0.044250302000000005, "room0": 1.691016555, "room2": 1.6409368519999998, "room9": 0.93980813}, "spk0": {"room3": 1.744181514}, "spk20": {"room10": -0.43269115700000005}, "spk26": {"room2": 1.546669483}, "spk16": {"room3": 1.501826644, "room4": -1.481913447, "room7": -1.971764326, "room12": -1.322728992, "room9": -0.722191989}, "spk27": {"room5": 0.9583983420000001, "room0": 1.131796002}, "spk25": {"room1": 0.149237439}, "spk21": {"room3": 10.52274799, "room4": 8.701174736, "room2": 6.59468317, "room12": 10.51453304}, "spk30": {"room4": -0.934829056, "room2": -2.244579315, "room12": -0.57221967}, "spk4": {"room6": 4.241583347}, "spk14": {"room10": 1.7053046230000002}, "spk7": {"room12": -0.45655968799999996}, "spk1": {"room5": 1.172766805, "room0": 0.532121301}}}