{"meta": {"speaker": "spk21", "room": "room11"}, "data": {"spk22": {"room0": 1.092583537}, "spk10": {"room4": 0.95586127, "room12": 1.324408531}, "spk18": {"room5": -1.536779046, "room0": -1.640052915, "room2": -1.447732449}, "spk29": {"room10": 2.03447032}, "spk5": {"room3": 1.605819464, "room5": 1.858280659, "room0": 1.4257447719999998}, "spk9": {"room4": 1.4499135019999998, "room7": 1.224638462, "room10": 0.7835333940000001, "room12": 1.965006471, "room9": 1.51717031}, "spk2": {"room5": 0.987791181, "room0": 1.150536776}, "spk23": {"room4": 0.9916839, "room7": 2.3983130459999997, "room2": 1.492836595, "room10": 1.357715726, "room12": 1.8209673169999998, "room9": 1.991024256}, "spk15": {"room10": -0.39299300299999995}, "spk28": {"room10": -0.602191687}, "spk24": {"room1": 0.528914213}, "spk12": {"room10": -1.09299767}, "spk8": {"room10": 0.967894316}, "spk17": {"room5": 1.175260663, "room0": 1.5229477880000002}, "spk11": {"room3": 0.115152091, "room4": 0.818683445, "room7": 0.669059694, "room2": 1.500029445, "room12": 0.45443841799999996, "room9": 1.066758037}, "spk19": {"room4": -0.874265313, "room7": -0.812780499, "room12": -1.331700683}, "spk13": {"room4": 1.396528959, "room12": 1.774477005}, "spk31": {"room10": -2.4111285209999997}, "spk6": {"room10": -0.559157908}, "spk3": {"room3": 1.605809331, "room5": 0.745843232, "room7": 1.9170738459999999, "room0": 1.32840693, "room2": 1.431479573, "room9": 2.299448967}, "spk0": {"room3": 0.196453765}, "spk20": {"room10": -0.6788219209999999}, "spk26": {"room2": 0.41527777899999996}, "spk16": {"room3": 2.7037060260000003, "room4": 1.071222425, "room7": 2.2095396519999997, "room12": 0.850808263, "room9": 2.033493996}, "spk27": {"room5": 0.790136278, "room0": 0.471860468}, "spk25": {"room1": 1.591852784}, "spk21": {"room3": 4.048709393, "room4": 1.734028101, "room2": 1.288556337, "room12": 3.120137691}, "spk30": {"room4": -0.876514494, "room2": -1.787056208, "room12": -1.2841814759999999}, "spk4": {"room6": 1.5273834469999998}, "spk14": {"room10": 2.005157709}, "spk7": {"room12": 2.503477812}, "spk1": {"room5": 0.6551452879999999, "room0": 1.080958962}}}