{"meta": {"speaker": "spk21", "room": "room7"}, "data": {"spk22": {"room0": 1.2083446979999999}, "spk10": {"room4": 1.340338588, "room12": 1.9637299780000002}, "spk18": {"room5": -1.627970219, "room0": -1.302110434, "room2": -1.146373749}, "spk29": {"room10": 2.261590719}, "spk5": {"room3": 2.634867907, "room5": 1.765550137, "room0": 1.453892589}, "spk9": {"room4": 0.540131509, "room7": 1.65848124, "room10": -0.17122896, "room12": 1.6948885919999999, "room9": 0.566424251}, "spk2": {"room5": 0.8463488220000001, "room0": 1.303532481}, "spk23": {"room4": 1.059775472, "room7": 2.9536485669999997, "room2": 1.922847271, "room10": 2.462558031, "room12": 1.9492824080000002, "room9": 2.35625267}, "spk15": {"room10": -0.371431381}, "spk28": {"room10": -0.316062361}, "spk24": {"room1": 0.915209651}, "spk12": {"room10": -1.2144762279999999}, "spk8": {"room10": 0.16529505}, "spk17": {"room5": 1.630340576, "room0": 1.8123985530000002}, "spk11": {"room3": -0.735684872, "room4": 1.174945951, "room7": 0.13619481, "room2": -0.68540585, "room12": -0.241848975, "room9": 0.471070051}, "spk19": {"room4": -0.444481611, "room7": 0.148216709, "room12": -0.6018289920000001}, "spk13": {"room4": 1.627488256, "room12": 1.150623679}, "spk31": {"room10": -1.826215625}, "spk6": {"room10": 0.039189074}, "spk3": {"room3": 2.004979849, "room5": 1.690491915, "room7": 1.1028521059999998, "room0": 1.678263307, "room2": 1.424643874, "room9": 1.8138777019999999}, "spk0": {"room3": 0.253140569}, "spk20": {"room10": -0.638345718}, "spk26": {"room2": 0.651336789}, "spk16": {"room3": 1.824053049, "room4": 0.371259093, "room7": 0.9994966390000001, "room12": -0.097161941, "room9": 1.83983314}, "spk27": {"room5": 0.39674025799999996, "room0": 0.270386636}, "spk25": {"room1": 0.6807535290000001}, "spk21": {"room3": 6.00959444, "room4": 4.7733836169999995, "room2": 4.368257999, "room12": 6.638995171}, "spk30": {"room4": -1.078105807, "room2": -1.7941397430000001, "room12": -0.774083257}, "spk4": {"room6": 2.456969738}, "spk14": {"room10": 0.787817717}, "spk7": {"room12": 0.547426701}, "spk1": {"room5": 2.509613991, "room0": 2.218973398}}}