{"meta": {"speaker": "spk21", "room": "room3"}, "data": {"spk22": {"room0": -0.216408446}, "spk10": {"room4": 0.435349286, "room12": 0.31977421}, "spk18": {"room5": -1.721081495, "room0": -1.400028586, "room2": -0.9593931440000001}, "spk29": {"room10": 1.209713936}, "spk5": {"room3": 3.123704195, "room5": 2.561195135, "room0": 2.0600905419999997}, "spk9": {"room4": 0.432793617, "room7": 0.341127157, "room10": -0.604819536, "room12": 0.13347631699999998, "room9": 0.501666725}, "spk2": {"room5": 0.628025651, "room0": -0.627549171}, "spk23": {"room4": 1.398430109, "room7": 1.5906432869999998, "room2": 1.437901855, "room10": 1.197388411, "room12": 1.7805929180000002, "room9": 1.261543036}, "spk15": {"room10": 0.031702466}, "spk28": {"room10": -0.606142819}, "spk24": {"room1": 0.643915772}, "spk12": {"room10": -0.951941788}, "spk8": {"room10": 0.874508739}, "spk17": {"room5": 0.7482170459999999, "room0": 0.784604669}, "spk11": {"room3": -1.2974714040000002, "room4": -0.6768682, "room7": -1.247630119, "room2": -0.802753866, "room12": -1.192600608, "room9": -1.135616779}, "spk19": {"room4": -0.33490389600000003, "room7": -0.12188808599999999, "room12": -0.911973715}, "spk13": {"room4": -0.14004519599999998, "room12": -0.236611247}, "spk31": {"room10": -1.3483691219999998}, "spk6": {"room10": 0.090600044}, "spk3": {"room3": 0.998173833, "room5": 1.192868471, "room7": 0.575097978, "room0": 1.669500828, "room2": 0.8475438359999999, "room9": 0.947914898}, "spk0": {"room3": -0.08581625699999999}, "spk20": {"room10": -0.24097594600000002}, "spk26": {"room2": -0.89639914}, "spk16": {"room3": 0.6239125729999999, "room4": -0.314970851, "room7": -0.12378256, "room12": -0.255869478, "room9": 0.566260636}, "spk27": {"room5": 0.26453810899999997, "room0": 0.615479231}, "spk25": {"room1": 0.534233272}, "spk21": {"room3": 4.136551857, "room4": 3.0282006260000003, "room2": 4.08112812, "room12": 3.995383501}, "spk30": {"room4": -0.929554522, "room2": -1.519702911, "room12": -0.597430527}, "spk4": {"room6": 1.8823364969999998}, "spk14": {"room10": -0.7644453640000001}, "spk7": {"room12": 0.667601407}, "spk1": {"room5": 0.42903280299999996, "room0": 0.128105387}}}