{"meta": {"speaker": "spk21", "room": "room13"}, "data": {"spk22": {"room0": -0.180089444}, "spk10": {"room4": 0.357025325, "room12": 1.077942491}, "spk18": {"room5": -1.234210849, "room0": -1.157726526, "room2": -1.138925672}, "spk29": {"room10": 1.7796055080000002}, "spk5": {"room3": 1.383034945, "room5": 1.370145798, "room0": 2.061374664}, "spk9": {"room4": 0.47410443399999996, "room7": 1.5710264440000001, "room10": 1.117336988, "room12": 1.539086461, "room9": 1.430804253}, "spk2": {"room5": 1.433824658, "room0": 1.12107408}, "spk23": {"room4": 0.8155588509999999, "room7": 2.06036377, "room2": 2.53794837, "room10": 2.3318042759999997, "room12": 1.86759007, "room9": 1.5621891019999998}, "spk15": {"room10": 0.384275734}, "spk28": {"room10": -0.8220083709999999}, "spk24": {"room1": 0.985370636}, "spk12": {"room10": -0.902149141}, "spk8": {"room10": 1.5483542680000002}, "spk17": {"room5": 0.840860367, "room0": 1.457277656}, "spk11": {"room3": -0.42946729100000003, "room4": -0.243109882, "room7": -0.437931895, "room2": -0.49922406700000005, "room12": -0.746341884, "room9": -0.411573321}, "spk19": {"room4": -0.7978374359999999, "room7": -1.015423059, "room12": -0.790077925}, "spk13": {"room4": 2.058690071, "room12": 1.0942393540000002}, "spk31": {"room10": -1.134959102}, "spk6": {"room10": -0.229511037}, "spk3": {"room3": 1.861075878, "room5": 0.769299567, "room7": -0.515992105, "room0": 0.460952818, "room2": 1.109389186, "room9": 0.548111558}, "spk0": {"room3": 1.104619265}, "spk20": {"room10": -0.16847194699999998}, "spk26": {"room2": 2.401687622}, "spk16": {"room3": 1.949619889, "room4": -0.6827685240000001, "room7": 0.845726669, "room12": 1.2825331690000001, "room9": 0.908327997}, "spk27": {"room5": 0.134898975, "room0": 0.21270147}, "spk25": {"room1": 1.3580312730000001}, "spk21": {"room3": 6.024410725, "room4": 2.486465693, "room2": 2.678447485, "room12": 3.3633904460000004}, "spk30": {"room4": -1.285098314, "room2": -2.297085762, "room12": -0.7703716159999999}, "spk4": {"room6": 1.083261251}, "spk14": {"room10": 0.903014302}, "spk7": {"room12": 0.438889414}, "spk1": {"room5": 0.316929787, "room0": 1.075166583}}}