{"meta": {"speaker": "spk21", "room": "room13"}, "data": {"spk22": {"room0": -0.230992675}, "spk10": {"room4": 1.5264440769999998, "room12": 1.149912238}, "spk18": {"room5": -1.379067183, "room0": -1.500976563, "room2": -0.911884665}, "spk29": {"room10": 2.009417772}, "spk5": {"room3": 3.055704594, "room5": 2.060082912, "room0": 2.2450766559999997}, "spk9": {"room4": -0.00246605, "room7": 0.293957174, "room10": 0.4143278, "room12": 0.6897185440000001, "room9": 0.334912449}, "spk2": {"room5": 0.730136812, "room0": 0.314868212}, "spk23": {"room4": 2.165088177, "room7": 2.45844841, "room2": 2.371865273, "room10": 2.560821295, "room12": 1.817072988, "room9": 2.134663343}, "spk15": {"room10": 0.458334714}, "spk28": {"room10": -0.897395194}, "spk24": {"room1": 0.480987847}, "spk12": {"room10": -0.732397437}, "spk8": {"room10": 0.66081953}, "spk17": {"room5": 1.533493161, "room0": 1.7902057169999999}, "spk11": {"room3": -0.892474115, "room4": 0.043675818, "room7": -0.70006156, "room2": -1.048520207, "room12": -0.7627440090000001, "room9": -0.565380514}, "spk19": {"room4": -0.6492121820000001, "room7": -0.027891238999999998, "room12": -0.8801851270000001}, "spk13": {"room4": 1.4248257880000001, "room12": 1.1124141220000001}, "spk31": {"room10": -0.772391081}, "spk6": {"room10": 0.973439097}, "spk3": {"room3": 1.066693425, "room5": 0.987767518, "room7": -0.32514771800000003, "room0": 0.632614434, "room2": 1.111205459, "room9": 0.778979421}, "spk0": {"room3": 0.29895246}, "spk20": {"room10": 0.003226578}, "spk26": {"room2": 0.9711307290000001}, "spk16": {"room3": 0.881576955, "room4": -0.590889215, "room7": -0.41977739299999994, "room12": -0.773881257, "room9": 0.199555412}, "spk27": {"room5": 0.79799968, "room0": 0.564122617}, "spk25": {"room1": 1.214303255}, "spk21": {"room3": 5.255474567, "room4": 2.808276415, "room2": 3.2198321819999998, "room12": 2.461100101}, "spk30": {"room4": -0.758641958, "room2": -1.239055395, "room12": -0.875155628}, "spk4": {"room6": 2.155920744}, "spk14": {"room10": 0.353046805}, "spk7": {"room12": 1.006830335}, "spk1": {"room5": 0.672397554, "room0": 0.605510354}}}