{"meta": {"speaker": "spk21", "room": "room11"}, "data": {"spk22": {"room0": -0.188252449}, "spk10": {"room4": 1.1552656890000002, "room12": 1.179401159}, "spk18": {"room5": -1.939905763, "room0": -1.9799505469999998, "room2": -1.4697592259999999}, "spk29": {"room10": 1.959148169}, "spk5": {"room3": 0.9009822009999999, "room5": 1.3746595380000002, "room0": 1.691503525}, "spk9": {"room4": -0.5534585120000001, "room7": 0.086055949, "room10": 0.02942352, "room12": 0.197648004, "room9": -0.083579212}, "spk2": {"room5": -0.252681971, "room0": -0.060982957000000004}, "spk23": {"room4": 1.578804731, "room7": 2.5554814340000003, "room2": 2.179380417, "room10": 2.055087566, "room12": 1.89791286, "room9": 2.2194328309999998}, "spk15": {"room10": -0.272898912}, "spk28": {"room10": -1.498952389}, "spk24": {"room1": 0.7720355390000001}, "spk12": {"room10": -1.017425537}, "spk8": {"room10": 0.528725266}, "spk17": {"room5": 1.470388055, "room0": 1.68291378}, "spk11": {"room3": -0.762586057, "room4": -0.613120675, "room7": -0.790152788, "room2": -1.36230588, "room12": -1.1271291970000001, "room9": -0.911565959}, "spk19": {"room4": -1.304350734, "room7": -0.7328426840000001, "room12": -1.256762624}, "spk13": {"room4": 1.245445848, "room12": 0.504041493}, "spk31": {"room10": -1.821825147}, "spk6": {"room10": 2.097092152}, "spk3": {"room3": 0.961223602, "room5": 0.297979057, "room7": 0.345902592, "room0": 0.300931454, "room2": 0.59544909, "room9": 0.8608149890000001}, "spk0": {"room3": 1.916040063}, "spk20": {"room10": -0.528391242}, "spk26": {"room2": 1.930112839}, "spk16": {"room3": 1.318791986, "room4": -0.876885235, "room7": -0.8790575270000001, "room12": -0.8919922109999999, "room9": -0.39324790200000004}, "spk27": {"room5": 0.233713105, "room0": 0.15200831}, "spk25": {"room1": 1.2040572170000001}, "spk21": {"room3": 3.980934858, "room4": 2.783302784, "room2": 1.5235193969999998, "room12": 2.5032866}, "spk30": {"room4": -1.28240788, "room2": -1.8020131590000001, "room12": -1.9908120630000001}, "spk4": {"room6": 1.6911660430000002}, "spk14": {"room10": 0.27873525}, "spk7": {"room12": 1.033894777}, "spk1": {"room5": -0.831376731, "room0": -0.528152764}}}