{"meta": {"speaker": "spk21", "room": "room3"}, "data": {"spk22": {"room0": 0.8512762190000001}, "spk10": {"room4": 0.573656261, "room12": 1.058949232}, "spk18": {"room5": -1.156004786, "room0": -0.7971630690000001, "room2": -0.377060711}, "spk29": {"room10": 1.379015207}, "spk5": {"room3": 3.275647163, "room5": 3.078807116, "room0": 3.0202286239999996}, "spk9": {"room4": 0.543357074, "room7": 0.648244381, "room10": 0.542217076, "room12": 0.745043337, "room9": 0.528691053}, "spk2": {"room5": 1.086893797, "room0": 0.701698542}, "spk23": {"room4": 1.1361657379999999, "room7": 2.00836134, "room2": 1.0398718120000001, "room10": 1.9364531040000001, "room12": 1.509103656, "room9": 0.96809411}, "spk15": {"room10": 0.28244689100000003}, "spk28": {"room10": -0.7092498540000001}, "spk24": {"room1": 1.22427547}, "spk12": {"room10": -0.009855081}, "spk8": {"room10": 1.388000011}, "spk17": {"room5": 1.836775899, "room0": 0.894088745}, "spk11": {"room3": 0.195493549, "room4": -0.043528389, "room7": 0.091225535, "room2": -0.058793335999999995, "room12": -0.20368123100000002, "room9": -0.037581712}, "spk19": {"room4": -0.273074955, "room7": -0.241799772, "room12": -0.063860469}, "spk13": {"room4": 0.848278821, "room12": 0.363887429}, "spk31": {"room10": -0.418014944}, "spk6": {"room10": 0.180546701}, "spk3": {"room3": 1.340876937, "room5": 1.891121984, "room7": 1.150206208, "room0": 1.8430469040000002, "room2": 1.791447043, "room9": 1.543013215}, "spk0": {"room3": 0.7950973509999999}, "spk20": {"room10": 0.866461158}, "spk26": {"room2": 0.36026781799999996}, "spk16": {"room3": 1.106657982, "room4": 0.431773394, "room7": -0.19213284600000002, "room12": 0.17407389, "room9": 1.05548656}, "spk27": {"room5": 1.407806039, "room0": 0.964554012}, "spk25": {"room1": 0.934625685}, "spk21": {"room3": 4.292451382, "room4": 2.653270245, "room2": 2.988777637, "room12": 3.286577463}, "spk30": {"room4": 0.028480064, "room2": -0.904105961, "room12": 0.14632879199999999}, "spk4": {"room6": 1.551169276}, "spk14": {"room10": 0.33336862899999997}, "spk7": {"room12": 1.564468384}, "spk1": {"room5": 0.015673712, "room0": 0.17931704199999998}}}