{"meta": {"speaker": "spk21", "room": "room13"}, "data": {"spk22": {"room0": -0.283173263}, "spk10": {"room4": 1.7063014509999999, "room12": 0.8956815}, "spk18": {"room5": -1.249860883, "room0": -1.413434267, "room2": -1.1155055759999999}, "spk29": {"room10": 2.349872828}, "spk5": {"room3": 2.78193593, "room5": 2.40621376, "room0": 3.218133211}, "spk9": {"room4": -0.013481068, "room7": 0.15392898, "room10": -0.43595042799999995, "room12": -0.053474814, "room9": -0.13728839199999998}, "spk2": {"room5": 0.14183794, "room0": -0.293082595}, "spk23": {"room4": 1.730904222, "room7": 2.454769135, "room2": 1.8476423030000002, "room10": 2.126312256, "room12": 1.6490015980000001, "room9": 2.334331512}, "spk15": {"room10": 0.516414106}, "spk28": {"room10": -0.609389365}, "spk24": {"room1": 0.65071857}, "spk12": {"room10": -0.8138536209999999}, "spk8": {"room10": 1.5987608430000002}, "spk17": {"room5": 0.397342265, "room0": 0.6822777390000001}, "spk11": {"room3": -0.743790507, "room4": 0.135340527, "room7": -0.799856186, "room2": -0.84949255, "room12": -0.590702057, "room9": -0.756458282}, "spk19": {"room4": -0.235333905, "room7": 0.09119112800000001, "room12": -0.589719236}, "spk13": {"room4": 0.7641206979999999, "room12": 0.39986872700000003}, "spk31": {"room10": -1.181067824}, "spk6": {"room10": 0.937152147}, "spk3": {"room3": 2.166148663, "room5": 0.504511416, "room7": 0.083720185, "room0": 1.358447552, "room2": 1.4246940609999998, "room9": 1.286036253}, "spk0": {"room3": 0.861370981}, "spk20": {"room10": -0.192371204}, "spk26": {"room2": 1.3798818590000002}, "spk16": {"room3": 1.223353505, "room4": -0.6049106120000001, "room7": 0.044176806, "room12": -0.843353331, "room9": 0.181201339}, "spk27": {"room5": 0.099482432, "room0": -0.169467032}, "spk25": {"room1": 0.696249366}, "spk21": {"room3": 5.018653393, "room4": 3.037468195, "room2": 2.9127092360000004, "room12": 3.4259560110000002}, "spk30": {"room4": -0.48069831700000004, "room2": -1.326452017, "room12": -1.030072212}, "spk4": {"room6": 1.626043439}, "spk14": {"room10": 0.28399291600000004}, "spk7": {"room12": 1.05677402}, "spk1": {"room5": 0.269593447, "room0": 0.804874897}}}