{"meta": {"speaker": "spk21", "room": "room11"}, "data": {"spk22": {"room0": -0.28032219399999997}, "spk10": {"room4": 0.7671749, "room12": 1.015589118}, "spk18": {"room5": -1.244322062, "room0": -1.587037086, "room2": -1.113202095}, "spk29": {"room10": 1.686737776}, "spk5": {"room3": 1.765515804, "room5": 1.780019403, "room0": 1.5825243}, "spk9": {"room4": 0.497100383, "room7": 1.114512324, "room10": 0.760564327, "room12": 0.702135265, "room9": 0.5020168420000001}, "spk2": {"room5": 0.349929631, "room0": 0.037775442}, "spk23": {"room4": 2.217442036, "room7": 2.469120979, "room2": 2.228429317, "room10": 1.78892839, "room12": 2.370580912, "room9": 2.214595318}, "spk15": {"room10": -0.289219022}, "spk28": {"room10": -0.173111737}, "spk24": {"room1": 1.7038837669999998}, "spk12": {"room10": -1.077769279}, "spk8": {"room10": 0.732856691}, "spk17": {"room5": 0.874712765, "room0": 1.3467255830000002}, "spk11": {"room3": -1.3802202940000001, "room4": -0.49776524299999997, "room7": -0.8445780279999999, "room2": -0.52518934, "room12": -1.039745927, "room9": -0.602861464}, "spk19": {"room4": -0.37950170000000005, "room7": -0.56277144, "room12": -0.64022249}, "spk13": {"room4": 1.390006185, "room12": 2.414481878}, "spk31": {"room10": -1.26267159}, "spk6": {"room10": 0.821121812}, "spk3": {"room3": 1.7214046719999998, "room5": 1.133888721, "room7": 0.304890543, "room0": 0.465376765, "room2": 1.10132432, "room9": 0.43958917299999994}, "spk0": {"room3": 0.035933916}, "spk20": {"room10": -0.30877810699999997}, "spk26": {"room2": 2.305495262}, "spk16": {"room3": 2.23363924, "room4": -0.095948286, "room7": 0.608953774, "room12": -0.267372072, "room9": 0.47217130700000004}, "spk27": {"room5": -0.138333276, "room0": -0.397281349}, "spk25": {"room1": 1.831548095}, "spk21": {"room3": 4.930640221, "room4": 3.5172994139999996, "room2": 3.07417655, "room12": 3.0940284730000003}, "spk30": {"room4": -0.178114325, "room2": -1.340516925, "room12": -0.7056137920000001}, "spk4": {"room6": 2.47164917}, "spk14": {"room10": 1.551149726}, "spk7": {"room12": 0.9186030629999999}, "spk1": {"room5": 0.15588718699999998, "room0": 0.8647464509999999}}}