{"meta": {"speaker": "spk21", "room": "room13"}, "data": {"spk22": {"room0": -0.738509953}, "spk10": {"room4": 0.623168349, "room12": 0.062308125}, "spk18": {"room5": -1.602962136, "room0": -1.6525773999999998, "room2": -1.0307946209999999}, "spk29": {"room10": 1.9888830180000001}, "spk5": {"room3": 2.41243124, "room5": 1.773241043, "room0": 2.173952103}, "spk9": {"room4": -0.384717166, "room7": 0.138259083, "room10": -0.21681579899999998, "room12": 0.089159019, "room9": -0.015608984}, "spk2": {"room5": 0.258051127, "room0": -0.205440342}, "spk23": {"room4": 2.577645779, "room7": 3.080940485, "room2": 2.2267167569999997, "room10": 2.263250351, "room12": 2.202130318, "room9": 2.416629076}, "spk15": {"room10": -0.202445075}, "spk28": {"room10": -1.3104031090000001}, "spk24": {"room1": 1.642051935}, "spk12": {"room10": -0.983128309}, "spk8": {"room10": 1.285903454}, "spk17": {"room5": 1.376343369, "room0": 2.001113892}, "spk11": {"room3": -0.850157678, "room4": -1.01880002, "room7": -1.5387297869999998, "room2": -1.31528616, "room12": -1.174859047, "room9": -1.289139628}, "spk19": {"room4": -0.585824192, "room7": -0.686240315, "room12": -0.838016689}, "spk13": {"room4": 0.81398499, "room12": 0.655317724}, "spk31": {"room10": -1.422615051}, "spk6": {"room10": 1.299066663}, "spk3": {"room3": 1.1684694290000002, "room5": 0.30025214, "room7": -0.08751195699999999, "room0": 0.647116065, "room2": 1.16103816, "room9": 0.602003336}, "spk0": {"room3": 1.1073219779999999}, "spk20": {"room10": -0.448011845}, "spk26": {"room2": 2.197273731}, "spk16": {"room3": 0.802101374, "room4": -0.9970229270000001, "room7": -0.531727672, "room12": -0.608831644, "room9": -0.129170835}, "spk27": {"room5": 0.36730504, "room0": -0.238205284}, "spk25": {"room1": 1.185864687}, "spk21": {"room3": 5.0141654010000005, "room4": 3.068555832, "room2": 2.506942034, "room12": 2.694499731}, "spk30": {"room4": -0.825261593, "room2": -1.462371469, "room12": -1.079451442}, "spk4": {"room6": 2.060789824}, "spk14": {"room10": 0.379689574}, "spk7": {"room12": 1.783120632}, "spk1": {"room5": -0.42217132399999996, "room0": -0.10028232599999999}}}