{"meta": {"speaker": "spk21", "room": "room11"}, "data": {"spk22": {"room0": 0.25099265600000004}, "spk10": {"room4": 1.243855715, "room12": 1.122033834}, "spk18": {"room5": -1.074598551, "room0": -1.276902556, "room2": -0.877692342}, "spk29": {"room10": 0.779668927}, "spk5": {"room3": 1.786735535, "room5": 1.721936822, "room0": 1.427913904}, "spk9": {"room4": -0.085012145, "room7": -0.051783204000000006, "room10": -0.228303865, "room12": 0.43685227600000004, "room9": 0.360107571}, "spk2": {"room5": 1.0471502540000002, "room0": 0.19932712600000002}, "spk23": {"room4": 1.8613336090000001, "room7": 2.725972891, "room2": 1.704599142, "room10": 1.55429399, "room12": 1.85266912, "room9": 2.845854998}, "spk15": {"room10": -0.011360506999999999}, "spk28": {"room10": -0.331413478}, "spk24": {"room1": 0.447789192}, "spk12": {"room10": -1.006313086}, "spk8": {"room10": 0.988419354}, "spk17": {"room5": 0.520671368, "room0": 1.437509418}, "spk11": {"room3": -1.026038051, "room4": -0.380402267, "room7": -0.310794026, "room2": -0.697956502, "room12": -0.516512811, "room9": -0.45684158799999997}, "spk19": {"room4": -0.31399253, "room7": -0.28268957100000003, "room12": -0.603591204}, "spk13": {"room4": 0.341661215, "room12": 1.237464666}, "spk31": {"room10": -1.397909522}, "spk6": {"room10": 0.814515889}, "spk3": {"room3": 2.191164732, "room5": 0.213718966, "room7": 1.0895552640000001, "room0": 0.197024852, "room2": 1.206821084, "room9": 0.344738156}, "spk0": {"room3": -0.24956816399999998}, "spk20": {"room10": -0.288373232}, "spk26": {"room2": 1.764911413}, "spk16": {"room3": 2.2498412130000003, "room4": -0.043171093, "room7": 0.820138156, "room12": 0.074046746, "room9": 0.47730836299999996}, "spk27": {"room5": -0.39047476600000003, "room0": -0.42169836200000005}, "spk25": {"room1": 0.626697659}, "spk21": {"room3": 4.514993191, "room4": 3.367517233, "room2": 2.7775321010000003, "room12": 3.687813044}, "spk30": {"room4": -0.21417743, "room2": -0.7990986109999999, "room12": -0.898321629}, "spk4": {"room6": 2.128377676}, "spk14": {"room10": 1.141840458}, "spk7": {"room12": 1.376955748}, "spk1": {"room5": 1.382990479, "room0": 1.949750423}}}