{"meta": {"speaker": "spk21", "room": "room13"}, "data": {"spk22": {"room0": -0.047461588}, "spk10": {"room4": 0.051119685, "room12": 0.278669357}, "spk18": {"room5": -1.338226438, "room0": -1.264385223, "room2": -1.019824982}, "spk29": {"room10": 2.5363092419999997}, "spk5": {"room3": 1.983268499, "room5": 1.19125402, "room0": 1.862737417}, "spk9": {"room4": 0.065415286, "room7": 0.7221676709999999, "room10": 0.607821167, "room12": 0.7714536190000001, "room9": 0.41327258899999997}, "spk2": {"room5": -0.052982561, "room0": -0.13453953}, "spk23": {"room4": 2.005736351, "room7": 2.489800215, "room2": 2.020495892, "room10": 2.227298975, "room12": 1.871308208, "room9": 2.5565156940000002}, "spk15": {"room10": -0.388415396}, "spk28": {"room10": -0.871994853}, "spk24": {"room1": 1.180151463}, "spk12": {"room10": -0.6806889770000001}, "spk8": {"room10": 1.206420779}, "spk17": {"room5": 1.3252614740000002, "room0": 1.631296635}, "spk11": {"room3": -0.249695957, "room4": -0.327988207, "room7": -0.911231995, "room2": -1.1592382190000001, "room12": -0.6601518989999999, "room9": -0.44677099600000003}, "spk19": {"room4": -1.216581225, "room7": -1.064782858, "room12": -0.978192389}, "spk13": {"room4": 0.775879622, "room12": 1.087423563}, "spk31": {"room10": -1.288776517}, "spk6": {"room10": 0.082352825}, "spk3": {"room3": 1.333153009, "room5": 0.932810068, "room7": -0.21530863600000003, "room0": 1.117294312, "room2": 1.066636086, "room9": 1.008127809}, "spk0": {"room3": 1.636306047}, "spk20": {"room10": -0.299150705}, "spk26": {"room2": 1.9484146830000002}, "spk16": {"room3": 1.4594239, "room4": -0.216439784, "room7": 0.374245524, "room12": -0.308652937, "room9": 0.541840136}, "spk27": {"room5": 0.16420459699999998, "room0": -0.049645204000000005}, "spk25": {"room1": 1.428167224}, "spk21": {"room3": 3.690782547, "room4": 2.62973547, "room2": 1.716391206, "room12": 2.072747946}, "spk30": {"room4": -1.471231699, "room2": -1.933007836, "room12": -1.6404609680000002}, "spk4": {"room6": 1.249087691}, "spk14": {"room10": 1.012046456}, "spk7": {"room12": 2.274531841}, "spk1": {"room5": -0.12745609900000002, "room0": -0.05762637}}}