{"meta": {"speaker": "spk21", "room": "room7"}, "data": {"spk22": {"room0": 0.42063608799999996}, "spk10": {"room4": 1.084838629, "room12": 0.756104529}, "spk18": {"room5": -1.8803745509999998, "room0": -1.440585852, "room2": -1.366978526}, "spk29": {"room10": 2.396446943}, "spk5": {"room3": 1.7530164719999999, "room5": 1.971452832, "room0": 1.278100252}, "spk9": {"room4": 0.7667126059999999, "room7": 0.709424555, "room10": 0.042778797, "room12": 0.79288274, "room9": 0.5585821870000001}, "spk2": {"room5": 0.268469483, "room0": 0.26629638699999997}, "spk23": {"room4": 1.9576004740000001, "room7": 3.200917006, "room2": 1.257296681, "room10": 1.983621359, "room12": 2.559356928, "room9": 2.894991159}, "spk15": {"room10": -0.64400208}, "spk28": {"room10": -1.259715438}, "spk24": {"room1": 0.347467005}, "spk12": {"room10": -1.390654445}, "spk8": {"room10": 0.913093507}, "spk17": {"room5": 1.36129868, "room0": 2.52363205}, "spk11": {"room3": -1.623718739, "room4": -0.441318989, "room7": -0.845757365, "room2": -1.343077302, "room12": -1.078681231, "room9": -1.452460408}, "spk19": {"room4": -1.253833532, "room7": -0.6746931079999999, "room12": -1.384878755}, "spk13": {"room4": 0.5804598329999999, "room12": 0.33995229}, "spk31": {"room10": -1.940693617}, "spk6": {"room10": 0.5071577429999999}, "spk3": {"room3": 1.824926853, "room5": 1.67767036, "room7": 1.25940454, "room0": 1.950338602, "room2": 2.096922874, "room9": 2.27514863}, "spk0": {"room3": -0.39202407}, "spk20": {"room10": -0.8937309379999999}, "spk26": {"room2": 1.0328947309999998}, "spk16": {"room3": 1.241078258, "room4": -0.571834862, "room7": 0.144123793, "room12": -0.673667371, "room9": 0.984927535}, "spk27": {"room5": 0.32702800600000004, "room0": 0.8830990790000001}, "spk25": {"room1": 1.474927783}, "spk21": {"room3": 3.149235964, "room4": 3.1855087280000003, "room2": 2.780727863, "room12": 4.709115028}, "spk30": {"room4": -1.5394978519999998, "room2": -2.094193459, "room12": -1.640349984}, "spk4": {"room6": 1.518961906}, "spk14": {"room10": 0.173047587}, "spk7": {"room12": 1.060394764}, "spk1": {"room5": 0.46832290299999996, "room0": 0.355423272}}}