{"meta": {"speaker": "spk21", "room": "room13"}, "data": {"spk22": {"room0": 1.45569241}, "spk10": {"room4": 1.0002086159999999, "room12": 1.246060729}, "spk18": {"room5": -1.8547900919999998, "room0": -1.50880146, "room2": -1.077117324}, "spk29": {"room10": 1.465213776}, "spk5": {"room3": 2.610865831, "room5": 2.3950865269999997, "room0": 1.28779459}, "spk9": {"room4": 0.44867897, "room7": 0.469468385, "room10": 0.053719558, "room12": 0.815319538, "room9": -0.31249001600000004}, "spk2": {"room5": 0.000340377, "room0": 0.629601419}, "spk23": {"room4": 1.59804213, "room7": 1.5296787019999998, "room2": 0.237942696, "room10": 2.0277910230000002, "room12": 1.770599008, "room9": 1.4876168969999999}, "spk15": {"room10": -0.359591156}, "spk28": {"room10": -0.6834679840000001}, "spk24": {"room1": 0.267547816}, "spk12": {"room10": -1.3181957009999998}, "spk8": {"room10": 0.339556098}, "spk17": {"room5": 1.8177343609999999, "room0": 2.497590065}, "spk11": {"room3": -1.209205151, "room4": 0.8731982709999999, "room7": 0.103533849, "room2": 0.379814982, "room12": -0.09961988, "room9": 1.011965513}, "spk19": {"room4": -0.47569134799999996, "room7": -0.6967114809999999, "room12": -1.295776248}, "spk13": {"room4": 2.252547503, "room12": 2.982177734}, "spk31": {"room10": -1.6984041930000002}, "spk6": {"room10": 0.10080141599999999}, "spk3": {"room3": 1.451228023, "room5": 2.123880148, "room7": 2.358830214, "room0": 1.188392043, "room2": 2.2591876980000003, "room9": 1.10953176}, "spk0": {"room3": -1.438416004}, "spk20": {"room10": -0.374141276}, "spk26": {"room2": -0.387957513}, "spk16": {"room3": 1.988161564, "room4": 0.906936884, "room7": 0.885829628, "room12": 0.237574488, "room9": 0.7918730970000001}, "spk27": {"room5": 0.936755896, "room0": 0.419009894}, "spk25": {"room1": 0.6872314209999999}, "spk21": {"room3": 5.1177263260000005, "room4": 2.768071651, "room2": 4.754419803999999, "room12": 3.534278393}, "spk30": {"room4": -0.831096411, "room2": -2.0883498190000003, "room12": -1.417116523}, "spk4": {"room6": 1.3507939580000001}, "spk14": {"room10": 0.170750558}, "spk7": {"room12": 0.8958727120000001}, "spk1": {"room5": 0.44263783100000004, "room0": 2.549665213}}}