{"meta": {"speaker": "spk21", "room": "room13"}, "data": {"spk22": {"room0": -0.524341822}, "spk10": {"room4": 1.270953059, "room12": 1.120786071}, "spk18": {"room5": -2.09422636, "room0": -1.84895575, "room2": -1.303061485}, "spk29": {"room10": 2.449560642}, "spk5": {"room3": 1.275494814, "room5": 2.233818293, "room0": 2.421695471}, "spk9": {"room4": 0.20894376899999997, "room7": -0.13073548699999998, "room10": -0.066432133, "room12": 0.322392106, "room9": -0.072991885}, "spk2": {"room5": 0.183418617, "room0": -0.189942867}, "spk23": {"room4": 2.0191366669999997, "room7": 2.7292099, "room2": 1.425955892, "room10": 1.576641679, "room12": 2.080623627, "room9": 2.190120459}, "spk15": {"room10": -0.37410035700000005}, "spk28": {"room10": -1.205487013}, "spk24": {"room1": 1.31792593}, "spk12": {"room10": -0.991529167}, "spk8": {"room10": 0.978219092}, "spk17": {"room5": 0.444636256, "room0": 1.3381595609999999}, "spk11": {"room3": -0.437387466, "room4": -0.080725193, "room7": -1.58288312, "room2": -1.009417534, "room12": -1.206558347, "room9": -1.2612886429999999}, "spk19": {"room4": -0.7344864609999999, "room7": -0.792213738, "room12": -1.2762143609999999}, "spk13": {"room4": 0.815173626, "room12": 0.529052019}, "spk31": {"room10": -2.294608831}, "spk6": {"room10": 1.2706869840000001}, "spk3": {"room3": 2.639384985, "room5": 0.993015587, "room7": 0.5061085820000001, "room0": 1.32904923, "room2": 2.039047241, "room9": 0.949772596}, "spk0": {"room3": 0.738168478}, "spk20": {"room10": -0.253808558}, "spk26": {"room2": 2.68766284}, "spk16": {"room3": 1.93070519, "room4": -0.663847029, "room7": 0.29347679, "room12": -0.286762983, "room9": 0.049022838}, "spk27": {"room5": 0.014466916000000002, "room0": 0.23504956100000002}, "spk25": {"room1": 1.207362056}, "spk21": {"room3": 5.960670948, "room4": 3.1433389189999996, "room2": 2.115172148, "room12": 4.172632694}, "spk30": {"room4": -0.827200651, "room2": -1.395175338, "room12": -1.048552513}, "spk4": {"room6": 1.304406762}, "spk14": {"room10": 0.7572993640000001}, "spk7": {"room12": 1.7261285780000002}, "spk1": {"room5": 0.406150222, "room0": 0.14587298}}}