{"meta": {"speaker": "spk21", "room": "room13"}, "data": {"spk22": {"room0": -0.10281167199999999}, "spk10": {"room4": 0.31371063, "room12": 0.186889812}, "spk18": {"room5": -1.41996932, "room0": -1.105517745, "room2": -1.003393888}, "spk29": {"room10": 2.209194899}, "spk5": {"room3": 2.7180728910000003, "room5": 2.064565897, "room0": 2.22032094}, "spk9": {"room4": -0.6783455009999999, "room7": 0.22367486399999997, "room10": 0.427095115, "room12": 0.410288125, "room9": 0.588080049}, "spk2": {"room5": -0.332517296, "room0": -0.542153358}, "spk23": {"room4": 0.9667392370000001, "room7": 1.375207663, "room2": 1.322667003, "room10": 1.0220830440000002, "room12": 1.056932449, "room9": 1.67118001}, "spk15": {"room10": 0.127737194}, "spk28": {"room10": -1.08588171}, "spk24": {"room1": 1.690766931}, "spk12": {"room10": -0.997991264}, "spk8": {"room10": 0.622288823}, "spk17": {"room5": 0.325726151, "room0": 0.416909784}, "spk11": {"room3": 0.206728563, "room4": 0.186171621, "room7": -0.7909827229999999, "room2": -0.818040013, "room12": -0.7400453090000001, "room9": -0.401683599}, "spk19": {"room4": -1.042470098, "room7": -0.602467, "room12": -0.8391171690000001}, "spk13": {"room4": 0.674697697, "room12": 0.8412365909999999}, "spk31": {"room10": -1.330318809}, "spk6": {"room10": 0.505979955}, "spk3": {"room3": 1.6387891769999998, "room5": 1.279117465, "room7": 0.48881763200000006, "room0": 1.6823444369999998, "room2": 2.226458311, "room9": 1.643610358}, "spk0": {"room3": 0.7652685640000001}, "spk20": {"room10": -0.627173305}, "spk26": {"room2": 1.6775168180000002}, "spk16": {"room3": 1.3742522, "room4": -0.53334409, "room7": 1.096485972, "room12": -0.499611706, "room9": 0.8680432440000001}, "spk27": {"room5": -0.866138339, "room0": -0.596459031}, "spk25": {"room1": 1.011445999}, "spk21": {"room3": 4.667039394, "room4": 2.426577091, "room2": 1.973854065, "room12": 2.172164202}, "spk30": {"room4": -0.617835701, "room2": -0.867253602, "room12": -0.5970540639999999}, "spk4": {"room6": 1.627858639}, "spk14": {"room10": 0.525795579}, "spk7": {"room12": 1.5672937630000001}, "spk1": {"room5": 0.495369166, "room0": 0.63145566}}}