{"meta": {"speaker": "spk21", "room": "room7"}, "data": {"spk22": {"room0": 0.655347288}, "spk10": {"room4": 1.166633725, "room12": 0.780496895}, "spk18": {"room5": -1.713165641, "room0": -1.477545977, "room2": -1.161473751}, "spk29": {"room10": 2.408736944}, "spk5": {"room3": 3.201993704, "room5": 2.981935978, "room0": 1.994680405}, "spk9": {"room4": 0.71442616, "room7": 1.1276030540000002, "room10": 0.247491375, "room12": 1.4709697959999999, "room9": 0.22393912100000002}, "spk2": {"room5": 1.307736635, "room0": 0.7564088109999999}, "spk23": {"room4": 2.541055679, "room7": 3.285619736, "room2": 2.163393497, "room10": 2.840569496, "room12": 2.7063817980000002, "room9": 3.6933434010000004}, "spk15": {"room10": -0.360832781}, "spk28": {"room10": -0.738393605}, "spk24": {"room1": 1.83273077}, "spk12": {"room10": -0.937437713}, "spk8": {"room10": 0.259841919}, "spk17": {"room5": 1.967397928, "room0": 2.636658192}, "spk11": {"room3": -1.356683135, "room4": -0.20353409600000003, "room7": -0.832052648, "room2": -1.82154882, "room12": -0.902794421, "room9": -0.327129126}, "spk19": {"room4": -0.796718895, "room7": -0.437092215, "room12": -1.197807431}, "spk13": {"room4": 1.395594716, "room12": 0.7520415779999999}, "spk31": {"room10": -1.857626081}, "spk6": {"room10": 0.347055465}, "spk3": {"room3": 1.730417967, "room5": 1.385513306, "room7": 1.0361654759999999, "room0": 1.378032327, "room2": 1.69990623, "room9": 1.489589214}, "spk0": {"room3": 0.124492139}, "spk20": {"room10": -0.42309963700000003}, "spk26": {"room2": 1.273864508}, "spk16": {"room3": 1.440231681, "room4": -0.328062326, "room7": -0.038061488, "room12": -0.551875114, "room9": 0.592227221}, "spk27": {"room5": 1.207645655, "room0": 0.902258873}, "spk25": {"room1": 1.88593483}, "spk21": {"room3": 4.525658131, "room4": 5.695594311, "room2": 4.201387405, "room12": 6.07238245}, "spk30": {"room4": -1.02216351, "room2": -1.80510366, "room12": -1.117414951}, "spk4": {"room6": 2.254017353}, "spk14": {"room10": 0.40332102799999997}, "spk7": {"room12": 0.831988513}, "spk1": {"room5": 1.9781873230000002, "room0": 1.862569928}}}