{"meta": {"speaker": "spk21", "room": "room11"}, "data": {"spk22": {"room0": 1.179487824}, "spk10": {"room4": 1.8220062259999998, "room12": 1.012015224}, "spk18": {"room5": -0.8286695479999999, "room0": -1.257490396, "room2": -1.003220677}, "spk29": {"room10": 2.208616257}, "spk5": {"room3": 2.075375557, "room5": 1.8517665859999999, "room0": 1.5851448769999998}, "spk9": {"room4": 0.8986868259999999, "room7": 0.822335184, "room10": 0.5990045070000001, "room12": 1.425364733, "room9": 0.9265615340000001}, "spk2": {"room5": 0.8992789390000001, "room0": 0.580168724}, "spk23": {"room4": 2.087513924, "room7": 3.1402165889999996, "room2": 2.279255629, "room10": 1.850316286, "room12": 2.548928976, "room9": 2.541689873}, "spk15": {"room10": -0.49987277399999996}, "spk28": {"room10": -0.30192214300000003}, "spk24": {"room1": 0.940590382}, "spk12": {"room10": -0.878285289}, "spk8": {"room10": 0.846736133}, "spk17": {"room5": 1.3400609490000002, "room0": 1.9539173840000001}, "spk11": {"room3": -0.83107543, "room4": 0.638063669, "room7": -0.04650887099999999, "room2": -0.134897858, "room12": -0.017041966000000002, "room9": 0.588766873}, "spk19": {"room4": -0.676523685, "room7": -0.592159152, "room12": -0.911842465}, "spk13": {"room4": 1.4874213930000002, "room12": 1.984694362}, "spk31": {"room10": -1.311549902}, "spk6": {"room10": 0.19890835899999998}, "spk3": {"room3": 1.871306062, "room5": 1.095032573, "room7": 1.630859375, "room0": 1.23238492, "room2": 1.3212373259999999, "room9": 0.9577898979999999}, "spk0": {"room3": 0.19558627899999997}, "spk20": {"room10": -0.5656236410000001}, "spk26": {"room2": 1.1282495259999998}, "spk16": {"room3": 2.715662956, "room4": 0.45342078799999996, "room7": 1.3190919159999999, "room12": 0.075561173, "room9": 1.25141573}, "spk27": {"room5": -0.16742669, "room0": -0.071721286}, "spk25": {"room1": 2.120279312}, "spk21": {"room3": 3.90684104, "room4": 2.8203537460000003, "room2": 2.466792107, "room12": 3.497110367}, "spk30": {"room4": -0.579743385, "room2": -1.2770048379999999, "room12": -1.155014634}, "spk4": {"room6": 1.79829812}, "spk14": {"room10": 1.5945224759999999}, "spk7": {"room12": 1.984187722}, "spk1": {"room5": 0.444322586, "room0": 1.137974381}}}