{"meta": {"speaker": "spk21", "room": "room4"}, "data": {"spk22": {"room0": -0.562364459}, "spk10": {"room4": 1.314607382, "room12": 2.33532691}, "spk18": {"room5": -1.2688176629999999, "room0": -0.84083724, "room2": -0.87274462}, "spk29": {"room10": 1.234358311}, "spk5": {"room3": 1.7673010830000002, "room5": 2.164574862, "room0": 1.967939377}, "spk9": {"room4": 0.012892243999999999, "room7": 1.361437559, "room10": -0.438797712, "room12": 0.018673029, "room9": 0.23778519}, "spk2": {"room5": 1.1269118790000001, "room0": 0.200765312}, "spk23": {"room4": 1.967173815, "room7": 3.8681790830000002, "room2": 2.8183200360000003, "room10": 2.786792517, "room12": 3.0970714089999998, "room9": 2.17694068}, "spk15": {"room10": 0.429927677}, "spk28": {"room10": -0.316454887}, "spk24": {"room1": 0.290338337}, "spk12": {"room10": -0.723343909}, "spk8": {"room10": 0.594919384}, "spk17": {"room5": 1.968719125, "room0": 1.859863997}, "spk11": {"room3": -1.0562782290000001, "room4": 0.174879447, "room7": -1.074423075, "room2": -1.17548573, "room12": -0.497105151, "room9": -0.786286652}, "spk19": {"room4": -0.20842029199999998, "room7": -0.306846052, "room12": -1.056724906}, "spk13": {"room4": 1.450385094, "room12": 0.631588399}, "spk31": {"room10": -0.887028515}, "spk6": {"room10": 0.751262605}, "spk3": {"room3": 0.676778793, "room5": 0.962328911, "room7": 0.440493315, "room0": 1.410260439, "room2": 0.016760562, "room9": 0.7325242759999999}, "spk0": {"room3": 0.150387689}, "spk20": {"room10": 0.341198534}, "spk26": {"room2": -0.328995883}, "spk16": {"room3": 0.776397109, "room4": 0.178838313, "room7": -0.9840736390000001, "room12": 0.025712535, "room9": -0.8467715379999999}, "spk27": {"room5": 2.973174572, "room0": 2.4333279130000003}, "spk25": {"room1": 1.283514023}, "spk21": {"room3": 6.061200142000001, "room4": 4.489486694, "room2": 4.337150097, "room12": 6.1096768379999995}, "spk30": {"room4": -0.312534183, "room2": -1.877260566, "room12": -0.462647349}, "spk4": {"room6": 2.419315577}, "spk14": {"room10": 0.6309464570000001}, "spk7": {"room12": 1.4140101669999998}, "spk1": {"room5": 1.496443868, "room0": 0.046506464000000004}}}