{"meta": {"speaker": "spk21", "room": "room13"}, "data": {"spk22": {"room0": 1.395695925}, "spk10": {"room4": 1.099521995, "room12": 0.473554254}, "spk18": {"room5": -1.050370455, "room0": -0.823904097, "room2": -0.7738270159999999}, "spk29": {"room10": 0.778165698}, "spk5": {"room3": 0.504663706, "room5": -0.23146033300000002, "room0": -0.663796484}, "spk9": {"room4": 0.6779525279999999, "room7": 0.038900800000000006, "room10": 0.21350879999999997, "room12": 1.326199055, "room9": 0.097620338}, "spk2": {"room5": -0.073250122, "room0": 1.276936769}, "spk23": {"room4": 0.799789071, "room7": 1.378011703, "room2": 0.5715787410000001, "room10": 0.878014863, "room12": 1.382638812, "room9": 0.8804464340000001}, "spk15": {"room10": -1.1293103690000001}, "spk28": {"room10": -0.48383325299999996}, "spk24": {"room1": 0.486736745}, "spk12": {"room10": -1.284437895}, "spk8": {"room10": -0.371098727}, "spk17": {"room5": 0.6604204770000001, "room0": 0.48458909999999994}, "spk11": {"room3": -0.840893388, "room4": 2.168627977, "room7": 2.359532356, "room2": 1.4749712940000002, "room12": 1.4066965580000002, "room9": 2.467934608}, "spk19": {"room4": -0.638728023, "room7": -0.19946368, "room12": -0.756765962}, "spk13": {"room4": 2.654997587, "room12": 1.27805233}, "spk31": {"room10": -1.084002137}, "spk6": {"room10": -1.35429275}, "spk3": {"room3": 0.8539198640000001, "room5": 1.339085817, "room7": 0.683677852, "room0": 0.80910939, "room2": 1.512825012, "room9": 0.9267569179999999}, "spk0": {"room3": -1.237240195}, "spk20": {"room10": -0.930845499}, "spk26": {"room2": -0.48886933899999996}, "spk16": {"room3": 2.344711304, "room4": 1.2974815370000001, "room7": 1.599024534, "room12": 1.398511887, "room9": 0.789503455}, "spk27": {"room5": 0.154868424, "room0": -0.098117821}, "spk25": {"room1": -0.378421932}, "spk21": {"room3": 1.9849464890000001, "room4": 1.8647536040000001, "room2": 2.698162794, "room12": 2.427949667}, "spk30": {"room4": -0.6187446120000001, "room2": -1.3273321390000001, "room12": -0.821546972}, "spk4": {"room6": 0.031084723999999998}, "spk14": {"room10": 0.597640574}, "spk7": {"room12": 0.09942098}, "spk1": {"room5": 1.328289628, "room0": 2.848234653}}}