{"meta": {"speaker": "spk21", "room": "room11"}, "data": {"spk22": {"room0": -0.384780109}, "spk10": {"room4": 0.649834692, "room12": 0.458062708}, "spk18": {"room5": -1.455436945, "room0": -1.4190917019999998, "room2": -0.957000434}, "spk29": {"room10": 1.202403545}, "spk5": {"room3": 1.7576122280000002, "room5": 1.198711514, "room0": 1.103126168}, "spk9": {"room4": -0.20006662600000003, "room7": -0.300944924, "room10": 0.041314561, "room12": 0.111559264, "room9": -0.347856224}, "spk2": {"room5": -0.002523801, "room0": 0.7987023}, "spk23": {"room4": 2.28479743, "room7": 2.9545488360000003, "room2": 1.6805506940000001, "room10": 2.215913773, "room12": 1.866329193, "room9": 2.450847864}, "spk15": {"room10": 0.586518526}, "spk28": {"room10": -0.60065192}, "spk24": {"room1": 0.813192248}, "spk12": {"room10": -0.782960653}, "spk8": {"room10": 0.5148725510000001}, "spk17": {"room5": 2.138579607, "room0": 1.818275928}, "spk11": {"room3": -0.588015556, "room4": -0.77438426, "room7": -1.076829433, "room2": -0.609699845, "room12": -1.442726731, "room9": -0.9046829940000001}, "spk19": {"room4": -0.7467131020000001, "room7": -0.39279559299999994, "room12": -0.7660046220000001}, "spk13": {"room4": 1.307127953, "room12": 0.308424115}, "spk31": {"room10": -1.10342133}, "spk6": {"room10": 0.97345376}, "spk3": {"room3": 0.224590421, "room5": 0.39794641700000005, "room7": -0.115430996, "room0": -0.19043915, "room2": 0.6111047270000001, "room9": 0.23544184899999998}, "spk0": {"room3": 1.151661754}, "spk20": {"room10": -0.019932747}, "spk26": {"room2": 1.905252934}, "spk16": {"room3": 1.753378391, "room4": -0.607730091, "room7": -0.372948319, "room12": -0.9917685390000001, "room9": 0.399338961}, "spk27": {"room5": -0.254492581, "room0": -0.837649345}, "spk25": {"room1": 0.632110536}, "spk21": {"room3": 3.0222432610000003, "room4": 1.765599489, "room2": 1.588564515, "room12": 1.283224463}, "spk30": {"room4": -0.61484158, "room2": -1.664253592, "room12": -0.83024013}, "spk4": {"room6": 1.9197638030000002}, "spk14": {"room10": 0.270019054}, "spk7": {"room12": 2.080474854}, "spk1": {"room5": 0.10224767800000001, "room0": 0.33908236}}}