{"meta": {"speaker": "spk21", "room": "room13"}, "data": {"spk22": {"room0": 0.148088515}, "spk10": {"room4": 0.911075115, "room12": 0.8681698440000001}, "spk18": {"room5": -1.5485079290000001, "room0": -1.273149133, "room2": -0.815019488}, "spk29": {"room10": 1.4231914280000002}, "spk5": {"room3": 2.523554087, "room5": 2.9629278180000003, "room0": 2.110833883}, "spk9": {"room4": 1.088683963, "room7": 0.7394426470000001, "room10": 1.222577095, "room12": 0.92198354, "room9": 1.068561912}, "spk2": {"room5": 1.019982815, "room0": 0.594126105}, "spk23": {"room4": 1.077549219, "room7": 2.367226601, "room2": 1.548718333, "room10": 2.184128523, "room12": 2.23439765, "room9": 2.169048786}, "spk15": {"room10": 0.732725143}, "spk28": {"room10": -0.445066035}, "spk24": {"room1": 0.517670929}, "spk12": {"room10": -0.563105524}, "spk8": {"room10": 1.226397276}, "spk17": {"room5": 1.219626069, "room0": 1.676418781}, "spk11": {"room3": -0.7316610809999999, "room4": -0.28268978, "room7": -0.629858673, "room2": -0.077380992, "room12": -0.644385934, "room9": -0.58457458}, "spk19": {"room4": -0.08370562599999999, "room7": -0.20621201399999997, "room12": -0.3926045}, "spk13": {"room4": 1.4141036269999998, "room12": 0.7953109740000001}, "spk31": {"room10": -1.65658915}, "spk6": {"room10": 0.700795293}, "spk3": {"room3": 1.6494615080000001, "room5": 0.859423637, "room7": 0.930599451, "room0": 1.0460554359999998, "room2": 1.30378592, "room9": 1.0499888659999999}, "spk0": {"room3": 0.565204084}, "spk20": {"room10": 0.07668116700000001}, "spk26": {"room2": 1.078879952}, "spk16": {"room3": 1.238242149, "room4": -0.122937523, "room7": 0.47405955200000005, "room12": 0.046567183, "room9": 0.376716524}, "spk27": {"room5": 1.166680098, "room0": 0.7813327309999999}, "spk25": {"room1": 1.22415626}, "spk21": {"room3": 6.091192722000001, "room4": 3.2035732269999997, "room2": 2.649908304, "room12": 3.6206769939999996}, "spk30": {"room4": -0.379153907, "room2": -2.032599688, "room12": -0.890327871}, "spk4": {"room6": 1.181137443}, "spk14": {"room10": -0.137827441}, "spk7": {"room12": 0.5899509789999999}, "spk1": {"room5": 0.214296415, "room0": 0.18976001399999998}}}