{"meta": {"speaker": "spk21", "room": "room9"}, "data": {"spk22": {"room0": 0.20870073100000003}, "spk10": {"room4": 1.2387725109999999, "room12": 0.614368796}, "spk18": {"room5": -1.494300604, "room0": -1.1052646640000001, "room2": -1.1808609959999998}, "spk29": {"room10": 2.205566406}, "spk5": {"room3": 3.858830452, "room5": 2.7921009060000004, "room0": 3.290297508}, "spk9": {"room4": 1.275576949, "room7": 1.94050014, "room10": 0.44856414200000005, "room12": 2.2101328369999997, "room9": 1.4164246319999998}, "spk2": {"room5": 0.897814274, "room0": 0.5171662570000001}, "spk23": {"room4": 2.443469286, "room7": 2.7221848960000004, "room2": 1.8581043480000001, "room10": 2.1079063419999997, "room12": 2.461210251, "room9": 3.871254206}, "spk15": {"room10": -0.374307781}, "spk28": {"room10": -0.6909500959999999}, "spk24": {"room1": 1.003286958}, "spk12": {"room10": -1.17930603}, "spk8": {"room10": 0.562288165}, "spk17": {"room5": 1.519475579, "room0": 1.640575051}, "spk11": {"room3": -1.557234645, "room4": 0.644210219, "room7": -1.086653113, "room2": -1.605040789, "room12": -0.180542961, "room9": -0.19043943300000002}, "spk19": {"room4": -1.008927822, "room7": -0.61155808, "room12": -1.366159081}, "spk13": {"room4": 1.027700782, "room12": 0.91444391}, "spk31": {"room10": -1.629022956}, "spk6": {"room10": -0.214038268}, "spk3": {"room3": 2.38936615, "room5": 1.17185843, "room7": 1.357411027, "room0": 1.874955654, "room2": 1.211342454, "room9": 1.902653694}, "spk0": {"room3": 0.096986003}, "spk20": {"room10": -0.59329766}, "spk26": {"room2": -0.19637569800000002}, "spk16": {"room3": 1.4280450340000002, "room4": 0.561195791, "room7": 1.4870692490000001, "room12": 0.500675082, "room9": 2.124042273}, "spk27": {"room5": 1.8265409469999998, "room0": 0.998390138}, "spk25": {"room1": 1.5069301130000001}, "spk21": {"room3": 3.892734528, "room4": 3.050951719, "room2": 3.340770483, "room12": 4.6452093119999995}, "spk30": {"room4": -1.165551424, "room2": -2.040700197, "room12": -1.493015885}, "spk4": {"room6": 2.4093935490000002}, "spk14": {"room10": -0.80309242}, "spk7": {"room12": 1.6415493490000002}, "spk1": {"room5": 1.803626895, "room0": 1.417912841}}}