{"meta": {"speaker": "spk21", "room": "room11"}, "data": {"spk22": {"room0": -0.346473575}, "spk10": {"room4": 0.62134856, "room12": 0.250176638}, "spk18": {"room5": -1.347581029, "room0": -1.444755077, "room2": -1.188721538}, "spk29": {"room10": 1.3681589369999998}, "spk5": {"room3": 2.5036726000000002, "room5": 1.6461197140000001, "room0": 1.8582994940000002}, "spk9": {"room4": -0.19145810600000002, "room7": -0.26267060600000003, "room10": -0.431269795, "room12": 0.09335479099999999, "room9": -0.007706253000000001}, "spk2": {"room5": -0.021878672999999998, "room0": 0.049850322}, "spk23": {"room4": 2.072566509, "room7": 2.581415892, "room2": 1.538002968, "room10": 2.299969196, "room12": 1.537540555, "room9": 2.013141155}, "spk15": {"room10": 0.202923223}, "spk28": {"room10": -0.936965525}, "spk24": {"room1": 0.766444087}, "spk12": {"room10": -0.641564906}, "spk8": {"room10": 0.571420312}, "spk17": {"room5": 2.035290956, "room0": 1.355275512}, "spk11": {"room3": -0.705779195, "room4": -0.428335339, "room7": -1.4832385780000001, "room2": -1.1320544479999999, "room12": -1.464061737, "room9": -0.9103236790000001}, "spk19": {"room4": -0.955546975, "room7": -0.74807024, "room12": -1.0181669}, "spk13": {"room4": 0.6096376179999999, "room12": 0.267738491}, "spk31": {"room10": -1.135278463}, "spk6": {"room10": 0.5570274000000001}, "spk3": {"room3": 0.688964307, "room5": 0.20657157899999998, "room7": 0.461661875, "room0": 0.023990236, "room2": 0.9065250159999999, "room9": 0.260560095}, "spk0": {"room3": 0.79177016}, "spk20": {"room10": -0.39698383200000004}, "spk26": {"room2": 1.142158628}, "spk16": {"room3": 1.520913959, "room4": -0.542725503, "room7": -0.619073987, "room12": -1.028759599, "room9": 0.756377995}, "spk27": {"room5": 0.277985752, "room0": -0.32759082300000003}, "spk25": {"room1": 1.128287911}, "spk21": {"room3": 2.472833633, "room4": 1.7181603909999998, "room2": 1.517352223, "room12": 1.129053473}, "spk30": {"room4": -0.534628332, "room2": -1.087825418, "room12": -0.93018204}, "spk4": {"room6": 1.5604536530000002}, "spk14": {"room10": 0.04003612}, "spk7": {"room12": 1.30499351}, "spk1": {"room5": -0.171174899, "room0": 0.203019962}}}