{"meta": {"speaker": "spk21", "room": "room13"}, "data": {"spk22": {"room0": -0.6818671820000001}, "spk10": {"room4": 0.129475206, "room12": 0.442572385}, "spk18": {"room5": -1.183388352, "room0": -1.059741497, "room2": -0.646014929}, "spk29": {"room10": 1.165488482}, "spk5": {"room3": 1.7899510859999999, "room5": 0.9190400240000001, "room0": 1.280596614}, "spk9": {"room4": -0.372812837, "room7": 0.00145071, "room10": -0.00700214, "room12": 0.254157811, "room9": -0.0007685169999999999}, "spk2": {"room5": -0.217290387, "room0": 0.34052860700000004}, "spk23": {"room4": 1.431978345, "room7": 1.615802765, "room2": 1.0464899540000001, "room10": 2.315116644, "room12": 1.675979853, "room9": 1.5656929019999999}, "spk15": {"room10": 0.08620181699999999}, "spk28": {"room10": -0.7055298090000001}, "spk24": {"room1": 1.246452689}, "spk12": {"room10": -0.675767958}, "spk8": {"room10": 0.859688997}, "spk17": {"room5": 0.914942563, "room0": 1.008312106}, "spk11": {"room3": -1.0792480709999999, "room4": -0.362813145, "room7": -0.9412714240000001, "room2": -1.497784376, "room12": -0.858151317, "room9": -1.114324331}, "spk19": {"room4": -0.7121393079999999, "room7": -0.39094758, "room12": -0.14887230099999998}, "spk13": {"room4": 0.759052753, "room12": 0.012889346000000001}, "spk31": {"room10": -0.859533966}, "spk6": {"room10": 1.236860394}, "spk3": {"room3": 0.881879807, "room5": 1.057967663, "room7": -0.57777971, "room0": 0.08823525900000001, "room2": 0.8507979509999999, "room9": 0.282276988}, "spk0": {"room3": 0.9512181279999999}, "spk20": {"room10": -0.305691302}, "spk26": {"room2": 1.8853489159999999}, "spk16": {"room3": -0.254397988, "room4": -0.359843701, "room7": -0.7441555259999999, "room12": -1.020467758, "room9": -0.27634325600000004}, "spk27": {"room5": 0.39453294899999997, "room0": 0.079515427}, "spk25": {"room1": 0.24295328600000002}, "spk21": {"room3": 4.273640633, "room4": 2.333268166, "room2": 2.324034929, "room12": 2.31106782}, "spk30": {"room4": -1.129883409, "room2": -1.782922268, "room12": -0.852375388}, "spk4": {"room6": 1.327643871}, "spk14": {"room10": 1.125829935}, "spk7": {"room12": 0.8448252079999999}, "spk1": {"room5": 0.097057506, "room0": -0.20564194}}}