{"meta": {"speaker": "spk21", "room": "room7"}, "data": {"spk22": {"room0": 0.8987290259999999}, "spk10": {"room4": 1.528389454, "room12": 1.31090188}, "spk18": {"room5": -2.15576148, "room0": -1.8734219069999998, "room2": -1.3561636209999999}, "spk29": {"room10": 1.7367234230000002}, "spk5": {"room3": 3.8970360760000005, "room5": 3.2876338960000004, "room0": 2.8207981589999997}, "spk9": {"room4": 0.946859598, "room7": 1.364001036, "room10": 0.913401902, "room12": 2.13664341, "room9": 0.98418498}, "spk2": {"room5": 0.9689300059999999, "room0": 0.76320231}, "spk23": {"room4": 1.785220265, "room7": 3.454998255, "room2": 1.391498446, "room10": 1.9213294980000002, "room12": 2.03075695, "room9": 1.952387571}, "spk15": {"room10": 0.946198702}, "spk28": {"room10": -1.051074982}, "spk24": {"room1": 0.197232068}, "spk12": {"room10": -1.8426227569999998}, "spk8": {"room10": 1.108156443}, "spk17": {"room5": 1.50061965, "room0": 1.4559378619999999}, "spk11": {"room3": -0.690726161, "room4": 0.147726148, "room7": -0.076814726, "room2": -0.811565518, "room12": -0.32477048, "room9": -0.38932246}, "spk19": {"room4": -0.268178433, "room7": 0.314960301, "room12": -0.945995867}, "spk13": {"room4": 1.728898644, "room12": 1.123902082}, "spk31": {"room10": -2.717848063}, "spk6": {"room10": -0.390990764}, "spk3": {"room3": 2.0700986390000002, "room5": 1.62120533, "room7": 1.6100158690000002, "room0": 2.144090414, "room2": 1.6057595009999999, "room9": 1.6849417690000001}, "spk0": {"room3": -0.15375703599999999}, "spk20": {"room10": -0.511267722}, "spk26": {"room2": 0.49812901}, "spk16": {"room3": 2.086040497, "room4": 0.695807159, "room7": 1.09596622, "room12": 0.996669233, "room9": 1.0010001659999999}, "spk27": {"room5": 1.4446271659999999, "room0": 0.467648119}, "spk25": {"room1": 0.969834328}, "spk21": {"room3": 7.274848461, "room4": 5.524573802999999, "room2": 5.481031418, "room12": 7.11171627}, "spk30": {"room4": -0.704851925, "room2": -2.470087767, "room12": -0.9854219559999999}, "spk4": {"room6": 1.9254575969999999}, "spk14": {"room10": 0.36560994399999996}, "spk7": {"room12": 0.645259321}, "spk1": {"room5": 1.6503472330000002, "room0": 2.252445221}}}