{"meta": {"speaker": "spk21", "room": "room11"}, "data": {"spk22": {"room0": -0.757508099}, "spk10": {"room4": 0.307268798, "room12": 0.066230327}, "spk18": {"room5": -0.6873022320000001, "room0": -0.592969239, "room2": -0.620311201}, "spk29": {"room10": 0.27863124}, "spk5": {"room3": 2.483966351, "room5": 2.2398488519999997, "room0": 2.4117736819999998}, "spk9": {"room4": -0.6052174570000001, "room7": -0.944574177, "room10": -0.502259731, "room12": -0.164715365, "room9": -0.6768457290000001}, "spk2": {"room5": -0.493785113, "room0": -0.428037614}, "spk23": {"room4": 1.2038221359999999, "room7": 1.4190291169999998, "room2": 0.213439152, "room10": 1.50267911, "room12": 0.622817814, "room9": 1.237140775}, "spk15": {"room10": 0.582910836}, "spk28": {"room10": 0.007145665}, "spk24": {"room1": 0.894149005}, "spk12": {"room10": -0.244318008}, "spk8": {"room10": 1.4114577769999999}, "spk17": {"room5": 0.9760342240000001, "room0": 0.8159843090000001}, "spk11": {"room3": -1.200160265, "room4": -1.371025205, "room7": -1.6867730619999999, "room2": -1.763867497, "room12": -1.664647102, "room9": -1.380313039}, "spk19": {"room4": -0.037390973, "room7": -0.21349878600000002, "room12": -0.097350754}, "spk13": {"room4": -0.41992592799999995, "room12": -0.717162132}, "spk31": {"room10": -0.47559002}, "spk6": {"room10": 1.439501643}, "spk3": {"room3": -0.38474425700000003, "room5": -1.029392481, "room7": -0.316792995, "room0": -0.44025278100000004, "room2": -0.11278405, "room9": -0.40320307}, "spk0": {"room3": -0.043710679}, "spk20": {"room10": 0.061878443}, "spk26": {"room2": 0.594425619}, "spk16": {"room3": -0.412136436, "room4": -0.496444166, "room7": -0.929788232, "room12": -0.83732748, "room9": 0.15742597}, "spk27": {"room5": -0.6671443579999999, "room0": -0.895183086}, "spk25": {"room1": 0.419283092}, "spk21": {"room3": 0.5594759579999999, "room4": 1.262401581, "room2": 0.5902836920000001, "room12": 0.930728137}, "spk30": {"room4": -0.42170018, "room2": -0.79898411, "room12": -0.537009478}, "spk4": {"room6": 2.426611185}, "spk14": {"room10": 0.047837529000000004}, "spk7": {"room12": 3.266908407}, "spk1": {"room5": 0.09198141800000001, "room0": -0.452918053}}}