{"meta": {"speaker": "spk21", "room": "room11"}, "data": {"spk22": {"room0": 0.48573979700000003}, "spk10": {"room4": 1.29429698, "room12": 0.844955683}, "spk18": {"room5": -0.598208189, "room0": -0.5343317989999999, "room2": -0.893234372}, "spk29": {"room10": 1.3202050920000001}, "spk5": {"room3": 2.088325024, "room5": 2.7035284039999996, "room0": 1.6927295919999998}, "spk9": {"room4": 0.310403705, "room7": 0.976936758, "room10": 0.8019487259999999, "room12": 1.301298738, "room9": 1.219772935}, "spk2": {"room5": 1.5456066130000001, "room0": 0.533836842}, "spk23": {"room4": 1.130783081, "room7": 1.584737659, "room2": 0.94825536, "room10": 1.315786719, "room12": 1.9080686569999998, "room9": 1.9870364669999998}, "spk15": {"room10": -0.038010273}, "spk28": {"room10": 0.070100918}, "spk24": {"room1": 0.551155329}, "spk12": {"room10": -0.451314151}, "spk8": {"room10": 1.071404934}, "spk17": {"room5": 1.027154803, "room0": 1.306242228}, "spk11": {"room3": -0.530792177, "room4": 0.7900692220000001, "room7": 0.805517912, "room2": 0.273544103, "room12": 0.243114606, "room9": 0.597286224}, "spk19": {"room4": 0.177048221, "room7": -0.06589905900000001, "room12": -0.057217497}, "spk13": {"room4": 1.167970896, "room12": 1.418754935}, "spk31": {"room10": -1.245302081}, "spk6": {"room10": 0.36885637}, "spk3": {"room3": 1.182704449, "room5": 0.864603758, "room7": 0.9066897629999999, "room0": 1.163835406, "room2": 0.705837727, "room9": 1.404366016}, "spk0": {"room3": 0.12393105}, "spk20": {"room10": -0.045222364}, "spk26": {"room2": 0.8447450999999999}, "spk16": {"room3": 2.591576815, "room4": 0.6127403379999999, "room7": 1.250740528, "room12": 0.464267999, "room9": 1.120896578}, "spk27": {"room5": -0.030458637, "room0": -0.078057028}, "spk25": {"room1": 0.909508407}, "spk21": {"room3": 4.311158657, "room4": 3.1257421969999997, "room2": 2.109759331, "room12": 3.701162577}, "spk30": {"room4": -0.032295991, "room2": -0.767034769, "room12": -0.729566336}, "spk4": {"room6": 1.524026752}, "spk14": {"room10": 0.6387505529999999}, "spk7": {"room12": 0.635303736}, "spk1": {"room5": 1.12330544, "room0": 1.030653715}}}