{"meta": {"speaker": "spk21", "room": "room7"}, "data": {"spk22": {"room0": 1.622670412}, "spk10": {"room4": 1.271271348, "room12": 1.647157311}, "spk18": {"room5": -1.98261106, "room0": -1.560816884, "room2": -1.396570444}, "spk29": {"room10": 1.5577270980000002}, "spk5": {"room3": 2.855192423, "room5": 3.370103836, "room0": 2.014996052}, "spk9": {"room4": 1.934349298, "room7": 2.248573065, "room10": 0.478622347, "room12": 2.121277809, "room9": 1.494701624}, "spk2": {"room5": 1.032123446, "room0": 0.315722495}, "spk23": {"room4": 2.130985737, "room7": 2.9082593919999997, "room2": 1.315510273, "room10": 1.8675121069999998, "room12": 1.985065579, "room9": 2.9713106160000002}, "spk15": {"room10": -0.013299085}, "spk28": {"room10": -0.7806851859999999}, "spk24": {"room1": 0.7064891459999999}, "spk12": {"room10": -1.207918286}, "spk8": {"room10": 0.440085202}, "spk17": {"room5": 1.438693166, "room0": 2.232180357}, "spk11": {"room3": -0.647708237, "room4": 0.5066928860000001, "room7": 0.347757906, "room2": -0.169814259, "room12": -0.352801085, "room9": 0.244109035}, "spk19": {"room4": -0.835779369, "room7": -0.157015666, "room12": -1.2668215040000002}, "spk13": {"room4": 0.775367081, "room12": 1.218171358}, "spk31": {"room10": -2.371422529}, "spk6": {"room10": -0.212639883}, "spk3": {"room3": 1.6206766369999999, "room5": 1.135675073, "room7": 2.081394911, "room0": 1.538000464, "room2": 0.776278555, "room9": 1.771471143}, "spk0": {"room3": 0.009772747}, "spk20": {"room10": -0.590993345}, "spk26": {"room2": 1.107689261}, "spk16": {"room3": 2.579781055, "room4": 0.941226006, "room7": 1.579138875, "room12": 0.044304159, "room9": 2.058056116}, "spk27": {"room5": 0.8684167859999999, "room0": 0.23257499899999998}, "spk25": {"room1": 1.298592687}, "spk21": {"room3": 6.121543883999999, "room4": 4.714221478, "room2": 4.280640602, "room12": 6.718384266}, "spk30": {"room4": -0.782389283, "room2": -1.659694195, "room12": -0.70906812}, "spk4": {"room6": 1.762164712}, "spk14": {"room10": 0.226772681}, "spk7": {"room12": 1.26165545}, "spk1": {"room5": 2.183456421, "room0": 2.394731283}}}