{"meta": {"speaker": "spk21", "room": "room4"}, "data": {"spk22": {"room0": 0.937470675}, "spk10": {"room4": 1.783994794, "room12": 1.7518025640000001}, "spk18": {"room5": -0.328531682, "room0": -0.040147521, "room2": -0.107796945}, "spk29": {"room10": 1.867878079}, "spk5": {"room3": 1.887583494, "room5": 2.5611600880000003, "room0": 1.808740139}, "spk9": {"room4": 0.986235559, "room7": 2.42464447, "room10": 0.43456319, "room12": 1.9881662130000002, "room9": 1.159259558}, "spk2": {"room5": 0.8236447570000001, "room0": 1.143574715}, "spk23": {"room4": 1.535413027, "room7": 1.5835285190000001, "room2": 0.122721575, "room10": 1.4957159759999998, "room12": 2.007491112, "room9": 2.2667906280000003}, "spk15": {"room10": 0.35599479100000003}, "spk28": {"room10": 0.101779915}, "spk24": {"room1": 1.5536093709999999}, "spk12": {"room10": -0.032114055}, "spk8": {"room10": 0.207379311}, "spk17": {"room5": 2.089856625, "room0": 2.002243996}, "spk11": {"room3": -1.3171801570000001, "room4": 1.060425758, "room7": -0.090211891, "room2": -1.275741577, "room12": 0.6967913509999999, "room9": -0.066389054}, "spk19": {"room4": -0.243944451, "room7": 0.09851367800000001, "room12": -0.350119144}, "spk13": {"room4": 1.617450476, "room12": 0.125049949}, "spk31": {"room10": -0.721846223}, "spk6": {"room10": 0.984101474}, "spk3": {"room3": 0.404882699, "room5": 1.368125558, "room7": 0.631813824, "room0": 1.382068515, "room2": 0.5215984579999999, "room9": 1.241664052}, "spk0": {"room3": 1.103553534}, "spk20": {"room10": -0.23499307}, "spk26": {"room2": 1.483412266}, "spk16": {"room3": 1.209938407, "room4": 0.721838117, "room7": 0.628848255, "room12": 0.6588543060000001, "room9": 1.4759657380000002}, "spk27": {"room5": 1.744472742, "room0": 1.7966060640000001}, "spk25": {"room1": 0.585388184}, "spk21": {"room3": 3.519030333, "room4": 4.743885517, "room2": 4.231694698, "room12": 7.01725769}, "spk30": {"room4": -0.37644776700000004, "room2": -0.8435662979999999, "room12": -0.692108452}, "spk4": {"room6": 1.5240715740000002}, "spk14": {"room10": 0.331209689}, "spk7": {"room12": 1.116050363}, "spk1": {"room5": 2.779203653, "room0": 0.64798063}}}