{"meta": {"speaker": "spk21", "room": "room11"}, "data": {"spk22": {"room0": 0.870202065}, "spk10": {"room4": 0.508479416, "room12": 0.469794869}, "spk18": {"room5": -1.4169640540000001, "room0": -1.5405523780000001, "room2": -1.358578801}, "spk29": {"room10": 1.425083399}, "spk5": {"room3": 0.25227960899999996, "room5": -0.278935343, "room0": -0.247260392}, "spk9": {"room4": 0.743214905, "room7": 0.440715432, "room10": 1.259822845, "room12": 1.539857984, "room9": 1.5146106480000001}, "spk2": {"room5": 0.8127322790000001, "room0": 1.278197885}, "spk23": {"room4": 1.7682229280000001, "room7": 2.082673073, "room2": 2.405414343, "room10": 1.771412253, "room12": 1.9737111330000001, "room9": 2.2689759730000003}, "spk15": {"room10": -0.424286425}, "spk28": {"room10": -0.669608474}, "spk24": {"room1": 0.37064930799999996}, "spk12": {"room10": -0.9301551579999999}, "spk8": {"room10": 0.996835947}, "spk17": {"room5": 0.823857605, "room0": 0.7373753190000001}, "spk11": {"room3": -0.459496051, "room4": 0.365450472, "room7": -0.120763563, "room2": 0.519705117, "room12": -0.644072115, "room9": 0.637631238}, "spk19": {"room4": -0.5570543410000001, "room7": -0.702397704, "room12": -0.7947631479999999}, "spk13": {"room4": 2.134962559, "room12": 2.016629934}, "spk31": {"room10": -1.737293124}, "spk6": {"room10": -0.082738772}, "spk3": {"room3": 0.8678053020000001, "room5": 0.386803567, "room7": -0.11188245599999999, "room0": -0.7316571470000001, "room2": 0.7676389809999999, "room9": -0.19245995600000002}, "spk0": {"room3": 1.334296465}, "spk20": {"room10": -0.966175735}, "spk26": {"room2": 2.3892204759999998}, "spk16": {"room3": 2.629957199, "room4": -0.129475325, "room7": 0.901518762, "room12": 0.362747014, "room9": 0.670405507}, "spk27": {"room5": -0.132512823, "room0": -0.237335026}, "spk25": {"room1": 1.0589380259999999}, "spk21": {"room3": 4.4527540210000005, "room4": 4.304017544, "room2": 3.332981348, "room12": 4.29119873}, "spk30": {"room4": -0.733485937, "room2": -2.008943081, "room12": -1.116877675}, "spk4": {"room6": 0.799320459}, "spk14": {"room10": 2.363147497}, "spk7": {"room12": 1.2845007179999999}, "spk1": {"room5": 0.893931925, "room0": 1.6921405790000001}}}