{"meta": {"speaker": "spk21", "room": "room13"}, "data": {"spk22": {"room0": -1.295433402}, "spk10": {"room4": -0.17957119600000002, "room12": 0.142470434}, "spk18": {"room5": -1.303059459, "room0": -1.626538515, "room2": -1.107804298}, "spk29": {"room10": 0.706362367}, "spk5": {"room3": 1.8426783080000002, "room5": 0.630699158, "room0": 1.789031029}, "spk9": {"room4": -1.65643394, "room7": -1.3375366929999999, "room10": -0.823894441, "room12": -0.841470838, "room9": -1.231558919}, "spk2": {"room5": 0.171464607, "room0": -0.8747445340000001}, "spk23": {"room4": 1.210068345, "room7": 0.9597259159999999, "room2": 1.6050289869999999, "room10": 1.312763453, "room12": 0.8297221659999999, "room9": 0.9293843509999999}, "spk15": {"room10": -0.173836887}, "spk28": {"room10": -0.46734923100000003}, "spk24": {"room1": 0.6913822890000001}, "spk12": {"room10": -1.460806847}, "spk8": {"room10": 0.596700966}, "spk17": {"room5": -0.21377489, "room0": 0.116814166}, "spk11": {"room3": -1.362801313, "room4": -1.3621001240000001, "room7": -1.8660306930000001, "room2": -2.179978848, "room12": -1.679874897, "room9": -1.7797304390000002}, "spk19": {"room4": -1.1626250740000001, "room7": -0.272503644, "room12": -0.924861073}, "spk13": {"room4": -0.42254328700000005, "room12": -0.49362582}, "spk31": {"room10": -1.220646381}, "spk6": {"room10": 1.6180466409999998}, "spk3": {"room3": 0.319420785, "room5": -0.179873735, "room7": -0.8869735000000001, "room0": -0.32077968100000004, "room2": -0.138804793, "room9": -0.363420725}, "spk0": {"room3": -0.63169986}, "spk20": {"room10": -0.382362604}, "spk26": {"room2": 0.9188473220000001}, "spk16": {"room3": -0.400496691, "room4": -1.187029362, "room7": -0.986882687, "room12": -1.5301775930000001, "room9": -0.6874726409999999}, "spk27": {"room5": -1.693010211, "room0": -1.475809455}, "spk25": {"room1": -0.082344584}, "spk21": {"room3": 3.146234989, "room4": 1.307066679, "room2": 1.281417847, "room12": 1.230786324}, "spk30": {"room4": -1.633330107, "room2": -3.022800207, "room12": -1.566484094}, "spk4": {"room6": 2.2685704230000003}, "spk14": {"room10": 2.51e-05}, "spk7": {"room12": 1.001773238}, "spk1": {"room5": 0.270583361, "room0": -0.26854336300000003}}}