{"meta": {"speaker": "spk21", "room": "room13"}, "data": {"spk22": {"room0": -0.23606795100000003}, "spk10": {"room4": 0.5668122170000001, "room12": 1.04603231}, "spk18": {"room5": -1.41657269, "room0": -1.353448391, "room2": -1.0701409579999999}, "spk29": {"room10": 1.3075292109999999}, "spk5": {"room3": 1.8766248230000002, "room5": 1.646658301, "room0": 1.679362535}, "spk9": {"room4": 0.004099557, "room7": 0.49164065700000004, "room10": 0.743505836, "room12": 0.65767926, "room9": 0.7493503090000001}, "spk2": {"room5": 0.31859028300000003, "room0": -0.160566285}, "spk23": {"room4": 0.8919187190000001, "room7": 2.3774003980000002, "room2": 1.492412448, "room10": 0.8137733340000001, "room12": 2.111376047, "room9": 1.812030911}, "spk15": {"room10": -0.168532878}, "spk28": {"room10": -1.3936791419999999}, "spk24": {"room1": -0.124974973}, "spk12": {"room10": -0.774684072}, "spk8": {"room10": 0.280288696}, "spk17": {"room5": 1.4727441069999998, "room0": 1.037414432}, "spk11": {"room3": -0.074528083, "room4": -0.285696805, "room7": -0.473288685, "room2": -0.883681953, "room12": -0.498188645, "room9": -0.89520371}, "spk19": {"room4": -0.8410834070000001, "room7": -0.9370905159999999, "room12": -0.95571804}, "spk13": {"room4": 0.842084646, "room12": 0.10117406400000001}, "spk31": {"room10": -1.3601118330000002}, "spk6": {"room10": 0.270800948}, "spk3": {"room3": 0.821045935, "room5": 0.119057596, "room7": -0.03467609, "room0": -0.057323220999999994, "room2": 0.436235845, "room9": -0.043618355}, "spk0": {"room3": 2.092232704}, "spk20": {"room10": -0.037405808}, "spk26": {"room2": 0.808000982}, "spk16": {"room3": 2.088417292, "room4": -0.447559446, "room7": 1.023735166, "room12": 0.272824377, "room9": 0.275868773}, "spk27": {"room5": 1.128006458, "room0": 1.152595282}, "spk25": {"room1": 0.148151487}, "spk21": {"room3": 5.154365063, "room4": 2.8898570539999997, "room2": 3.791106224, "room12": 4.115800858}, "spk30": {"room4": -0.628439605, "room2": -1.8955320119999999, "room12": -1.0515310759999998}, "spk4": {"room6": 0.493190646}, "spk14": {"room10": 0.362541974}, "spk7": {"room12": 0.889925182}, "spk1": {"room5": 0.37470915899999996, "room0": 0.768877327}}}