{"meta": {"speaker": "spk21", "room": "room11"}, "data": {"spk22": {"room0": 0.37077537200000005}, "spk10": {"room4": 1.8985298869999998, "room12": 1.7193106409999999}, "spk18": {"room5": -1.168646455, "room0": -1.180649281, "room2": -1.022498965}, "spk29": {"room10": 0.542165279}, "spk5": {"room3": 1.065376401, "room5": 0.92864573, "room0": 1.367787123}, "spk9": {"room4": -0.7347060440000001, "room7": -0.282099545, "room10": 0.369723111, "room12": 0.12025701300000001, "room9": -0.08638254599999999}, "spk2": {"room5": 0.502417564, "room0": 0.49513945}, "spk23": {"room4": 1.420117259, "room7": 1.9593737130000002, "room2": 1.6687644719999999, "room10": 1.8109217880000001, "room12": 2.285017252, "room9": 1.8478666540000002}, "spk15": {"room10": 0.244802102}, "spk28": {"room10": -0.538737774}, "spk24": {"room1": 0.336741835}, "spk12": {"room10": -0.86024797}, "spk8": {"room10": 0.409174383}, "spk17": {"room5": 1.1397386790000001, "room0": 1.7432166340000002}, "spk11": {"room3": -1.042273402, "room4": -0.261781186, "room7": -0.522985995, "room2": -0.565968215, "room12": -1.1374708409999998, "room9": -0.459701419}, "spk19": {"room4": -0.84226495, "room7": -0.664360642, "room12": -1.269508362}, "spk13": {"room4": 1.679081321, "room12": 1.809849381}, "spk31": {"room10": -1.322281599}, "spk6": {"room10": 1.317953706}, "spk3": {"room3": 0.716773331, "room5": 0.6857334970000001, "room7": 0.768770993, "room0": 0.46706271200000005, "room2": 1.048254251, "room9": 0.090628728}, "spk0": {"room3": 0.073429838}, "spk20": {"room10": -0.35231062799999996}, "spk26": {"room2": 1.857836127}, "spk16": {"room3": 1.929002404, "room4": -0.20388642, "room7": 0.208417252, "room12": -0.49246317100000003, "room9": 0.04692192}, "spk27": {"room5": -0.5100713370000001, "room0": -0.7072304490000001}, "spk25": {"room1": 0.843822718}, "spk21": {"room3": 5.124125481, "room4": 4.675661563999999, "room2": 3.64056921, "room12": 4.608022213}, "spk30": {"room4": -0.06994426299999999, "room2": -1.180945277, "room12": -0.7188041209999999}, "spk4": {"room6": 2.257232189}, "spk14": {"room10": 2.112463474}, "spk7": {"room12": 0.320151061}, "spk1": {"room5": 0.734431565, "room0": 1.171038985}}}