{"meta": {"speaker": "spk21", "room": "room13"}, "data": {"spk22": {"room0": -0.200407892}, "spk10": {"room4": 1.400503755, "room12": 0.826153219}, "spk18": {"room5": -1.268997192, "room0": -1.341589332, "room2": -0.77174592}, "spk29": {"room10": 2.539144278}, "spk5": {"room3": 1.956733465, "room5": 1.407616973, "room0": 1.743242621}, "spk9": {"room4": 0.107775636, "room7": 0.823560596, "room10": -0.20510685399999998, "room12": 0.679394066, "room9": 0.24455592}, "spk2": {"room5": 0.09484566, "room0": -0.38993403299999996}, "spk23": {"room4": 2.816226721, "room7": 3.354515076, "room2": 2.219370604, "room10": 2.063635111, "room12": 2.269257784, "room9": 3.117084026}, "spk15": {"room10": -0.18281333100000002}, "spk28": {"room10": -0.37215820000000005}, "spk24": {"room1": 0.217552617}, "spk12": {"room10": -0.9106265309999999}, "spk8": {"room10": 1.308054566}, "spk17": {"room5": 1.7653517719999998, "room0": 2.564740896}, "spk11": {"room3": -1.36610949, "room4": -0.18625527600000003, "room7": -1.62931633, "room2": -1.652312398, "room12": -1.156027555, "room9": -1.086970091}, "spk19": {"room4": -0.61473453, "room7": -0.430060327, "room12": -1.035575986}, "spk13": {"room4": 1.392056704, "room12": 0.985901833}, "spk31": {"room10": -1.1378092770000001}, "spk6": {"room10": 1.020375967}, "spk3": {"room3": 1.891992927, "room5": 1.106545568, "room7": 0.718891203, "room0": 1.394672036, "room2": 1.337361693, "room9": 1.373521924}, "spk0": {"room3": 0.34055087}, "spk20": {"room10": -0.191050768}, "spk26": {"room2": 1.701648951}, "spk16": {"room3": 1.0298841, "room4": -0.640315771, "room7": -0.543183446, "room12": -1.2058506009999999, "room9": -0.177137926}, "spk27": {"room5": -0.015829494, "room0": -0.035943661}, "spk25": {"room1": 1.4044051169999998}, "spk21": {"room3": 2.9130530360000004, "room4": 2.2119047640000002, "room2": 2.789052725, "room12": 1.72399652}, "spk30": {"room4": -0.637646139, "room2": -1.3501522540000002, "room12": -1.077079058}, "spk4": {"room6": 2.707194328}, "spk14": {"room10": 0.503088355}, "spk7": {"room12": 0.9559066890000001}, "spk1": {"room5": -0.07592462700000001, "room0": 0.45802432299999996}}}