{"meta": {"speaker": "spk21", "room": "room2"}, "data": {"spk22": {"room0": -0.241639584}, "spk10": {"room4": 0.47930005200000003, "room12": 0.33698555799999996}, "spk18": {"room5": -1.1859291790000002, "room0": -0.996435583, "room2": -1.3545267580000002}, "spk29": {"room10": 1.454943776}, "spk5": {"room3": 1.124326468, "room5": 0.28954511899999996, "room0": 0.03211179}, "spk9": {"room4": 0.164402604, "room7": 1.1884202959999999, "room10": 0.441350013, "room12": 0.35145148600000004, "room9": 0.395707875}, "spk2": {"room5": 1.4150828119999999, "room0": 0.362389475}, "spk23": {"room4": 1.5338594909999999, "room7": 2.39495945, "room2": 2.1629712580000002, "room10": 2.053760052, "room12": 1.896318674, "room9": 1.505294919}, "spk15": {"room10": 0.5729799870000001}, "spk28": {"room10": -0.8931260109999999}, "spk24": {"room1": 0.23012276}, "spk12": {"room10": -0.5347421170000001}, "spk8": {"room10": 1.053445816}, "spk17": {"room5": 2.080913067, "room0": 1.411992431}, "spk11": {"room3": -1.314862967, "room4": -0.811218023, "room7": -1.409699917, "room2": -1.7061190609999999, "room12": -1.070710659, "room9": -1.05610621}, "spk19": {"room4": -0.625204325, "room7": -0.446428359, "room12": -0.8306071759999999}, "spk13": {"room4": 0.6775817279999999, "room12": 0.6926139590000001}, "spk31": {"room10": -0.556134105}, "spk6": {"room10": 0.649862051}, "spk3": {"room3": -0.093239233, "room5": -0.007841283000000001, "room7": -0.839500248, "room0": -0.37812423700000003, "room2": -0.51334089, "room9": -0.40838080600000004}, "spk0": {"room3": 2.185151577}, "spk20": {"room10": -0.48730155799999997}, "spk26": {"room2": 0.684405684}, "spk16": {"room3": 0.6448156829999999, "room4": -1.625404835, "room7": -1.082637668, "room12": -0.875363648, "room9": -0.8614777920000001}, "spk27": {"room5": 2.592319965, "room0": 0.9502857920000001}, "spk25": {"room1": 0.849357128}, "spk21": {"room3": 3.338426113, "room4": 2.779908657, "room2": 5.475914955, "room12": 3.573090553}, "spk30": {"room4": -1.107855201, "room2": -2.030272961, "room12": -1.330975413}, "spk4": {"room6": 0.607458532}, "spk14": {"room10": -0.21901020399999999}, "spk7": {"room12": 0.439305902}, "spk1": {"room5": 0.32987377, "room0": 0.076376133}}}