{"meta": {"speaker": "spk21", "room": "room11"}, "data": {"spk22": {"room0": 0.22254008100000003}, "spk10": {"room4": 1.169530749, "room12": 2.3818202019999997}, "spk18": {"room5": -1.183663845, "room0": -1.171384692, "room2": -0.799272537}, "spk29": {"room10": 1.947637796}, "spk5": {"room3": 2.033551931, "room5": 1.484164, "room0": 1.141195774}, "spk9": {"room4": 0.215789884, "room7": 0.37562689200000005, "room10": 0.743742585, "room12": 1.033778906, "room9": 0.674881518}, "spk2": {"room5": 1.795347333, "room0": 0.845574796}, "spk23": {"room4": 1.426885605, "room7": 2.785415173, "room2": 1.694197774, "room10": 2.1154067519999997, "room12": 2.562530994, "room9": 2.288716555}, "spk15": {"room10": 0.01933359}, "spk28": {"room10": -0.4448843}, "spk24": {"room1": 0.124355301}, "spk12": {"room10": -1.169677019}, "spk8": {"room10": 1.4238919019999998}, "spk17": {"room5": 2.188201427, "room0": 2.3581910130000003}, "spk11": {"room3": -1.719674706, "room4": -0.485340059, "room7": -1.034986258, "room2": -0.116704516, "room12": -0.8438471559999999, "room9": -0.281260699}, "spk19": {"room4": -0.844392657, "room7": -0.804462969, "room12": -0.7055433990000001}, "spk13": {"room4": 1.330662131, "room12": 1.194012523}, "spk31": {"room10": -1.51724565}, "spk6": {"room10": 0.626483738}, "spk3": {"room3": 0.94157058, "room5": 0.569412768, "room7": -0.36289408799999995, "room0": -0.39610973, "room2": 0.383345276, "room9": 0.133192077}, "spk0": {"room3": 0.38337776100000004}, "spk20": {"room10": -0.22236841899999998}, "spk26": {"room2": 1.58427}, "spk16": {"room3": 1.5029129980000002, "room4": -0.067191847, "room7": 0.556335211, "room12": 0.23266859399999998, "room9": 0.331152767}, "spk27": {"room5": 0.035062775, "room0": -0.139195055}, "spk25": {"room1": 1.305662155}, "spk21": {"room3": 5.763884544, "room4": 3.03534317, "room2": 3.441826344, "room12": 3.96366024}, "spk30": {"room4": -0.247886181, "room2": -1.382279515, "room12": -0.605050325}, "spk4": {"room6": 2.7562425139999998}, "spk14": {"room10": 1.115427971}, "spk7": {"room12": 1.789157629}, "spk1": {"room5": 1.248914957, "room0": 1.45845747}}}