{"meta": {"speaker": "spk21", "room": "room3"}, "data": {"spk22": {"room0": -0.850538075}, "spk10": {"room4": 0.8926050659999999, "room12": 0.565945029}, "spk18": {"room5": -2.378289461, "room0": -2.20198822, "room2": -0.992136955}, "spk29": {"room10": 1.956549525}, "spk5": {"room3": 3.7466082569999997, "room5": 2.727190733, "room0": 3.6680376530000003}, "spk9": {"room4": -0.799791336, "room7": -0.173276126, "room10": -0.971318483, "room12": -0.318838, "room9": -0.5148918029999999}, "spk2": {"room5": -0.589460552, "room0": -1.4351173640000001}, "spk23": {"room4": 2.138064861, "room7": 1.542676926, "room2": 2.037382841, "room10": 1.1188766959999998, "room12": 0.931231678, "room9": 1.847924829}, "spk15": {"room10": 0.858792663}, "spk28": {"room10": -0.484351009}, "spk24": {"room1": 0.605628967}, "spk12": {"room10": -1.1136363740000002}, "spk8": {"room10": 0.7035760879999999}, "spk17": {"room5": 0.523848593, "room0": 0.6073775889999999}, "spk11": {"room3": -1.465227604, "room4": -0.804474473, "room7": -1.874448776, "room2": -1.808553576, "room12": -1.220638275, "room9": -1.666503906}, "spk19": {"room4": -0.569547415, "room7": -0.338775992, "room12": -0.8322756290000001}, "spk13": {"room4": -0.41268479799999996, "room12": -1.3506920340000002}, "spk31": {"room10": -1.6051645280000002}, "spk6": {"room10": 2.375630379}, "spk3": {"room3": 1.7944393159999998, "room5": 0.7138139609999999, "room7": 0.18173144800000002, "room0": 1.224362373, "room2": 1.2928688529999999, "room9": 1.169067025}, "spk0": {"room3": 0.161045805}, "spk20": {"room10": -0.300576866}, "spk26": {"room2": 0.6955837009999999}, "spk16": {"room3": 0.078942791, "room4": -1.298670888, "room7": -1.7562216519999998, "room12": -1.2642203570000001, "room9": -1.610057712}, "spk27": {"room5": 0.07743170099999999, "room0": 0.225678772}, "spk25": {"room1": 0.622435689}, "spk21": {"room3": 5.476267815, "room4": 3.5557863710000004, "room2": 2.850401163, "room12": 2.7999835010000003}, "spk30": {"room4": -0.37760153399999996, "room2": -1.431595802, "room12": -0.653942704}, "spk4": {"room6": 3.9086208339999997}, "spk14": {"room10": -0.18552497}, "spk7": {"room12": 0.17542097}, "spk1": {"room5": -0.063253634, "room0": -0.373453707}}}