{"meta": {"speaker": "spk21", "room": "room12"}, "data": {"spk22": {"room0": 0.164072394}, "spk10": {"room4": 1.254055977, "room12": 2.2376635069999997}, "spk18": {"room5": -1.3266373870000001, "room0": -1.266572356, "room2": -1.316275001}, "spk29": {"room10": 1.258114815}, "spk5": {"room3": 1.219863415, "room5": 0.6529009339999999, "room0": 1.141429067}, "spk9": {"room4": -0.49384838299999995, "room7": 1.083349586, "room10": -0.582291961, "room12": -0.103688374, "room9": 0.059895534}, "spk2": {"room5": 0.556089938, "room0": 0.93476814}, "spk23": {"room4": 2.488462925, "room7": 2.634781599, "room2": 3.1273474689999996, "room10": 2.050249815, "room12": 2.261169672, "room9": 2.38891983}, "spk15": {"room10": -0.265233606}, "spk28": {"room10": -0.798934519}, "spk24": {"room1": -0.192839727}, "spk12": {"room10": -0.742993355}, "spk8": {"room10": 0.23013988100000002}, "spk17": {"room5": 2.157931089, "room0": 1.319137573}, "spk11": {"room3": -1.289236665, "room4": 0.485475838, "room7": -0.763479233, "room2": -1.345481753, "room12": -0.464802235, "room9": -0.683530271}, "spk19": {"room4": -0.729422033, "room7": -0.247809589, "room12": -1.223032117}, "spk13": {"room4": 1.404428959, "room12": 0.809777796}, "spk31": {"room10": -1.513435721}, "spk6": {"room10": 2.056808233}, "spk3": {"room3": 0.9270531540000001, "room5": 0.958268702, "room7": -0.193522155, "room0": 0.6531485920000001, "room2": -0.239443734, "room9": 0.6349636320000001}, "spk0": {"room3": 1.4725162980000002}, "spk20": {"room10": -0.47216895200000003}, "spk26": {"room2": 1.253838539}, "spk16": {"room3": 0.679962277, "room4": -1.595097065, "room7": -1.029254079, "room12": -1.119718313, "room9": -0.9294203520000001}, "spk27": {"room5": 1.195967793, "room0": 1.28404665}, "spk25": {"room1": 0.69680959}, "spk21": {"room3": 5.350981712, "room4": 4.336791515, "room2": 4.08103466, "room12": 4.994112492}, "spk30": {"room4": -0.6512050629999999, "room2": -1.202580333, "room12": -1.075243592}, "spk4": {"room6": 2.012205839}, "spk14": {"room10": 1.2935271259999999}, "spk7": {"room12": 0.012156493999999999}, "spk1": {"room5": 0.53418982, "room0": 0.025250485}}}