{"meta": {"speaker": "spk21", "room": "room11"}, "data": {"spk22": {"room0": 0.014106213000000001}, "spk10": {"room4": 1.4441972969999999, "room12": 1.463664412}, "spk18": {"room5": -0.790476263, "room0": -0.6581286789999999, "room2": -0.585335135}, "spk29": {"room10": 1.910463691}, "spk5": {"room3": 2.206089735, "room5": 2.161658049, "room0": 2.731271744}, "spk9": {"room4": 0.069583379, "room7": 0.465311497, "room10": 0.386846721, "room12": 1.0553555490000002, "room9": -0.125476226}, "spk2": {"room5": 0.710186779, "room0": 1.485295892}, "spk23": {"room4": 2.580734253, "room7": 2.424222469, "room2": 3.152941465, "room10": 2.783087969, "room12": 2.368493795, "room9": 2.045138836}, "spk15": {"room10": 1.7176182269999998}, "spk28": {"room10": -0.584178627}, "spk24": {"room1": 0.6536514760000001}, "spk12": {"room10": 0.422013849}, "spk8": {"room10": 1.041737556}, "spk17": {"room5": 1.597599983, "room0": 0.9653093220000001}, "spk11": {"room3": -0.9764300579999999, "room4": 0.5353837610000001, "room7": -0.7008736729999999, "room2": -0.450756937, "room12": -0.487888515, "room9": -0.711559057}, "spk19": {"room4": -0.5181573629999999, "room7": -0.024587137999999998, "room12": -0.207296655}, "spk13": {"room4": 2.724959373, "room12": 2.210028648}, "spk31": {"room10": -0.4333058}, "spk6": {"room10": 1.2792043690000001}, "spk3": {"room3": 1.373211741, "room5": 0.8215875029999999, "room7": 0.393805325, "room0": 0.46371713299999995, "room2": 0.972331822, "room9": 0.655210912}, "spk0": {"room3": 1.55913794}, "spk20": {"room10": 0.639897764}, "spk26": {"room2": 3.183009624}, "spk16": {"room3": 1.8488565680000002, "room4": 0.939932227, "room7": -0.25382041899999996, "room12": -0.281864613, "room9": 1.215227008}, "spk27": {"room5": -0.44145146, "room0": -0.845488727}, "spk25": {"room1": 1.449034214}, "spk21": {"room3": 5.133404732, "room4": 2.851432323, "room2": 1.9300271269999998, "room12": 2.24977684}, "spk30": {"room4": -0.625367761, "room2": -0.9856882690000001, "room12": -0.31776076600000003}, "spk4": {"room6": 1.672967911}, "spk14": {"room10": 1.5083230730000001}, "spk7": {"room12": 1.8584818840000001}, "spk1": {"room5": 0.17451123899999998, "room0": 0.45867911}}}