{"meta": {"speaker": "spk21", "room": "room11"}, "data": {"spk22": {"room0": 0.697342455}, "spk10": {"room4": 1.196598291, "room12": 1.2347629070000001}, "spk18": {"room5": -1.53773737, "room0": -1.391427159, "room2": -1.188583016}, "spk29": {"room10": 1.511491179}, "spk5": {"room3": 3.4381952289999997, "room5": 2.43078804, "room0": 2.396704435}, "spk9": {"room4": 0.998948872, "room7": 0.730482996, "room10": 0.5480153560000001, "room12": 1.1168477540000001, "room9": 0.5529049629999999}, "spk2": {"room5": 0.924471855, "room0": 0.18697676100000002}, "spk23": {"room4": 1.459570169, "room7": 2.174645424, "room2": 1.455298066, "room10": 1.762296557, "room12": 1.840373993, "room9": 1.9573481080000001}, "spk15": {"room10": 0.198598862}, "spk28": {"room10": -1.075514197}, "spk24": {"room1": 0.45207762700000004}, "spk12": {"room10": -0.713981807}, "spk8": {"room10": 0.380858123}, "spk17": {"room5": 1.289555311, "room0": 1.203787804}, "spk11": {"room3": 0.09781310000000001, "room4": 0.7994351390000001, "room7": 0.326199055, "room2": 0.27048227199999997, "room12": 0.098126337, "room9": 0.475966692}, "spk19": {"room4": -0.6624889970000001, "room7": -0.40703991100000003, "room12": -0.7672398690000001}, "spk13": {"room4": 1.437865376, "room12": 1.670619845}, "spk31": {"room10": -1.730564952}, "spk6": {"room10": 0.39637869600000003}, "spk3": {"room3": 1.013998628, "room5": 0.873493195, "room7": 1.199149966, "room0": 0.541318059, "room2": 1.6863714459999999, "room9": 0.579665005}, "spk0": {"room3": 0.394182652}, "spk20": {"room10": -0.646168053}, "spk26": {"room2": 0.512578845}, "spk16": {"room3": 2.142342329, "room4": 0.351917595, "room7": 0.935266137, "room12": 0.061068307999999995, "room9": 1.481003523}, "spk27": {"room5": 0.756665409, "room0": 0.6688197260000001}, "spk25": {"room1": 1.15305841}, "spk21": {"room3": 6.019865512999999, "room4": 3.1466872689999996, "room2": 3.3086180689999996, "room12": 3.098706007}, "spk30": {"room4": -0.74963969, "room2": -1.5647791619999998, "room12": -0.986621559}, "spk4": {"room6": 2.091665506}, "spk14": {"room10": -0.018050898}, "spk7": {"room12": 1.579500556}, "spk1": {"room5": 0.74477607, "room0": 1.376348972}}}