{"meta": {"speaker": "spk21", "room": "room2"}, "data": {"spk22": {"room0": 0.379782051}, "spk10": {"room4": 0.211965367, "room12": 0.40811666799999996}, "spk18": {"room5": -1.029370666, "room0": -0.8702252509999999, "room2": -1.0959500070000001}, "spk29": {"room10": 1.5590530630000001}, "spk5": {"room3": 1.5439425709999999, "room5": 0.847287714, "room0": 0.941911101}, "spk9": {"room4": 0.417928785, "room7": 0.954294622, "room10": 0.675060332, "room12": 0.19575585399999998, "room9": 0.36728996}, "spk2": {"room5": 0.493616998, "room0": 0.7244482640000001}, "spk23": {"room4": 1.399562716, "room7": 1.889874935, "room2": 2.047477722, "room10": 1.37381041, "room12": 1.313990593, "room9": 1.787574768}, "spk15": {"room10": -0.115994021}, "spk28": {"room10": -0.536111474}, "spk24": {"room1": -0.27738127100000004}, "spk12": {"room10": -0.274767369}, "spk8": {"room10": 0.887933552}, "spk17": {"room5": 1.049123168, "room0": 1.234511375}, "spk11": {"room3": -0.6949241759999999, "room4": 0.23146693399999999, "room7": -0.8850202559999999, "room2": -0.9517169590000001, "room12": -0.489651114, "room9": -0.38135141100000003}, "spk19": {"room4": -0.29662171, "room7": -0.090033986, "room12": -1.190545559}, "spk13": {"room4": 2.012951136, "room12": 1.57228899}, "spk31": {"room10": -0.571046829}, "spk6": {"room10": 0.35299894200000004}, "spk3": {"room3": 0.40590626, "room5": 0.7372004990000001, "room7": -0.780410945, "room0": 0.38187766100000003, "room2": 0.19234325, "room9": 0.283746809}, "spk0": {"room3": 0.289773405}, "spk20": {"room10": -0.277105361}, "spk26": {"room2": 0.7138136629999999}, "spk16": {"room3": 0.181136236, "room4": -0.610098779, "room7": -0.88797009, "room12": -0.525019884, "room9": -0.305639803}, "spk27": {"room5": 1.646063805, "room0": 0.790333271}, "spk25": {"room1": 1.078840137}, "spk21": {"room3": 4.240712643, "room4": 3.73367238, "room2": 5.914521693999999, "room12": 3.055736065}, "spk30": {"room4": -0.346500725, "room2": -1.24809885, "room12": -0.753554761}, "spk4": {"room6": 0.826156497}, "spk14": {"room10": 0.8093771340000001}, "spk7": {"room12": -0.06049468400000001}, "spk1": {"room5": 0.622780442, "room0": 0.653598726}}}