{"meta": {"speaker": "spk21", "room": "room3"}, "data": {"spk22": {"room0": 0.8425548079999999}, "spk10": {"room4": 0.9420001509999999, "room12": 0.797285736}, "spk18": {"room5": -1.044482231, "room0": -0.685177505, "room2": -0.7371144890000001}, "spk29": {"room10": 1.47119391}, "spk5": {"room3": 2.166634798, "room5": 2.018461704, "room0": 1.8502732519999998}, "spk9": {"room4": 0.302149773, "room7": 1.457309246, "room10": 0.759727776, "room12": 1.295603871, "room9": 0.909312665}, "spk2": {"room5": 2.276078701, "room0": 0.951052606}, "spk23": {"room4": 1.354928851, "room7": 1.9851515290000001, "room2": 1.184771419, "room10": 2.018837452, "room12": 1.451180935, "room9": 1.184229136}, "spk15": {"room10": 0.371973664}, "spk28": {"room10": -1.00003314}, "spk24": {"room1": 0.31917834300000003}, "spk12": {"room10": -0.463424981}, "spk8": {"room10": 0.9131706359999999}, "spk17": {"room5": 1.95116961, "room0": 0.9355998040000001}, "spk11": {"room3": -0.043962855, "room4": 0.8118885159999999, "room7": 0.423958898, "room2": -0.154917911, "room12": 0.329151362, "room9": -0.195741743}, "spk19": {"room4": -0.7020991440000001, "room7": -0.154587463, "room12": -0.84112668}, "spk13": {"room4": 0.505069196, "room12": 0.320148557}, "spk31": {"room10": -0.948374748}, "spk6": {"room10": 0.317672104}, "spk3": {"room3": 1.195116639, "room5": 1.474233747, "room7": 0.8087010379999999, "room0": 1.4197041990000001, "room2": 0.940559268, "room9": 1.178129196}, "spk0": {"room3": 0.245918423}, "spk20": {"room10": 0.01018923}, "spk26": {"room2": -0.35347747799999996}, "spk16": {"room3": 1.344093323, "room4": 0.886825502, "room7": 0.656500757, "room12": 0.43653246799999995, "room9": 1.515211105}, "spk27": {"room5": 1.7445276980000002, "room0": 0.8771636490000001}, "spk25": {"room1": 0.947830498}, "spk21": {"room3": 4.3917040819999995, "room4": 1.795220852, "room2": 2.136176586, "room12": 2.499563217}, "spk30": {"room4": -0.25520011800000003, "room2": -0.972153246, "room12": -0.719051242}, "spk4": {"room6": 1.50756979}, "spk14": {"room10": -0.16164173199999998}, "spk7": {"room12": 0.853534997}, "spk1": {"room5": 0.020557906, "room0": 0.337181568}}}