{"meta": {"speaker": "spk21", "room": "room13"}, "data": {"spk22": {"room0": 0.348581016}, "spk10": {"room4": 1.297876835, "room12": 0.9833707209999999}, "spk18": {"room5": -2.233313084, "room0": -1.883028626, "room2": -1.494287491}, "spk29": {"room10": 2.488601208}, "spk5": {"room3": 3.201332092, "room5": 3.1134984489999997, "room0": 2.682960987}, "spk9": {"room4": 1.0909527540000001, "room7": 1.298630714, "room10": 1.664029479, "room12": 1.8029247519999998, "room9": 1.562065125}, "spk2": {"room5": 1.2431664470000001, "room0": 0.706647038}, "spk23": {"room4": 1.279963017, "room7": 2.075213432, "room2": 1.875278831, "room10": 1.9033765790000001, "room12": 1.8075553180000001, "room9": 2.07767415}, "spk15": {"room10": 0.498280525}, "spk28": {"room10": -1.271337628}, "spk24": {"room1": 0.535713911}, "spk12": {"room10": -1.007270217}, "spk8": {"room10": 1.138853312}, "spk17": {"room5": 1.880054593, "room0": 1.856318951}, "spk11": {"room3": -0.593139589, "room4": 0.247725904, "room7": -0.203413039, "room2": -0.47660577299999995, "room12": -0.56526655, "room9": -0.25636819}, "spk19": {"room4": -0.943860233, "room7": -1.015331507, "room12": -1.169807315}, "spk13": {"room4": 2.054388762, "room12": 1.186641216}, "spk31": {"room10": -2.098977089}, "spk6": {"room10": 0.36890444200000005}, "spk3": {"room3": 2.261920691, "room5": 1.55932641, "room7": 0.37582176899999997, "room0": 1.304888725, "room2": 1.8741898540000002, "room9": 1.1568305490000002}, "spk0": {"room3": 1.174114108}, "spk20": {"room10": -0.5279265639999999}, "spk26": {"room2": 1.3465178009999998}, "spk16": {"room3": 1.5435096030000002, "room4": 0.460719138, "room7": 0.8215511440000001, "room12": 0.910346925, "room9": 1.09848845}, "spk27": {"room5": 1.048659205, "room0": 0.345764786}, "spk25": {"room1": 1.988346577}, "spk21": {"room3": 7.426682949, "room4": 2.733263969, "room2": 3.843817472, "room12": 3.488150358}, "spk30": {"room4": -1.227414966, "room2": -2.559562206, "room12": -1.321401715}, "spk4": {"room6": 1.861471176}, "spk14": {"room10": 0.451653033}, "spk7": {"room12": 1.3918865919999999}, "spk1": {"room5": 0.033556022000000005, "room0": 0.48823657600000003}}}