{"meta": {"speaker": "spk21", "room": "room11"}, "data": {"spk22": {"room0": 0.6247734429999999}, "spk10": {"room4": 0.417276859, "room12": 0.869041562}, "spk18": {"room5": -1.625760555, "room0": -1.4830998180000001, "room2": -0.937014282}, "spk29": {"room10": 1.26011014}, "spk5": {"room3": 2.796586037, "room5": 2.298254967, "room0": 2.679642916}, "spk9": {"room4": 0.8673207759999999, "room7": 0.8917286990000001, "room10": 0.6651052829999999, "room12": 1.122276783, "room9": 0.66551435}, "spk2": {"room5": 1.0380713940000001, "room0": 0.20508158199999998}, "spk23": {"room4": 1.7179573769999998, "room7": 2.5923454759999998, "room2": 1.3647273780000002, "room10": 2.21443367, "room12": 2.505132437, "room9": 1.792235255}, "spk15": {"room10": 0.157733694}, "spk28": {"room10": -0.645029426}, "spk24": {"room1": 1.331843615}, "spk12": {"room10": -1.041640043}, "spk8": {"room10": 1.206264615}, "spk17": {"room5": 0.7698971029999999, "room0": 1.3600467440000001}, "spk11": {"room3": -0.37518048299999995, "room4": 0.144301251, "room7": -0.30401059999999996, "room2": -0.037339892, "room12": -0.270748049, "room9": -0.30021733}, "spk19": {"room4": -0.799464345, "room7": -0.718168736, "room12": -1.049944878}, "spk13": {"room4": 0.9919703009999999, "room12": 0.792448997}, "spk31": {"room10": -1.19031775}, "spk6": {"room10": 0.28537076699999997}, "spk3": {"room3": 0.988787651, "room5": 0.275759339, "room7": 0.351686746, "room0": 0.23052915899999998, "room2": 0.8803116679999999, "room9": 0.116463378}, "spk0": {"room3": 0.32931444}, "spk20": {"room10": -0.245308682}, "spk26": {"room2": 0.889090002}, "spk16": {"room3": 1.0912503, "room4": 0.34896385700000004, "room7": 0.21677030600000002, "room12": 0.075092256, "room9": 1.119805336}, "spk27": {"room5": 0.161819264, "room0": 0.060736038}, "spk25": {"room1": 0.722016037}, "spk21": {"room3": 4.875376701, "room4": 2.412684917, "room2": 2.621273756, "room12": 2.472013235}, "spk30": {"room4": -0.666460574, "room2": -1.540846825, "room12": -0.934553325}, "spk4": {"room6": 2.746242285}, "spk14": {"room10": 0.304437578}, "spk7": {"room12": 2.1927106380000003}, "spk1": {"room5": 0.7721584440000001, "room0": 0.552056193}}}