{"meta": {"speaker": "spk21", "room": "room11"}, "data": {"spk22": {"room0": -0.411142141}, "spk10": {"room4": 0.8240769509999999, "room12": 0.711790502}, "spk18": {"room5": -1.4693843130000002, "room0": -1.6433148380000002, "room2": -1.259810925}, "spk29": {"room10": 1.4780486819999998}, "spk5": {"room3": 1.286321759, "room5": 1.181805968, "room0": 1.29835248}, "spk9": {"room4": 0.052921873, "room7": -0.010600656000000002, "room10": 0.42143014100000004, "room12": 0.745704591, "room9": 0.245396525}, "spk2": {"room5": 0.545444012, "room0": 0.864039063}, "spk23": {"room4": 1.691364765, "room7": 2.164774418, "room2": 2.321221113, "room10": 1.876945615, "room12": 1.566894293, "room9": 2.492839336}, "spk15": {"room10": -0.42356002299999995}, "spk28": {"room10": -1.279151917}, "spk24": {"room1": 1.291999221}, "spk12": {"room10": -1.103915572}, "spk8": {"room10": 0.663018227}, "spk17": {"room5": 1.173494339, "room0": 1.193105578}, "spk11": {"room3": -0.322559208, "room4": 0.308610827, "room7": -0.155863583, "room2": -0.73045522, "room12": -0.49082884200000004, "room9": -0.12697053}, "spk19": {"room4": -1.3051795959999999, "room7": -1.118268609, "room12": -1.2525736090000001}, "spk13": {"room4": 1.197198391, "room12": 1.008275867}, "spk31": {"room10": -1.5194267030000002}, "spk6": {"room10": 1.229223132}, "spk3": {"room3": 0.328083605, "room5": 0.16884832100000002, "room7": -0.530097544, "room0": -0.31512421399999996, "room2": 0.6338500979999999, "room9": 0.24162124100000001}, "spk0": {"room3": 1.4830986259999999}, "spk20": {"room10": -0.88828212}, "spk26": {"room2": 2.6635525230000003}, "spk16": {"room3": 2.116855145, "room4": -0.522731185, "room7": 0.100096196, "room12": -0.651175678, "room9": -0.023679977}, "spk27": {"room5": -0.041913312, "room0": 0.097651526}, "spk25": {"room1": 0.870655656}, "spk21": {"room3": 5.0553030969999995, "room4": 3.661368847, "room2": 3.127273798, "room12": 3.40082407}, "spk30": {"room4": -0.9735961559999999, "room2": -1.382925391, "room12": -1.389942408}, "spk4": {"room6": 0.9796447159999999}, "spk14": {"room10": 1.330902934}, "spk7": {"room12": 1.360699654}, "spk1": {"room5": 0.5742484929999999, "room0": 0.41911116200000004}}}