{"meta": {"speaker": "spk21", "room": "room11"}, "data": {"spk22": {"room0": -0.34057956899999997}, "spk10": {"room4": 1.039055943, "room12": 0.453581244}, "spk18": {"room5": -0.9465433959999999, "room0": -1.096515298, "room2": -0.62365526}, "spk29": {"room10": 1.6731381419999998}, "spk5": {"room3": 1.77525115, "room5": 0.793361545, "room0": 1.087161064}, "spk9": {"room4": 0.36957404, "room7": -0.13544271900000002, "room10": 0.038525533, "room12": 0.456680566, "room9": 0.040403478}, "spk2": {"room5": 0.34332126399999996, "room0": 1.134910703}, "spk23": {"room4": 2.360178471, "room7": 2.198774099, "room2": 2.022125244, "room10": 2.7253615860000004, "room12": 1.812577844, "room9": 2.471163273}, "spk15": {"room10": 0.435047656}, "spk28": {"room10": -0.563172758}, "spk24": {"room1": 0.49023062}, "spk12": {"room10": 0.107602768}, "spk8": {"room10": 0.73038727}, "spk17": {"room5": 1.904569149, "room0": 1.557694793}, "spk11": {"room3": -0.365954161, "room4": -0.369794756, "room7": -0.5914343000000001, "room2": -0.363784224, "room12": -1.314943194, "room9": -0.393769979}, "spk19": {"room4": -0.6752009390000001, "room7": -0.35716775100000003, "room12": -0.593231618}, "spk13": {"room4": 1.402870417, "room12": 0.768367648}, "spk31": {"room10": -0.397557706}, "spk6": {"room10": 0.636725008}, "spk3": {"room3": 0.824689507, "room5": 0.553407788, "room7": 0.7227746840000001, "room0": 0.836419225, "room2": 1.4637904169999998, "room9": 0.600138068}, "spk0": {"room3": 1.638389826}, "spk20": {"room10": 0.2562491}, "spk26": {"room2": 1.177394867}, "spk16": {"room3": 1.982237101, "room4": 0.247571349, "room7": -0.547988117, "room12": -0.35106915200000005, "room9": 0.7343076470000001}, "spk27": {"room5": 0.283150703, "room0": -0.38368648299999997}, "spk25": {"room1": 0.664130509}, "spk21": {"room3": 2.559821844, "room4": 1.615359187, "room2": 1.767175555, "room12": 1.1653668879999999}, "spk30": {"room4": -0.190006614, "room2": -0.67055577, "room12": -0.48834249399999996}, "spk4": {"room6": 1.049530864}, "spk14": {"room10": 0.530822575}, "spk7": {"room12": 1.5464661119999998}, "spk1": {"room5": 0.208769485, "room0": 0.7088899609999999}}}