{"meta": {"speaker": "spk7", "room": "room12"}, "data": {"spk22": {"room0": -0.048537160999999995}, "spk10": {"room4": 1.283279896, "room12": 0.729113102}, "spk18": {"room5": -0.78093642, "room0": -0.773209035, "room2": -0.851997316}, "spk29": {"room10": 2.1811969280000003}, "spk5": {"room3": 1.313999653, "room5": 1.282482862, "room0": 2.210422039}, "spk9": {"room4": 0.11829466400000001, "room7": 0.38694006200000003, "room10": 0.562259793, "room12": 0.549050331, "room9": 0.332011253}, "spk2": {"room5": 0.195987895, "room0": 0.207911685}, "spk23": {"room4": 3.183677435, "room7": 2.117566109, "room2": 1.7466496230000002, "room10": 2.031947374, "room12": 2.198580742, "room9": 2.12397933}, "spk15": {"room10": -0.499332905}, "spk28": {"room10": -0.812546313}, "spk24": {"room1": 1.053126693}, "spk12": {"room10": -0.08384538400000001}, "spk8": {"room10": 0.141315833}, "spk17": {"room5": 1.020016909, "room0": 1.33993876}, "spk11": {"room3": -0.42651045299999996, "room4": -0.830732822, "room7": -1.151971936, "room2": -0.926278293, "room12": -0.7492432, "room9": -0.494885236}, "spk19": {"room4": -1.191058397, "room7": -1.2272017, "room12": -0.94146657}, "spk13": {"room4": 0.618138015, "room12": 0.322060645}, "spk31": {"room10": -0.960646331}, "spk6": {"room10": 0.83345753}, "spk3": {"room3": 0.932662427, "room5": 0.29971975100000003, "room7": 0.517763793, "room0": 0.510338306, "room2": 0.892204463, "room9": 0.9161465759999999}, "spk0": {"room3": 0.939112365}, "spk20": {"room10": -0.295638442}, "spk26": {"room2": 2.15174675}, "spk16": {"room3": 2.5144374369999998, "room4": 0.14287429999999998, "room7": 0.6724911929999999, "room12": -0.10917264199999999, "room9": 1.081751585}, "spk27": {"room5": -0.377467602, "room0": 0.005526245}, "spk25": {"room1": 1.63622272}, "spk21": {"room3": 0.4739784000000001, "room4": 0.142180681, "room2": -0.618223131, "room12": 0.141937628}, "spk30": {"room4": -0.748764753, "room2": -0.9827408790000001, "room12": -1.16634798}, "spk4": {"room6": 1.103497624}, "spk14": {"room10": 1.234845281}, "spk7": {"room12": 6.246584892}, "spk1": {"room5": -0.195469797, "room0": 0.141383991}}}