{"meta": {"speaker": "spk7", "room": "room11"}, "data": {"spk22": {"room0": 0.6254763010000001}, "spk10": {"room4": 2.197799206, "room12": 1.914909959}, "spk18": {"room5": -0.883796811, "room0": -0.7030904290000001, "room2": -1.131981134}, "spk29": {"room10": 1.38803792}, "spk5": {"room3": -0.232397243, "room5": -0.252339005, "room0": 0.046307075999999996}, "spk9": {"room4": -0.07551427200000001, "room7": 0.477568895, "room10": 0.086168669, "room12": 0.287463158, "room9": 0.325864673}, "spk2": {"room5": -0.107212797, "room0": 0.33338904399999997}, "spk23": {"room4": 1.646237016, "room7": 2.272411823, "room2": 1.492337227, "room10": 1.394189, "room12": 2.030632734, "room9": 3.029717445}, "spk15": {"room10": 0.375350565}, "spk28": {"room10": -1.2458777429999999}, "spk24": {"room1": 0.707226157}, "spk12": {"room10": -1.17636764}, "spk8": {"room10": -0.154939279}, "spk17": {"room5": 2.015583992, "room0": 1.74322474}, "spk11": {"room3": -0.59699446, "room4": -0.7491269709999999, "room7": -1.404660225, "room2": -1.09358263, "room12": -0.637334466, "room9": -0.888976634}, "spk19": {"room4": -1.804868579, "room7": -2.0536098480000002, "room12": -1.7523733380000002}, "spk13": {"room4": 0.762618661, "room12": -0.298267722}, "spk31": {"room10": -1.6904292109999999}, "spk6": {"room10": 1.7806632519999999}, "spk3": {"room3": -0.587381244, "room5": -0.14742022800000001, "room7": -0.27325657, "room0": -0.41898477100000003, "room2": -0.523789823, "room9": 0.006446665}, "spk0": {"room3": 1.474887848}, "spk20": {"room10": -1.017294526}, "spk26": {"room2": 2.2993586059999997}, "spk16": {"room3": 1.0872809890000001, "room4": 0.014281097, "room7": -0.411882907, "room12": -0.2662642, "room9": -0.20422576399999998}, "spk27": {"room5": -0.358784616, "room0": -0.9481447940000001}, "spk25": {"room1": 1.012560368}, "spk21": {"room3": -0.14679409599999999, "room4": 1.4759522680000001, "room2": 0.641805828, "room12": 1.103452325}, "spk30": {"room4": -1.46502912, "room2": -2.186736584, "room12": -1.7842837569999999}, "spk4": {"room6": 0.43971344799999995}, "spk14": {"room10": 0.287256777}, "spk7": {"room12": 4.931891918}, "spk1": {"room5": -0.134775355, "room0": -0.033286157999999996}}}