{"meta": {"speaker": "spk7", "room": "room13"}, "data": {"spk22": {"room0": -0.217749462}, "spk10": {"room4": 0.44079271, "room12": -0.21786686800000002}, "spk18": {"room5": -1.263929367, "room0": -1.054929972, "room2": -0.998351812}, "spk29": {"room10": 1.454018593}, "spk5": {"room3": 0.184686899, "room5": 0.450551242, "room0": 0.87801981}, "spk9": {"room4": -0.333434135, "room7": 0.119403735, "room10": 0.077687286, "room12": -0.17661808399999998, "room9": 0.08824667300000001}, "spk2": {"room5": -0.531827331, "room0": -0.450153321}, "spk23": {"room4": 2.226575136, "room7": 2.355498314, "room2": 0.6786188479999999, "room10": 1.159093022, "room12": 1.2957470420000001, "room9": 2.544782877}, "spk15": {"room10": -0.395463794}, "spk28": {"room10": -1.051664591}, "spk24": {"room1": 0.404954821}, "spk12": {"room10": -0.902037621}, "spk8": {"room10": 1.081309438}, "spk17": {"room5": 0.914543986, "room0": 1.787791729}, "spk11": {"room3": -0.187392533, "room4": -0.9845757479999999, "room7": -1.20853138, "room2": -0.776714921, "room12": -0.912395895, "room9": -1.389342785}, "spk19": {"room4": -1.6064279080000001, "room7": -1.471563816, "room12": -1.3187746999999999}, "spk13": {"room4": 0.137487009, "room12": -0.582417011}, "spk31": {"room10": -1.346214414}, "spk6": {"room10": 0.885756433}, "spk3": {"room3": 0.017950433999999998, "room5": -0.270934105, "room7": -0.22533795199999998, "room0": -0.467291147, "room2": -0.104768641, "room9": -0.0304983}, "spk0": {"room3": 0.266516894}, "spk20": {"room10": -0.415488631}, "spk26": {"room2": 1.712929845}, "spk16": {"room3": 0.60060513, "room4": -0.748518527, "room7": -0.893344939, "room12": -0.7280408740000001, "room9": -0.611127257}, "spk27": {"room5": -0.507342517, "room0": -0.435685754}, "spk25": {"room1": 0.965326846}, "spk21": {"room3": 0.081625983, "room4": 0.627524734, "room2": 0.359031975, "room12": 0.434801668}, "spk30": {"room4": -1.1686146259999999, "room2": -1.597911835, "room12": -1.4166044}, "spk4": {"room6": 1.1425709720000001}, "spk14": {"room10": -0.23373065899999998}, "spk7": {"room12": 4.576046467}, "spk1": {"room5": -0.347576261, "room0": 0.075787723}}}