{"meta": {"speaker": "spk7", "room": "room12"}, "data": {"spk22": {"room0": 0.311851025}, "spk10": {"room4": 0.981759369, "room12": 0.606542647}, "spk18": {"room5": -0.73231703, "room0": -0.829504073, "room2": -0.9249681829999999}, "spk29": {"room10": 2.112334251}, "spk5": {"room3": 1.871129036, "room5": 1.424612045, "room0": 1.837721705}, "spk9": {"room4": -0.17100285, "room7": -0.22483189399999998, "room10": 0.401051551, "room12": 0.380576849, "room9": 0.109675467}, "spk2": {"room5": -0.143846348, "room0": -0.21027703600000003}, "spk23": {"room4": 2.004400492, "room7": 1.96415925, "room2": 1.088778019, "room10": 1.538716316, "room12": 1.7307088380000002, "room9": 1.847288609}, "spk15": {"room10": -0.794097543}, "spk28": {"room10": -0.51737076}, "spk24": {"room1": 1.1245676279999999}, "spk12": {"room10": -0.441299438}, "spk8": {"room10": 0.509330869}, "spk17": {"room5": 0.9493018390000001, "room0": 1.14003396}, "spk11": {"room3": 0.40156307799999996, "room4": -0.7184373740000001, "room7": -0.815587521, "room2": -0.30243361, "room12": -0.735687792, "room9": -0.15648156400000002}, "spk19": {"room4": -0.873201311, "room7": -0.8581951259999999, "room12": -0.895420313}, "spk13": {"room4": 0.6775310040000001, "room12": 0.946734607}, "spk31": {"room10": -0.8649497629999999}, "spk6": {"room10": 0.35929817}, "spk3": {"room3": 0.8956815, "room5": 0.6720941659999999, "room7": 0.471748084, "room0": 0.636253536, "room2": 1.385484695, "room9": 1.074833274}, "spk0": {"room3": 0.342685729}, "spk20": {"room10": -0.413384855}, "spk26": {"room2": 1.901500583}, "spk16": {"room3": 2.957160711, "room4": -0.070631042, "room7": 1.171067595, "room12": -0.303865671, "room9": 1.075517893}, "spk27": {"room5": -0.997520387, "room0": -0.335539073}, "spk25": {"room1": 2.165042639}, "spk21": {"room3": 0.598704994, "room4": 0.21510465399999998, "room2": -0.653071165, "room12": -0.011857508000000001}, "spk30": {"room4": -0.579431951, "room2": -0.801517963, "room12": -0.908335388}, "spk4": {"room6": 1.383518338}, "spk14": {"room10": 0.9308992620000001}, "spk7": {"room12": 5.724031925}, "spk1": {"room5": -0.563665867, "room0": 0.668928564}}}