{"meta": {"speaker": "spk7", "room": "room11"}, "data": {"spk22": {"room0": -0.050453294}, "spk10": {"room4": 0.7442355159999999, "room12": 0.20997363300000002}, "spk18": {"room5": -1.30099225, "room0": -1.3027385470000001, "room2": -1.2256735559999998}, "spk29": {"room10": -0.126550406}, "spk5": {"room3": 0.5696116689999999, "room5": 0.226917267, "room0": 0.668751717}, "spk9": {"room4": -0.231250063, "room7": -0.238458112, "room10": 0.052587379000000004, "room12": -0.070349105, "room9": 0.046654037999999995}, "spk2": {"room5": 0.214047402, "room0": -0.130902991}, "spk23": {"room4": 1.1588790420000001, "room7": 1.1292128559999999, "room2": -0.201744407, "room10": 1.055526376, "room12": 1.268567085, "room9": 1.316001296}, "spk15": {"room10": -0.33488044100000003}, "spk28": {"room10": -1.092365146}, "spk24": {"room1": 0.138291329}, "spk12": {"room10": -1.226431131}, "spk8": {"room10": -0.239641711}, "spk17": {"room5": 0.221177801, "room0": 0.862092614}, "spk11": {"room3": 0.07108099, "room4": -0.515396655, "room7": -0.6779581309999999, "room2": -0.56512773, "room12": -0.422478646, "room9": -0.420070559}, "spk19": {"room4": -1.473338008, "room7": -1.437737584, "room12": -1.296034813}, "spk13": {"room4": -0.23949851100000003, "room12": -0.449600875}, "spk31": {"room10": -1.433078408}, "spk6": {"room10": 0.27333504}, "spk3": {"room3": -0.435994595, "room5": -0.6806065440000001, "room7": -0.155656248, "room0": -0.180171847, "room2": -0.285520911, "room9": -0.145593941}, "spk0": {"room3": -0.38098615399999997}, "spk20": {"room10": -0.73159951}, "spk26": {"room2": 0.33618748200000004}, "spk16": {"room3": 0.885870039, "room4": -0.170723572, "room7": -0.301922202, "room12": -0.44508129399999996, "room9": -0.137689486}, "spk27": {"room5": -1.117124915, "room0": -0.630758405}, "spk25": {"room1": -0.007143969}, "spk21": {"room3": -0.054448317999999996, "room4": -0.430642873, "room2": -0.608846664, "room12": -0.38440799700000006}, "spk30": {"room4": -1.286195636, "room2": -1.768921375, "room12": -1.3896964790000002}, "spk4": {"room6": 1.121716022}, "spk14": {"room10": 0.251631618}, "spk7": {"room12": 3.9740140439999996}, "spk1": {"room5": -0.075020105, "room0": 0.171616092}}}