{"meta": {"speaker": "spk7", "room": "room7"}, "data": {"spk22": {"room0": 0.516834378}, "spk10": {"room4": 0.899073362, "room12": 0.04883891}, "spk18": {"room5": -1.2898330690000002, "room0": -1.1688361170000001, "room2": -1.030260921}, "spk29": {"room10": 1.5764249559999999}, "spk5": {"room3": 0.937021971, "room5": 0.8762379290000001, "room0": 1.4067461490000002}, "spk9": {"room4": 1.028895497, "room7": 1.533261538, "room10": 0.97173816, "room12": 1.142741203, "room9": 1.5906536580000001}, "spk2": {"room5": 0.6562336679999999, "room0": -0.038036872}, "spk23": {"room4": 3.5477116110000004, "room7": 3.366357088, "room2": 2.171290874, "room10": 1.433456421, "room12": 2.77615428, "room9": 3.6302320960000003}, "spk15": {"room10": -0.835170388}, "spk28": {"room10": -0.7986737490000001}, "spk24": {"room1": 1.2572832109999998}, "spk12": {"room10": -0.785788357}, "spk8": {"room10": 0.516367793}, "spk17": {"room5": 1.54050684, "room0": 2.174279213}, "spk11": {"room3": -0.8316002490000001, "room4": -0.8026209470000001, "room7": -1.590154529, "room2": -1.222869515, "room12": -0.7916002870000001, "room9": -1.287038207}, "spk19": {"room4": -1.1929212809999998, "room7": -1.049241066, "room12": -1.114861608}, "spk13": {"room4": 0.444904864, "room12": 0.21811731199999998}, "spk31": {"room10": -0.9212834240000001}, "spk6": {"room10": 0.56863755}, "spk3": {"room3": 1.477055311, "room5": 0.569250047, "room7": 0.957659185, "room0": 1.38565588, "room2": 1.053146005, "room9": 1.810780764}, "spk0": {"room3": 1.151717424}, "spk20": {"room10": -0.519681692}, "spk26": {"room2": 1.627250791}, "spk16": {"room3": 1.3595503569999998, "room4": 0.45420306899999996, "room7": 1.236027479, "room12": 0.617416263, "room9": 1.2441523079999999}, "spk27": {"room5": 0.546670735, "room0": 0.8837581870000001}, "spk25": {"room1": 3.203000069}, "spk21": {"room3": -0.110246539, "room4": 0.686387002, "room2": 0.21388632100000002, "room12": 0.752661765}, "spk30": {"room4": -0.996399224, "room2": -1.5202614069999998, "room12": -1.241931319}, "spk4": {"room6": 0.851755857}, "spk14": {"room10": 0.6333008410000001}, "spk7": {"room12": 5.615348816}, "spk1": {"room5": 0.17302219600000002, "room0": 0.580371976}}}