{"meta": {"speaker": "spk7", "room": "room13"}, "data": {"spk22": {"room0": -0.287167102}, "spk10": {"room4": 1.131748796, "room12": 0.782266259}, "spk18": {"room5": -0.44498655200000004, "room0": -0.416836411, "room2": -0.108686097}, "spk29": {"room10": 1.241527796}, "spk5": {"room3": 1.764014244, "room5": 1.3999860290000001, "room0": 1.700961947}, "spk9": {"room4": -0.7094844579999999, "room7": -0.30440437800000003, "room10": 0.095418572, "room12": -0.136229873, "room9": 0.14672856}, "spk2": {"room5": -0.024811822999999997, "room0": 0.14515546}, "spk23": {"room4": 1.872038603, "room7": 1.2669930459999998, "room2": 0.635465622, "room10": 1.693132997, "room12": 1.6946095230000002, "room9": 1.2527107}, "spk15": {"room10": 0.507540286}, "spk28": {"room10": -0.243987992}, "spk24": {"room1": 0.332831532}, "spk12": {"room10": -0.143119931}, "spk8": {"room10": 1.619350672}, "spk17": {"room5": 0.7466004490000001, "room0": 1.11164546}, "spk11": {"room3": -0.9020345809999999, "room4": -1.1141829490000001, "room7": -1.401831985, "room2": -1.274106026, "room12": -1.0316390990000002, "room9": -0.982774913}, "spk19": {"room4": -1.284781337, "room7": -1.013672829, "room12": -1.16610527}, "spk13": {"room4": 0.537534714, "room12": 0.136128366}, "spk31": {"room10": -0.9980708359999999}, "spk6": {"room10": 1.5695983169999999}, "spk3": {"room3": 0.33915731299999996, "room5": -0.5461483, "room7": -0.281132132, "room0": 0.454994291, "room2": -0.284320474, "room9": 0.157728091}, "spk0": {"room3": 0.370515108}, "spk20": {"room10": -0.532601774}, "spk26": {"room2": 1.170993447}, "spk16": {"room3": 0.408355266, "room4": -0.847322881, "room7": -1.021887541, "room12": -0.9419642090000001, "room9": -0.426560163}, "spk27": {"room5": -1.0174736979999999, "room0": -0.9002311829999999}, "spk25": {"room1": 1.219999552}, "spk21": {"room3": 0.591900885, "room4": 0.68002218, "room2": 0.37970683, "room12": 0.082182392}, "spk30": {"room4": -1.041237831, "room2": -1.541048765, "room12": -0.996588349}, "spk4": {"room6": 2.119555473}, "spk14": {"room10": 0.222030342}, "spk7": {"room12": 5.096271515}, "spk1": {"room5": -0.196437582, "room0": -0.417774796}}}