{"meta": {"speaker": "spk7", "room": "room11"}, "data": {"spk22": {"room0": 0.037290912}, "spk10": {"room4": 0.9571732279999999, "room12": 0.018494511}, "spk18": {"room5": -0.7333569529999999, "room0": -0.7868344190000001, "room2": -0.498137265}, "spk29": {"room10": 0.830927849}, "spk5": {"room3": 0.62477988, "room5": -0.153579667, "room0": 0.477450967}, "spk9": {"room4": 0.036570612, "room7": 0.134993643, "room10": 0.5735386610000001, "room12": 1.0979008670000001, "room9": 0.639998972}, "spk2": {"room5": -0.381273866, "room0": -0.133015856}, "spk23": {"room4": 1.1162581440000001, "room7": 1.598106861, "room2": 0.20546037, "room10": 0.553456068, "room12": 0.9764998559999999, "room9": 2.056755304}, "spk15": {"room10": -0.574212492}, "spk28": {"room10": -0.554330289}, "spk24": {"room1": 0.995811045}, "spk12": {"room10": -1.009248614}, "spk8": {"room10": 0.9184855820000001}, "spk17": {"room5": 1.185750604, "room0": 1.424593925}, "spk11": {"room3": -0.356820285, "room4": -0.6787418129999999, "room7": -0.700848758, "room2": -0.660055041, "room12": -0.40486404299999995, "room9": -0.438752443}, "spk19": {"room4": -1.728157163, "room7": -1.741499305, "room12": -1.255954504}, "spk13": {"room4": 0.77695322, "room12": -0.656692803}, "spk31": {"room10": -1.300753236}, "spk6": {"room10": 1.350769281}, "spk3": {"room3": -0.413509756, "room5": -0.203729406, "room7": -0.085886046, "room0": -0.249522716, "room2": 0.20646299399999998, "room9": -0.385612547}, "spk0": {"room3": 0.37141940000000007}, "spk20": {"room10": -0.487025976}, "spk26": {"room2": 1.7429817909999998}, "spk16": {"room3": 0.534832776, "room4": -0.282652289, "room7": 0.019359104, "room12": -0.308036447, "room9": 0.384381115}, "spk27": {"room5": -1.4613626, "room0": -1.063861132}, "spk25": {"room1": 0.06271307200000001}, "spk21": {"room3": -0.351419121, "room4": 0.835142791, "room2": 0.08857289, "room12": -0.09827677900000001}, "spk30": {"room4": -1.0265984540000002, "room2": -1.437135696, "room12": -1.059013128}, "spk4": {"room6": 0.82012707}, "spk14": {"room10": 0.392221183}, "spk7": {"room12": 4.669908047}, "spk1": {"room5": -0.352933139, "room0": -0.241922155}}}