{"meta": {"speaker": "spk7", "room": "room13"}, "data": {"spk22": {"room0": 0.318930745}, "spk10": {"room4": 0.69649291, "room12": 0.633509099}, "spk18": {"room5": -1.132810116, "room0": -0.927976847, "room2": -1.056055784}, "spk29": {"room10": 1.2894847390000002}, "spk5": {"room3": 0.273363411, "room5": 0.694139719, "room0": 0.939412892}, "spk9": {"room4": 0.169639751, "room7": 0.5223237279999999, "room10": 0.289375544, "room12": 0.403306395, "room9": 0.409846425}, "spk2": {"room5": 0.180070832, "room0": -0.094975837}, "spk23": {"room4": 1.930351615, "room7": 2.156891346, "room2": 1.452951789, "room10": 1.335003853, "room12": 1.7274178269999998, "room9": 2.426179171}, "spk15": {"room10": -0.154481694}, "spk28": {"room10": -1.176529408}, "spk24": {"room1": 0.394551516}, "spk12": {"room10": -0.794333816}, "spk8": {"room10": 1.245955825}, "spk17": {"room5": 0.5407205820000001, "room0": 1.460509658}, "spk11": {"room3": -0.0036264590000000003, "room4": -0.391541779, "room7": -1.210720539, "room2": -0.8258579970000001, "room12": -0.576966584, "room9": -0.757112265}, "spk19": {"room4": -1.5688931940000002, "room7": -1.5228530169999999, "room12": -1.610121965}, "spk13": {"room4": 0.285301834, "room12": -0.473059446}, "spk31": {"room10": -1.269888043}, "spk6": {"room10": 1.1297317740000001}, "spk3": {"room3": 0.022514637999999997, "room5": -0.221945867, "room7": -0.256431192, "room0": -0.15333846199999998, "room2": -0.315573215, "room9": -0.053198524000000004}, "spk0": {"room3": 0.47440657}, "spk20": {"room10": -0.42325019799999997}, "spk26": {"room2": 1.35302186}, "spk16": {"room3": 0.47595158200000004, "room4": -0.285785735, "room7": -0.624243736, "room12": -0.40683245700000004, "room9": -0.21089847399999997}, "spk27": {"room5": -0.448338509, "room0": -0.362981826}, "spk25": {"room1": 1.062601686}, "spk21": {"room3": 0.24442862, "room4": 0.284992665, "room2": 0.314216077, "room12": 0.252511919}, "spk30": {"room4": -1.299832106, "room2": -1.5927494759999998, "room12": -1.362713575}, "spk4": {"room6": 0.8040509220000001}, "spk14": {"room10": 0.101652384}, "spk7": {"room12": 4.119679928}, "spk1": {"room5": -0.48306146299999997, "room0": -0.12253415599999999}}}