{"meta": {"speaker": "spk7", "room": "room13"}, "data": {"spk22": {"room0": -0.326069742}, "spk10": {"room4": 0.79125315, "room12": 0.10988485099999999}, "spk18": {"room5": -1.129574537, "room0": -0.928720057, "room2": -0.824475527}, "spk29": {"room10": 1.113466978}, "spk5": {"room3": 0.10630048800000001, "room5": 0.6268705729999999, "room0": 0.310899258}, "spk9": {"room4": 0.535377145, "room7": 0.17828060699999998, "room10": 0.658414841, "room12": 0.7103169559999999, "room9": 0.713443279}, "spk2": {"room5": -0.065100692, "room0": 0.139494658}, "spk23": {"room4": 1.763393164, "room7": 2.021958351, "room2": 0.567918599, "room10": 0.911731482, "room12": 1.57771039, "room9": 2.191986561}, "spk15": {"room10": 0.162753761}, "spk28": {"room10": -1.162477136}, "spk24": {"room1": 0.43111276600000004}, "spk12": {"room10": -0.980495453}, "spk8": {"room10": 0.944092333}, "spk17": {"room5": 1.046532273, "room0": 1.754026651}, "spk11": {"room3": -0.023327827000000002, "room4": -0.518872976, "room7": -0.638579726, "room2": -0.482120365, "room12": -0.207883388, "room9": -0.530003786}, "spk19": {"room4": -1.443722725, "room7": -1.296602845, "room12": -1.1816515920000001}, "spk13": {"room4": 0.448850363, "room12": -0.33738300200000004}, "spk31": {"room10": -1.006222486}, "spk6": {"room10": 0.8218874340000001}, "spk3": {"room3": -0.340806514, "room5": -0.652266741, "room7": -0.095124461, "room0": -0.133773848, "room2": -0.072771944, "room9": 0.30011162199999997}, "spk0": {"room3": 0.078631349}, "spk20": {"room10": -0.7304116490000001}, "spk26": {"room2": 1.4066051240000002}, "spk16": {"room3": 0.679502308, "room4": -0.105841085, "room7": -0.813977897, "room12": -0.646254539, "room9": -0.34175545}, "spk27": {"room5": -0.515138566, "room0": -0.520131648}, "spk25": {"room1": 1.1108450890000001}, "spk21": {"room3": -0.223611072, "room4": 0.297767043, "room2": 0.045015015, "room12": 0.291518182}, "spk30": {"room4": -1.493748307, "room2": -1.4487833980000002, "room12": -1.7740890980000001}, "spk4": {"room6": 1.1707828040000001}, "spk14": {"room10": -0.145685419}, "spk7": {"room12": 5.087226868}, "spk1": {"room5": -0.368103921, "room0": -0.220551923}}}