{"meta": {"speaker": "spk7", "room": "room11"}, "data": {"spk22": {"room0": 0.162288278}, "spk10": {"room4": 1.040461183, "room12": 0.496959239}, "spk18": {"room5": -0.7935712340000001, "room0": -0.83739239, "room2": -0.5869977470000001}, "spk29": {"room10": 0.662739992}, "spk5": {"room3": 0.667378545, "room5": 0.442968965, "room0": 0.9025588040000001}, "spk9": {"room4": 0.080527104, "room7": 0.29335632899999997, "room10": 0.654166877, "room12": 0.601430833, "room9": 0.628895104}, "spk2": {"room5": 0.10237968, "room0": 0.252159119}, "spk23": {"room4": 1.738515496, "room7": 1.857468605, "room2": 0.56506902, "room10": 1.163446665, "room12": 1.816219449, "room9": 2.3741443159999998}, "spk15": {"room10": -0.03786163}, "spk28": {"room10": -1.242990971}, "spk24": {"room1": 0.904238641}, "spk12": {"room10": -1.028955817}, "spk8": {"room10": 0.709575355}, "spk17": {"room5": 0.91215378, "room0": 1.5214115380000002}, "spk11": {"room3": -0.165002882, "room4": 0.073878385, "room7": -0.347691536, "room2": -0.581157148, "room12": 0.158748701, "room9": -0.160744891}, "spk19": {"room4": -1.9908106330000002, "room7": -1.9644008869999998, "room12": -1.650655746}, "spk13": {"room4": 1.2074568270000001, "room12": -0.316509038}, "spk31": {"room10": -1.3382620809999999}, "spk6": {"room10": 1.155371666}, "spk3": {"room3": -0.194070756, "room5": 0.129226819, "room7": -0.286154509, "room0": -0.009145156, "room2": 0.251954973, "room9": -0.204563603}, "spk0": {"room3": 0.5369891520000001}, "spk20": {"room10": -0.7574877740000001}, "spk26": {"room2": 1.225985289}, "spk16": {"room3": 0.47962746, "room4": 0.17508448699999998, "room7": -0.160769612, "room12": -0.058123484, "room9": 0.206165627}, "spk27": {"room5": -1.229258418, "room0": -0.787182748}, "spk25": {"room1": 0.37141379700000005}, "spk21": {"room3": 0.226668626, "room4": 0.857724845, "room2": 0.519061506, "room12": 0.46964851}, "spk30": {"room4": -1.5884917969999999, "room2": -1.678547978, "room12": -1.611337066}, "spk4": {"room6": 1.2777709959999999}, "spk14": {"room10": 0.369512677}, "spk7": {"room12": 4.287231922}, "spk1": {"room5": 0.327297032, "room0": 0.462411791}}}