{"meta": {"speaker": "spk7", "room": "room13"}, "data": {"spk22": {"room0": 0.49748283600000004}, "spk10": {"room4": 1.139089942, "room12": 0.480857939}, "spk18": {"room5": -1.113365054, "room0": -1.078373313, "room2": -1.067702889}, "spk29": {"room10": 1.61002183}, "spk5": {"room3": 0.427232116, "room5": 0.34381637, "room0": 0.8629298209999999}, "spk9": {"room4": 0.607521713, "room7": 0.676511347, "room10": 0.5677077770000001, "room12": 0.547436953, "room9": 0.6108666660000001}, "spk2": {"room5": 0.23228833100000001, "room0": 0.257929564}, "spk23": {"room4": 2.277478456, "room7": 2.083612919, "room2": 1.000250101, "room10": 1.5914120669999998, "room12": 1.5678615569999999, "room9": 2.8268301489999996}, "spk15": {"room10": -0.348982245}, "spk28": {"room10": -1.203252196}, "spk24": {"room1": 0.39294490200000004}, "spk12": {"room10": -1.100927234}, "spk8": {"room10": 0.70317781}, "spk17": {"room5": 1.535231829, "room0": 1.9089776280000001}, "spk11": {"room3": -0.22021892699999998, "room4": -0.45488110200000004, "room7": -0.746388972, "room2": -0.885111213, "room12": -0.372038841, "room9": -0.651748478}, "spk19": {"room4": -1.4497658009999999, "room7": -1.368625045, "room12": -1.517135024}, "spk13": {"room4": 0.461760461, "room12": -0.389030635}, "spk31": {"room10": -1.5201203819999998}, "spk6": {"room10": 0.9909514779999999}, "spk3": {"room3": -0.064886838, "room5": 0.299498111, "room7": -0.299435198, "room0": 0.110350139, "room2": -0.022685682000000002, "room9": 0.680124104}, "spk0": {"room3": 0.398315012}, "spk20": {"room10": -0.61424619}, "spk26": {"room2": 1.132351279}, "spk16": {"room3": 0.547319353, "room4": -0.140079603, "room7": -0.337697536, "room12": -0.497379601, "room9": 0.101170853}, "spk27": {"room5": -0.478229284, "room0": 0.075646274}, "spk25": {"room1": 1.196350217}, "spk21": {"room3": -0.062203005, "room4": 0.047086775, "room2": 0.072955117, "room12": 0.005655446999999999}, "spk30": {"room4": -1.3582671880000001, "room2": -2.00798893, "room12": -1.646738052}, "spk4": {"room6": 0.808591187}, "spk14": {"room10": 0.17614685}, "spk7": {"room12": 4.867918968}, "spk1": {"room5": 0.003384802, "room0": 0.278461277}}}