{"meta": {"speaker": "spk7", "room": "room11"}, "data": {"spk22": {"room0": -0.234948725}, "spk10": {"room4": 1.1258741620000001, "room12": -0.455504}, "spk18": {"room5": -0.8150129909999999, "room0": -0.8754641409999999, "room2": -0.518434465}, "spk29": {"room10": 0.6357616779999999}, "spk5": {"room3": -0.121083118, "room5": -0.615084648, "room0": -0.035800412000000004}, "spk9": {"room4": -0.8011236190000001, "room7": -0.821843326, "room10": -0.544542134, "room12": -0.187385529, "room9": -0.645162404}, "spk2": {"room5": 0.24849520600000002, "room0": -0.40967014399999996}, "spk23": {"room4": 0.7884396309999999, "room7": 1.3582258219999999, "room2": -0.429987758, "room10": 0.502597392, "room12": 0.23793351699999998, "room9": 1.175178647}, "spk15": {"room10": -1.113025069}, "spk28": {"room10": -0.599356055}, "spk24": {"room1": 1.04925859}, "spk12": {"room10": -1.272593021}, "spk8": {"room10": 1.0668330190000002}, "spk17": {"room5": 0.322530329, "room0": 0.657637715}, "spk11": {"room3": -1.28747189, "room4": -1.025791645, "room7": -1.235275865, "room2": -0.711122215, "room12": -0.582351208, "room9": -0.703201711}, "spk19": {"room4": -1.800478101, "room7": -1.4331531519999998, "room12": -1.422608972}, "spk13": {"room4": 0.035015213999999996, "room12": -0.7429067490000001}, "spk31": {"room10": -1.344126582}, "spk6": {"room10": 0.83726716}, "spk3": {"room3": -0.49648159700000005, "room5": 0.130579636, "room7": -0.209646329, "room0": 0.198380217, "room2": 0.5641029479999999, "room9": 0.245607302}, "spk0": {"room3": -0.539161205}, "spk20": {"room10": -0.7862114309999999}, "spk26": {"room2": 1.663428664}, "spk16": {"room3": -0.140356675, "room4": -0.95593214, "room7": 0.03294884, "room12": -0.264319122, "room9": -0.39426922799999997}, "spk27": {"room5": -2.04836154, "room0": -1.925993085}, "spk25": {"room1": 0.230853841}, "spk21": {"room3": -0.40771499299999997, "room4": 0.23494955899999997, "room2": -0.22196415100000003, "room12": 0.027397601}, "spk30": {"room4": -0.570378244, "room2": -1.499755621, "room12": -1.617208719}, "spk4": {"room6": 1.165569067}, "spk14": {"room10": 0.228036255}, "spk7": {"room12": 3.018516064}, "spk1": {"room5": -0.41604489100000003, "room0": -0.17743963}}}