{"meta": {"speaker": "spk7", "room": "room11"}, "data": {"spk22": {"room0": 0.422905773}, "spk10": {"room4": 1.1101398470000001, "room12": 0.5459104779999999}, "spk18": {"room5": -1.148599029, "room0": -1.186977625, "room2": -1.010372877}, "spk29": {"room10": 0.916570783}, "spk5": {"room3": 0.24497149899999998, "room5": -0.12048082800000001, "room0": 0.37884289}, "spk9": {"room4": 0.350256711, "room7": 0.19994387, "room10": 0.805257618, "room12": 0.68296659, "room9": 0.658990741}, "spk2": {"room5": -0.320507586, "room0": 0.15724407099999999}, "spk23": {"room4": 1.743241906, "room7": 1.1336979870000001, "room2": 0.255755424, "room10": 1.3430713419999998, "room12": 1.201143742, "room9": 1.9653290509999999}, "spk15": {"room10": -1.113705397}, "spk28": {"room10": -1.135059834}, "spk24": {"room1": 1.23298943}, "spk12": {"room10": -1.148986578}, "spk8": {"room10": 0.26374691699999997}, "spk17": {"room5": 0.512819707, "room0": 1.231246471}, "spk11": {"room3": 0.177481487, "room4": 0.277649701, "room7": -0.173504949, "room2": -0.145630881, "room12": 0.055587359, "room9": -0.04230758900000001}, "spk19": {"room4": -1.5093530419999999, "room7": -1.6222635509999999, "room12": -1.546677113}, "spk13": {"room4": 0.44108185200000005, "room12": 0.038254647999999995}, "spk31": {"room10": -1.4069353340000001}, "spk6": {"room10": 0.9689209459999999}, "spk3": {"room3": -0.391065031, "room5": 0.278453708, "room7": 0.06274958, "room0": -0.354920536, "room2": 0.511590421, "room9": 0.080002122}, "spk0": {"room3": 0.275799334}, "spk20": {"room10": -0.723257542}, "spk26": {"room2": 1.41556406}, "spk16": {"room3": 1.136680007, "room4": 0.036318097, "room7": 0.461114705, "room12": -0.24120757, "room9": 0.20780076100000003}, "spk27": {"room5": -1.035723329, "room0": -0.837319851}, "spk25": {"room1": 0.170171708}, "spk21": {"room3": -0.546834886, "room4": -0.290913641, "room2": -0.60018599, "room12": -0.46447390299999997}, "spk30": {"room4": -1.6360156540000002, "room2": -1.550646901, "room12": -1.71282649}, "spk4": {"room6": 1.007562757}, "spk14": {"room10": 0.752888083}, "spk7": {"room12": 4.813613415}, "spk1": {"room5": -0.09390930800000001, "room0": 0.29101279399999996}}}