{"meta": {"speaker": "spk7", "room": "room12"}, "data": {"spk22": {"room0": 0.606445909}, "spk10": {"room4": 1.038730502, "room12": 0.71505326}, "spk18": {"room5": -0.861967325, "room0": -0.94384557, "room2": -1.090516925}, "spk29": {"room10": 1.3842029569999998}, "spk5": {"room3": 1.084549308, "room5": 0.258955151, "room0": -0.014019388999999998}, "spk9": {"room4": 0.21734558, "room7": -0.356039137, "room10": 0.623742998, "room12": 0.8814733029999999, "room9": 0.331037611}, "spk2": {"room5": 0.471815854, "room0": 0.680746436}, "spk23": {"room4": 2.136722326, "room7": 2.553318262, "room2": 0.277548671, "room10": 1.7568455930000002, "room12": 2.1121134759999998, "room9": 2.350217581}, "spk15": {"room10": -1.010921717}, "spk28": {"room10": -1.051758409}, "spk24": {"room1": 0.893503904}, "spk12": {"room10": -1.0011860129999999}, "spk8": {"room10": 0.348039985}, "spk17": {"room5": 0.442923635, "room0": 1.095037103}, "spk11": {"room3": -0.029355378999999997, "room4": 0.069761999, "room7": -0.261776894, "room2": 0.47181043, "room12": -0.281221211, "room9": 0.512989759}, "spk19": {"room4": -1.35022366, "room7": -1.360883474, "room12": -1.327693343}, "spk13": {"room4": 1.113147259, "room12": 0.9019775390000001}, "spk31": {"room10": -1.277668238}, "spk6": {"room10": -0.36862176700000004}, "spk3": {"room3": 0.33641409899999997, "room5": 0.20566868800000002, "room7": 1.061032057, "room0": 0.8902715440000001, "room2": 1.312650204, "room9": 1.2811017040000001}, "spk0": {"room3": 0.444899172}, "spk20": {"room10": -1.069498539}, "spk26": {"room2": 1.346579552}, "spk16": {"room3": 2.7744879719999997, "room4": 0.651721001, "room7": 1.340637445, "room12": 0.21543169, "room9": 1.472793341}, "spk27": {"room5": -0.928201139, "room0": -0.7565926909999999}, "spk25": {"room1": 0.844271958}, "spk21": {"room3": 0.306721896, "room4": 0.406287014, "room2": -0.363854945, "room12": 0.414901316}, "spk30": {"room4": -1.5169463159999999, "room2": -1.503939509, "room12": -1.54924953}, "spk4": {"room6": 1.0574021340000002}, "spk14": {"room10": 0.304347724}, "spk7": {"room12": 6.146274567000001}, "spk1": {"room5": 0.305503219, "room0": 1.24180758}}}