{"meta": {"speaker": "spk7", "room": "room11"}, "data": {"spk22": {"room0": 0.6993048190000001}, "spk10": {"room4": 2.85538435, "room12": 0.943332493}, "spk18": {"room5": -1.298582673, "room0": -1.370999455, "room2": -1.1375405790000002}, "spk29": {"room10": 0.626754284}, "spk5": {"room3": -0.38241419200000004, "room5": 0.025100674, "room0": 0.386897266}, "spk9": {"room4": 0.9817262290000001, "room7": 0.712614834, "room10": 1.018746972, "room12": 1.26732111, "room9": 1.013698339}, "spk2": {"room5": 0.24078562899999997, "room0": 0.846144855}, "spk23": {"room4": 1.210417986, "room7": 1.644881845, "room2": -0.0013127689999999999, "room10": 0.729305744, "room12": 1.85926497, "room9": 1.614186406}, "spk15": {"room10": -0.032600656}, "spk28": {"room10": -1.688734531}, "spk24": {"room1": 0.986518443}, "spk12": {"room10": -1.491132498}, "spk8": {"room10": 0.720213234}, "spk17": {"room5": 1.595875502, "room0": 1.470718622}, "spk11": {"room3": 0.240410194, "room4": 0.62274754, "room7": 0.210800454, "room2": -0.16759333, "room12": 0.233796313, "room9": 0.582942486}, "spk19": {"room4": -2.2451412680000002, "room7": -1.9001557830000002, "room12": -2.0549330709999998}, "spk13": {"room4": 0.65363729, "room12": -0.41641393299999996}, "spk31": {"room10": -1.512384653}, "spk6": {"room10": 0.9899417159999999}, "spk3": {"room3": -0.6553233860000001, "room5": 0.131603107, "room7": 0.19473812, "room0": 0.228710368, "room2": -0.324818373, "room9": 0.45533055100000003}, "spk0": {"room3": -0.113103323}, "spk20": {"room10": -0.953908324}, "spk26": {"room2": 1.298715949}, "spk16": {"room3": 1.56046319, "room4": 1.0123465059999999, "room7": 0.413413972, "room12": 0.093992472, "room9": 1.317262769}, "spk27": {"room5": -1.275374293, "room0": -0.81143266}, "spk25": {"room1": 0.994349837}, "spk21": {"room3": -0.5187184810000001, "room4": 0.25964158800000003, "room2": -0.358844101, "room12": 0.38006216299999995}, "spk30": {"room4": -1.9992403980000002, "room2": -2.580577374, "room12": -2.120245218}, "spk4": {"room6": 0.19736759399999998}, "spk14": {"room10": 0.0014976870000000002}, "spk7": {"room12": 5.104869366}, "spk1": {"room5": 0.008244723, "room0": 0.02206335}}}