{"meta": {"speaker": "spk7", "room": "room13"}, "data": {"spk22": {"room0": 0.36901679600000004}, "spk10": {"room4": 0.8240593079999999, "room12": 0.405011922}, "spk18": {"room5": -1.175958276, "room0": -0.9106630090000001, "room2": -1.039786577}, "spk29": {"room10": 1.1904110909999999}, "spk5": {"room3": 0.12413571, "room5": 0.6492292279999999, "room0": 0.450333744}, "spk9": {"room4": 0.28745392, "room7": 0.405186951, "room10": 0.6777951720000001, "room12": 0.5849466320000001, "room9": 0.791499078}, "spk2": {"room5": -0.018646745, "room0": -0.068020724}, "spk23": {"room4": 2.153012753, "room7": 2.719285727, "room2": 0.885567367, "room10": 1.376704931, "room12": 1.7361686230000002, "room9": 2.7649014}, "spk15": {"room10": -0.107755765}, "spk28": {"room10": -0.942106903}, "spk24": {"room1": 0.22925680899999998}, "spk12": {"room10": -1.05506146}, "spk8": {"room10": 1.226269841}, "spk17": {"room5": 0.7345941659999999, "room0": 1.7007629869999998}, "spk11": {"room3": 0.149869844, "room4": -0.6021236179999999, "room7": -0.8789573909999999, "room2": -0.501702547, "room12": -0.27844706199999997, "room9": -0.6805805559999999}, "spk19": {"room4": -1.26584959, "room7": -1.245897412, "room12": -1.6203081609999999}, "spk13": {"room4": 0.19807732100000003, "room12": -0.424505442}, "spk31": {"room10": -1.540033102}, "spk6": {"room10": 1.189972878}, "spk3": {"room3": -0.26089111, "room5": -0.152682588, "room7": -0.064199634, "room0": 0.051968027, "room2": -0.289133579, "room9": 0.189728498}, "spk0": {"room3": 0.523652256}, "spk20": {"room10": -0.435719639}, "spk26": {"room2": 1.329547644}, "spk16": {"room3": 0.8332047459999999, "room4": -0.39571121299999995, "room7": -0.591045141, "room12": -0.522470236, "room9": -0.185240358}, "spk27": {"room5": 0.088017814, "room0": 0.284730732}, "spk25": {"room1": 1.1530182359999999}, "spk21": {"room3": 0.074519448, "room4": 0.396017164, "room2": 0.283888668, "room12": 0.654431939}, "spk30": {"room4": -1.183689594, "room2": -1.7169200180000002, "room12": -1.5034143919999998}, "spk4": {"room6": 0.8055669670000001}, "spk14": {"room10": 0.104098737}, "spk7": {"room12": 4.593573093}, "spk1": {"room5": 0.027313357000000003, "room0": 0.084226146}}}