{"meta": {"speaker": "spk7", "room": "room11"}, "data": {"spk22": {"room0": 0.49107927100000004}, "spk10": {"room4": 1.4693933730000002, "room12": 0.316032648}, "spk18": {"room5": -1.585409284, "room0": -1.426676035, "room2": -1.065382123}, "spk29": {"room10": 0.855833948}, "spk5": {"room3": 0.574842572, "room5": 0.021987943, "room0": 0.544963479}, "spk9": {"room4": 0.024541523, "room7": -0.094993778, "room10": 0.357778758, "room12": 0.18259236199999998, "room9": 0.13949579}, "spk2": {"room5": 0.30719015, "room0": 0.461590648}, "spk23": {"room4": 1.801885247, "room7": 1.904541254, "room2": 0.304653496, "room10": 1.745004535, "room12": 1.727886319, "room9": 2.289898157}, "spk15": {"room10": -0.417541504}, "spk28": {"room10": -1.157844424}, "spk24": {"room1": 0.93413955}, "spk12": {"room10": -1.420189142}, "spk8": {"room10": 1.011388779}, "spk17": {"room5": 0.8244466779999999, "room0": 1.359878659}, "spk11": {"room3": -0.459551424, "room4": -0.23404111, "room7": -0.64759028, "room2": -0.75169301, "room12": -0.729597807, "room9": -0.15648517}, "spk19": {"room4": -1.7921353580000001, "room7": -1.7696552280000002, "room12": -1.642211914}, "spk13": {"room4": 0.7140478490000001, "room12": -0.019141965}, "spk31": {"room10": -1.4616366619999999}, "spk6": {"room10": 0.508639991}, "spk3": {"room3": 0.064553104, "room5": -0.35443347700000005, "room7": -0.020623952, "room0": 0.09131236400000001, "room2": 0.039733075, "room9": 0.262649179}, "spk0": {"room3": -0.371266872}, "spk20": {"room10": -0.67079854}, "spk26": {"room2": 1.8021867280000001}, "spk16": {"room3": 1.049406052, "room4": 0.007178086, "room7": -0.078203432, "room12": -0.509304643, "room9": 0.235117644}, "spk27": {"room5": -1.401110291, "room0": -1.037403703}, "spk25": {"room1": 0.31715551}, "spk21": {"room3": 0.134744599, "room4": -0.04454248, "room2": -0.571947098, "room12": -0.42929679200000004}, "spk30": {"room4": -1.5029281380000001, "room2": -1.946165085, "room12": -1.914327264}, "spk4": {"room6": 1.338138223}, "spk14": {"room10": 0.770973802}, "spk7": {"room12": 4.606130599999999}, "spk1": {"room5": 0.45268231600000003, "room0": 0.519053757}}}