{"meta": {"speaker": "spk7", "room": "room13"}, "data": {"spk22": {"room0": -0.061734553}, "spk10": {"room4": 0.275523782, "room12": 0.166988418}, "spk18": {"room5": -1.4337282180000002, "room0": -1.6548537019999998, "room2": -1.019481659}, "spk29": {"room10": 1.548839808}, "spk5": {"room3": 1.044293284, "room5": 0.666976392, "room0": 0.9644737240000001}, "spk9": {"room4": 0.307119995, "room7": 0.36604353799999995, "room10": 1.099262595, "room12": 0.642201483, "room9": 0.8250867129999999}, "spk2": {"room5": 0.18465378899999998, "room0": -0.46804404299999997}, "spk23": {"room4": 1.7357207540000001, "room7": 1.31674695, "room2": 1.2485389709999999, "room10": 0.924705505, "room12": 1.40745461, "room9": 1.56998992}, "spk15": {"room10": -0.772824228}, "spk28": {"room10": -0.987782955}, "spk24": {"room1": 0.616533756}, "spk12": {"room10": -1.1797885890000002}, "spk8": {"room10": 1.4796444180000001}, "spk17": {"room5": 0.281684846, "room0": 0.8949645159999999}, "spk11": {"room3": 0.021178027999999998, "room4": -0.704398394, "room7": -1.21600616, "room2": -0.450229555, "room12": -0.9627000090000001, "room9": -0.8290821909999999}, "spk19": {"room4": -2.191741228, "room7": -1.943164706, "room12": -2.1130316259999997}, "spk13": {"room4": 0.60073173, "room12": 0.199487627}, "spk31": {"room10": -1.759548664}, "spk6": {"room10": 0.89702189}, "spk3": {"room3": 0.534323752, "room5": -0.547224402, "room7": -0.386189491, "room0": 0.8159722090000001, "room2": 0.4945741, "room9": 0.47288781399999996}, "spk0": {"room3": -0.46963682799999995}, "spk20": {"room10": -1.125050664}, "spk26": {"room2": 0.895786643}, "spk16": {"room3": 0.5763413310000001, "room4": -0.622906506, "room7": -0.08436506199999999, "room12": 0.205463037, "room9": 0.409331173}, "spk27": {"room5": -1.462786198, "room0": -0.990716457}, "spk25": {"room1": 1.111887097}, "spk21": {"room3": -0.315090597, "room4": -0.49074837600000004, "room2": 0.17719820100000003, "room12": -0.12317276}, "spk30": {"room4": -1.8264272209999999, "room2": -2.351044178, "room12": -1.814620018}, "spk4": {"room6": 2.42148447}, "spk14": {"room10": -0.511983514}, "spk7": {"room12": 5.262542725}, "spk1": {"room5": -0.600097299, "room0": -0.7745921020000001}}}