{"meta": {"speaker": "spk7", "room": "room11"}, "data": {"spk22": {"room0": -0.042747430999999995}, "spk10": {"room4": 1.7975494859999999, "room12": 0.175744087}, "spk18": {"room5": -0.857714236, "room0": -1.292554855, "room2": -0.781232774}, "spk29": {"room10": 0.892384648}, "spk5": {"room3": 0.304769933, "room5": 0.29552418, "room0": 0.515060306}, "spk9": {"room4": 0.040802129, "room7": 0.12909019, "room10": 0.509276748, "room12": 0.694004416, "room9": 0.39512422700000005}, "spk2": {"room5": 0.018242526999999998, "room0": 0.186771825}, "spk23": {"room4": 1.121454716, "room7": 1.55317688, "room2": 0.280785024, "room10": 1.373382568, "room12": 0.856005847, "room9": 2.082858324}, "spk15": {"room10": -0.538331807}, "spk28": {"room10": -0.8213175540000001}, "spk24": {"room1": 0.604729593}, "spk12": {"room10": -1.434173584}, "spk8": {"room10": 0.855898798}, "spk17": {"room5": 0.856844664, "room0": 0.865661681}, "spk11": {"room3": -0.29308778, "room4": -0.397424281, "room7": -0.621688724, "room2": -0.998503804, "room12": -0.508409917, "room9": -0.40515521200000004}, "spk19": {"room4": -1.778504729, "room7": -1.5484246019999999, "room12": -1.7083947659999998}, "spk13": {"room4": 0.434468299, "room12": -0.448919415}, "spk31": {"room10": -1.557761669}, "spk6": {"room10": 0.68947345}, "spk3": {"room3": -0.35820817899999996, "room5": -0.008689828, "room7": 0.059482709, "room0": 0.429153204, "room2": -0.08405643, "room9": 0.19803226}, "spk0": {"room3": 0.031776275}, "spk20": {"room10": -0.607413411}, "spk26": {"room2": 1.1077826020000001}, "spk16": {"room3": 1.464429379, "room4": 0.21406546199999998, "room7": 0.21071730600000002, "room12": -0.248920605, "room9": 0.595051467}, "spk27": {"room5": -1.561505318, "room0": -0.806509733}, "spk25": {"room1": 0.6300047639999999}, "spk21": {"room3": -0.282462597, "room4": 0.282834828, "room2": 0.006041766999999999, "room12": 0.393993318}, "spk30": {"room4": -1.533676147, "room2": -1.8489861490000001, "room12": -1.4187945130000001}, "spk4": {"room6": 1.204945683}, "spk14": {"room10": -0.39370560600000004}, "spk7": {"room12": 4.747160435}, "spk1": {"room5": 0.105098866, "room0": -0.47024077200000003}}}