{"meta": {"speaker": "spk7", "room": "room11"}, "data": {"spk22": {"room0": 0.581522465}, "spk10": {"room4": 1.626503944, "room12": 0.65317297}, "spk18": {"room5": -0.573053539, "room0": -0.872989476, "room2": -0.9348338840000001}, "spk29": {"room10": 0.767088771}, "spk5": {"room3": -0.038865399, "room5": -0.316145778, "room0": 0.231774643}, "spk9": {"room4": -0.11159008699999999, "room7": 0.078043342, "room10": 0.327833623, "room12": 0.085959964, "room9": 0.178202972}, "spk2": {"room5": 0.257188052, "room0": 0.009214650999999999}, "spk23": {"room4": 1.447037458, "room7": 1.161579728, "room2": 0.7666791079999999, "room10": 1.245525599, "room12": 1.208400607, "room9": 1.476140618}, "spk15": {"room10": -0.586620569}, "spk28": {"room10": -0.941491663}, "spk24": {"room1": 1.111786604}, "spk12": {"room10": -0.6951969859999999}, "spk8": {"room10": 0.600737631}, "spk17": {"room5": 1.361616135, "room0": 1.568097949}, "spk11": {"room3": 0.005236365, "room4": -0.691832662, "room7": -1.131379962, "room2": -0.521268964, "room12": -0.657207549, "room9": -0.368834227}, "spk19": {"room4": -1.71766448, "room7": -1.648225307, "room12": -1.1082165240000001}, "spk13": {"room4": 0.7761890290000001, "room12": 0.22134065600000002}, "spk31": {"room10": -1.12131381}, "spk6": {"room10": 1.262520552}, "spk3": {"room3": -0.44533920299999996, "room5": -0.284400314, "room7": -0.623174965, "room0": -0.366971493, "room2": 0.008352245999999999, "room9": -0.17748434800000001}, "spk0": {"room3": 0.519850671}, "spk20": {"room10": -0.793603837}, "spk26": {"room2": 1.4707045559999998}, "spk16": {"room3": 0.8764203190000001, "room4": -0.41586861, "room7": -0.008982269000000001, "room12": -0.058002602, "room9": -0.234214544}, "spk27": {"room5": -1.336921453, "room0": -1.100456357}, "spk25": {"room1": 0.661936164}, "spk21": {"room3": -0.544564843, "room4": -0.301710486, "room2": -0.45400509200000005, "room12": -0.255993515}, "spk30": {"room4": -0.8475497959999999, "room2": -1.156688929, "room12": -1.0360406640000002}, "spk4": {"room6": 1.031402588}, "spk14": {"room10": 1.035117865}, "spk7": {"room12": 4.582746983}, "spk1": {"room5": -0.400684804, "room0": 0.19226080199999998}}}