{"meta": {"speaker": "spk7", "room": "room11"}, "data": {"spk22": {"room0": 0.039380908}, "spk10": {"room4": 1.315584898, "room12": 0.389119029}, "spk18": {"room5": -0.9868234990000001, "room0": -0.991468012, "room2": -0.919543505}, "spk29": {"room10": 0.76515919}, "spk5": {"room3": 0.079271704, "room5": -0.472132027, "room0": 0.086432874}, "spk9": {"room4": -0.24654229, "room7": -0.223674998, "room10": 0.23762302100000002, "room12": 0.016550271000000002, "room9": -0.11308549300000001}, "spk2": {"room5": 0.20037035600000003, "room0": -0.185974583}, "spk23": {"room4": 1.675323009, "room7": 1.677806497, "room2": 0.497171074, "room10": 1.6539151669999999, "room12": 1.488345146, "room9": 1.50909543}, "spk15": {"room10": -0.9488185640000001}, "spk28": {"room10": -0.939490974}, "spk24": {"room1": 1.1145372390000001}, "spk12": {"room10": -1.3112227920000001}, "spk8": {"room10": 0.501452744}, "spk17": {"room5": 0.356896549, "room0": 1.1658644679999999}, "spk11": {"room3": -0.23425996300000002, "room4": -0.697833598, "room7": -0.8562015890000001, "room2": 0.140768692, "room12": -0.776426315, "room9": -0.251025289}, "spk19": {"room4": -1.8917073009999998, "room7": -1.87961328, "room12": -1.741717458}, "spk13": {"room4": 0.266419739, "room12": -0.17443561600000002}, "spk31": {"room10": -1.5772411819999999}, "spk6": {"room10": 0.314647585}, "spk3": {"room3": -0.18220235399999998, "room5": -0.443369836, "room7": -0.12703988, "room0": 0.00440741, "room2": -0.206408724, "room9": -0.10995019199999999}, "spk0": {"room3": -0.918064654}, "spk20": {"room10": -1.142804384}, "spk26": {"room2": 1.010322809}, "spk16": {"room3": 0.552708149, "room4": -0.48751047299999994, "room7": -0.057364359000000004, "room12": -0.661843479, "room9": -0.366447359}, "spk27": {"room5": -1.1241894959999998, "room0": -0.671969295}, "spk25": {"room1": 0.261291772}, "spk21": {"room3": -0.278475314, "room4": -0.549341261, "room2": -0.284373224, "room12": -0.429018974}, "spk30": {"room4": -1.693306208, "room2": -1.9056632519999999, "room12": -1.786844134}, "spk4": {"room6": 1.4674589630000001}, "spk14": {"room10": 0.11479944}, "spk7": {"room12": 4.8182024960000005}, "spk1": {"room5": 0.192281798, "room0": 0.18581211600000003}}}