{"meta": {"speaker": "spk7", "room": "room11"}, "data": {"spk22": {"room0": 0.315112144}, "spk10": {"room4": 1.413052797, "room12": 0.793113053}, "spk18": {"room5": -1.4429196119999999, "room0": -1.20710361, "room2": -0.859355628}, "spk29": {"room10": -0.291329354}, "spk5": {"room3": -0.33594092700000006, "room5": 0.25869166899999996, "room0": 0.759124696}, "spk9": {"room4": -0.423671067, "room7": -0.18056222800000002, "room10": -0.134509519, "room12": -0.054493430999999995, "room9": -0.382640153}, "spk2": {"room5": 1.180639267, "room0": 0.815714002}, "spk23": {"room4": 1.917387128, "room7": 2.681423903, "room2": 1.334687591, "room10": 1.378673196, "room12": 2.629795551, "room9": 1.565779209}, "spk15": {"room10": 0.798265338}, "spk28": {"room10": -1.5394773480000001}, "spk24": {"room1": 0.08613751800000001}, "spk12": {"room10": -1.6817034480000002}, "spk8": {"room10": 1.944737434}, "spk17": {"room5": 1.8564516309999999, "room0": 1.4632035490000002}, "spk11": {"room3": -1.186742306, "room4": -1.287072301, "room7": -1.5152274369999998, "room2": -0.752231419, "room12": -0.872166395, "room9": -0.938006043}, "spk19": {"room4": -1.7139498, "room7": -1.70260787, "room12": -1.075691223}, "spk13": {"room4": 0.578136384, "room12": -0.784494817}, "spk31": {"room10": -1.52570653}, "spk6": {"room10": 1.936255932}, "spk3": {"room3": -0.5805642010000001, "room5": -0.37931972700000005, "room7": 0.144305989, "room0": -0.33343577399999996, "room2": -0.708961308, "room9": -0.203214958}, "spk0": {"room3": -0.09901508699999999}, "spk20": {"room10": -0.713465095}, "spk26": {"room2": 0.736066282}, "spk16": {"room3": 0.6886127590000001, "room4": -0.446380824, "room7": -0.48232761, "room12": -0.542865753, "room9": -0.892136872}, "spk27": {"room5": -0.558858812, "room0": -1.235710382}, "spk25": {"room1": 0.907963574}, "spk21": {"room3": -0.385189474, "room4": 0.409729481, "room2": -0.45108857799999996, "room12": 0.112985961}, "spk30": {"room4": -1.047151089, "room2": -2.115153074, "room12": -1.8373254540000001}, "spk4": {"room6": 2.350128889}, "spk14": {"room10": 0.709131062}, "spk7": {"room12": 3.837365627}, "spk1": {"room5": -0.854259133, "room0": -0.16279842}}}