{"meta": {"speaker": "spk7", "room": "room13"}, "data": {"spk22": {"room0": -0.31648755100000003}, "spk10": {"room4": 1.0270046, "room12": 0.11629267800000001}, "spk18": {"room5": -1.341263652, "room0": -1.257359982, "room2": -1.12284255}, "spk29": {"room10": 1.635094285}, "spk5": {"room3": 0.787465394, "room5": 0.715331733, "room0": 0.997647107}, "spk9": {"room4": 0.58519882, "room7": 0.664509475, "room10": 0.371344715, "room12": 0.333910048, "room9": 0.41425696}, "spk2": {"room5": 0.21569533600000002, "room0": -0.278854549}, "spk23": {"room4": 2.08640933, "room7": 2.012287378, "room2": 0.616890967, "room10": 1.147540927, "room12": 1.341759801, "room9": 2.021669149}, "spk15": {"room10": -0.34574756}, "spk28": {"room10": -1.159707665}, "spk24": {"room1": 0.529287994}, "spk12": {"room10": -0.85991329}, "spk8": {"room10": 0.9001185890000001}, "spk17": {"room5": 1.033201814, "room0": 1.771772027}, "spk11": {"room3": 0.129975364, "room4": -0.371389419, "room7": -0.75651294, "room2": -0.172309458, "room12": -0.462721318, "room9": -0.328390688}, "spk19": {"room4": -1.264680147, "room7": -1.352179408, "room12": -1.224686503}, "spk13": {"room4": 0.20374710899999998, "room12": -0.17141048600000003}, "spk31": {"room10": -1.180653334}, "spk6": {"room10": 0.667787135}, "spk3": {"room3": -0.00752349, "room5": -0.15985801800000002, "room7": 0.030574715, "room0": -0.16597648, "room2": 0.158359215, "room9": 0.031083351000000002}, "spk0": {"room3": 0.437820017}, "spk20": {"room10": -0.671992123}, "spk26": {"room2": 1.166736245}, "spk16": {"room3": 0.852743983, "room4": -0.365681708, "room7": 0.09590831400000001, "room12": -0.490393609, "room9": 0.178455859}, "spk27": {"room5": -0.406774729, "room0": -0.376147836}, "spk25": {"room1": 1.260765433}, "spk21": {"room3": -0.07164707, "room4": -0.459971279, "room2": -0.27833288899999997, "room12": -0.330935448}, "spk30": {"room4": -1.2238496540000001, "room2": -1.586214781, "room12": -1.144788265}, "spk4": {"room6": 0.49021488399999996}, "spk14": {"room10": -0.342828989}, "spk7": {"room12": 4.714222908}, "spk1": {"room5": -0.063891232, "room0": 0.17308993600000003}}}