{"meta": {"speaker": "spk7", "room": "room13"}, "data": {"spk22": {"room0": 0.05331387}, "spk10": {"room4": 0.937076867, "room12": 0.285099149}, "spk18": {"room5": -0.91700381, "room0": -0.8748444320000001, "room2": -0.691808403}, "spk29": {"room10": 1.2845842840000001}, "spk5": {"room3": 0.484886169, "room5": 0.7175120709999999, "room0": 0.762520492}, "spk9": {"room4": 0.131763443, "room7": 0.326245636, "room10": 0.630364716, "room12": 0.702317655, "room9": 0.57570672}, "spk2": {"room5": 0.179134965, "room0": -0.363637626}, "spk23": {"room4": 1.74175787, "room7": 2.613168478, "room2": 0.285312891, "room10": 0.8665975929999999, "room12": 1.4558370109999998, "room9": 2.997998953}, "spk15": {"room10": -0.29619371899999997}, "spk28": {"room10": -0.7252693179999999}, "spk24": {"room1": 0.500269592}, "spk12": {"room10": -1.159315109}, "spk8": {"room10": 1.019432425}, "spk17": {"room5": 1.787509918, "room0": 2.283733845}, "spk11": {"room3": -0.26149258, "room4": -1.140359163, "room7": -1.038984179, "room2": -1.133482575, "room12": -0.7124351859999999, "room9": -1.114152312}, "spk19": {"room4": -1.50046587, "room7": -1.295376062, "room12": -1.419542789}, "spk13": {"room4": 0.181868985, "room12": -0.596174061}, "spk31": {"room10": -1.213427067}, "spk6": {"room10": 1.157801509}, "spk3": {"room3": 0.284091711, "room5": -0.135057509, "room7": 0.19310136100000003, "room0": -0.06384277299999999, "room2": 0.586274981, "room9": -0.002485282}, "spk0": {"room3": 0.7393171190000001}, "spk20": {"room10": -0.42780098299999997}, "spk26": {"room2": 1.5326269869999998}, "spk16": {"room3": 0.8548809890000001, "room4": -0.381177783, "room7": -0.616445482, "room12": -0.241413519, "room9": 0.0031422959999999997}, "spk27": {"room5": -1.025301814, "room0": -0.5935168270000001}, "spk25": {"room1": 0.7498426440000001}, "spk21": {"room3": 0.181359887, "room4": 0.879237115, "room2": 0.466192514, "room12": 1.054515243}, "spk30": {"room4": -1.126315832, "room2": -1.464573264, "room12": -1.107723236}, "spk4": {"room6": 0.868608177}, "spk14": {"room10": -0.450287163}, "spk7": {"room12": 4.350283146000001}, "spk1": {"room5": 0.301771522, "room0": -0.17605409}}}