{"meta": {"speaker": "spk7", "room": "room11"}, "data": {"spk22": {"room0": 0.041806906}, "spk10": {"room4": 0.9050344229999999, "room12": 0.8560655709999999}, "spk18": {"room5": -1.266946554, "room0": -1.316187739, "room2": -0.9779625540000001}, "spk29": {"room10": 0.324460953}, "spk5": {"room3": -0.370197445, "room5": -0.388964921, "room0": 0.9585465790000001}, "spk9": {"room4": -0.255738914, "room7": -0.078681998, "room10": 0.270475715, "room12": 0.017719746, "room9": 0.240990445}, "spk2": {"room5": -0.142951459, "room0": -0.13022235}, "spk23": {"room4": 1.040189385, "room7": 0.41033700100000003, "room2": 0.7501430509999999, "room10": 0.652822852, "room12": 0.822878659, "room9": 0.583258271}, "spk15": {"room10": -0.316075772}, "spk28": {"room10": -0.823909938}, "spk24": {"room1": 0.282484621}, "spk12": {"room10": -1.5148652790000001}, "spk8": {"room10": 0.736962497}, "spk17": {"room5": 0.47369852700000004, "room0": 0.064127266}, "spk11": {"room3": -1.0985684390000001, "room4": -0.992774844, "room7": -1.052537203, "room2": -1.164652824, "room12": -0.439022511, "room9": -0.620792747}, "spk19": {"room4": -2.141726255, "room7": -2.119492292, "room12": -1.967333078}, "spk13": {"room4": 0.722326875, "room12": -0.798489153}, "spk31": {"room10": -1.3097826240000001}, "spk6": {"room10": 1.501693845}, "spk3": {"room3": -0.116848558, "room5": -0.272998452, "room7": -0.775808334, "room0": -0.322099239, "room2": -0.17848523, "room9": -0.5686362979999999}, "spk0": {"room3": -0.141362339}, "spk20": {"room10": -0.603247643}, "spk26": {"room2": 0.7998022440000001}, "spk16": {"room3": -0.067549147, "room4": 9.75e-07, "room7": -0.084192932, "room12": 0.093571573, "room9": -0.007021734}, "spk27": {"room5": -1.568442345, "room0": -1.46752131}, "spk25": {"room1": 0.0033632490000000004}, "spk21": {"room3": -0.43685177, "room4": -0.35834279700000005, "room2": -0.795797348, "room12": -0.512113333}, "spk30": {"room4": -1.43104291, "room2": -2.074678659, "room12": -1.449532866}, "spk4": {"room6": 1.529117465}, "spk14": {"room10": 0.26176115899999997}, "spk7": {"room12": 3.2503058910000004}, "spk1": {"room5": -0.786717832, "room0": -0.360466629}}}