{"meta": {"speaker": "spk7", "room": "room11"}, "data": {"spk22": {"room0": 0.0136446}, "spk10": {"room4": 0.761047661, "room12": 0.17248053800000002}, "spk18": {"room5": -0.930043697, "room0": -1.2089746000000001, "room2": -0.912834525}, "spk29": {"room10": 0.9500861759999999}, "spk5": {"room3": 0.201618016, "room5": -0.258248478, "room0": 0.502469838}, "spk9": {"room4": -0.550015032, "room7": -0.049996532, "room10": -0.024665294, "room12": -0.25531935699999997, "room9": -0.047453783}, "spk2": {"room5": 0.303991854, "room0": -0.511400402}, "spk23": {"room4": 1.420339465, "room7": 1.339201093, "room2": 0.811764002, "room10": 1.034029722, "room12": 1.055547237, "room9": 1.322878838}, "spk15": {"room10": -0.807291031}, "spk28": {"room10": -0.863308489}, "spk24": {"room1": 0.252583176}, "spk12": {"room10": -1.126254678}, "spk8": {"room10": 1.002474546}, "spk17": {"room5": 0.665996492, "room0": 1.446908712}, "spk11": {"room3": -1.016152263, "room4": -1.280993104, "room7": -1.3621209859999999, "room2": -0.884656966, "room12": -0.8167951109999999, "room9": -0.9734518529999999}, "spk19": {"room4": -1.717429399, "room7": -1.85481143, "room12": -1.68957448}, "spk13": {"room4": -0.279212892, "room12": -0.8462218640000001}, "spk31": {"room10": -1.683614731}, "spk6": {"room10": 1.264998436}, "spk3": {"room3": -0.408097118, "room5": -0.397177756, "room7": -0.490127563, "room0": -0.294699728, "room2": -0.433622509, "room9": -0.688961625}, "spk0": {"room3": -0.7968646290000001}, "spk20": {"room10": -0.327847004}, "spk26": {"room2": 0.667193651}, "spk16": {"room3": -0.22051866399999998, "room4": -0.627950311, "room7": 0.021327587000000002, "room12": -0.13673031300000002, "room9": -0.27563500399999996}, "spk27": {"room5": -0.680121601, "room0": -0.15738827}, "spk25": {"room1": 0.12297646}, "spk21": {"room3": -0.27134513899999996, "room4": -0.624239624, "room2": -0.297134787, "room12": -1.045467615}, "spk30": {"room4": -1.338559508, "room2": -1.917641401, "room12": -1.524932146}, "spk4": {"room6": 1.313809156}, "spk14": {"room10": 0.461501837}, "spk7": {"room12": 4.107125282}, "spk1": {"room5": -0.600925803, "room0": -0.360419184}}}