{"meta": {"speaker": "spk7", "room": "room13"}, "data": {"spk22": {"room0": -0.370438844}, "spk10": {"room4": 1.011667371, "room12": 0.77994895}, "spk18": {"room5": -1.205829144, "room0": -1.1781018970000001, "room2": -0.750998974}, "spk29": {"room10": 1.211451888}, "spk5": {"room3": 1.732319951, "room5": 1.222375631, "room0": 2.1983380319999997}, "spk9": {"room4": -0.182783887, "room7": 0.249078125, "room10": 0.05885246, "room12": -0.048821338, "room9": -0.148779839}, "spk2": {"room5": -0.119185805, "room0": -0.206344828}, "spk23": {"room4": 1.566479445, "room7": 0.993928075, "room2": 0.847010791, "room10": 1.267789721, "room12": 1.6254915, "room9": 0.670972645}, "spk15": {"room10": -0.127446771}, "spk28": {"room10": -0.360538125}, "spk24": {"room1": 0.500047028}, "spk12": {"room10": -0.647048116}, "spk8": {"room10": 2.144995689}, "spk17": {"room5": 0.152830124, "room0": 0.66035223}, "spk11": {"room3": -1.4067770240000002, "room4": -1.757860899, "room7": -1.756756306, "room2": -1.5070335869999998, "room12": -1.535578251, "room9": -1.49282217}, "spk19": {"room4": -1.3325228690000002, "room7": -1.4693149330000002, "room12": -1.122686863}, "spk13": {"room4": 0.130800053, "room12": -0.326754689}, "spk31": {"room10": -1.334584236}, "spk6": {"room10": 1.8102874759999998}, "spk3": {"room3": 0.27876526100000004, "room5": -0.38458994, "room7": 0.076445185, "room0": -0.16293712, "room2": 0.103142306, "room9": -0.35714638200000004}, "spk0": {"room3": 0.24216058899999998}, "spk20": {"room10": 0.17248871899999998}, "spk26": {"room2": 1.104577184}, "spk16": {"room3": 0.54286176, "room4": -0.31617063300000003, "room7": -0.2558887, "room12": -0.385488182, "room9": 0.136223629}, "spk27": {"room5": -1.306844354, "room0": -1.1153877970000001}, "spk25": {"room1": 0.9041214590000001}, "spk21": {"room3": 0.74552536, "room4": -0.01451996, "room2": -0.39740440200000005, "room12": -0.733140528}, "spk30": {"room4": -1.5093942880000002, "room2": -2.300278902, "room12": -1.060768008}, "spk4": {"room6": 2.4805305}, "spk14": {"room10": 0.104682513}, "spk7": {"room12": 5.4581804279999995}, "spk1": {"room5": -1.578402281, "room0": -0.910456479}}}