{"meta": {"speaker": "spk7", "room": "room11"}, "data": {"spk22": {"room0": 0.158839017}, "spk10": {"room4": 0.73867929, "room12": 0.37426015700000004}, "spk18": {"room5": -0.532085359, "room0": -0.5788819789999999, "room2": -0.736681342}, "spk29": {"room10": 1.274604917}, "spk5": {"room3": 0.817138195, "room5": 0.7929791209999999, "room0": 1.034816623}, "spk9": {"room4": 0.655462146, "room7": 0.602190077, "room10": 1.214954853, "room12": 0.951104045, "room9": 0.7860252259999999}, "spk2": {"room5": 0.286591083, "room0": 0.179825664}, "spk23": {"room4": 1.66330111, "room7": 1.545299292, "room2": 0.368117929, "room10": 1.07464397, "room12": 1.576330066, "room9": 2.013088703}, "spk15": {"room10": -0.152014494}, "spk28": {"room10": -0.995039523}, "spk24": {"room1": 1.346996069}, "spk12": {"room10": -0.728158832}, "spk8": {"room10": 0.357693881}, "spk17": {"room5": 0.591415703, "room0": 1.186711431}, "spk11": {"room3": 0.32397899, "room4": 0.542265952, "room7": -0.104164429, "room2": 0.084775694, "room12": 0.448420435, "room9": 0.338408738}, "spk19": {"room4": -1.4222590919999998, "room7": -1.5014189480000002, "room12": -1.4379448890000002}, "spk13": {"room4": 1.019924641, "room12": 0.049227810999999996}, "spk31": {"room10": -1.1724977490000001}, "spk6": {"room10": 0.554217279}, "spk3": {"room3": -0.15654099, "room5": 0.277932078, "room7": -0.207269117, "room0": 0.09106480300000001, "room2": 0.626319826, "room9": -0.092983365}, "spk0": {"room3": 0.12760339699999998}, "spk20": {"room10": -0.544019401}, "spk26": {"room2": 1.941698313}, "spk16": {"room3": 1.021119595, "room4": 0.16987787199999999, "room7": -0.200101107, "room12": -0.017247396, "room9": 0.174111485}, "spk27": {"room5": -1.018907666, "room0": -0.535747945}, "spk25": {"room1": 0.246597946}, "spk21": {"room3": 0.46245133899999996, "room4": 0.657776237, "room2": 0.470082968, "room12": 0.415927559}, "spk30": {"room4": -1.153917313, "room2": -1.323360801, "room12": -1.376315236}, "spk4": {"room6": 1.2088037729999999}, "spk14": {"room10": -0.09038197199999999}, "spk7": {"room12": 4.546854973}, "spk1": {"room5": 0.336019695, "room0": 0.33539718399999996}}}