{"meta": {"speaker": "spk7", "room": "room13"}, "data": {"spk22": {"room0": -0.340117365}, "spk10": {"room4": 0.977083266, "room12": 0.17149788100000002}, "spk18": {"room5": -1.495797515, "room0": -1.163311601, "room2": -1.142952323}, "spk29": {"room10": 1.7807629109999998}, "spk5": {"room3": 0.951622128, "room5": 0.906361222, "room0": 1.295103192}, "spk9": {"room4": 0.074423246, "room7": 0.520114422, "room10": 0.499233902, "room12": 0.38163539799999996, "room9": 0.43695372299999996}, "spk2": {"room5": 0.132483676, "room0": -0.625504375}, "spk23": {"room4": 2.43953371, "room7": 2.566627264, "room2": 0.866529703, "room10": 1.25498569, "room12": 1.939630985, "room9": 2.635948181}, "spk15": {"room10": -0.742928028}, "spk28": {"room10": -1.3116867540000001}, "spk24": {"room1": 0.94182092}, "spk12": {"room10": -1.228105783}, "spk8": {"room10": 0.695861161}, "spk17": {"room5": 1.112173319, "room0": 2.309132099}, "spk11": {"room3": -0.352807611, "room4": -0.46192959, "room7": -1.0951900479999999, "room2": -0.8986260890000001, "room12": -0.5048539639999999, "room9": -0.967785895}, "spk19": {"room4": -1.81999433, "room7": -1.571777582, "room12": -1.8722186090000001}, "spk13": {"room4": 0.236887068, "room12": -0.238823786}, "spk31": {"room10": -1.646323681}, "spk6": {"room10": 0.751319885}, "spk3": {"room3": 0.384117097, "room5": -0.370492637, "room7": 0.001406796, "room0": 0.110390216, "room2": -0.438615918, "room9": 0.608177722}, "spk0": {"room3": 0.764966369}, "spk20": {"room10": -1.067462802}, "spk26": {"room2": 1.117708683}, "spk16": {"room3": 0.8614311809999999, "room4": -0.562924922, "room7": -0.276595712, "room12": -0.667587101, "room9": 0.162567183}, "spk27": {"room5": 0.072869845, "room0": 0.188565642}, "spk25": {"room1": 1.09199214}, "spk21": {"room3": 0.336673647, "room4": -0.004385170999999999, "room2": -0.219437093, "room12": 0.444560379}, "spk30": {"room4": -1.575238109, "room2": -1.910974383, "room12": -1.769347548}, "spk4": {"room6": 0.658218026}, "spk14": {"room10": 0.311238617}, "spk7": {"room12": 4.311834812}, "spk1": {"room5": 0.141378075, "room0": 0.16324223599999999}}}