{"meta": {"speaker": "spk7", "room": "room7"}, "data": {"spk22": {"room0": -0.309513688}, "spk10": {"room4": 0.7702865, "room12": 0.114651591}, "spk18": {"room5": -1.05208075, "room0": -1.130407214, "room2": -1.122197986}, "spk29": {"room10": 2.082740784}, "spk5": {"room3": 0.7955104709999999, "room5": 0.689076364, "room0": 1.157652497}, "spk9": {"room4": 1.2079088690000002, "room7": 1.431308508, "room10": 1.0342981820000001, "room12": 0.768931448, "room9": 1.5493177180000002}, "spk2": {"room5": 0.501152277, "room0": 0.003323219}, "spk23": {"room4": 3.11572504, "room7": 3.2651450630000003, "room2": 1.481380105, "room10": 1.9111981390000001, "room12": 2.155175924, "room9": 2.889468908}, "spk15": {"room10": -0.957680047}, "spk28": {"room10": -0.9439691309999999}, "spk24": {"room1": 0.810011685}, "spk12": {"room10": -0.8742354509999999}, "spk8": {"room10": 1.062723756}, "spk17": {"room5": 1.296700358, "room0": 2.3596065040000003}, "spk11": {"room3": -0.287236422, "room4": -0.784618795, "room7": -1.043140531, "room2": -0.335066944, "room12": -0.278835595, "room9": -0.868570685}, "spk19": {"room4": -1.113236547, "room7": -1.285753489, "room12": -1.4278334380000002}, "spk13": {"room4": 0.194193155, "room12": 0.357729942}, "spk31": {"room10": -1.201497674}, "spk6": {"room10": 0.8176411990000001}, "spk3": {"room3": 0.434745014, "room5": 0.076079175, "room7": 0.601248741, "room0": 0.590427041, "room2": 0.15268853300000002, "room9": 0.914756954}, "spk0": {"room3": 0.762348354}, "spk20": {"room10": -0.47212734799999995}, "spk26": {"room2": 1.17559886}, "spk16": {"room3": 1.511020541, "room4": 0.347020239, "room7": 0.8250704409999999, "room12": -0.032995161, "room9": 1.152439833}, "spk27": {"room5": 1.164871454, "room0": 1.3236476179999999}, "spk25": {"room1": 2.003169537}, "spk21": {"room3": 0.078367881, "room4": 0.220660567, "room2": 0.26584920300000003, "room12": 0.36406606399999997}, "spk30": {"room4": -0.976191342, "room2": -1.411194801, "room12": -1.214502811}, "spk4": {"room6": 0.941069365}, "spk14": {"room10": 0.565543413}, "spk7": {"room12": 5.113491058}, "spk1": {"room5": -0.204729065, "room0": 0.657676816}}}