{"meta": {"speaker": "spk7", "room": "room7"}, "data": {"spk22": {"room0": 0.693211555}, "spk10": {"room4": 0.988703966, "room12": 0.44779557}, "spk18": {"room5": -0.934872687, "room0": -0.971191585, "room2": -0.793866992}, "spk29": {"room10": 1.596409678}, "spk5": {"room3": 0.851859212, "room5": 0.947452605, "room0": 1.199143767}, "spk9": {"room4": 0.826827943, "room7": 1.742056489, "room10": 1.511139035, "room12": 1.35065794, "room9": 2.03591156}, "spk2": {"room5": 0.655617416, "room0": 0.061101127000000005}, "spk23": {"room4": 2.443149567, "room7": 2.674810886, "room2": 1.231481791, "room10": 1.607034326, "room12": 2.430256605, "room9": 2.3301062580000003}, "spk15": {"room10": -0.779875159}, "spk28": {"room10": -0.42411217100000004}, "spk24": {"room1": 1.1746522190000002}, "spk12": {"room10": -0.485117674}, "spk8": {"room10": 1.401883245}, "spk17": {"room5": 2.252981186, "room0": 2.224207401}, "spk11": {"room3": -0.419550717, "room4": -0.698710501, "room7": -1.3680088519999998, "room2": -0.992395103, "room12": -0.6869686840000001, "room9": -0.887814164}, "spk19": {"room4": -0.768215477, "room7": -0.937305152, "room12": -1.022166371}, "spk13": {"room4": 0.738540828, "room12": 0.633166254}, "spk31": {"room10": -0.726254165}, "spk6": {"room10": 0.888090312}, "spk3": {"room3": 0.501939774, "room5": -0.069272384, "room7": 0.21122792399999998, "room0": 0.570118725, "room2": -0.009737678, "room9": 0.498297393}, "spk0": {"room3": 1.887282968}, "spk20": {"room10": -0.19263282399999998}, "spk26": {"room2": 0.980084658}, "spk16": {"room3": 1.853455424, "room4": -0.107299909, "room7": 0.9726111890000001, "room12": 0.34805998200000005, "room9": 1.1238321070000001}, "spk27": {"room5": 1.7490994930000001, "room0": 0.8965961929999999}, "spk25": {"room1": 1.5888100859999998}, "spk21": {"room3": 0.48209643399999996, "room4": 0.372314453, "room2": 0.169080943, "room12": 0.613512874}, "spk30": {"room4": -0.645999789, "room2": -1.332220912, "room12": -0.970240414}, "spk4": {"room6": 0.504872024}, "spk14": {"room10": 0.34776830700000005}, "spk7": {"room12": 3.726853132}, "spk1": {"room5": 0.132533059, "room0": 0.756893933}}}