{"meta": {"speaker": "spk7", "room": "room11"}, "data": {"spk22": {"room0": 0.398479611}, "spk10": {"room4": 1.471174955, "room12": 0.55015111}, "spk18": {"room5": -0.943039179, "room0": -0.9733547570000001, "room2": -1.2036683559999999}, "spk29": {"room10": 1.061563492}, "spk5": {"room3": 0.301916122, "room5": 0.10072397400000001, "room0": 0.252883613}, "spk9": {"room4": -0.524640083, "room7": -0.113928087, "room10": 0.311939746, "room12": 0.17311300300000002, "room9": 0.145195439}, "spk2": {"room5": 0.6487572189999999, "room0": 0.29370728100000004}, "spk23": {"room4": 1.544304967, "room7": 1.985432267, "room2": 0.47316137, "room10": 1.205180168, "room12": 1.9001640080000002, "room9": 2.133689165}, "spk15": {"room10": -0.487007618}, "spk28": {"room10": -1.419680834}, "spk24": {"room1": 0.524851263}, "spk12": {"room10": -1.3859705919999998}, "spk8": {"room10": 0.089077361}, "spk17": {"room5": 1.241637468, "room0": 1.401295781}, "spk11": {"room3": 0.711012304, "room4": 0.192915857, "room7": -0.35171666700000004, "room2": -0.103427865, "room12": 0.009049004, "room9": 0.118888065}, "spk19": {"room4": -2.045881748, "room7": -1.776046515, "room12": -1.782460809}, "spk13": {"room4": 0.569675088, "room12": -0.013608478}, "spk31": {"room10": -1.646328211}, "spk6": {"room10": 0.17013989399999999}, "spk3": {"room3": -0.7271314259999999, "room5": -0.41613990100000003, "room7": -0.248559207, "room0": -0.265618742, "room2": -0.294452101, "room9": -0.306327522}, "spk0": {"room3": -0.104721405}, "spk20": {"room10": -1.101589322}, "spk26": {"room2": 1.13700664}, "spk16": {"room3": 1.190138102, "room4": -0.697230041, "room7": -0.517675042, "room12": -0.49651858200000004, "room9": -0.417306185}, "spk27": {"room5": -1.172726154, "room0": -1.009449244}, "spk25": {"room1": 0.18639698600000001}, "spk21": {"room3": -0.238489941, "room4": 0.117603585, "room2": -0.371353507, "room12": 0.039136488}, "spk30": {"room4": -1.291166544, "room2": -1.9344642159999998, "room12": -1.5049871209999999}, "spk4": {"room6": 0.8267340059999999}, "spk14": {"room10": 0.243252948}, "spk7": {"room12": 4.132651806}, "spk1": {"room5": 0.423041135, "room0": 0.056765005}}}