{"meta": {"speaker": "spk7", "room": "room13"}, "data": {"spk22": {"room0": -0.320376754}, "spk10": {"room4": 0.597977281, "room12": -0.096194893}, "spk18": {"room5": -1.159697413, "room0": -1.107548833, "room2": -0.9499289390000001}, "spk29": {"room10": 1.223884821}, "spk5": {"room3": 0.721704662, "room5": 0.8133630159999999, "room0": 1.004862666}, "spk9": {"room4": 0.404128879, "room7": 0.22460021100000002, "room10": 0.390143752, "room12": 0.093010858, "room9": 0.779349685}, "spk2": {"room5": -0.032751989, "room0": -0.137165368}, "spk23": {"room4": 2.563681126, "room7": 2.785000324, "room2": 1.097323656, "room10": 2.190339565, "room12": 2.210164309, "room9": 2.811865568}, "spk15": {"room10": -0.25719744}, "spk28": {"room10": -0.919540942}, "spk24": {"room1": 1.276683211}, "spk12": {"room10": -0.5991174579999999}, "spk8": {"room10": 0.710489571}, "spk17": {"room5": 0.361949921, "room0": 1.280652285}, "spk11": {"room3": -0.39394292200000003, "room4": -1.033229232, "room7": -1.190951109, "room2": -0.9168436529999999, "room12": -1.028813481, "room9": -1.240254998}, "spk19": {"room4": -1.180631995, "room7": -1.323519707, "room12": -1.278424859}, "spk13": {"room4": 0.290084183, "room12": 0.41697931299999996}, "spk31": {"room10": -1.230148435}, "spk6": {"room10": 0.9017784}, "spk3": {"room3": 0.068122879, "room5": -0.352544874, "room7": -0.268109143, "room0": -0.413918912, "room2": -0.288782597, "room9": -0.24686116}, "spk0": {"room3": 0.880747378}, "spk20": {"room10": -0.411549479}, "spk26": {"room2": 2.162147045}, "spk16": {"room3": 1.03560102, "room4": -0.20034188, "room7": -0.309437633, "room12": -0.904982328, "room9": 0.235936582}, "spk27": {"room5": -0.335431814, "room0": -0.27774459100000004}, "spk25": {"room1": 0.6811776159999999}, "spk21": {"room3": 0.808921635, "room4": 0.34986576399999997, "room2": -0.132179454, "room12": 0.279230535}, "spk30": {"room4": -0.96714586, "room2": -1.299602985, "room12": -1.222207427}, "spk4": {"room6": 1.105646133}, "spk14": {"room10": 0.5958383079999999}, "spk7": {"room12": 4.281212807}, "spk1": {"room5": -0.090557605, "room0": -0.05105672}}}