{"meta": {"speaker": "spk7", "room": "room11"}, "data": {"spk22": {"room0": -0.023033045}, "spk10": {"room4": 1.231940985, "room12": 0.667030394}, "spk18": {"room5": -0.679662764, "room0": -0.808456779, "room2": -0.804807365}, "spk29": {"room10": 0.50284487}, "spk5": {"room3": 1.268478274, "room5": 0.8232083920000001, "room0": 1.2106150390000001}, "spk9": {"room4": -0.027379364, "room7": 0.055882361, "room10": 0.18386904899999998, "room12": 0.36180952200000005, "room9": 0.232749134}, "spk2": {"room5": 0.204527259, "room0": 0.725722075}, "spk23": {"room4": 1.468571901, "room7": 1.85626936, "room2": 0.412414134, "room10": 2.0568590159999998, "room12": 1.5142633909999998, "room9": 1.738262415}, "spk15": {"room10": 0.5594275}, "spk28": {"room10": -0.662620306}, "spk24": {"room1": 1.040357232}, "spk12": {"room10": -0.836141109}, "spk8": {"room10": 0.9492170209999999}, "spk17": {"room5": 1.191268325, "room0": 0.800962985}, "spk11": {"room3": -0.7210102079999999, "room4": -0.34464579799999995, "room7": -0.807561159, "room2": -1.143400192, "room12": -0.7037628890000001, "room9": -0.513308883}, "spk19": {"room4": -1.288925648, "room7": -1.316286683, "room12": -1.124094963}, "spk13": {"room4": 0.350547671, "room12": -0.258401662}, "spk31": {"room10": -1.076513529}, "spk6": {"room10": 1.288964033}, "spk3": {"room3": -0.22994697100000003, "room5": -0.24304819100000002, "room7": -0.196555838, "room0": -0.060106579, "room2": -0.108957328, "room9": -0.059078328}, "spk0": {"room3": 0.293718249}, "spk20": {"room10": -0.391290784}, "spk26": {"room2": 1.12125349}, "spk16": {"room3": 0.884109378, "room4": 0.229004815, "room7": -0.330945253, "room12": -0.616583884, "room9": 0.35389334}, "spk27": {"room5": -0.906545877, "room0": -1.167438865}, "spk25": {"room1": 0.576659024}, "spk21": {"room3": -0.18853515399999998, "room4": -0.08100478400000001, "room2": -0.30946788199999997, "room12": -0.36439636299999995}, "spk30": {"room4": -1.073794842, "room2": -1.550134778, "room12": -1.085406661}, "spk4": {"room6": 1.351908684}, "spk14": {"room10": 0.511985183}, "spk7": {"room12": 4.556789398}, "spk1": {"room5": -0.328784525, "room0": -0.018511362}}}