{"meta": {"speaker": "spk7", "room": "room12"}, "data": {"spk22": {"room0": 0.552903116}, "spk10": {"room4": 1.1902142759999998, "room12": 0.807415366}, "spk18": {"room5": -0.718375742, "room0": -0.645600498, "room2": -0.75681293}, "spk29": {"room10": 1.4825451369999998}, "spk5": {"room3": 0.720914066, "room5": 0.024478287, "room0": 0.239951551}, "spk9": {"room4": 0.23611153699999998, "room7": 0.23599684199999998, "room10": 0.6581494210000001, "room12": 0.961868286, "room9": 0.7023249859999999}, "spk2": {"room5": 1.201891065, "room0": 1.0838850740000001}, "spk23": {"room4": 2.4891040330000003, "room7": 2.834827185, "room2": 1.207404852, "room10": 1.67006433, "room12": 2.114851236, "room9": 2.993241787}, "spk15": {"room10": -0.338511616}, "spk28": {"room10": -0.7417398690000001}, "spk24": {"room1": 1.429012775}, "spk12": {"room10": -0.543568432}, "spk8": {"room10": 0.795594513}, "spk17": {"room5": 1.016169906, "room0": 1.767154694}, "spk11": {"room3": -0.069920667, "room4": 0.083683997, "room7": -0.48535090700000005, "room2": -0.38162151, "room12": -0.25171262, "room9": 0.010134162}, "spk19": {"room4": -1.016835213, "room7": -1.121973157, "room12": -1.090591073}, "spk13": {"room4": 0.850619435, "room12": 0.419017136}, "spk31": {"room10": -1.156306028}, "spk6": {"room10": 0.552770317}, "spk3": {"room3": -0.033023313, "room5": 0.325218409, "room7": 1.046959996, "room0": 0.7498008009999999, "room2": 1.028927207, "room9": 1.055632472}, "spk0": {"room3": 0.6969303490000001}, "spk20": {"room10": -0.641925752}, "spk26": {"room2": 2.114413738}, "spk16": {"room3": 2.367172241, "room4": 0.538260937, "room7": 1.177136779, "room12": -0.004362963, "room9": 1.160370588}, "spk27": {"room5": -0.5361801979999999, "room0": -0.30207306100000003}, "spk25": {"room1": 1.425202012}, "spk21": {"room3": 0.15253883599999998, "room4": 0.569947839, "room2": 0.04581356, "room12": 0.238651812}, "spk30": {"room4": -1.054600716, "room2": -1.18384552, "room12": -1.140339375}, "spk4": {"room6": 1.290784836}, "spk14": {"room10": 0.686829865}, "spk7": {"room12": 6.2332143779999996}, "spk1": {"room5": 0.546011984, "room0": 1.233885407}}}