{"meta": {"speaker": "spk7", "room": "room13"}, "data": {"spk22": {"room0": -0.09602872300000001}, "spk10": {"room4": 0.73079586, "room12": 0.406645805}, "spk18": {"room5": -1.018577099, "room0": -0.810170352, "room2": -0.947666287}, "spk29": {"room10": 1.600919485}, "spk5": {"room3": 0.37727543700000005, "room5": 0.534624577, "room0": 0.853924811}, "spk9": {"room4": 0.447676301, "room7": 0.383245677, "room10": 0.41537565, "room12": 0.290091932, "room9": 0.38598606}, "spk2": {"room5": -0.33566007, "room0": -0.5551673770000001}, "spk23": {"room4": 1.458368301, "room7": 2.053964138, "room2": 0.58892101, "room10": 0.852478445, "room12": 1.2751029729999999, "room9": 1.854986906}, "spk15": {"room10": -0.1049558}, "spk28": {"room10": -1.152253866}, "spk24": {"room1": 0.12718622400000001}, "spk12": {"room10": -0.363017201}, "spk8": {"room10": 0.8102456929999999}, "spk17": {"room5": 0.892933547, "room0": 1.288175941}, "spk11": {"room3": -0.149750382, "room4": -0.434489965, "room7": -0.708281815, "room2": -0.778474808, "room12": -0.7811282279999999, "room9": -0.7912694809999999}, "spk19": {"room4": -1.06992197, "room7": -1.327978611, "room12": -1.275923729}, "spk13": {"room4": -0.20213893100000002, "room12": -0.091050729}, "spk31": {"room10": -1.3832409380000001}, "spk6": {"room10": 0.629660845}, "spk3": {"room3": 0.009264709, "room5": 0.076887257, "room7": -0.312312186, "room0": -0.12471000900000001, "room2": 0.079420052, "room9": -0.091946945}, "spk0": {"room3": 0.9853301640000001}, "spk20": {"room10": -0.519765139}, "spk26": {"room2": 1.5048685069999999}, "spk16": {"room3": 0.689652622, "room4": -0.321491122, "room7": -0.215212286, "room12": -0.18676874, "room9": -0.180156037}, "spk27": {"room5": -0.069611095, "room0": -0.274339288}, "spk25": {"room1": 0.641324699}, "spk21": {"room3": 0.488678217, "room4": -0.049852487, "room2": -0.23030178199999998, "room12": 0.070746511}, "spk30": {"room4": -1.320564985, "room2": -1.6359689240000002, "room12": -1.441280365}, "spk4": {"room6": 0.364091784}, "spk14": {"room10": -0.037729572999999995}, "spk7": {"room12": 4.155100822}, "spk1": {"room5": -0.14139331900000002, "room0": 0.064980075}}}