{"meta": {"speaker": "spk7", "room": "room11"}, "data": {"spk22": {"room0": 0.31825006}, "spk10": {"room4": 0.803510308, "room12": 0.126602829}, "spk18": {"room5": -1.012239695, "room0": -0.868245363, "room2": -1.064738631}, "spk29": {"room10": 0.186910838}, "spk5": {"room3": -0.106888779, "room5": 0.13312184800000001, "room0": 0.591075301}, "spk9": {"room4": 0.591168344, "room7": 0.39177620399999996, "room10": 0.177239344, "room12": 0.559248269, "room9": 0.35172987}, "spk2": {"room5": 0.176575407, "room0": 0.44960320000000004}, "spk23": {"room4": 1.478196859, "room7": 1.739966989, "room2": 0.593096256, "room10": 1.299720645, "room12": 1.1574782129999999, "room9": 1.309844494}, "spk15": {"room10": 0.520035088}, "spk28": {"room10": -0.8018620009999999}, "spk24": {"room1": 0.47188389299999994}, "spk12": {"room10": -0.692273378}, "spk8": {"room10": 0.9133195279999999}, "spk17": {"room5": 0.932128787, "room0": 1.029667497}, "spk11": {"room3": 0.208532721, "room4": -0.210834667, "room7": -0.43738994, "room2": -0.371510237, "room12": -0.48553887, "room9": -0.37207481299999995}, "spk19": {"room4": -1.39971602, "room7": -1.3974375719999999, "room12": -1.342893004}, "spk13": {"room4": 0.009933171, "room12": -0.5485743279999999}, "spk31": {"room10": -1.146745205}, "spk6": {"room10": 1.033210516}, "spk3": {"room3": -0.376567483, "room5": -0.23047536600000001, "room7": 0.065285489, "room0": -0.351999104, "room2": -0.403804094, "room9": -0.573338687}, "spk0": {"room3": 0.493653446}, "spk20": {"room10": -0.298442304}, "spk26": {"room2": 1.132051587}, "spk16": {"room3": 1.203897715, "room4": 0.068771474, "room7": -0.406791091, "room12": -0.51719898, "room9": 0.03260307}, "spk27": {"room5": -0.438993096, "room0": -0.731121302}, "spk25": {"room1": 0.392022699}, "spk21": {"room3": -0.42924583, "room4": -0.25602847300000003, "room2": -0.320215255, "room12": -0.09440206}, "spk30": {"room4": -1.08719039, "room2": -1.5394244190000002, "room12": -1.2274899479999999}, "spk4": {"room6": 0.917916596}, "spk14": {"room10": 0.193341032}, "spk7": {"room12": 4.2124652860000005}, "spk1": {"room5": -0.152038738, "room0": -0.27118682899999996}}}