{"meta": {"speaker": "spk7", "room": "room13"}, "data": {"spk22": {"room0": 0.123020925}, "spk10": {"room4": 1.440833807, "room12": 0.257407129}, "spk18": {"room5": -1.165687323, "room0": -1.017609119, "room2": -0.775115311}, "spk29": {"room10": 1.5397120709999998}, "spk5": {"room3": 0.296325684, "room5": 0.943089485, "room0": 0.310366094}, "spk9": {"room4": 0.247296378, "room7": 0.313432217, "room10": 0.9417858720000001, "room12": 0.586020887, "room9": 0.669632792}, "spk2": {"room5": 0.070737109, "room0": -0.460647404}, "spk23": {"room4": 1.300057292, "room7": 2.096349478, "room2": 0.327747107, "room10": 0.555939674, "room12": 1.799925685, "room9": 2.054900408}, "spk15": {"room10": -0.462545186}, "spk28": {"room10": -1.069666982}, "spk24": {"room1": 0.08102060900000001}, "spk12": {"room10": -1.393271446}, "spk8": {"room10": 0.5651656389999999}, "spk17": {"room5": 0.707070827, "room0": 1.679026127}, "spk11": {"room3": 0.531548738, "room4": -0.40817064, "room7": -0.515994966, "room2": -0.09081866599999999, "room12": -0.39448145, "room9": -0.565959632}, "spk19": {"room4": -1.481045365, "room7": -1.556100249, "room12": -1.745284677}, "spk13": {"room4": 0.111510724, "room12": -0.296553761}, "spk31": {"room10": -1.559949756}, "spk6": {"room10": 0.041037067999999996}, "spk3": {"room3": -0.059003044000000004, "room5": -0.25931707, "room7": 0.560293496, "room0": 0.7503262159999999, "room2": 0.266851157, "room9": 0.640694201}, "spk0": {"room3": -0.202773869}, "spk20": {"room10": -0.8403023479999999}, "spk26": {"room2": 0.874034166}, "spk16": {"room3": 1.197670579, "room4": -0.254172564, "room7": -0.711748004, "room12": -0.46093475799999994, "room9": -0.022541055}, "spk27": {"room5": -0.31345602899999997, "room0": 0.015384014}, "spk25": {"room1": 0.818273723}, "spk21": {"room3": 0.017639704, "room4": 0.27009621300000003, "room2": 0.200261995, "room12": 0.695686638}, "spk30": {"room4": -1.4967006440000001, "room2": -1.8696254490000002, "room12": -1.891953349}, "spk4": {"room6": 0.551057875}, "spk14": {"room10": -0.320404798}, "spk7": {"room12": 4.380271435}, "spk1": {"room5": -0.167187527, "room0": -0.15962147699999998}}}