{"meta": {"speaker": "spk7", "room": "room13"}, "data": {"spk22": {"room0": -0.035835083999999996}, "spk10": {"room4": 1.284952879, "room12": 0.312286943}, "spk18": {"room5": -1.316090345, "room0": -1.3638598919999998, "room2": -1.02316606}, "spk29": {"room10": 1.5304213759999998}, "spk5": {"room3": 0.660799146, "room5": 0.973394871, "room0": 1.145674109}, "spk9": {"room4": -0.10329596, "room7": -0.12253847, "room10": 0.19498529999999997, "room12": -0.12149377900000001, "room9": 0.001553079}, "spk2": {"room5": -0.138537109, "room0": -0.39821150899999996}, "spk23": {"room4": 1.58277607, "room7": 2.210695982, "room2": 0.399946898, "room10": 0.7366170879999999, "room12": 1.253017068, "room9": 2.44584775}, "spk15": {"room10": -0.175403967}, "spk28": {"room10": -1.189863563}, "spk24": {"room1": 0.5595541}, "spk12": {"room10": -0.8786113259999999}, "spk8": {"room10": 0.9722748990000001}, "spk17": {"room5": 1.2267153259999999, "room0": 1.27365768}, "spk11": {"room3": 0.07767342, "room4": -0.950453401, "room7": -1.017235518, "room2": -0.941515565, "room12": -0.875403285, "room9": -0.970671952}, "spk19": {"room4": -1.391920805, "room7": -1.533759356, "room12": -1.775424719}, "spk13": {"room4": 0.0033915890000000004, "room12": 0.159130275}, "spk31": {"room10": -1.500216961}, "spk6": {"room10": 0.583556175}, "spk3": {"room3": 0.05681674900000001, "room5": -0.050120674000000004, "room7": 0.17372334, "room0": -0.12357801199999999, "room2": 0.081726246, "room9": 0.191475376}, "spk0": {"room3": 0.8165836329999999}, "spk20": {"room10": -0.537245929}, "spk26": {"room2": 1.594728708}, "spk16": {"room3": 1.232544661, "room4": -0.48515474799999997, "room7": -0.224654883, "room12": -0.225350291, "room9": -0.013663695}, "spk27": {"room5": -0.172293022, "room0": -0.24185566600000002}, "spk25": {"room1": 1.288550735}, "spk21": {"room3": 0.564326286, "room4": 0.57757318, "room2": 0.285311043, "room12": 0.531815529}, "spk30": {"room4": -1.524557352, "room2": -1.8467228409999998, "room12": -1.6553089619999999}, "spk4": {"room6": 0.352412581}, "spk14": {"room10": 0.102922797}, "spk7": {"room12": 4.05033493}, "spk1": {"room5": -0.500741005, "room0": -0.35686942899999996}}}