{"meta": {"speaker": "spk7", "room": "room11"}, "data": {"spk22": {"room0": 0.111178979}, "spk10": {"room4": 1.352466226, "room12": 0.820678294}, "spk18": {"room5": -0.98885709, "room0": -1.041645765, "room2": -0.993944347}, "spk29": {"room10": 1.2475214}, "spk5": {"room3": 0.003589851, "room5": -0.666376352, "room0": 0.187117115}, "spk9": {"room4": -0.33223924, "room7": 0.69572109, "room10": 0.418565571, "room12": 0.300214767, "room9": 0.102978215}, "spk2": {"room5": 1.195027947, "room0": 0.036126446}, "spk23": {"room4": 1.326154709, "room7": 1.201314569, "room2": 1.006528616, "room10": 1.246194959, "room12": 1.370271325, "room9": 1.2767831090000001}, "spk15": {"room10": -1.062136531}, "spk28": {"room10": -1.1178891659999999}, "spk24": {"room1": 0.373056591}, "spk12": {"room10": -1.185311794}, "spk8": {"room10": 0.8430211540000001}, "spk17": {"room5": 0.59631604, "room0": 1.361495495}, "spk11": {"room3": -0.17464639199999998, "room4": -0.297713995, "room7": -0.95752573, "room2": -0.282838702, "room12": -0.27407223, "room9": -0.50714916}, "spk19": {"room4": -1.81511569, "room7": -1.918223143, "room12": -1.872627258}, "spk13": {"room4": 0.273950338, "room12": -0.67684561}, "spk31": {"room10": -1.507753611}, "spk6": {"room10": 0.8201189040000001}, "spk3": {"room3": 0.117384784, "room5": -0.079227917, "room7": -0.466901749, "room0": 0.063367844, "room2": -0.081639066, "room9": -0.282584816}, "spk0": {"room3": -0.48088598299999996}, "spk20": {"room10": -0.56065762}, "spk26": {"room2": 1.585710764}, "spk16": {"room3": 0.7356868390000001, "room4": -0.405038267, "room7": 0.7700545190000001, "room12": 0.329494804, "room9": -0.0022951}, "spk27": {"room5": -1.16051209, "room0": -0.547265649}, "spk25": {"room1": 0.377041876}, "spk21": {"room3": 0.24326141199999998, "room4": -0.876718283, "room2": -0.457964957, "room12": -0.787353396}, "spk30": {"room4": -1.3373481040000001, "room2": -1.654232502, "room12": -1.436918259}, "spk4": {"room6": 1.099875331}, "spk14": {"room10": 0.35021144200000004}, "spk7": {"room12": 3.6197242739999997}, "spk1": {"room5": -0.19456239, "room0": -0.237953991}}}