{"meta": {"speaker": "spk7", "room": "room13"}, "data": {"spk22": {"room0": -0.024695769}, "spk10": {"room4": 1.2880809309999999, "room12": 0.93315655}, "spk18": {"room5": -0.805333078, "room0": -0.730606854, "room2": -0.67227459}, "spk29": {"room10": 1.808959126}, "spk5": {"room3": 1.56222105, "room5": 1.472844124, "room0": 1.257401943}, "spk9": {"room4": 0.35812088799999997, "room7": 0.49757516399999996, "room10": 0.551972389, "room12": 0.8361539840000001, "room9": 0.464031935}, "spk2": {"room5": 0.006376885, "room0": -0.19308029100000001}, "spk23": {"room4": 1.878963709, "room7": 2.3157868390000003, "room2": 0.923270226, "room10": 1.6728924509999998, "room12": 1.977668285, "room9": 2.06327796}, "spk15": {"room10": 0.298096448}, "spk28": {"room10": -1.137180686}, "spk24": {"room1": 0.36217171}, "spk12": {"room10": -0.56307137}, "spk8": {"room10": 1.226641417}, "spk17": {"room5": 1.314676404, "room0": 1.7651020290000001}, "spk11": {"room3": -0.29146367300000003, "room4": -0.581688404, "room7": -0.85157305, "room2": -0.630804837, "room12": -0.7492528559999999, "room9": -1.013502121}, "spk19": {"room4": -1.072862148, "room7": -1.321271658, "room12": -1.174043298}, "spk13": {"room4": 0.550423086, "room12": 0.163710669}, "spk31": {"room10": -0.859556615}, "spk6": {"room10": 0.979566157}, "spk3": {"room3": 0.00927546, "room5": -0.23271003399999998, "room7": -0.360126913, "room0": -0.408827424, "room2": 0.296256602, "room9": -0.37589511299999995}, "spk0": {"room3": 0.7099030609999999}, "spk20": {"room10": -0.107266739}, "spk26": {"room2": 1.31661737}, "spk16": {"room3": 0.708128035, "room4": -0.24664193399999998, "room7": -0.8183290959999999, "room12": -0.34187147, "room9": -0.35284549}, "spk27": {"room5": -0.668951809, "room0": -0.562224984}, "spk25": {"room1": 0.8558520079999999}, "spk21": {"room3": 0.662330985, "room4": 0.717607021, "room2": 0.547206461, "room12": 0.5871710179999999}, "spk30": {"room4": -1.082535028, "room2": -1.458773255, "room12": -1.354286313}, "spk4": {"room6": 1.3853124380000001}, "spk14": {"room10": 0.046574581}, "spk7": {"room12": 4.254858494}, "spk1": {"room5": -0.506009996, "room0": -0.415235966}}}