{"meta": {"speaker": "spk7", "room": "room7"}, "data": {"spk22": {"room0": -0.291941077}, "spk10": {"room4": 0.81459254, "room12": 0.332847297}, "spk18": {"room5": -0.97360146, "room0": -0.9696879979999999, "room2": -0.824193418}, "spk29": {"room10": 1.4761646990000001}, "spk5": {"room3": 0.575748742, "room5": 0.654800892, "room0": 1.332609057}, "spk9": {"room4": 0.74926281, "room7": 1.170826435, "room10": 1.046531439, "room12": 0.721750379, "room9": 1.181134105}, "spk2": {"room5": 0.736026347, "room0": 0.45978760700000004}, "spk23": {"room4": 3.0247588160000003, "room7": 2.701474428, "room2": 1.638074517, "room10": 1.3634876009999999, "room12": 1.803290129, "room9": 2.8810012339999997}, "spk15": {"room10": -0.751541615}, "spk28": {"room10": -0.536956668}, "spk24": {"room1": 0.810045481}, "spk12": {"room10": -0.47881004200000005}, "spk8": {"room10": 1.680449605}, "spk17": {"room5": 2.02611351, "room0": 2.476266384}, "spk11": {"room3": -0.741850078, "room4": -1.083592057, "room7": -1.62792635, "room2": -1.388673544, "room12": -0.863319576, "room9": -1.4290348290000001}, "spk19": {"room4": -1.010249853, "room7": -1.025907397, "room12": -0.94537878}, "spk13": {"room4": 0.436513603, "room12": 0.33612957600000004}, "spk31": {"room10": -0.806070805}, "spk6": {"room10": 1.305910945}, "spk3": {"room3": 0.066473112, "room5": 0.023126811, "room7": -0.117034011, "room0": 0.151705697, "room2": -0.288136214, "room9": 0.296191871}, "spk0": {"room3": 0.697852612}, "spk20": {"room10": -0.092703566}, "spk26": {"room2": 1.233611465}, "spk16": {"room3": 0.39875596799999996, "room4": -0.41436085100000003, "room7": 0.247109845, "room12": 0.144143522, "room9": 0.49853634799999996}, "spk27": {"room5": 0.855982602, "room0": 0.652345538}, "spk25": {"room1": 2.0185387130000003}, "spk21": {"room3": 0.15375240099999998, "room4": 0.809191227, "room2": 0.759249568, "room12": 0.8976714020000001}, "spk30": {"room4": -0.870752573, "room2": -1.5549246069999998, "room12": -1.02307725}, "spk4": {"room6": 0.968931496}, "spk14": {"room10": 0.617810369}, "spk7": {"room12": 5.5110974310000005}, "spk1": {"room5": -0.0793515, "room0": 0.000424589}}}