{"meta": {"speaker": "spk7", "room": "room7"}, "data": {"spk22": {"room0": -0.48569294799999996}, "spk10": {"room4": 1.221772313, "room12": 0.34539777}, "spk18": {"room5": -1.100566268, "room0": -1.198803425, "room2": -0.901972413}, "spk29": {"room10": 1.739117384}, "spk5": {"room3": 0.999498606, "room5": 1.119618773, "room0": 1.4749205109999999}, "spk9": {"room4": 0.331242204, "room7": 0.76726979, "room10": 0.792332113, "room12": 0.43184030100000004, "room9": 0.811908662}, "spk2": {"room5": -0.154439375, "room0": -0.387702614}, "spk23": {"room4": 2.989134312, "room7": 2.8828756810000002, "room2": 1.179149508, "room10": 1.644531727, "room12": 1.763986945, "room9": 2.4611008169999997}, "spk15": {"room10": -0.5146967170000001}, "spk28": {"room10": -0.9158012870000001}, "spk24": {"room1": 0.7741527559999999}, "spk12": {"room10": -0.884327888}, "spk8": {"room10": 0.985565782}, "spk17": {"room5": 1.423023462, "room0": 2.100681305}, "spk11": {"room3": -0.342821151, "room4": -0.939187109, "room7": -1.298283219, "room2": -0.623962581, "room12": -0.677806079, "room9": -1.132753968}, "spk19": {"room4": -1.046819329, "room7": -0.989453912, "room12": -1.11755538}, "spk13": {"room4": -0.273937851, "room12": 0.0037098659999999996}, "spk31": {"room10": -1.043001056}, "spk6": {"room10": 0.993206024}, "spk3": {"room3": 0.24148649, "room5": -0.326432645, "room7": -0.020280989, "room0": -0.142170191, "room2": -0.156855658, "room9": 0.37321609299999997}, "spk0": {"room3": 0.565837324}, "spk20": {"room10": -0.38489660600000003}, "spk26": {"room2": 1.20457387}, "spk16": {"room3": 0.891504765, "room4": -0.324156791, "room7": 0.123869039, "room12": -0.289164543, "room9": 0.09970112099999999}, "spk27": {"room5": 0.349426031, "room0": 0.405144691}, "spk25": {"room1": 1.76482296}, "spk21": {"room3": 0.23865729600000002, "room4": -0.0061590759999999994, "room2": 0.141982257, "room12": 0.33703330200000003}, "spk30": {"room4": -1.0055691, "room2": -1.29578948, "room12": -1.165382028}, "spk4": {"room6": 1.2332198620000001}, "spk14": {"room10": 0.31121248}, "spk7": {"room12": 5.524114132}, "spk1": {"room5": -0.266579986, "room0": -0.109156869}}}