{"meta": {"speaker": "spk7", "room": "room11"}, "data": {"spk22": {"room0": 0.351619512}, "spk10": {"room4": 1.279641271, "room12": 0.546615481}, "spk18": {"room5": -1.209224939, "room0": -1.2805691959999999, "room2": -1.134730577}, "spk29": {"room10": 0.710117221}, "spk5": {"room3": -0.572597444, "room5": -0.809865475, "room0": 0.133405238}, "spk9": {"room4": -0.109680369, "room7": 0.12771554300000001, "room10": 0.348777711, "room12": 0.23518927399999998, "room9": -0.170032978}, "spk2": {"room5": 0.003747978, "room0": -0.104358509}, "spk23": {"room4": 1.5228592159999998, "room7": 1.233647227, "room2": 0.708801985, "room10": 1.271908998, "room12": 1.4920529130000002, "room9": 1.178507447}, "spk15": {"room10": -0.82813406}, "spk28": {"room10": -1.142510653}, "spk24": {"room1": 0.27232945}, "spk12": {"room10": -1.317861557}, "spk8": {"room10": 0.639080048}, "spk17": {"room5": 0.18625567899999998, "room0": 0.636998296}, "spk11": {"room3": -0.441933155, "room4": -0.579357624, "room7": -1.229395032, "room2": -0.7750345470000001, "room12": -0.67486614, "room9": -0.334374011}, "spk19": {"room4": -2.059171915, "room7": -2.055508852, "room12": -1.9159654380000002}, "spk13": {"room4": 0.571419597, "room12": -0.13169463}, "spk31": {"room10": -1.5428296330000002}, "spk6": {"room10": 0.7184465529999999}, "spk3": {"room3": -0.313612789, "room5": -0.444080621, "room7": -0.49263462399999997, "room0": -0.260056913, "room2": -0.204293132, "room9": -0.13664721}, "spk0": {"room3": -0.533064902}, "spk20": {"room10": -0.7539664509999999}, "spk26": {"room2": 1.0730761290000002}, "spk16": {"room3": 0.38662409799999997, "room4": -0.48923763600000003, "room7": -0.034658469, "room12": -0.06580276, "room9": -0.25561431100000004}, "spk27": {"room5": -1.102080703, "room0": -0.8801404829999999}, "spk25": {"room1": 0.09996207800000001}, "spk21": {"room3": -0.196881965, "room4": -0.678047299, "room2": -0.454481065, "room12": -0.787386715}, "spk30": {"room4": -1.2832443709999999, "room2": -1.89730978, "room12": -1.318179011}, "spk4": {"room6": 0.981530428}, "spk14": {"room10": 0.762319326}, "spk7": {"room12": 3.236109495}, "spk1": {"room5": -0.047580041, "room0": 0.067965761}}}