{"meta": {"speaker": "spk7", "room": "room11"}, "data": {"spk22": {"room0": 1.5778723959999998}, "spk10": {"room4": 1.9214111569999999, "room12": 1.197216749}, "spk18": {"room5": -0.924628198, "room0": -1.0342304709999999, "room2": -0.971365988}, "spk29": {"room10": 1.544186115}, "spk5": {"room3": 0.627073824, "room5": 0.295689821, "room0": 0.687449396}, "spk9": {"room4": -0.06390231099999999, "room7": 0.546383262, "room10": 0.574952424, "room12": 0.7223256229999999, "room9": 0.19264559399999998}, "spk2": {"room5": 0.843174458, "room0": -0.441229194}, "spk23": {"room4": 1.82410264, "room7": 2.735185385, "room2": 1.075226665, "room10": 1.723819613, "room12": 1.733129978, "room9": 2.110747099}, "spk15": {"room10": -0.9276877640000001}, "spk28": {"room10": -1.0697776079999999}, "spk24": {"room1": 1.6667082309999999}, "spk12": {"room10": -1.242660761}, "spk8": {"room10": 0.913490117}, "spk17": {"room5": 1.733960509, "room0": 1.737340093}, "spk11": {"room3": -0.037336756, "room4": -0.049678825, "room7": -0.7082023620000001, "room2": -0.30250158899999996, "room12": -0.312595069, "room9": 0.213447064}, "spk19": {"room4": -1.9439423080000002, "room7": -1.7215178009999998, "room12": -1.954967022}, "spk13": {"room4": 1.104529023, "room12": -0.266175032}, "spk31": {"room10": -1.664490581}, "spk6": {"room10": 1.081255317}, "spk3": {"room3": -0.21627076, "room5": -0.35236907, "room7": 0.429400235, "room0": -0.056678332000000005, "room2": -0.044604022, "room9": 0.15353609599999998}, "spk0": {"room3": -0.47141796399999997}, "spk20": {"room10": -0.645684361}, "spk26": {"room2": 1.000242233}, "spk16": {"room3": 0.79731065, "room4": -0.666815996, "room7": 0.339486182, "room12": -0.016078331, "room9": -0.050615005}, "spk27": {"room5": -0.7232609990000001, "room0": -0.529872715}, "spk25": {"room1": 1.031368375}, "spk21": {"room3": 0.006095522, "room4": -0.012817465, "room2": -0.255457163, "room12": -0.691304147}, "spk30": {"room4": -1.47117722, "room2": -1.754668355, "room12": -1.468803406}, "spk4": {"room6": 1.91965723}, "spk14": {"room10": 0.8764047620000001}, "spk7": {"room12": 4.287134647}, "spk1": {"room5": -0.217878565, "room0": -0.338081181}}}