{"meta": {"speaker": "spk7", "room": "room12"}, "data": {"spk22": {"room0": 0.144546375}, "spk10": {"room4": 0.600018442, "room12": 0.33349871600000003}, "spk18": {"room5": -0.353806525, "room0": -0.539245367, "room2": -0.5195709470000001}, "spk29": {"room10": 2.041478634}, "spk5": {"room3": 1.8313102719999999, "room5": 1.448850989, "room0": 1.798642755}, "spk9": {"room4": -0.460889548, "room7": 0.031166559, "room10": 0.727112949, "room12": 0.312202424, "room9": 0.21408847}, "spk2": {"room5": -0.15906605099999999, "room0": 0.069808654}, "spk23": {"room4": 2.9449849130000003, "room7": 2.277620316, "room2": 1.6596461530000002, "room10": 1.3665299419999999, "room12": 1.9457786080000001, "room9": 2.617677927}, "spk15": {"room10": -0.728090644}, "spk28": {"room10": -0.51832974}, "spk24": {"room1": 0.844370902}, "spk12": {"room10": -0.212843791}, "spk8": {"room10": -0.121331207}, "spk17": {"room5": 0.704201758, "room0": 1.03185606}, "spk11": {"room3": -0.23333874300000002, "room4": -0.7336941359999999, "room7": -1.234828353, "room2": -0.451084703, "room12": -0.697867453, "room9": -0.382866085}, "spk19": {"room4": -0.915165305, "room7": -0.994832873, "room12": -0.847575128}, "spk13": {"room4": 0.572358072, "room12": 0.795728385}, "spk31": {"room10": -0.951472104}, "spk6": {"room10": 0.604590952}, "spk3": {"room3": 0.944773257, "room5": 0.43858426799999994, "room7": 0.347232372, "room0": 0.374008775, "room2": 1.34630549, "room9": 0.872603059}, "spk0": {"room3": 0.6963807340000001}, "spk20": {"room10": -0.319180757}, "spk26": {"room2": 2.316771507}, "spk16": {"room3": 2.215360165, "room4": 0.145578116, "room7": 0.911991179, "room12": -0.12264774699999999, "room9": 1.5518103840000002}, "spk27": {"room5": -0.534367502, "room0": -0.265415639}, "spk25": {"room1": 1.6060971019999999}, "spk21": {"room3": 0.872345626, "room4": 1.364225864, "room2": 0.316918314, "room12": 0.6442219610000001}, "spk30": {"room4": -0.826696694, "room2": -1.06398201, "room12": -1.072563291}, "spk4": {"room6": 1.3629839419999998}, "spk14": {"room10": 0.524960399}, "spk7": {"room12": 5.096770287}, "spk1": {"room5": -0.428127795, "room0": 0.479596972}}}