{"meta": {"speaker": "spk7", "room": "room13"}, "data": {"spk22": {"room0": -0.153943792}, "spk10": {"room4": 1.462493539, "room12": 0.82578218}, "spk18": {"room5": -0.735405445, "room0": -0.6815690990000001, "room2": -0.601751268}, "spk29": {"room10": 0.979758263}, "spk5": {"room3": 0.5362276429999999, "room5": 0.36538431, "room0": 0.881591082}, "spk9": {"room4": -0.150122836, "room7": 0.6013777260000001, "room10": 0.31039965199999997, "room12": 0.334114939, "room9": 0.333714634}, "spk2": {"room5": 0.25396356, "room0": 0.372113705}, "spk23": {"room4": 1.6400531530000002, "room7": 1.5267900230000002, "room2": 1.130611181, "room10": 1.8977788690000001, "room12": 1.4545284509999998, "room9": 1.529791713}, "spk15": {"room10": 0.103260025}, "spk28": {"room10": -0.917391539}, "spk24": {"room1": 0.255565196}, "spk12": {"room10": -0.7780253890000001}, "spk8": {"room10": 1.7085911040000001}, "spk17": {"room5": 0.946795285, "room0": 1.146661401}, "spk11": {"room3": -1.006022215, "room4": -1.082049131, "room7": -1.370530009, "room2": -1.226508498, "room12": -1.026389599, "room9": -1.16498065}, "spk19": {"room4": -1.8176647419999998, "room7": -1.6160887480000001, "room12": -1.62191093}, "spk13": {"room4": 1.0475353, "room12": -0.19988229899999999}, "spk31": {"room10": -1.3306356670000001}, "spk6": {"room10": 1.417457938}, "spk3": {"room3": -0.15394386599999998, "room5": -0.292002887, "room7": -0.350903034, "room0": -0.040051579, "room2": -0.251310557, "room9": 0.040981457}, "spk0": {"room3": 0.038854074}, "spk20": {"room10": -0.767342865}, "spk26": {"room2": 1.089673281}, "spk16": {"room3": 0.307036757, "room4": -0.7028156520000001, "room7": -0.747455001, "room12": -0.905449748, "room9": -0.35844346899999996}, "spk27": {"room5": -0.448142916, "room0": -0.426849484}, "spk25": {"room1": 1.012249947}, "spk21": {"room3": 0.281809837, "room4": -0.048776183, "room2": -0.5250952839999999, "room12": 0.0037777220000000003}, "spk30": {"room4": -1.318718433, "room2": -1.794915676, "room12": -1.492220163}, "spk4": {"room6": 1.667524815}, "spk14": {"room10": 0.6598747970000001}, "spk7": {"room12": 4.956537247}, "spk1": {"room5": -0.622493505, "room0": -0.6762579679999999}}}