{"meta": {"speaker": "spk7", "room": "room11"}, "data": {"spk22": {"room0": 0.155997425}, "spk10": {"room4": 1.288621545, "room12": 1.1238607170000001}, "spk18": {"room5": -0.574074209, "room0": -0.5749523639999999, "room2": -0.7675468329999999}, "spk29": {"room10": 1.8223896030000002}, "spk5": {"room3": 0.221036956, "room5": -0.203503221, "room0": 0.288134903}, "spk9": {"room4": -1.116714239, "room7": -0.126728922, "room10": 0.07944361900000001, "room12": 0.032098345, "room9": -0.48958537}, "spk2": {"room5": 0.36117839799999996, "room0": -0.119533405}, "spk23": {"room4": 1.073012948, "room7": 1.205659509, "room2": 1.6501488690000001, "room10": 1.04203248, "room12": 1.3573544030000002, "room9": 1.295367002}, "spk15": {"room10": -0.475795597}, "spk28": {"room10": -0.50799334}, "spk24": {"room1": 0.17277196}, "spk12": {"room10": -1.268588066}, "spk8": {"room10": 0.828380287}, "spk17": {"room5": 0.706442833, "room0": 0.79129678}, "spk11": {"room3": -0.510579467, "room4": -0.939312875, "room7": -1.577782154, "room2": -0.932334423, "room12": -1.3342942, "room9": -0.43470680700000003}, "spk19": {"room4": -1.647340298, "room7": -1.5392751690000002, "room12": -1.6045956609999998}, "spk13": {"room4": 0.7064841390000001, "room12": -0.54024756}, "spk31": {"room10": -1.22335875}, "spk6": {"room10": 0.625551164}, "spk3": {"room3": 0.095802099, "room5": -0.203624114, "room7": -0.703137934, "room0": -0.266489297, "room2": 0.068031445, "room9": -0.09287424400000001}, "spk0": {"room3": -0.49843406700000004}, "spk20": {"room10": -0.362402409}, "spk26": {"room2": 1.267646313}, "spk16": {"room3": 0.147269368, "room4": -0.944550276, "room7": -0.10923355800000001, "room12": 0.153052032, "room9": -0.21233353}, "spk27": {"room5": -1.164420485, "room0": -0.878504872}, "spk25": {"room1": 0.9632589220000001}, "spk21": {"room3": 0.34554863, "room4": 0.13920261, "room2": 0.8677132129999999, "room12": -0.07991872}, "spk30": {"room4": -1.277417064, "room2": -2.106175661, "room12": -1.455836654}, "spk4": {"room6": 1.387535334}, "spk14": {"room10": 0.154476255}, "spk7": {"room12": 3.611631393}, "spk1": {"room5": 0.183359623, "room0": 0.275944829}}}