{"meta": {"speaker": "spk7", "room": "room11"}, "data": {"spk22": {"room0": 0.1467693}, "spk10": {"room4": 1.334949613, "room12": 0.12449646699999999}, "spk18": {"room5": -1.187496901, "room0": -1.046541572, "room2": -1.0163221359999999}, "spk29": {"room10": 0.47390779899999996}, "spk5": {"room3": 0.331147432, "room5": 0.145030975, "room0": 0.178146645}, "spk9": {"room4": 0.155877873, "room7": 0.10297027199999999, "room10": 0.953044295, "room12": 1.011733532, "room9": 0.847064018}, "spk2": {"room5": 0.265329123, "room0": 0.41210767600000003}, "spk23": {"room4": 0.9475612040000001, "room7": 1.3150110240000001, "room2": 0.079204574, "room10": 0.33426553, "room12": 1.5009747740000001, "room9": 2.296664476}, "spk15": {"room10": -1.047350049}, "spk28": {"room10": -1.356383085}, "spk24": {"room1": 0.347495317}, "spk12": {"room10": -1.517034292}, "spk8": {"room10": -0.366442919}, "spk17": {"room5": 1.10043323, "room0": 1.3828227519999998}, "spk11": {"room3": 0.452619225, "room4": 0.144013539, "room7": -0.076294839, "room2": -0.309355527, "room12": 0.171398684, "room9": 0.20344696899999998}, "spk19": {"room4": -1.872225165, "room7": -1.627523065, "room12": -1.793437243}, "spk13": {"room4": 0.400821656, "room12": -0.173902825}, "spk31": {"room10": -1.894245982}, "spk6": {"room10": 0.250209332}, "spk3": {"room3": -0.45032978100000004, "room5": -0.161491692, "room7": 0.158503205, "room0": 0.152672872, "room2": 0.153611705, "room9": 0.137589186}, "spk0": {"room3": -0.066732131}, "spk20": {"room10": -1.172559023}, "spk26": {"room2": 0.575771451}, "spk16": {"room3": 1.1167851690000001, "room4": 0.038044642999999996, "room7": -0.120339245, "room12": -0.192038268, "room9": 0.110845119}, "spk27": {"room5": -1.1889400479999999, "room0": -0.633447409}, "spk25": {"room1": -0.090677284}, "spk21": {"room3": -0.215511993, "room4": 0.680055022, "room2": 0.028524717, "room12": 0.7316065429999999}, "spk30": {"room4": -1.780092478, "room2": -2.372961044, "room12": -1.9906570909999999}, "spk4": {"room6": 0.792218924}, "spk14": {"room10": -0.15121761}, "spk7": {"room12": 3.7580251689999997}, "spk1": {"room5": 0.44325304, "room0": 0.814201772}}}