{"meta": {"speaker": "spk7", "room": "room13"}, "data": {"spk22": {"room0": -0.271919668}, "spk10": {"room4": 1.151011348, "room12": 0.247931734}, "spk18": {"room5": -1.135987759, "room0": -1.07735765, "room2": -0.7522929909999999}, "spk29": {"room10": 1.430722475}, "spk5": {"room3": 0.916066825, "room5": 1.216346264, "room0": 1.572066665}, "spk9": {"room4": 0.296173364, "room7": 0.7369150520000001, "room10": 1.079572201, "room12": 0.609710515, "room9": 0.7304942609999999}, "spk2": {"room5": -0.107836641, "room0": -0.46586030700000003}, "spk23": {"room4": 1.857910991, "room7": 1.520930052, "room2": 1.093071699, "room10": 1.423550963, "room12": 1.35590446, "room9": 1.169532418}, "spk15": {"room10": 0.043059718}, "spk28": {"room10": -0.76873529}, "spk24": {"room1": 0.186328262}, "spk12": {"room10": -0.8007159229999999}, "spk8": {"room10": 1.499910831}, "spk17": {"room5": 0.325526834, "room0": 0.72211951}, "spk11": {"room3": -0.265476018, "room4": -0.708335638, "room7": -1.0403065679999999, "room2": -0.9667767290000001, "room12": -0.707225442, "room9": -0.9622284170000001}, "spk19": {"room4": -2.08216548, "room7": -1.7673742769999998, "room12": -1.988535881}, "spk13": {"room4": 0.685165644, "room12": 0.031222262999999997}, "spk31": {"room10": -1.330982208}, "spk6": {"room10": 1.328674436}, "spk3": {"room3": 0.393215925, "room5": -0.254703552, "room7": -0.22417050600000002, "room0": 0.17935314800000002, "room2": 0.156269118, "room9": -0.15068420800000001}, "spk0": {"room3": -0.411791652}, "spk20": {"room10": -0.22103609100000002}, "spk26": {"room2": 0.862673998}, "spk16": {"room3": 1.1016595359999999, "room4": -0.320192873, "room7": -0.167522624, "room12": -0.45979216700000003, "room9": 0.386793435}, "spk27": {"room5": -1.089829922, "room0": -0.654906392}, "spk25": {"room1": 0.860330939}, "spk21": {"room3": 0.559664905, "room4": -0.751941144, "room2": -0.58389008, "room12": -0.625970006}, "spk30": {"room4": -1.399202466, "room2": -2.243280888, "room12": -1.524269581}, "spk4": {"room6": 2.103424311}, "spk14": {"room10": 0.040868085}, "spk7": {"room12": 5.441470623}, "spk1": {"room5": 0.147484079, "room0": -0.195710093}}}