{"meta": {"speaker": "spk7", "room": "room13"}, "data": {"spk22": {"room0": 0.29963231100000004}, "spk10": {"room4": 1.4283800130000002, "room12": 0.914821863}, "spk18": {"room5": -0.707779229, "room0": -0.7449259159999999, "room2": -0.529114246}, "spk29": {"room10": 1.644547582}, "spk5": {"room3": 0.127993613, "room5": 0.686004519, "room0": 1.134475231}, "spk9": {"room4": 0.331118494, "room7": 0.673074782, "room10": 0.668232799, "room12": 0.308936745, "room9": 0.896674454}, "spk2": {"room5": 0.314531863, "room0": -0.047538418}, "spk23": {"room4": 1.85028553, "room7": 2.025979996, "room2": 1.008977652, "room10": 0.970703125, "room12": 1.226358533, "room9": 2.293339491}, "spk15": {"room10": -0.171495005}, "spk28": {"room10": -1.159306765}, "spk24": {"room1": 0.252855211}, "spk12": {"room10": -0.8526639340000001}, "spk8": {"room10": 1.5140031580000002}, "spk17": {"room5": 1.50348413, "room0": 1.751320481}, "spk11": {"room3": 0.457426041, "room4": -0.437135667, "room7": -0.921777666, "room2": -0.85858047, "room12": -0.21344713899999998, "room9": -0.869888544}, "spk19": {"room4": -1.4780509469999998, "room7": -1.1091589929999999, "room12": -1.529490709}, "spk13": {"room4": 0.33906596899999997, "room12": 0.168327332}, "spk31": {"room10": -1.05743432}, "spk6": {"room10": 1.44595623}, "spk3": {"room3": -0.192902267, "room5": 0.400898218, "room7": -0.19564440800000002, "room0": -0.217083305, "room2": -0.202518389, "room9": 0.054392587}, "spk0": {"room3": 0.9820033909999999}, "spk20": {"room10": -0.055731717}, "spk26": {"room2": 1.958963513}, "spk16": {"room3": 0.631979585, "room4": -0.11925420199999999, "room7": -0.24135749, "room12": -0.23669515600000002, "room9": -0.076413661}, "spk27": {"room5": -0.289635539, "room0": -0.108570985}, "spk25": {"room1": 1.123275757}, "spk21": {"room3": 0.636261642, "room4": 0.466132253, "room2": 0.16958451300000002, "room12": 0.55223161}, "spk30": {"room4": -1.174451947, "room2": -1.697992802, "room12": -1.257876515}, "spk4": {"room6": 1.2374606129999999}, "spk14": {"room10": 0.30770877}, "spk7": {"room12": 5.126653194}, "spk1": {"room5": -0.47479999100000003, "room0": -0.28718841100000003}}}