{"meta": {"speaker": "spk7", "room": "room11"}, "data": {"spk22": {"room0": 0.323229551}, "spk10": {"room4": 0.83467257, "room12": 0.142905787}, "spk18": {"room5": -1.182343483, "room0": -1.286707163, "room2": -0.9954520459999999}, "spk29": {"room10": 0.69036299}, "spk5": {"room3": 0.24379420300000001, "room5": 0.301614583, "room0": 0.582009256}, "spk9": {"room4": -0.15443681199999998, "room7": -0.041196406, "room10": 0.656242847, "room12": 0.028089833999999998, "room9": -0.17908500100000002}, "spk2": {"room5": 0.7427052259999999, "room0": 0.061057899000000006}, "spk23": {"room4": 1.61866641, "room7": 1.234908223, "room2": 1.055851221, "room10": 1.449342966, "room12": 1.5223758219999999, "room9": 1.123485208}, "spk15": {"room10": -0.488636255}, "spk28": {"room10": -1.194657803}, "spk24": {"room1": 0.617829263}, "spk12": {"room10": -1.082547307}, "spk8": {"room10": 0.23762519699999998}, "spk17": {"room5": 0.423840702, "room0": 0.948721528}, "spk11": {"room3": -0.322174281, "room4": -0.389966011, "room7": -0.743765473, "room2": -0.21416844399999999, "room12": -0.353039324, "room9": -0.21526759899999998}, "spk19": {"room4": -1.9373550419999999, "room7": -2.154773951, "room12": -1.7641093730000001}, "spk13": {"room4": 0.812633872, "room12": -0.842454314}, "spk31": {"room10": -1.58763504}, "spk6": {"room10": 0.08296911400000001}, "spk3": {"room3": -0.13934058, "room5": -0.251807958, "room7": -0.24336853600000002, "room0": -0.021761242000000004, "room2": 0.010667676000000001, "room9": -0.364333808}, "spk0": {"room3": -0.7625492220000001}, "spk20": {"room10": -0.39819538600000004}, "spk26": {"room2": 0.36266186799999994}, "spk16": {"room3": 0.08127515, "room4": -0.654606044, "room7": -0.5949088339999999, "room12": -0.506344318, "room9": -0.5470224020000001}, "spk27": {"room5": -0.875265539, "room0": -0.485253572}, "spk25": {"room1": 0.148330405}, "spk21": {"room3": 0.126405522, "room4": -0.647614121, "room2": -0.455093056, "room12": -0.6295165420000001}, "spk30": {"room4": -1.834668636, "room2": -2.3793489930000002, "room12": -1.96587348}, "spk4": {"room6": 1.888757825}, "spk14": {"room10": 0.14229098}, "spk7": {"room12": 3.733027458}, "spk1": {"room5": -0.264252156, "room0": -0.310742497}}}